warning_id,State,Constituency,MP_Name,IDA,District,Work_Type,Date,Amount,Payment_Status,cost_z,cost_ratio,early_warning_score,risk_level,reason
EW-000001,Uttar Pradesh,SHRAWASTI,Ram Shiromani,Shrawasti(DISTRICT MAGISTRATE SHRAVASTI_IDA),Shrawasti,Lighting of public spaces,07-Aug-2026,673112.0,Payment In-Progress,4.328061355896861,3.35713359467736,40,Critical - Priority Investigation,"Still IN PROGRESS — disbursed-so-far is 3.4x the completed-works median for 'Lighting of public spaces' (₹673,112 (₹6.73 lakh) vs. median ₹200,502 (₹2.01 lakh), n=1675) — worth reviewing before final payment."
EW-000002,Uttar Pradesh,SANT KABIR NAGAR,LAXMIKANT PAPPU NISHAD,Sant Kabir Nagar(DISTRICT MAGISTRATE SANT KABIR NAGAR_2),Sant Kabir Nagar,Lighting of public spaces,06-Aug-2026,739130.0,Payment In-Progress,4.6624240142619575,3.6863971431706415,40,Critical - Priority Investigation,"Still IN PROGRESS — disbursed-so-far is 3.7x the completed-works median for 'Lighting of public spaces' (₹739,130 (₹7.39 lakh) vs. median ₹200,502 (₹2.01 lakh), n=1675) — worth reviewing before final payment."
EW-000003,West Bengal,BISHNUPUR(SC),Saumitra khan,BANKURA(DISTRICT MAGISTRATE BANKURA_IDA),BANKURA,Construction of common work sheds/ common covered sitting area,01-Sep-2026,1448361.0,Payment In-Progress,3.539915313860779,4.910447356376395,40,Critical - Priority Investigation,"Still IN PROGRESS — disbursed-so-far is 4.9x the completed-works median for 'Construction of common work sheds/ common covered sitting area' (₹1,448,361 (₹14.48 lakh) vs. median ₹294,955 (₹2.95 lakh), n=237) — worth reviewing before final payment."
EW-000004,Delhi,NEW DELHI,Bansuri Swaraj,CENTRAL(COMMISSIONER MCD (CENTRAL DISTRICT)),CENTRAL,Lighting of public spaces,03-Sep-2026,649381.0,Payment In-Progress,4.199793700856682,3.238775673060618,40,Critical - Priority Investigation,"Still IN PROGRESS — disbursed-so-far is 3.2x the completed-works median for 'Lighting of public spaces' (₹649,381 (₹6.49 lakh) vs. median ₹200,502 (₹2.01 lakh), n=1675) — worth reviewing before final payment."
EW-000005,Tamil Nadu,MAYILADUTHURAI,SUDHA R,THANJAVUR(DISTRICT COLLECTOR THANJAVUR_IDA),THANJAVUR,Construction of bus-sheds or bus-stops,01-Sep-2026,394795.0,Payment In-Progress,7.170000124454548,1.5187811127097588,40,Critical - Priority Investigation,"Still IN PROGRESS — disbursed-so-far is 1.5x the completed-works median for 'Construction of bus-sheds or bus-stops' (₹394,795 (₹3.95 lakh) vs. median ₹259,942 (₹2.60 lakh), n=114) — worth reviewing before final payment."
EW-000006,Chhattisgarh,RAJNANDGAON,Santosh Pandey,Mohla-Manpur-Ambagarh Chouki(Collector MMC_IDA),Mohla-Manpur-Ambagarh Chouki,Construction of bus-sheds or bus-stops,03-Sep-2026,420000.0,Payment In-Progress,8.231806401798396,1.6157450508190294,40,Critical - Priority Investigation,"Still IN PROGRESS — disbursed-so-far is 1.6x the completed-works median for 'Construction of bus-sheds or bus-stops' (₹420,000 (₹4.20 lakh) vs. median ₹259,942 (₹2.60 lakh), n=114) — worth reviewing before final payment."
EW-000007,Karnataka,BELLARY(ST),E. TUKARAM,Vijayanagara(DEPUTY COMMISSIONER VIJAYANAGARA_IDA),Vijayanagara,Construction of bus-sheds or bus-stops,02-Sep-2026,600000.0,Payment In-Progress,14.351236269303275,2.3082072154557562,40,Critical - Priority Investigation,"Still IN PROGRESS — disbursed-so-far is 2.3x the completed-works median for 'Construction of bus-sheds or bus-stops' (₹600,000 (₹6.00 lakh) vs. median ₹259,942 (₹2.60 lakh), n=114) — worth reviewing before final payment."
EW-000008,Karnataka,BELLARY(ST),E. TUKARAM,Vijayanagara(DEPUTY COMMISSIONER VIJAYANAGARA_IDA),Vijayanagara,Construction of bus-sheds or bus-stops,02-Sep-2026,600000.0,Payment In-Progress,14.351236269303275,2.3082072154557562,40,Critical - Priority Investigation,"Still IN PROGRESS — disbursed-so-far is 2.3x the completed-works median for 'Construction of bus-sheds or bus-stops' (₹600,000 (₹6.00 lakh) vs. median ₹259,942 (₹2.60 lakh), n=114) — worth reviewing before final payment."
EW-000009,Bihar,KARAKAT,RAJA RAM SINGH,AURANGABAD(DISTRICT PLANNING OFFICER AURANGABAD_IDA),AURANGABAD,Installing hand pumps,02-Sep-2026,74517.0,Payment In-Progress,66.17140184311656,1.0079944809674533,40,Critical - Priority Investigation,"Still IN PROGRESS — disbursed-so-far is 1.0x the completed-works median for 'Installing hand pumps' (₹74,517 vs. median ₹73,926, n=234) — worth reviewing before final payment."
EW-000010,Bihar,KARAKAT,RAJA RAM SINGH,AURANGABAD(DISTRICT PLANNING OFFICER AURANGABAD_IDA),AURANGABAD,Installing hand pumps,02-Sep-2026,74517.0,Payment In-Progress,66.17140184311656,1.0079944809674533,40,Critical - Priority Investigation,"Still IN PROGRESS — disbursed-so-far is 1.0x the completed-works median for 'Installing hand pumps' (₹74,517 vs. median ₹73,926, n=234) — worth reviewing before final payment."
EW-000011,Tamil Nadu,MAYILADUTHURAI,SUDHA R,Mayiladuthurai(District Collector Mayiladuthurai_IDA),Mayiladuthurai,Lighting of public spaces,24-Aug-2026,900000.0,Payment In-Progress,5.366160053692103,4.488733279468534,40,Critical - Priority Investigation,"Still IN PROGRESS — disbursed-so-far is 4.5x the completed-works median for 'Lighting of public spaces' (₹900,000 (₹9.00 lakh) vs. median ₹200,502 (₹2.01 lakh), n=1675) — worth reviewing before final payment."
EW-000012,Tamil Nadu,KARUR,Smt S Jothimani,KARUR(DISTRICT COLLECTOR KARUR_IDA),KARUR,Construction of bus-sheds or bus-stops,01-Sep-2026,799736.0,Payment In-Progress,19.28130088768204,3.0765940094328745,40,Critical - Priority Investigation,"Still IN PROGRESS — disbursed-so-far is 3.1x the completed-works median for 'Construction of bus-sheds or bus-stops' (₹799,736 (₹8.00 lakh) vs. median ₹259,942 (₹2.60 lakh), n=114) — worth reviewing before final payment."
EW-000013,Karnataka,DHARWAD,Pralhad Venkatesh Joshi,DHARWAD(DEPUTY COMMISSIONER DHARWAR_IDA),DHARWAD,Installing community drinking water plants,05-Aug-2026,417642.0,Payment In-Progress,325.22031017550313,1.7938869655604897,40,Critical - Priority Investigation,"Still IN PROGRESS — disbursed-so-far is 1.8x the completed-works median for 'Installing community drinking water plants' (₹417,642 (₹4.18 lakh) vs. median ₹232,814 (₹2.33 lakh), n=187) — worth reviewing before final payment."
EW-000014,Tamil Nadu,COIMBATORE,GANAPATHY RAJKUMAR P,TIRUPPUR(DISTRICT COLLECTOR TIRUPPUR_IDA),TIRUPPUR,Construction of bus-sheds or bus-stops,03-Sep-2026,799421.0,Payment In-Progress,19.27454180417909,3.07538220064476,40,Critical - Priority Investigation,"Still IN PROGRESS — disbursed-so-far is 3.1x the completed-works median for 'Construction of bus-sheds or bus-stops' (₹799,421 (₹7.99 lakh) vs. median ₹259,942 (₹2.60 lakh), n=114) — worth reviewing before final payment."
EW-000015,Tamil Nadu,COIMBATORE,GANAPATHY RAJKUMAR P,COIMBATORE(DISTRICT COLLECTOR COIMBATORE_IDA),COIMBATORE,Construction of bus-sheds or bus-stops,24-Aug-2026,599972.0,Payment In-Progress,14.35043559613502,2.308099499119035,40,Critical - Priority Investigation,"Still IN PROGRESS — disbursed-so-far is 2.3x the completed-works median for 'Construction of bus-sheds or bus-stops' (₹599,972 (₹6.00 lakh) vs. median ₹259,942 (₹2.60 lakh), n=114) — worth reviewing before final payment."
EW-000016,Uttar Pradesh,SANT KABIR NAGAR,LAXMIKANT PAPPU NISHAD,Sant Kabir Nagar(DISTRICT MAGISTRATE SANT KABIR NAGAR_2),Sant Kabir Nagar,Lighting of public spaces,06-Aug-2026,739130.0,Payment In-Progress,4.6624240142619575,3.6863971431706415,40,Critical - Priority Investigation,"Still IN PROGRESS — disbursed-so-far is 3.7x the completed-works median for 'Lighting of public spaces' (₹739,130 (₹7.39 lakh) vs. median ₹200,502 (₹2.01 lakh), n=1675) — worth reviewing before final payment."
EW-000017,Bihar,UJJARPUR,Nityanand Rai,SAMASTIPUR(DISTRICT PLANNING OFFICER SAMASTIPUR_IDA),SAMASTIPUR,Lighting of public spaces,03-Sep-2026,850000.0,Payment In-Progress,5.161893128769185,4.239359208386949,40,Critical - Priority Investigation,"Still IN PROGRESS — disbursed-so-far is 4.2x the completed-works median for 'Lighting of public spaces' (₹850,000 (₹8.50 lakh) vs. median ₹200,502 (₹2.01 lakh), n=1675) — worth reviewing before final payment."
EW-000018,Tamil Nadu,DHARAMAPURI,MANI. A.,DHARMAPURI(DISTRICT COLLECTOR DHARMAPURI_IDA),DHARMAPURI,Installing community drinking water plants,03-Sep-2026,1000000.0,Payment In-Progress,811.1327607072178,4.295274339172042,40,Critical - Priority Investigation,"Still IN PROGRESS — disbursed-so-far is 4.3x the completed-works median for 'Installing community drinking water plants' (₹1,000,000 (₹10.00 lakh) vs. median ₹232,814 (₹2.33 lakh), n=187) — worth reviewing before final payment."
EW-000019,Tamil Nadu,DHARAMAPURI,MANI. A.,DHARMAPURI(DISTRICT COLLECTOR DHARMAPURI_IDA),DHARMAPURI,Installing community drinking water plants,03-Sep-2026,1000000.0,Payment In-Progress,811.1327607072178,4.295274339172042,40,Critical - Priority Investigation,"Still IN PROGRESS — disbursed-so-far is 4.3x the completed-works median for 'Installing community drinking water plants' (₹1,000,000 (₹10.00 lakh) vs. median ₹232,814 (₹2.33 lakh), n=187) — worth reviewing before final payment."
EW-000020,Andhra Pradesh,GUNTUR,Dr Chandra Sekhar Pemmasani,GUNTUR(DISTRICT COLLECTOR GUNTUR_IDA),GUNTUR,Crematoriums/energy efficient crematoriums or structures on burial/cremation ground,02-Sep-2026,2159534.0,Payment In-Progress,5.08515120095122,5.408049872233023,40,Critical - Priority Investigation,"Still IN PROGRESS — disbursed-so-far is 5.4x the completed-works median for 'Crematoriums/energy efficient crematoriums or structures on burial/cremation ground' (₹2,159,534 (₹21.60 lakh) vs. median ₹399,318 (₹3.99 lakh), n=84) — worth reviewing before final payment."
EW-000021,Madhya Pradesh,BETUL(ST),Durga Das Uikey,BETUL(DISTRICT COLLECTOR BETUL_IDA),BETUL,Purchase of books and periodicals for libraries/digitization of library books,27-Jul-2026,1999844.0,Payment In-Progress,18.947608049257234,4.220629513787761,40,Critical - Priority Investigation,"Still IN PROGRESS — disbursed-so-far is 4.2x the completed-works median for 'Purchase of books and periodicals for libraries/digitization of library books' (₹1,999,844 (₹20.00 lakh) vs. median ₹473,826 (₹4.74 lakh), n=102) — worth reviewing before final payment."
EW-000022,Jharkhand,DHANBAD,DULU MAHATO,BOKARO(DEPUTY COMMISSIONER BOKARO_IDA),BOKARO,Installing hand pumps,03-Sep-2026,93750.0,Payment In-Progress,1974.2244757996955,1.2681600519438347,40,Critical - Priority Investigation,"Still IN PROGRESS — disbursed-so-far is 1.3x the completed-works median for 'Installing hand pumps' (₹93,750 vs. median ₹73,926, n=234) — worth reviewing before final payment."
EW-000023,Maharashtra,MUMBAI NORTH WEST,RAVINDRA DATTARAM WAIKAR,MUMBAI SUBURBAN(DISTRICT COLLECTOR MUMBAI SUBURBAN_IDA),MUMBAI SUBURBAN,Crematoriums/energy efficient crematoriums or structures on burial/cremation ground,03-Aug-2026,2498103.0,Payment In-Progress,5.523922633899022,6.255917068207739,40,Critical - Priority Investigation,"Still IN PROGRESS — disbursed-so-far is 6.3x the completed-works median for 'Crematoriums/energy efficient crematoriums or structures on burial/cremation ground' (₹2,498,103 (₹24.98 lakh) vs. median ₹399,318 (₹3.99 lakh), n=84) — worth reviewing before final payment."
EW-000024,West Bengal,GHATAL,Shri Deepak (Dev) Adhikari,Paschim Medinipur(DISTRICT MAGISTRATE PASCHIM MEDINIPUR_IDA),Paschim Medinipur,Lighting of public spaces,03-Sep-2026,8737383.0,Payment In-Progress,13.489073425911148,43.577535386180685,40,Critical - Priority Investigation,"Still IN PROGRESS — disbursed-so-far is 43.6x the completed-works median for 'Lighting of public spaces' (₹8,737,383 (₹87.37 lakh) vs. median ₹200,502 (₹2.01 lakh), n=1675) — worth reviewing before final payment."
EW-000025,Madhya Pradesh,GWALIOR,BHARAT SINGH KUSHWAH,SHIVPURI(District Collector Shivpuri_IDA),SHIVPURI,Installing community drinking water plants,03-Sep-2026,250000.0,Payment In-Progress,39.6357658278638,1.0738185847930104,40,Critical - Priority Investigation,"Still IN PROGRESS — disbursed-so-far is 1.1x the completed-works median for 'Installing community drinking water plants' (₹250,000 (₹2.50 lakh) vs. median ₹232,814 (₹2.33 lakh), n=187) — worth reviewing before final payment."
EW-000026,Andhra Pradesh,RAJAMPET,Midhun Reddy,Annamayya(DISTRICT COLLECTOR ANNAMAYYA_IDA),Annamayya,Installing community drinking water plants,31-Aug-2026,500000.0,Payment In-Progress,425.3842632675408,2.147637169586021,40,Critical - Priority Investigation,"Still IN PROGRESS — disbursed-so-far is 2.1x the completed-works median for 'Installing community drinking water plants' (₹500,000 (₹5.00 lakh) vs. median ₹232,814 (₹2.33 lakh), n=187) — worth reviewing before final payment."
EW-000027,West Bengal,BARDHAMAN-DURGAPUR,AZAD KIRTI JHA,PASCHIM BARDHAMAN(DISTRICT MAGISTRATE PASCHIM BARDHAMAN_IDA),PASCHIM BARDHAMAN,Providing CCTV camera system for security of public areas,03-Sep-2026,2995200.0,Payment In-Progress,4.100635313595794,11.980800000000007,40,Critical - Priority Investigation,"Still IN PROGRESS — disbursed-so-far is 12.0x the completed-works median for 'Providing CCTV camera system for security of public areas' (₹2,995,200 (₹29.95 lakh) vs. median ₹250,000 (₹2.50 lakh), n=72) — worth reviewing before final payment."
EW-000028,Andhra Pradesh,RAJAMPET,Midhun Reddy,Annamayya(DISTRICT COLLECTOR ANNAMAYYA_IDA),Annamayya,Installing community drinking water plants,31-Aug-2026,299926.0,Payment In-Progress,140.9636014169821,1.2882644514505137,40,Critical - Priority Investigation,"Still IN PROGRESS — disbursed-so-far is 1.3x the completed-works median for 'Installing community drinking water plants' (₹299,926 (₹3.00 lakh) vs. median ₹232,814 (₹2.33 lakh), n=187) — worth reviewing before final payment."
EW-000029,Uttar Pradesh,SHRAWASTI,Ram Shiromani,Shrawasti(DISTRICT MAGISTRATE SHRAVASTI_IDA),Shrawasti,Lighting of public spaces,07-Aug-2026,673112.0,Payment In-Progress,4.328061355896861,3.35713359467736,40,Critical - Priority Investigation,"Still IN PROGRESS — disbursed-so-far is 3.4x the completed-works median for 'Lighting of public spaces' (₹673,112 (₹6.73 lakh) vs. median ₹200,502 (₹2.01 lakh), n=1675) — worth reviewing before final payment."
EW-000030,Tamil Nadu,MAYILADUTHURAI,SUDHA R,Mayiladuthurai(District Collector Mayiladuthurai_IDA),Mayiladuthurai,Construction of bus-sheds or bus-stops,13-Aug-2026,595689.0,Payment In-Progress,14.227519085163369,2.2916227466127066,40,Critical - Priority Investigation,"Still IN PROGRESS — disbursed-so-far is 2.3x the completed-works median for 'Construction of bus-sheds or bus-stops' (₹595,689 (₹5.96 lakh) vs. median ₹259,942 (₹2.60 lakh), n=114) — worth reviewing before final payment."
EW-000031,Tamil Nadu,DINDIGUL,SACHITHANANTHAM R,DINDIGUL(DISTRICT COLLECTOR DINDIGUL_IDA),DINDIGUL,Lighting of public spaces,14-Aug-2026,669091.0,Payment In-Progress,4.306648970807278,3.3370789318809786,40,Critical - Priority Investigation,"Still IN PROGRESS — disbursed-so-far is 3.3x the completed-works median for 'Lighting of public spaces' (₹669,091 (₹6.69 lakh) vs. median ₹200,502 (₹2.01 lakh), n=1675) — worth reviewing before final payment."
EW-000032,Uttar Pradesh,BANDA,KRISHNA DEVI SHIVSHANKER PATEL,CHITRAKOOT(DISTRICT MAGISTRATE CHITRAKOOT_IDA),CHITRAKOOT,Lighting of public spaces,03-Sep-2026,585706.0,Payment In-Progress,3.8309821627899283,2.921197793538219,40,Critical - Priority Investigation,"Still IN PROGRESS — disbursed-so-far is 2.9x the completed-works median for 'Lighting of public spaces' (₹585,706 (₹5.86 lakh) vs. median ₹200,502 (₹2.01 lakh), n=1675) — worth reviewing before final payment."
EW-000033,Chhattisgarh,JANJGIR CHAMPA(SC),KAMLESH JANGDE,SAKTI(COLLECTOR SAKTI_IDA),SAKTI,Construction of bus-sheds or bus-stops,27-Aug-2026,600000.0,Payment In-Progress,14.351236269303275,2.3082072154557562,40,Critical - Priority Investigation,"Still IN PROGRESS — disbursed-so-far is 2.3x the completed-works median for 'Construction of bus-sheds or bus-stops' (₹600,000 (₹6.00 lakh) vs. median ₹259,942 (₹2.60 lakh), n=114) — worth reviewing before final payment."
EW-000034,Tamil Nadu,THENI,THANGA TAMILSELVAN,MADURAI(DISTRICT COLLECTOR MADURAI_IDA),MADURAI,Construction of bus-sheds or bus-stops,24-Jun-2026,1000000.0,Payment In-Progress,23.1154111357536,3.847012025759594,40,Critical - Priority Investigation,"Still IN PROGRESS — disbursed-so-far is 3.8x the completed-works median for 'Construction of bus-sheds or bus-stops' (₹1,000,000 (₹10.00 lakh) vs. median ₹259,942 (₹2.60 lakh), n=114) — worth reviewing before final payment."
EW-000035,Chhattisgarh,RAJNANDGAON,Santosh Pandey,Mohla-Manpur-Ambagarh Chouki(Collector MMC_IDA),Mohla-Manpur-Ambagarh Chouki,Construction of bus-sheds or bus-stops,06-Aug-2026,420000.0,Payment In-Progress,8.231806401798396,1.6157450508190294,40,Critical - Priority Investigation,"Still IN PROGRESS — disbursed-so-far is 1.6x the completed-works median for 'Construction of bus-sheds or bus-stops' (₹420,000 (₹4.20 lakh) vs. median ₹259,942 (₹2.60 lakh), n=114) — worth reviewing before final payment."
EW-000036,Tamil Nadu,MAYILADUTHURAI,SUDHA R,THANJAVUR(DISTRICT COLLECTOR THANJAVUR_IDA),THANJAVUR,Lighting of public spaces,03-Sep-2026,900000.0,Payment In-Progress,5.366160053692103,4.488733279468534,40,Critical - Priority Investigation,"Still IN PROGRESS — disbursed-so-far is 4.5x the completed-works median for 'Lighting of public spaces' (₹900,000 (₹9.00 lakh) vs. median ₹200,502 (₹2.01 lakh), n=1675) — worth reviewing before final payment."
EW-000037,Jharkhand,DHANBAD,DULU MAHATO,BOKARO(DEPUTY COMMISSIONER BOKARO_IDA),BOKARO,Installing hand pumps,03-Sep-2026,93750.0,Payment In-Progress,1974.2244757996955,1.2681600519438347,40,Critical - Priority Investigation,"Still IN PROGRESS — disbursed-so-far is 1.3x the completed-works median for 'Installing hand pumps' (₹93,750 vs. median ₹73,926, n=234) — worth reviewing before final payment."
EW-000038,Andhra Pradesh,TIRUPATI(SC),Maddila Gurumoorthy,Tirupati(DISTRICT COLLECTOR TIRUPATI_IDA),Tirupati,Installing community drinking water plants,10-Aug-2026,419963.0,Payment In-Progress,328.30453315463103,1.803856297301708,40,Critical - Priority Investigation,"Still IN PROGRESS — disbursed-so-far is 1.8x the completed-works median for 'Installing community drinking water plants' (₹419,963 (₹4.20 lakh) vs. median ₹232,814 (₹2.33 lakh), n=187) — worth reviewing before final payment."
EW-000039,Uttar Pradesh,BANDA,KRISHNA DEVI SHIVSHANKER PATEL,CHITRAKOOT(DISTRICT MAGISTRATE CHITRAKOOT_IDA),CHITRAKOOT,Lighting of public spaces,03-Sep-2026,585706.0,Payment In-Progress,3.8309821627899283,2.921197793538219,40,Critical - Priority Investigation,"Still IN PROGRESS — disbursed-so-far is 2.9x the completed-works median for 'Lighting of public spaces' (₹585,706 (₹5.86 lakh) vs. median ₹200,502 (₹2.01 lakh), n=1675) — worth reviewing before final payment."
EW-000040,Bihar,UJJARPUR,Nityanand Rai,SAMASTIPUR(DISTRICT PLANNING OFFICER SAMASTIPUR_IDA),SAMASTIPUR,Lighting of public spaces,03-Sep-2026,850000.0,Payment In-Progress,5.161893128769185,4.239359208386949,40,Critical - Priority Investigation,"Still IN PROGRESS — disbursed-so-far is 4.2x the completed-works median for 'Lighting of public spaces' (₹850,000 (₹8.50 lakh) vs. median ₹200,502 (₹2.01 lakh), n=1675) — worth reviewing before final payment."
EW-000041,West Bengal,GHATAL,Shri Deepak (Dev) Adhikari,Paschim Medinipur(DISTRICT MAGISTRATE PASCHIM MEDINIPUR_IDA),Paschim Medinipur,Lighting of public spaces,03-Sep-2026,7247383.0,Payment In-Progress,12.820898063410171,36.146188067949446,40,Critical - Priority Investigation,"Still IN PROGRESS — disbursed-so-far is 36.1x the completed-works median for 'Lighting of public spaces' (₹7,247,383 (₹72.47 lakh) vs. median ₹200,502 (₹2.01 lakh), n=1675) — worth reviewing before final payment."
EW-000042,Uttar Pradesh,SANT KABIR NAGAR,LAXMIKANT PAPPU NISHAD,Sant Kabir Nagar(DISTRICT MAGISTRATE SANT KABIR NAGAR_2),Sant Kabir Nagar,Lighting of public spaces,06-Aug-2026,739130.0,Payment In-Progress,4.6624240142619575,3.6863971431706415,40,Critical - Priority Investigation,"Still IN PROGRESS — disbursed-so-far is 3.7x the completed-works median for 'Lighting of public spaces' (₹739,130 (₹7.39 lakh) vs. median ₹200,502 (₹2.01 lakh), n=1675) — worth reviewing before final payment."
EW-000043,Andhra Pradesh,SRIKAKULAM,Kinjarapu Ram Mohan Naidu,SRIKAKULAM(District Collector Srikakulam_IDA),SRIKAKULAM,Construction of bus-sheds or bus-stops,02-Sep-2026,366447.0,Payment In-Progress,5.891593794745695,1.4097260158035259,40,Critical - Priority Investigation,"Still IN PROGRESS — disbursed-so-far is 1.4x the completed-works median for 'Construction of bus-sheds or bus-stops' (₹366,447 (₹3.66 lakh) vs. median ₹259,942 (₹2.60 lakh), n=114) — worth reviewing before final payment."
EW-000044,Uttar Pradesh,SANT KABIR NAGAR,LAXMIKANT PAPPU NISHAD,Sant Kabir Nagar(DISTRICT MAGISTRATE SANT KABIR NAGAR_2),Sant Kabir Nagar,Lighting of public spaces,06-Aug-2026,739130.0,Payment In-Progress,4.6624240142619575,3.6863971431706415,40,Critical - Priority Investigation,"Still IN PROGRESS — disbursed-so-far is 3.7x the completed-works median for 'Lighting of public spaces' (₹739,130 (₹7.39 lakh) vs. median ₹200,502 (₹2.01 lakh), n=1675) — worth reviewing before final payment."
EW-000045,Uttar Pradesh,SANT KABIR NAGAR,LAXMIKANT PAPPU NISHAD,Sant Kabir Nagar(DISTRICT MAGISTRATE SANT KABIR NAGAR_2),Sant Kabir Nagar,Lighting of public spaces,06-Aug-2026,739130.0,Payment In-Progress,4.6624240142619575,3.6863971431706415,40,Critical - Priority Investigation,"Still IN PROGRESS — disbursed-so-far is 3.7x the completed-works median for 'Lighting of public spaces' (₹739,130 (₹7.39 lakh) vs. median ₹200,502 (₹2.01 lakh), n=1675) — worth reviewing before final payment."
EW-000046,Uttar Pradesh,SANT KABIR NAGAR,LAXMIKANT PAPPU NISHAD,Sant Kabir Nagar(DISTRICT MAGISTRATE SANT KABIR NAGAR_2),Sant Kabir Nagar,Lighting of public spaces,06-Aug-2026,739130.0,Payment In-Progress,4.6624240142619575,3.6863971431706415,40,Critical - Priority Investigation,"Still IN PROGRESS — disbursed-so-far is 3.7x the completed-works median for 'Lighting of public spaces' (₹739,130 (₹7.39 lakh) vs. median ₹200,502 (₹2.01 lakh), n=1675) — worth reviewing before final payment."
EW-000047,Uttar Pradesh,SANT KABIR NAGAR,LAXMIKANT PAPPU NISHAD,Sant Kabir Nagar(DISTRICT MAGISTRATE SANT KABIR NAGAR_2),Sant Kabir Nagar,Lighting of public spaces,06-Aug-2026,739130.0,Payment In-Progress,4.6624240142619575,3.6863971431706415,40,Critical - Priority Investigation,"Still IN PROGRESS — disbursed-so-far is 3.7x the completed-works median for 'Lighting of public spaces' (₹739,130 (₹7.39 lakh) vs. median ₹200,502 (₹2.01 lakh), n=1675) — worth reviewing before final payment."
EW-000048,Uttar Pradesh,MOHANLALGANJ(SC),R.K. CHAUDHARY,LUCKNOW(DISTRICT MAGISTRAE LUCKNOW_IDA),LUCKNOW,Lighting of public spaces,18-Jun-2026,1575027.0,Payment In-Progress,7.366119292390993,7.855417901068319,40,Critical - Priority Investigation,"Still IN PROGRESS — disbursed-so-far is 7.9x the completed-works median for 'Lighting of public spaces' (₹1,575,027 (₹15.75 lakh) vs. median ₹200,502 (₹2.01 lakh), n=1675) — worth reviewing before final payment."
EW-000049,Uttar Pradesh,SANT KABIR NAGAR,LAXMIKANT PAPPU NISHAD,Sant Kabir Nagar(DISTRICT MAGISTRATE SANT KABIR NAGAR_2),Sant Kabir Nagar,Lighting of public spaces,06-Aug-2026,739130.0,Payment In-Progress,4.6624240142619575,3.6863971431706415,40,Critical - Priority Investigation,"Still IN PROGRESS — disbursed-so-far is 3.7x the completed-works median for 'Lighting of public spaces' (₹739,130 (₹7.39 lakh) vs. median ₹200,502 (₹2.01 lakh), n=1675) — worth reviewing before final payment."
EW-000050,Tamil Nadu,VELLORE,D M Kathir Anand,Tirupathur(District Collector Tirupathur_IDA),Tirupathur,Construction of bus-sheds or bus-stops,03-Sep-2026,1084752.0,Payment In-Progress,24.511147311636755,4.173053988966771,40,Critical - Priority Investigation,"Still IN PROGRESS — disbursed-so-far is 4.2x the completed-works median for 'Construction of bus-sheds or bus-stops' (₹1,084,752 (₹10.85 lakh) vs. median ₹259,942 (₹2.60 lakh), n=114) — worth reviewing before final payment."
EW-000051,Uttar Pradesh,SANT KABIR NAGAR,LAXMIKANT PAPPU NISHAD,Sant Kabir Nagar(DISTRICT MAGISTRATE SANT KABIR NAGAR_2),Sant Kabir Nagar,Lighting of public spaces,06-Aug-2026,739130.0,Payment In-Progress,4.6624240142619575,3.6863971431706415,40,Critical - Priority Investigation,"Still IN PROGRESS — disbursed-so-far is 3.7x the completed-works median for 'Lighting of public spaces' (₹739,130 (₹7.39 lakh) vs. median ₹200,502 (₹2.01 lakh), n=1675) — worth reviewing before final payment."
EW-000052,Uttar Pradesh,SANT KABIR NAGAR,LAXMIKANT PAPPU NISHAD,Sant Kabir Nagar(DISTRICT MAGISTRATE SANT KABIR NAGAR_2),Sant Kabir Nagar,Lighting of public spaces,06-Aug-2026,739130.0,Payment In-Progress,4.6624240142619575,3.6863971431706415,40,Critical - Priority Investigation,"Still IN PROGRESS — disbursed-so-far is 3.7x the completed-works median for 'Lighting of public spaces' (₹739,130 (₹7.39 lakh) vs. median ₹200,502 (₹2.01 lakh), n=1675) — worth reviewing before final payment."
EW-000053,Uttar Pradesh,SANT KABIR NAGAR,LAXMIKANT PAPPU NISHAD,Sant Kabir Nagar(DISTRICT MAGISTRATE SANT KABIR NAGAR_2),Sant Kabir Nagar,Lighting of public spaces,06-Aug-2026,739130.0,Payment In-Progress,4.6624240142619575,3.6863971431706415,40,Critical - Priority Investigation,"Still IN PROGRESS — disbursed-so-far is 3.7x the completed-works median for 'Lighting of public spaces' (₹739,130 (₹7.39 lakh) vs. median ₹200,502 (₹2.01 lakh), n=1675) — worth reviewing before final payment."
EW-000054,Uttar Pradesh,SANT KABIR NAGAR,LAXMIKANT PAPPU NISHAD,Sant Kabir Nagar(DISTRICT MAGISTRATE SANT KABIR NAGAR_2),Sant Kabir Nagar,Lighting of public spaces,06-Aug-2026,739130.0,Payment In-Progress,4.6624240142619575,3.6863971431706415,40,Critical - Priority Investigation,"Still IN PROGRESS — disbursed-so-far is 3.7x the completed-works median for 'Lighting of public spaces' (₹739,130 (₹7.39 lakh) vs. median ₹200,502 (₹2.01 lakh), n=1675) — worth reviewing before final payment."
EW-000055,Uttar Pradesh,SANT KABIR NAGAR,LAXMIKANT PAPPU NISHAD,Sant Kabir Nagar(DISTRICT MAGISTRATE SANT KABIR NAGAR_2),Sant Kabir Nagar,Lighting of public spaces,06-Aug-2026,739130.0,Payment In-Progress,4.6624240142619575,3.6863971431706415,40,Critical - Priority Investigation,"Still IN PROGRESS — disbursed-so-far is 3.7x the completed-works median for 'Lighting of public spaces' (₹739,130 (₹7.39 lakh) vs. median ₹200,502 (₹2.01 lakh), n=1675) — worth reviewing before final payment."
EW-000056,Uttar Pradesh,SANT KABIR NAGAR,LAXMIKANT PAPPU NISHAD,Sant Kabir Nagar(DISTRICT MAGISTRATE SANT KABIR NAGAR_2),Sant Kabir Nagar,Lighting of public spaces,06-Aug-2026,739130.0,Payment In-Progress,4.6624240142619575,3.6863971431706415,40,Critical - Priority Investigation,"Still IN PROGRESS — disbursed-so-far is 3.7x the completed-works median for 'Lighting of public spaces' (₹739,130 (₹7.39 lakh) vs. median ₹200,502 (₹2.01 lakh), n=1675) — worth reviewing before final payment."
EW-000057,Uttar Pradesh,SANT KABIR NAGAR,LAXMIKANT PAPPU NISHAD,Sant Kabir Nagar(DISTRICT MAGISTRATE SANT KABIR NAGAR_2),Sant Kabir Nagar,Lighting of public spaces,06-Aug-2026,739130.0,Payment In-Progress,4.6624240142619575,3.6863971431706415,40,Critical - Priority Investigation,"Still IN PROGRESS — disbursed-so-far is 3.7x the completed-works median for 'Lighting of public spaces' (₹739,130 (₹7.39 lakh) vs. median ₹200,502 (₹2.01 lakh), n=1675) — worth reviewing before final payment."
EW-000058,Andhra Pradesh,TIRUPATI(SC),Maddila Gurumoorthy,Tirupati(DISTRICT COLLECTOR TIRUPATI_IDA),Tirupati,Installing community drinking water plants,07-Aug-2026,714250.0,Payment In-Progress,623.8522649415034,3.0678996967536305,40,Critical - Priority Investigation,"Still IN PROGRESS — disbursed-so-far is 3.1x the completed-works median for 'Installing community drinking water plants' (₹714,250 (₹7.14 lakh) vs. median ₹232,814 (₹2.33 lakh), n=187) — worth reviewing before final payment."
EW-000059,Uttar Pradesh,SANT KABIR NAGAR,LAXMIKANT PAPPU NISHAD,Sant Kabir Nagar(DISTRICT MAGISTRATE SANT KABIR NAGAR_2),Sant Kabir Nagar,Lighting of public spaces,06-Aug-2026,739130.0,Payment In-Progress,4.6624240142619575,3.6863971431706415,40,Critical - Priority Investigation,"Still IN PROGRESS — disbursed-so-far is 3.7x the completed-works median for 'Lighting of public spaces' (₹739,130 (₹7.39 lakh) vs. median ₹200,502 (₹2.01 lakh), n=1675) — worth reviewing before final payment."
EW-000060,Uttar Pradesh,SANT KABIR NAGAR,LAXMIKANT PAPPU NISHAD,Sant Kabir Nagar(DISTRICT MAGISTRATE SANT KABIR NAGAR_2),Sant Kabir Nagar,Lighting of public spaces,31-Aug-2026,739130.0,Payment In-Progress,4.6624240142619575,3.6863971431706415,40,Critical - Priority Investigation,"Still IN PROGRESS — disbursed-so-far is 3.7x the completed-works median for 'Lighting of public spaces' (₹739,130 (₹7.39 lakh) vs. median ₹200,502 (₹2.01 lakh), n=1675) — worth reviewing before final payment."
EW-000061,Uttar Pradesh,SANT KABIR NAGAR,LAXMIKANT PAPPU NISHAD,Sant Kabir Nagar(DISTRICT MAGISTRATE SANT KABIR NAGAR_2),Sant Kabir Nagar,Lighting of public spaces,31-Aug-2026,739130.0,Payment In-Progress,4.6624240142619575,3.6863971431706415,40,Critical - Priority Investigation,"Still IN PROGRESS — disbursed-so-far is 3.7x the completed-works median for 'Lighting of public spaces' (₹739,130 (₹7.39 lakh) vs. median ₹200,502 (₹2.01 lakh), n=1675) — worth reviewing before final payment."
EW-000062,Uttar Pradesh,SANT KABIR NAGAR,LAXMIKANT PAPPU NISHAD,Sant Kabir Nagar(DISTRICT MAGISTRATE SANT KABIR NAGAR_2),Sant Kabir Nagar,Lighting of public spaces,31-Aug-2026,739130.0,Payment In-Progress,4.6624240142619575,3.6863971431706415,40,Critical - Priority Investigation,"Still IN PROGRESS — disbursed-so-far is 3.7x the completed-works median for 'Lighting of public spaces' (₹739,130 (₹7.39 lakh) vs. median ₹200,502 (₹2.01 lakh), n=1675) — worth reviewing before final payment."
EW-000063,Uttar Pradesh,SANT KABIR NAGAR,LAXMIKANT PAPPU NISHAD,Sant Kabir Nagar(DISTRICT MAGISTRATE SANT KABIR NAGAR_2),Sant Kabir Nagar,Lighting of public spaces,31-Aug-2026,739130.0,Payment In-Progress,4.6624240142619575,3.6863971431706415,40,Critical - Priority Investigation,"Still IN PROGRESS — disbursed-so-far is 3.7x the completed-works median for 'Lighting of public spaces' (₹739,130 (₹7.39 lakh) vs. median ₹200,502 (₹2.01 lakh), n=1675) — worth reviewing before final payment."
EW-000064,Rajasthan,UDAIPUR(ST),MANNA LAL RAWAT,Salumbar(DISTRICT COLLECTOR Salumbar_IDA),Salumbar,Installing hand pumps,31-Aug-2026,90400.0,Payment In-Progress,1671.8387534752285,1.2228444660877085,40,Critical - Priority Investigation,"Still IN PROGRESS — disbursed-so-far is 1.2x the completed-works median for 'Installing hand pumps' (₹90,400 vs. median ₹73,926, n=234) — worth reviewing before final payment."
EW-000065,Uttar Pradesh,MOHANLALGANJ(SC),R.K. CHAUDHARY,LUCKNOW(DISTRICT MAGISTRAE LUCKNOW_IDA),LUCKNOW,Lighting of public spaces,12-Apr-2026,917104.0,Payment In-Progress,5.433438911265398,4.574039161704123,40,Critical - Priority Investigation,"Still IN PROGRESS — disbursed-so-far is 4.6x the completed-works median for 'Lighting of public spaces' (₹917,104 (₹9.17 lakh) vs. median ₹200,502 (₹2.01 lakh), n=1675) — worth reviewing before final payment."
EW-000066,Uttar Pradesh,SANT KABIR NAGAR,LAXMIKANT PAPPU NISHAD,Sant Kabir Nagar(DISTRICT MAGISTRATE SANT KABIR NAGAR_2),Sant Kabir Nagar,Lighting of public spaces,31-Aug-2026,739130.0,Payment In-Progress,4.6624240142619575,3.6863971431706415,40,Critical - Priority Investigation,"Still IN PROGRESS — disbursed-so-far is 3.7x the completed-works median for 'Lighting of public spaces' (₹739,130 (₹7.39 lakh) vs. median ₹200,502 (₹2.01 lakh), n=1675) — worth reviewing before final payment."
EW-000067,Maharashtra,BHIWANDI,BALYA MAMA SURESH GOPINATH MHATRE,THANE(DISTRICT COLLECTOR THANE_IDA),THANE,Construction of bus-sheds or bus-stops,25-Aug-2026,988136.0,Payment In-Progress,22.91064479955809,3.801371075085982,40,Critical - Priority Investigation,"Still IN PROGRESS — disbursed-so-far is 3.8x the completed-works median for 'Construction of bus-sheds or bus-stops' (₹988,136 (₹9.88 lakh) vs. median ₹259,942 (₹2.60 lakh), n=114) — worth reviewing before final payment."
EW-000068,Uttar Pradesh,SANT KABIR NAGAR,LAXMIKANT PAPPU NISHAD,Sant Kabir Nagar(DISTRICT MAGISTRATE SANT KABIR NAGAR_2),Sant Kabir Nagar,Lighting of public spaces,06-Aug-2026,739130.0,Payment In-Progress,4.6624240142619575,3.6863971431706415,40,Critical - Priority Investigation,"Still IN PROGRESS — disbursed-so-far is 3.7x the completed-works median for 'Lighting of public spaces' (₹739,130 (₹7.39 lakh) vs. median ₹200,502 (₹2.01 lakh), n=1675) — worth reviewing before final payment."
EW-000069,West Bengal,BISHNUPUR(SC),Saumitra khan,BANKURA(DISTRICT MAGISTRATE BANKURA_IDA),BANKURA,Lighting of public spaces,25-Aug-2026,579756.0,Payment In-Progress,3.794492445453641,2.8915222790795103,40,Critical - Priority Investigation,"Still IN PROGRESS — disbursed-so-far is 2.9x the completed-works median for 'Lighting of public spaces' (₹579,756 (₹5.80 lakh) vs. median ₹200,502 (₹2.01 lakh), n=1675) — worth reviewing before final payment."
EW-000070,Uttar Pradesh,SANT KABIR NAGAR,LAXMIKANT PAPPU NISHAD,Sant Kabir Nagar(DISTRICT MAGISTRATE SANT KABIR NAGAR_2),Sant Kabir Nagar,Lighting of public spaces,06-Aug-2026,739130.0,Payment In-Progress,4.6624240142619575,3.6863971431706415,40,Critical - Priority Investigation,"Still IN PROGRESS — disbursed-so-far is 3.7x the completed-works median for 'Lighting of public spaces' (₹739,130 (₹7.39 lakh) vs. median ₹200,502 (₹2.01 lakh), n=1675) — worth reviewing before final payment."
EW-000071,Kerala,PALAKKAD,Vellalath Kochukrishnan Nair Sreekandan,PALAKKAD(DISTRICT COLLECTOR PALAKKAD_IDA),PALAKKAD,Construction of bus-sheds or bus-stops,03-Sep-2026,499817.0,Payment In-Progress,11.21688629481878,1.922802009679083,40,Critical - Priority Investigation,"Still IN PROGRESS — disbursed-so-far is 1.9x the completed-works median for 'Construction of bus-sheds or bus-stops' (₹499,817 (₹5.00 lakh) vs. median ₹259,942 (₹2.60 lakh), n=114) — worth reviewing before final payment."
EW-000072,Uttar Pradesh,SANT KABIR NAGAR,LAXMIKANT PAPPU NISHAD,Sant Kabir Nagar(DISTRICT MAGISTRATE SANT KABIR NAGAR_2),Sant Kabir Nagar,Lighting of public spaces,06-Aug-2026,739130.0,Payment In-Progress,4.6624240142619575,3.6863971431706415,40,Critical - Priority Investigation,"Still IN PROGRESS — disbursed-so-far is 3.7x the completed-works median for 'Lighting of public spaces' (₹739,130 (₹7.39 lakh) vs. median ₹200,502 (₹2.01 lakh), n=1675) — worth reviewing before final payment."
EW-000073,Uttar Pradesh,SANT KABIR NAGAR,LAXMIKANT PAPPU NISHAD,Sant Kabir Nagar(DISTRICT MAGISTRATE SANT KABIR NAGAR_2),Sant Kabir Nagar,Lighting of public spaces,06-Aug-2026,739130.0,Payment In-Progress,4.6624240142619575,3.6863971431706415,40,Critical - Priority Investigation,"Still IN PROGRESS — disbursed-so-far is 3.7x the completed-works median for 'Lighting of public spaces' (₹739,130 (₹7.39 lakh) vs. median ₹200,502 (₹2.01 lakh), n=1675) — worth reviewing before final payment."
EW-000074,Uttar Pradesh,SANT KABIR NAGAR,LAXMIKANT PAPPU NISHAD,Sant Kabir Nagar(DISTRICT MAGISTRATE SANT KABIR NAGAR_2),Sant Kabir Nagar,Lighting of public spaces,06-Aug-2026,739130.0,Payment In-Progress,4.6624240142619575,3.6863971431706415,40,Critical - Priority Investigation,"Still IN PROGRESS — disbursed-so-far is 3.7x the completed-works median for 'Lighting of public spaces' (₹739,130 (₹7.39 lakh) vs. median ₹200,502 (₹2.01 lakh), n=1675) — worth reviewing before final payment."
EW-000075,Madhya Pradesh,SIDHI,DR. RAJESH MISHRA,SIDHI(DISTRICT COLLECTOR SIDHI_IDA),SIDHI,Lighting of public spaces,14-Aug-2026,776983.0,Payment In-Progress,4.840911131775074,3.875188277423667,40,Critical - Priority Investigation,"Still IN PROGRESS — disbursed-so-far is 3.9x the completed-works median for 'Lighting of public spaces' (₹776,983 (₹7.77 lakh) vs. median ₹200,502 (₹2.01 lakh), n=1675) — worth reviewing before final payment."
EW-000076,Uttar Pradesh,SANT KABIR NAGAR,LAXMIKANT PAPPU NISHAD,Sant Kabir Nagar(DISTRICT MAGISTRATE SANT KABIR NAGAR_2),Sant Kabir Nagar,Lighting of public spaces,06-Aug-2026,739130.0,Payment In-Progress,4.6624240142619575,3.6863971431706415,40,Critical - Priority Investigation,"Still IN PROGRESS — disbursed-so-far is 3.7x the completed-works median for 'Lighting of public spaces' (₹739,130 (₹7.39 lakh) vs. median ₹200,502 (₹2.01 lakh), n=1675) — worth reviewing before final payment."
EW-000077,Uttar Pradesh,SANT KABIR NAGAR,LAXMIKANT PAPPU NISHAD,Sant Kabir Nagar(DISTRICT MAGISTRATE SANT KABIR NAGAR_2),Sant Kabir Nagar,Lighting of public spaces,06-Aug-2026,739130.0,Payment In-Progress,4.6624240142619575,3.6863971431706415,40,Critical - Priority Investigation,"Still IN PROGRESS — disbursed-so-far is 3.7x the completed-works median for 'Lighting of public spaces' (₹739,130 (₹7.39 lakh) vs. median ₹200,502 (₹2.01 lakh), n=1675) — worth reviewing before final payment."
EW-000078,Uttar Pradesh,SANT KABIR NAGAR,LAXMIKANT PAPPU NISHAD,Sant Kabir Nagar(DISTRICT MAGISTRATE SANT KABIR NAGAR_2),Sant Kabir Nagar,Lighting of public spaces,06-Aug-2026,739130.0,Payment In-Progress,4.6624240142619575,3.6863971431706415,40,Critical - Priority Investigation,"Still IN PROGRESS — disbursed-so-far is 3.7x the completed-works median for 'Lighting of public spaces' (₹739,130 (₹7.39 lakh) vs. median ₹200,502 (₹2.01 lakh), n=1675) — worth reviewing before final payment."
EW-000079,Punjab,ANANDPUR SAHIB,MALVINDER SINGH KANG,RUPNAGAR(DEPUTY COMMISSIONER ROOPNAGAR_IDA),RUPNAGAR,Purchase of mobile water tankers,02-Sep-2026,350000.0,Payment In-Progress,2.876406160038998,2.108103550046379,25,High - Requires Investigation,"Still IN PROGRESS — disbursed-so-far is 2.1x the completed-works median for 'Purchase of mobile water tankers' (₹350,000 (₹3.50 lakh) vs. median ₹166,026 (₹1.66 lakh), n=330) — worth reviewing before final payment."
EW-000080,Karnataka,CHITRADURGA(SC),GOVIND MAKTHAPPA KARJOL,TUMAKURU(DEPUTY COMMISSIONER TUMKUR_IDA),TUMAKURU,Lighting of public spaces,14-Aug-2026,499478.0,Payment In-Progress,3.26185497354864,2.4911372455137606,25,High - Requires Investigation,"Still IN PROGRESS — disbursed-so-far is 2.5x the completed-works median for 'Lighting of public spaces' (₹499,478 (₹4.99 lakh) vs. median ₹200,502 (₹2.01 lakh), n=1675) — worth reviewing before final payment."
EW-000081,Gujarat,SABARKANTHA,SHOBHANABEN MAHENDRASINH BARAIYA,ARVALLI(DISTRICT COLLECTOR ARVALLI_IDA),ARVALLI,Crematoriums/energy efficient crematoriums or structures on burial/cremation ground,02-Sep-2026,1000000.0,Payment In-Progress,2.7656736909535975,2.504267065132118,25,High - Requires Investigation,"Still IN PROGRESS — disbursed-so-far is 2.5x the completed-works median for 'Crematoriums/energy efficient crematoriums or structures on burial/cremation ground' (₹1,000,000 (₹10.00 lakh) vs. median ₹399,318 (₹3.99 lakh), n=84) — worth reviewing before final payment."
EW-000082,Rajasthan,JAIPUR,MANJU SHARMA,JAIPUR(DISTRICT COLLECTOR JAIPUR_IDA),JAIPUR,Improvement of electricity distribution infrastructure,17-Aug-2026,2191248.0,Payment In-Progress,3.488802037789617,13.444311509506882,25,High - Requires Investigation,"Still IN PROGRESS — disbursed-so-far is 13.4x the completed-works median for 'Improvement of electricity distribution infrastructure' (₹2,191,248 (₹21.91 lakh) vs. median ₹162,987 (₹1.63 lakh), n=91) — worth reviewing before final payment."
EW-000083,Uttar Pradesh,DOMARIYAGANJ,Jagdambika Pal,Siddharthnagar(DISTRICT MAGISTRATE SIDDHARTH NAGAR_IDA),Siddharthnagar,"Construction of roads, link roads, pathways or any other road with or without drainage system",03-Sep-2026,4899360.0,Payment In-Progress,2.960385504283229,9.798720000000007,25,High - Requires Investigation,"Still IN PROGRESS — disbursed-so-far is 9.8x the completed-works median for 'Construction of roads, link roads, pathways or any other road with or without drainage system' (₹4,899,360 (₹48.99 lakh) vs. median ₹500,000 (₹5.00 lakh), n=2396) — worth reviewing before final payment."
EW-000084,Uttar Pradesh,AKBARPUR,Devendra Alias Bhole Singh,KANPUR NAGAR(DISTRICT MAGISTRAE KANPUR NAGAR_IDA),KANPUR NAGAR,Lighting of public spaces,03-Sep-2026,499985.0,Payment In-Progress,3.2654806508987226,2.4936658985945277,25,High - Requires Investigation,"Still IN PROGRESS — disbursed-so-far is 2.5x the completed-works median for 'Lighting of public spaces' (₹499,985 (₹5.00 lakh) vs. median ₹200,502 (₹2.01 lakh), n=1675) — worth reviewing before final payment."
EW-000085,Uttar Pradesh,AKBARPUR,Devendra Alias Bhole Singh,KANPUR NAGAR(DISTRICT MAGISTRAE KANPUR NAGAR_IDA),KANPUR NAGAR,Lighting of public spaces,03-Sep-2026,499914.0,Payment In-Progress,3.2649731344837085,2.493311787413592,25,High - Requires Investigation,"Still IN PROGRESS — disbursed-so-far is 2.5x the completed-works median for 'Lighting of public spaces' (₹499,914 (₹5.00 lakh) vs. median ₹200,502 (₹2.01 lakh), n=1675) — worth reviewing before final payment."
EW-000086,Madhya Pradesh,SIDHI,DR. RAJESH MISHRA,SIDHI(DISTRICT COLLECTOR SIDHI_IDA),SIDHI,Lighting of public spaces,14-May-2026,435675.0,Payment In-Progress,2.773448349557284,2.1729209683693926,25,High - Requires Investigation,"Still IN PROGRESS — disbursed-so-far is 2.2x the completed-works median for 'Lighting of public spaces' (₹435,675 (₹4.36 lakh) vs. median ₹200,502 (₹2.01 lakh), n=1675) — worth reviewing before final payment."
EW-000087,Uttar Pradesh,AKBARPUR,Devendra Alias Bhole Singh,KANPUR NAGAR(DISTRICT MAGISTRAE KANPUR NAGAR_IDA),KANPUR NAGAR,Lighting of public spaces,03-Sep-2026,499898.0,Payment In-Progress,3.2648587546354957,2.4932319877108458,25,High - Requires Investigation,"Still IN PROGRESS — disbursed-so-far is 2.5x the completed-works median for 'Lighting of public spaces' (₹499,898 (₹5.00 lakh) vs. median ₹200,502 (₹2.01 lakh), n=1675) — worth reviewing before final payment."
EW-000088,Uttar Pradesh,AKBARPUR,Devendra Alias Bhole Singh,KANPUR NAGAR(DISTRICT MAGISTRAE KANPUR NAGAR_IDA),KANPUR NAGAR,Lighting of public spaces,03-Sep-2026,499985.0,Payment In-Progress,3.2654806508987226,2.4936658985945277,25,High - Requires Investigation,"Still IN PROGRESS — disbursed-so-far is 2.5x the completed-works median for 'Lighting of public spaces' (₹499,985 (₹5.00 lakh) vs. median ₹200,502 (₹2.01 lakh), n=1675) — worth reviewing before final payment."
EW-000089,Uttar Pradesh,AKBARPUR,Devendra Alias Bhole Singh,KANPUR NAGAR(DISTRICT MAGISTRAE KANPUR NAGAR_IDA),KANPUR NAGAR,Lighting of public spaces,03-Sep-2026,499888.0,Payment In-Progress,3.2647872653712993,2.4931821128966294,25,High - Requires Investigation,"Still IN PROGRESS — disbursed-so-far is 2.5x the completed-works median for 'Lighting of public spaces' (₹499,888 (₹5.00 lakh) vs. median ₹200,502 (₹2.01 lakh), n=1675) — worth reviewing before final payment."
EW-000090,Uttar Pradesh,AKBARPUR,Devendra Alias Bhole Singh,KANPUR NAGAR(DISTRICT MAGISTRAE KANPUR NAGAR_IDA),KANPUR NAGAR,Lighting of public spaces,03-Sep-2026,499917.0,Payment In-Progress,3.264994580297697,2.493326749857857,25,High - Requires Investigation,"Still IN PROGRESS — disbursed-so-far is 2.5x the completed-works median for 'Lighting of public spaces' (₹499,917 (₹5.00 lakh) vs. median ₹200,502 (₹2.01 lakh), n=1675) — worth reviewing before final payment."
EW-000091,Uttar Pradesh,AKBARPUR,Devendra Alias Bhole Singh,KANPUR NAGAR(DISTRICT MAGISTRAE KANPUR NAGAR_IDA),KANPUR NAGAR,Lighting of public spaces,03-Sep-2026,499958.0,Payment In-Progress,3.2652876601913725,2.4935312365961435,25,High - Requires Investigation,"Still IN PROGRESS — disbursed-so-far is 2.5x the completed-works median for 'Lighting of public spaces' (₹499,958 (₹5.00 lakh) vs. median ₹200,502 (₹2.01 lakh), n=1675) — worth reviewing before final payment."
EW-000092,Uttar Pradesh,AKBARPUR,Devendra Alias Bhole Singh,KANPUR NAGAR(DISTRICT MAGISTRAE KANPUR NAGAR_IDA),KANPUR NAGAR,Lighting of public spaces,03-Sep-2026,499958.0,Payment In-Progress,3.2652876601913725,2.4935312365961435,25,High - Requires Investigation,"Still IN PROGRESS — disbursed-so-far is 2.5x the completed-works median for 'Lighting of public spaces' (₹499,958 (₹5.00 lakh) vs. median ₹200,502 (₹2.01 lakh), n=1675) — worth reviewing before final payment."
EW-000093,Uttar Pradesh,AKBARPUR,Devendra Alias Bhole Singh,KANPUR NAGAR(DISTRICT MAGISTRAE KANPUR NAGAR_IDA),KANPUR NAGAR,Lighting of public spaces,03-Sep-2026,499938.0,Payment In-Progress,3.2651446973922367,2.493431486967711,25,High - Requires Investigation,"Still IN PROGRESS — disbursed-so-far is 2.5x the completed-works median for 'Lighting of public spaces' (₹499,938 (₹5.00 lakh) vs. median ₹200,502 (₹2.01 lakh), n=1675) — worth reviewing before final payment."
EW-000094,Uttar Pradesh,AKBARPUR,Devendra Alias Bhole Singh,KANPUR NAGAR(DISTRICT MAGISTRAE KANPUR NAGAR_IDA),KANPUR NAGAR,Lighting of public spaces,03-Sep-2026,499917.0,Payment In-Progress,3.264994580297697,2.493326749857857,25,High - Requires Investigation,"Still IN PROGRESS — disbursed-so-far is 2.5x the completed-works median for 'Lighting of public spaces' (₹499,917 (₹5.00 lakh) vs. median ₹200,502 (₹2.01 lakh), n=1675) — worth reviewing before final payment."
EW-000095,Uttar Pradesh,AKBARPUR,Devendra Alias Bhole Singh,KANPUR NAGAR(DISTRICT MAGISTRAE KANPUR NAGAR_IDA),KANPUR NAGAR,Lighting of public spaces,03-Sep-2026,499938.0,Payment In-Progress,3.2651446973922367,2.493431486967711,25,High - Requires Investigation,"Still IN PROGRESS — disbursed-so-far is 2.5x the completed-works median for 'Lighting of public spaces' (₹499,938 (₹5.00 lakh) vs. median ₹200,502 (₹2.01 lakh), n=1675) — worth reviewing before final payment."
EW-000096,Uttar Pradesh,AKBARPUR,Devendra Alias Bhole Singh,KANPUR NAGAR(DISTRICT MAGISTRAE KANPUR NAGAR_IDA),KANPUR NAGAR,Lighting of public spaces,03-Sep-2026,499958.0,Payment In-Progress,3.2652876601913725,2.4935312365961435,25,High - Requires Investigation,"Still IN PROGRESS — disbursed-so-far is 2.5x the completed-works median for 'Lighting of public spaces' (₹499,958 (₹5.00 lakh) vs. median ₹200,502 (₹2.01 lakh), n=1675) — worth reviewing before final payment."
EW-000097,Punjab,ANANDPUR SAHIB,MALVINDER SINGH KANG,S.A.S Nagar(DEPUTY COMMISSIONER SAHIBZADA AJIT SINGH NAGAR MOHALI_IDA),S.A.S Nagar,Purchase of mobile water tankers,10-Aug-2026,350000.0,Payment In-Progress,2.876406160038998,2.108103550046379,25,High - Requires Investigation,"Still IN PROGRESS — disbursed-so-far is 2.1x the completed-works median for 'Purchase of mobile water tankers' (₹350,000 (₹3.50 lakh) vs. median ₹166,026 (₹1.66 lakh), n=330) — worth reviewing before final payment."
EW-000098,Uttar Pradesh,AKBARPUR,Devendra Alias Bhole Singh,KANPUR NAGAR(DISTRICT MAGISTRAE KANPUR NAGAR_IDA),KANPUR NAGAR,Lighting of public spaces,03-Sep-2026,499985.0,Payment In-Progress,3.2654806508987226,2.4936658985945277,25,High - Requires Investigation,"Still IN PROGRESS — disbursed-so-far is 2.5x the completed-works median for 'Lighting of public spaces' (₹499,985 (₹5.00 lakh) vs. median ₹200,502 (₹2.01 lakh), n=1675) — worth reviewing before final payment."
EW-000099,Maharashtra,SHIRUR,Amol Ramsing Kolhe,PUNE(DISTRICT COLLECTOR PUNE_IDA),PUNE,Crematoriums/energy efficient crematoriums or structures on burial/cremation ground,02-Sep-2026,995843.0,Payment In-Progress,2.753123672226739,2.4938568269423635,25,High - Requires Investigation,"Still IN PROGRESS — disbursed-so-far is 2.5x the completed-works median for 'Crematoriums/energy efficient crematoriums or structures on burial/cremation ground' (₹995,843 (₹9.96 lakh) vs. median ₹399,318 (₹3.99 lakh), n=84) — worth reviewing before final payment."
EW-000100,Uttar Pradesh,AKBARPUR,Devendra Alias Bhole Singh,KANPUR NAGAR(DISTRICT MAGISTRAE KANPUR NAGAR_IDA),KANPUR NAGAR,Lighting of public spaces,03-Sep-2026,497971.0,Payment In-Progress,3.251056291314703,2.4836211110113613,25,High - Requires Investigation,"Still IN PROGRESS — disbursed-so-far is 2.5x the completed-works median for 'Lighting of public spaces' (₹497,971 (₹4.98 lakh) vs. median ₹200,502 (₹2.01 lakh), n=1675) — worth reviewing before final payment."
EW-000101,Maharashtra,NAGPUR,Nitin Jairam Gadkari,NAGPUR(DISTRICT COLLECTOR NAGPUR_IDA),NAGPUR,"Purchase of smart boards, visual display units and projectors",31-Jul-2026,449900.0,Payment In-Progress,3.3907658359274557,2.249499999999999,25,High - Requires Investigation,"Still IN PROGRESS — disbursed-so-far is 2.2x the completed-works median for 'Purchase of smart boards, visual display units and projectors' (₹449,900 (₹4.50 lakh) vs. median ₹200,000 (₹2.00 lakh), n=125) — worth reviewing before final payment."
EW-000102,Uttar Pradesh,AKBARPUR,Devendra Alias Bhole Singh,KANPUR NAGAR(DISTRICT MAGISTRAE KANPUR NAGAR_IDA),KANPUR NAGAR,Lighting of public spaces,03-Sep-2026,497971.0,Payment In-Progress,3.251056291314703,2.4836211110113613,25,High - Requires Investigation,"Still IN PROGRESS — disbursed-so-far is 2.5x the completed-works median for 'Lighting of public spaces' (₹497,971 (₹4.98 lakh) vs. median ₹200,502 (₹2.01 lakh), n=1675) — worth reviewing before final payment."
EW-000103,Uttar Pradesh,AKBARPUR,Devendra Alias Bhole Singh,KANPUR NAGAR(DISTRICT MAGISTRAE KANPUR NAGAR_IDA),KANPUR NAGAR,Lighting of public spaces,03-Sep-2026,497806.0,Payment In-Progress,3.2498719694821707,2.482798176576792,25,High - Requires Investigation,"Still IN PROGRESS — disbursed-so-far is 2.5x the completed-works median for 'Lighting of public spaces' (₹497,806 (₹4.98 lakh) vs. median ₹200,502 (₹2.01 lakh), n=1675) — worth reviewing before final payment."
EW-000104,Uttar Pradesh,AKBARPUR,Devendra Alias Bhole Singh,KANPUR NAGAR(DISTRICT MAGISTRAE KANPUR NAGAR_IDA),KANPUR NAGAR,Lighting of public spaces,03-Sep-2026,497987.0,Payment In-Progress,3.251171113771879,2.4837009107141075,25,High - Requires Investigation,"Still IN PROGRESS — disbursed-so-far is 2.5x the completed-works median for 'Lighting of public spaces' (₹497,987 (₹4.98 lakh) vs. median ₹200,502 (₹2.01 lakh), n=1675) — worth reviewing before final payment."
EW-000105,Haryana,GURGAON,Rao Inderjit Singh,GURUGRAM(DC CUM NODAL OFFICER MPLADS_5),GURUGRAM,Installing tube-wells and borewells,02-Sep-2026,494898.0,Payment In-Progress,2.8010642448391345,2.2595349358589933,25,High - Requires Investigation,"Still IN PROGRESS — disbursed-so-far is 2.3x the completed-works median for 'Installing tube-wells and borewells' (₹494,898 (₹4.95 lakh) vs. median ₹219,026 (₹2.19 lakh), n=228) — worth reviewing before final payment."
EW-000106,West Bengal,HOWRAH,Prasun Banerjee,HOWRAH(DISTRICT MAGISTRATE HOWRAH_IDA),HOWRAH,Purchase of hospital equipment,27-Aug-2026,1675000.0,Payment In-Progress,3.0179387151638983,7.097367406346524,25,High - Requires Investigation,"Still IN PROGRESS — disbursed-so-far is 7.1x the completed-works median for 'Purchase of hospital equipment' (₹1,675,000 (₹16.75 lakh) vs. median ₹236,003 (₹2.36 lakh), n=43) — worth reviewing before final payment."
EW-000107,Madhya Pradesh,UJJAIN(SC),Shri Anil Firojiya,RATLAM(District Collector Ratlam_IDA),RATLAM,Improvement of electricity distribution infrastructure,17-Aug-2026,1672640.0,Payment In-Progress,3.1262107150678062,10.262413566726172,25,High - Requires Investigation,"Still IN PROGRESS — disbursed-so-far is 10.3x the completed-works median for 'Improvement of electricity distribution infrastructure' (₹1,672,640 (₹16.73 lakh) vs. median ₹162,987 (₹1.63 lakh), n=91) — worth reviewing before final payment."
EW-000108,Uttar Pradesh,AKBARPUR,Devendra Alias Bhole Singh,KANPUR NAGAR(DISTRICT MAGISTRAE KANPUR NAGAR_IDA),KANPUR NAGAR,Lighting of public spaces,03-Sep-2026,497971.0,Payment In-Progress,3.251056291314703,2.4836211110113613,25,High - Requires Investigation,"Still IN PROGRESS — disbursed-so-far is 2.5x the completed-works median for 'Lighting of public spaces' (₹497,971 (₹4.98 lakh) vs. median ₹200,502 (₹2.01 lakh), n=1675) — worth reviewing before final payment."
EW-000109,Uttar Pradesh,AKBARPUR,Devendra Alias Bhole Singh,KANPUR NAGAR(DISTRICT MAGISTRAE KANPUR NAGAR_IDA),KANPUR NAGAR,Lighting of public spaces,03-Sep-2026,497993.0,Payment In-Progress,3.2512141712422036,2.4837308356026373,25,High - Requires Investigation,"Still IN PROGRESS — disbursed-so-far is 2.5x the completed-works median for 'Lighting of public spaces' (₹497,993 (₹4.98 lakh) vs. median ₹200,502 (₹2.01 lakh), n=1675) — worth reviewing before final payment."
EW-000110,Uttar Pradesh,AKBARPUR,Devendra Alias Bhole Singh,KANPUR NAGAR(DISTRICT MAGISTRAE KANPUR NAGAR_IDA),KANPUR NAGAR,Lighting of public spaces,03-Sep-2026,497957.0,Payment In-Progress,3.2509558186382668,2.483551286271459,25,High - Requires Investigation,"Still IN PROGRESS — disbursed-so-far is 2.5x the completed-works median for 'Lighting of public spaces' (₹497,957 (₹4.98 lakh) vs. median ₹200,502 (₹2.01 lakh), n=1675) — worth reviewing before final payment."
EW-000111,Uttar Pradesh,AKBARPUR,Devendra Alias Bhole Singh,KANPUR NAGAR(DISTRICT MAGISTRAE KANPUR NAGAR_IDA),KANPUR NAGAR,Lighting of public spaces,03-Sep-2026,497920.0,Payment In-Progress,3.250690270109238,2.4833667494588583,25,High - Requires Investigation,"Still IN PROGRESS — disbursed-so-far is 2.5x the completed-works median for 'Lighting of public spaces' (₹497,920 (₹4.98 lakh) vs. median ₹200,502 (₹2.01 lakh), n=1675) — worth reviewing before final payment."
EW-000112,Rajasthan,SIKAR,AMRARAM,SIKAR(DISTRICT COLLECTOR SIKAR_IDA),SIKAR,Lighting of public spaces,18-Aug-2026,521023.0,Payment In-Progress,3.4127745159036156,2.5985925327428157,25,High - Requires Investigation,"Still IN PROGRESS — disbursed-so-far is 2.6x the completed-works median for 'Lighting of public spaces' (₹521,023 (₹5.21 lakh) vs. median ₹200,502 (₹2.01 lakh), n=1675) — worth reviewing before final payment."
EW-000113,Maharashtra,DHULE,BACHHAV SHOBHA DINESH,NASHIK(DISTRICT COLLECTOR NASHIK_IDA),NASHIK,Installation of fixed garden gym equipment,07-Aug-2026,989456.0,Payment In-Progress,2.8181359720482395,3.298186666666668,25,High - Requires Investigation,"Still IN PROGRESS — disbursed-so-far is 3.3x the completed-works median for 'Installation of fixed garden gym equipment' (₹989,456 (₹9.89 lakh) vs. median ₹300,000 (₹3.00 lakh), n=65) — worth reviewing before final payment."
EW-000114,Maharashtra,DHULE,BACHHAV SHOBHA DINESH,NASHIK(DISTRICT COLLECTOR NASHIK_IDA),NASHIK,Installation of fixed garden gym equipment,07-Aug-2026,989456.0,Payment In-Progress,2.8181359720482395,3.298186666666668,25,High - Requires Investigation,"Still IN PROGRESS — disbursed-so-far is 3.3x the completed-works median for 'Installation of fixed garden gym equipment' (₹989,456 (₹9.89 lakh) vs. median ₹300,000 (₹3.00 lakh), n=65) — worth reviewing before final payment."
EW-000115,Haryana,AMBALA (SC),VARUN CHAUDHRY,PANCHKULA(DRDA PANCHKULA),PANCHKULA,Crematoriums/energy efficient crematoriums or structures on burial/cremation ground,01-Sep-2026,1274037.0,Payment In-Progress,3.4953283877558197,3.190528898859728,25,High - Requires Investigation,"Still IN PROGRESS — disbursed-so-far is 3.2x the completed-works median for 'Crematoriums/energy efficient crematoriums or structures on burial/cremation ground' (₹1,274,037 (₹12.74 lakh) vs. median ₹399,318 (₹3.99 lakh), n=84) — worth reviewing before final payment."
EW-000116,Andhra Pradesh,ARAKU(ST),Gumma Thanuja Rani,Alluri Sitharama Raju(DISTRICT COLLECTOR ALLURI SITHARAMARAJU_IDA),Alluri Sitharama Raju,Installing tube-wells and borewells,24-Aug-2026,498077.0,Payment In-Progress,2.8230663597606123,2.2740491621462198,25,High - Requires Investigation,"Still IN PROGRESS — disbursed-so-far is 2.3x the completed-works median for 'Installing tube-wells and borewells' (₹498,077 (₹4.98 lakh) vs. median ₹219,026 (₹2.19 lakh), n=228) — worth reviewing before final payment."
EW-000117,Punjab,ANANDPUR SAHIB,MALVINDER SINGH KANG,S.A.S Nagar(DEPUTY COMMISSIONER SAHIBZADA AJIT SINGH NAGAR MOHALI_IDA),S.A.S Nagar,Purchase of mobile water tankers,03-Sep-2026,350000.0,Payment In-Progress,2.876406160038998,2.108103550046379,25,High - Requires Investigation,"Still IN PROGRESS — disbursed-so-far is 2.1x the completed-works median for 'Purchase of mobile water tankers' (₹350,000 (₹3.50 lakh) vs. median ₹166,026 (₹1.66 lakh), n=330) — worth reviewing before final payment."
EW-000118,Uttar Pradesh,SULTANPUR,RAMBHUAL NISHAD,SULTANPUR(DISTRICT MAGISTRATE SULTANPUR_IDA),SULTANPUR,Street lights,07-Aug-2026,9707139.0,Payment In-Progress,3.190797390224628,43.545197626064855,25,High - Requires Investigation,"Still IN PROGRESS — disbursed-so-far is 43.5x the completed-works median for 'Street lights' (₹9,707,139 (₹97.07 lakh) vs. median ₹222,921 (₹2.23 lakh), n=1627) — worth reviewing before final payment."
EW-000119,Uttar Pradesh,AKBARPUR,Devendra Alias Bhole Singh,KANPUR NAGAR(DISTRICT MAGISTRAE KANPUR NAGAR_IDA),KANPUR NAGAR,Lighting of public spaces,03-Sep-2026,497920.0,Payment In-Progress,3.250690270109238,2.4833667494588583,25,High - Requires Investigation,"Still IN PROGRESS — disbursed-so-far is 2.5x the completed-works median for 'Lighting of public spaces' (₹497,920 (₹4.98 lakh) vs. median ₹200,502 (₹2.01 lakh), n=1675) — worth reviewing before final payment."
EW-000120,Chhattisgarh,KANKER(ST),BHOJRAJ NAG,Uttar Bastar Kanker(DISTRICT COLLECTOR KANKER_IDA),Uttar Bastar Kanker,Construction of common work sheds/ common covered sitting area,17-Aug-2026,750000.0,Payment In-Progress,2.075970814932598,2.5427607601159488,13,Medium - Worth Reviewing,"Still IN PROGRESS — disbursed-so-far is 2.5x the completed-works median for 'Construction of common work sheds/ common covered sitting area' (₹750,000 (₹7.50 lakh) vs. median ₹294,955 (₹2.95 lakh), n=237) — worth reviewing before final payment."
EW-000121,West Bengal,ARAMBAG(SC),BAG MITALI,Paschim Medinipur(DISTRICT MAGISTRATE PASCHIM MEDINIPUR_IDA),Paschim Medinipur,Lighting of public spaces,21-Aug-2026,376781.0,Payment In-Progress,2.2544314445111646,1.8791882375238151,13,Medium - Worth Reviewing,"Still IN PROGRESS — disbursed-so-far is 1.9x the completed-works median for 'Lighting of public spaces' (₹376,781 (₹3.77 lakh) vs. median ₹200,502 (₹2.01 lakh), n=1675) — worth reviewing before final payment."
EW-000122,Karnataka,TUMKUR,V. SOMANNA,TUMAKURU(DEPUTY COMMISSIONER TUMKUR_IDA),TUMAKURU,Construction of rooms and halls in school and colleges,07-Aug-2026,3375000.0,Payment In-Progress,2.509495229935955,6.7500000000000036,13,Medium - Worth Reviewing,"Still IN PROGRESS — disbursed-so-far is 6.8x the completed-works median for 'Construction of rooms and halls in school and colleges' (₹3,375,000 (₹33.75 lakh) vs. median ₹500,000 (₹5.00 lakh), n=159) — worth reviewing before final payment."
EW-000123,Karnataka,RAICHUR(ST),G. KUMAR NAIK,RAICHUR(DEPUTY COMMISSIONER RAICHUR_IDA),RAICHUR,Lighting of public spaces,17-Aug-2026,375000.0,Payment In-Progress,2.237498937479664,1.8703055331118892,13,Medium - Worth Reviewing,"Still IN PROGRESS — disbursed-so-far is 1.9x the completed-works median for 'Lighting of public spaces' (₹375,000 (₹3.75 lakh) vs. median ₹200,502 (₹2.01 lakh), n=1675) — worth reviewing before final payment."
EW-000124,Rajasthan,CHURU,Rahul Kaswan,CHURU(DISTRICT COLLECTOR CHURU_IDA),CHURU,Construction of common work sheds/ common covered sitting area,03-Sep-2026,749925.0,Payment In-Progress,2.075748358600293,2.5425064840399374,13,Medium - Worth Reviewing,"Still IN PROGRESS — disbursed-so-far is 2.5x the completed-works median for 'Construction of common work sheds/ common covered sitting area' (₹749,925 (₹7.50 lakh) vs. median ₹294,955 (₹2.95 lakh), n=237) — worth reviewing before final payment."
EW-000125,Maharashtra,PALGHAR(ST),DR. HEMANT VISHNU SAVARA,PALGHAR(DISTRICT COLLECTOR PALGHAR_IDA),PALGHAR,Construction of common work sheds/ common covered sitting area,01-Sep-2026,892176.0,Payment In-Progress,2.4621139342499267,3.024786831889609,13,Medium - Worth Reviewing,"Still IN PROGRESS — disbursed-so-far is 3.0x the completed-works median for 'Construction of common work sheds/ common covered sitting area' (₹892,176 (₹8.92 lakh) vs. median ₹294,955 (₹2.95 lakh), n=237) — worth reviewing before final payment."
EW-000126,Rajasthan,BIKANER(SC),Shri Arjun Ram Meghwal,JAIPUR(DISTRICT COLLECTOR JAIPUR_IDA),JAIPUR,Improvement of electricity distribution infrastructure,03-Sep-2026,1055975.0,Payment In-Progress,2.508700434633467,6.4788909544932975,13,Medium - Worth Reviewing,"Still IN PROGRESS — disbursed-so-far is 6.5x the completed-works median for 'Improvement of electricity distribution infrastructure' (₹1,055,975 (₹10.56 lakh) vs. median ₹162,987 (₹1.63 lakh), n=91) — worth reviewing before final payment."
EW-000127,Maharashtra,MUMBAI NORTH,Piyush Vedprakash Goyal,MUMBAI SUBURBAN(DISTRICT COLLECTOR MUMBAI SUBURBAN_IDA),MUMBAI SUBURBAN,"Construction of roads, link roads, pathways or any other road with or without drainage system",19-Aug-2026,2498104.0,Payment In-Progress,2.0866719137183782,4.996208000000003,13,Medium - Worth Reviewing,"Still IN PROGRESS — disbursed-so-far is 5.0x the completed-works median for 'Construction of roads, link roads, pathways or any other road with or without drainage system' (₹2,498,104 (₹24.98 lakh) vs. median ₹500,000 (₹5.00 lakh), n=2396) — worth reviewing before final payment."
EW-000128,Maharashtra,LATUR(SC),DR KALGE SHIVAJI BANDAPPA,LATUR(DISTRICT COLLECTOR LATUR_IDA),LATUR,Crematoriums/energy efficient crematoriums or structures on burial/cremation ground,24-Aug-2026,794104.0,Payment In-Progress,2.0711165520552983,1.9886484934896753,13,Medium - Worth Reviewing,"Still IN PROGRESS — disbursed-so-far is 2.0x the completed-works median for 'Crematoriums/energy efficient crematoriums or structures on burial/cremation ground' (₹794,104 (₹7.94 lakh) vs. median ₹399,318 (₹3.99 lakh), n=84) — worth reviewing before final payment."
EW-000129,West Bengal,ARAMBAG(SC),BAG MITALI,Paschim Medinipur(DISTRICT MAGISTRATE PASCHIM MEDINIPUR_IDA),Paschim Medinipur,Lighting of public spaces,21-Aug-2026,377385.0,Payment In-Progress,2.260155686175216,1.8822006763024808,13,Medium - Worth Reviewing,"Still IN PROGRESS — disbursed-so-far is 1.9x the completed-works median for 'Lighting of public spaces' (₹377,385 (₹3.77 lakh) vs. median ₹200,502 (₹2.01 lakh), n=1675) — worth reviewing before final payment."
EW-000130,Maharashtra,BARAMATI,Smt Supriya Sadanand Sule,PUNE(DISTRICT COLLECTOR PUNE_IDA),PUNE,Construction of common work sheds/ common covered sitting area,28-Aug-2026,996501.0,Payment In-Progress,2.7081087964167234,3.3784848536217376,13,Medium - Worth Reviewing,"Still IN PROGRESS — disbursed-so-far is 3.4x the completed-works median for 'Construction of common work sheds/ common covered sitting area' (₹996,501 (₹9.97 lakh) vs. median ₹294,955 (₹2.95 lakh), n=237) — worth reviewing before final payment."
EW-000131,Maharashtra,PALGHAR(ST),DR. HEMANT VISHNU SAVARA,PALGHAR(DISTRICT COLLECTOR PALGHAR_IDA),PALGHAR,Crematoriums/energy efficient crematoriums or structures on burial/cremation ground,01-Sep-2026,992657.0,Payment In-Progress,2.7434695977633536,2.4858782320728525,13,Medium - Worth Reviewing,"Still IN PROGRESS — disbursed-so-far is 2.5x the completed-works median for 'Crematoriums/energy efficient crematoriums or structures on burial/cremation ground' (₹992,657 (₹9.93 lakh) vs. median ₹399,318 (₹3.99 lakh), n=84) — worth reviewing before final payment."
EW-000132,Uttar Pradesh,AZAMGARH,DHARMENDRA YADAV,AZAMGARH(DISTRICT MAGISTRATE AZAMGARH_IDA),AZAMGARH,Improvement of electricity distribution infrastructure,27-Feb-2026,1060000.0,Payment In-Progress,2.513808190194624,6.50358617558455,13,Medium - Worth Reviewing,"Still IN PROGRESS — disbursed-so-far is 6.5x the completed-works median for 'Improvement of electricity distribution infrastructure' (₹1,060,000 (₹10.60 lakh) vs. median ₹162,987 (₹1.63 lakh), n=91) — worth reviewing before final payment."
EW-000133,Maharashtra,NASHIK,RAJABHAU,NASHIK(DISTRICT COLLECTOR NASHIK_IDA),NASHIK,Crematoriums/energy efficient crematoriums or structures on burial/cremation ground,03-Sep-2026,986737.0,Payment In-Progress,2.7254485163500655,2.4710529710472704,13,Medium - Worth Reviewing,"Still IN PROGRESS — disbursed-so-far is 2.5x the completed-works median for 'Crematoriums/energy efficient crematoriums or structures on burial/cremation ground' (₹986,737 (₹9.87 lakh) vs. median ₹399,318 (₹3.99 lakh), n=84) — worth reviewing before final payment."
EW-000134,Uttar Pradesh,SAHARANPUR,IMRAN MASOOD,SAHARANPUR(DISTRICT MAGISTRAE SAHARANPUR_IDA),SAHARANPUR,"Construction of roads, link roads, pathways or any other road with or without drainage system",01-Sep-2026,2494451.0,Payment In-Progress,2.0847737153102948,4.988902000000003,13,Medium - Worth Reviewing,"Still IN PROGRESS — disbursed-so-far is 5.0x the completed-works median for 'Construction of roads, link roads, pathways or any other road with or without drainage system' (₹2,494,451 (₹24.94 lakh) vs. median ₹500,000 (₹5.00 lakh), n=2396) — worth reviewing before final payment."
EW-000135,Karnataka,BIDAR,SAGAR ESHWAR KHANDRE,BIDAR(DEPUTY COMMISSIONER BIDAR_IDA),BIDAR,Construction of buildings for community cultural activities,06-Aug-2026,1875000.0,Payment In-Progress,2.0229978999187725,5.357142857142855,13,Medium - Worth Reviewing,"Still IN PROGRESS — disbursed-so-far is 5.4x the completed-works median for 'Construction of buildings for community cultural activities' (₹1,875,000 (₹18.75 lakh) vs. median ₹350,000 (₹3.50 lakh), n=99) — worth reviewing before final payment."
EW-000136,Uttar Pradesh,UNNAO,Swami Sachchidanandhari Sakshi ji Maharaj,UNNAO(DISTRICT MAGIISTRATE UNNAO_IDA),UNNAO,"Construction of rooms and facilities for hospitals, FWC , PHC Centers and ANM centers",03-Jul-2026,120000.0,Payment In-Progress,-1.2794707257694247,0.2532646058947801,0,Low - Normal Pattern,No early cost-pattern anomaly against completed-works category norms.
EW-000137,Tamil Nadu,MAYILADUTHURAI,SUDHA R,THANJAVUR(DISTRICT COLLECTOR THANJAVUR_IDA),THANJAVUR,Purchase of furniture and fixtures for educational purposes,02-Sep-2026,800000.0,Payment In-Progress,-0.3219618069516836,0.8000000000000003,0,Low - Normal Pattern,No early cost-pattern anomaly against completed-works category norms.
EW-000138,Tamil Nadu,MAYILADUTHURAI,SUDHA R,THANJAVUR(DISTRICT COLLECTOR THANJAVUR_IDA),THANJAVUR,Purchase of furniture and fixtures for educational purposes,02-Sep-2026,800000.0,Payment In-Progress,-0.3219618069516836,0.8000000000000003,0,Low - Normal Pattern,No early cost-pattern anomaly against completed-works category norms.
EW-000139,Punjab,HOSHIARPUR(SC),DR. RAJ KUMAR CHABBEWAL,HOSHIARPUR(DEPUTY COMMISSIONER HOSHIARPUR_IDA),HOSHIARPUR,Construction of buildings for community cultural activities,02-Sep-2026,8000.0,Payment In-Progress,-4.5541827943034034,0.02285714285714285,0,Low - Normal Pattern,No early cost-pattern anomaly against completed-works category norms.
EW-000140,Uttar Pradesh,UNNAO,Swami Sachchidanandhari Sakshi ji Maharaj,UNNAO(DISTRICT MAGIISTRATE UNNAO_IDA),UNNAO,"Construction of rooms and facilities for hospitals, FWC , PHC Centers and ANM centers",03-Jul-2026,120000.0,Payment In-Progress,-1.2794707257694247,0.2532646058947801,0,Low - Normal Pattern,No early cost-pattern anomaly against completed-works category norms.
EW-000141,Uttar Pradesh,MUZAFFARNAGAR,HARENDRA SINGH MALIK,MUZAFFARNAGAR(DISTRICT MAGISTRATE MUZAFFARNAGAR_IDA),MUZAFFARNAGAR,"Construction of roads, link roads, pathways or any other road with or without drainage system",14-May-2026,143160.0,Payment In-Progress,-1.6222539577349318,0.2863200000000002,0,Low - Normal Pattern,No early cost-pattern anomaly against completed-works category norms.
EW-000142,Uttar Pradesh,MUZAFFARNAGAR,HARENDRA SINGH MALIK,MUZAFFARNAGAR(DISTRICT MAGISTRATE MUZAFFARNAGAR_IDA),MUZAFFARNAGAR,"Construction of roads, link roads, pathways or any other road with or without drainage system",04-Aug-2026,6176.0,Payment In-Progress,-5.699523798102389,0.012352000000000007,0,Low - Normal Pattern,No early cost-pattern anomaly against completed-works category norms.
EW-000143,Punjab,HOSHIARPUR(SC),DR. RAJ KUMAR CHABBEWAL,HOSHIARPUR(DEPUTY COMMISSIONER HOSHIARPUR_IDA),HOSHIARPUR,Construction of buildings for multi-gym,02-Sep-2026,19800.0,Payment In-Progress,0.0,0.051123380169937976,0,Low - Normal Pattern,No early cost-pattern anomaly against completed-works category norms.
EW-000144,Punjab,HOSHIARPUR(SC),DR. RAJ KUMAR CHABBEWAL,HOSHIARPUR(DEPUTY COMMISSIONER HOSHIARPUR_IDA),HOSHIARPUR,Construction of buildings for multi-gym,02-Sep-2026,9000.0,Payment In-Progress,0.0,0.023237900077244536,0,Low - Normal Pattern,No early cost-pattern anomaly against completed-works category norms.
EW-000145,West Bengal,MURSHIDABAD,Abu Taher Khan,MURSHIDABAD(DISTRICT MAGISTRATE MURSHIDABAD_IDA),MURSHIDABAD,"Construction of Government office buildings (Post office, Police station, Police chauki, etc.)",26-May-2026,500569.0,Payment In-Progress,0.0,0.5005690000000002,0,Low - Normal Pattern,No early cost-pattern anomaly against completed-works category norms.
EW-000146,Haryana,HISAR,JAI PARKASH,HISAR(DEPUTY COMMISSIONER HISSAR_IDA),HISAR,Purchase of mobile water tankers,27-Aug-2026,165000.0,Payment In-Progress,-0.023908428017414517,0.9938202450218644,0,Low - Normal Pattern,No early cost-pattern anomaly against completed-works category norms.
EW-000147,Haryana,HISAR,JAI PARKASH,HISAR(DEPUTY COMMISSIONER HISSAR_IDA),HISAR,Purchase of mobile water tankers,27-Aug-2026,165000.0,Payment In-Progress,-0.023908428017414517,0.9938202450218644,0,Low - Normal Pattern,No early cost-pattern anomaly against completed-works category norms.
EW-000148,Haryana,HISAR,JAI PARKASH,HISAR(DEPUTY COMMISSIONER HISSAR_IDA),HISAR,Purchase of mobile water tankers,27-Aug-2026,165000.0,Payment In-Progress,-0.023908428017414517,0.9938202450218644,0,Low - Normal Pattern,No early cost-pattern anomaly against completed-works category norms.
EW-000149,Haryana,HISAR,JAI PARKASH,HISAR(DEPUTY COMMISSIONER HISSAR_IDA),HISAR,Purchase of mobile water tankers,27-Aug-2026,165000.0,Payment In-Progress,-0.023908428017414517,0.9938202450218644,0,Low - Normal Pattern,No early cost-pattern anomaly against completed-works category norms.
EW-000150,Haryana,HISAR,JAI PARKASH,HISAR(DEPUTY COMMISSIONER HISSAR_IDA),HISAR,Purchase of mobile water tankers,27-Aug-2026,165000.0,Payment In-Progress,-0.023908428017414517,0.9938202450218644,0,Low - Normal Pattern,No early cost-pattern anomaly against completed-works category norms.
EW-000151,Gujarat,BHARUCH,Mansukhbhai Dhanjibhai Vasava,BHARUCH(DISTRICT COLLECTOR BROACH_IDA),BHARUCH,Construction of common work sheds/ common covered sitting area,31-Aug-2026,300000.0,Payment In-Progress,0.037725978600351984,1.0171043040463796,0,Low - Normal Pattern,No early cost-pattern anomaly against completed-works category norms.
EW-000152,Haryana,HISAR,JAI PARKASH,HISAR(DEPUTY COMMISSIONER HISSAR_IDA),HISAR,Purchase of mobile water tankers,27-Aug-2026,165000.0,Payment In-Progress,-0.023908428017414517,0.9938202450218644,0,Low - Normal Pattern,No early cost-pattern anomaly against completed-works category norms.
EW-000153,Uttar Pradesh,DOMARIYAGANJ,Jagdambika Pal,Siddharthnagar(DISTRICT MAGISTRATE SIDDHARTH NAGAR_IDA),Siddharthnagar,"Construction of roads, link roads, pathways or any other road with or without drainage system",03-Sep-2026,1192980.0,Payment In-Progress,1.127989422368484,2.385960000000001,0,Low - Normal Pattern,No early cost-pattern anomaly against completed-works category norms.
EW-000154,Uttar Pradesh,DOMARIYAGANJ,Jagdambika Pal,Siddharthnagar(DISTRICT MAGISTRATE SIDDHARTH NAGAR_IDA),Siddharthnagar,"Construction of roads, link roads, pathways or any other road with or without drainage system",03-Sep-2026,602980.0,Payment In-Progress,0.24292190623595902,1.2059600000000008,0,Low - Normal Pattern,No early cost-pattern anomaly against completed-works category norms.
EW-000155,Uttar Pradesh,MUZAFFARNAGAR,HARENDRA SINGH MALIK,MUZAFFARNAGAR(DISTRICT MAGISTRATE MUZAFFARNAGAR_IDA),MUZAFFARNAGAR,"Construction of roads, link roads, pathways or any other road with or without drainage system",04-Aug-2026,30152.0,Payment In-Progress,-3.6428140905066315,0.06030400000000004,0,Low - Normal Pattern,No early cost-pattern anomaly against completed-works category norms.
EW-000156,Rajasthan,UDAIPUR(ST),MANNA LAL RAWAT,UDAIPUR(DISTRICT COLLECTOR UDAIPUR_IDA),UDAIPUR,Construction of community centers and community halls,16-Jul-2026,210000.0,Payment In-Progress,-1.151077907237502,0.42253776179735464,0,Low - Normal Pattern,No early cost-pattern anomaly against completed-works category norms.
EW-000157,Uttar Pradesh,MUZAFFARNAGAR,HARENDRA SINGH MALIK,MUZAFFARNAGAR(DISTRICT MAGISTRATE MUZAFFARNAGAR_IDA),MUZAFFARNAGAR,"Construction of roads, link roads, pathways or any other road with or without drainage system",06-Aug-2026,6736.0,Payment In-Progress,-5.586938482994394,0.013472000000000008,0,Low - Normal Pattern,No early cost-pattern anomaly against completed-works category norms.
EW-000158,Uttar Pradesh,VARANASI,Shri Narendra Modi,VARANASI(DISTRICT MAGISTRAE VARANASI_IDA),VARANASI,"Construction of roads, link roads, pathways or any other road with or without drainage system",20-Jul-2026,176528.0,Payment In-Progress,-1.3504829074379705,0.3530560000000002,0,Low - Normal Pattern,No early cost-pattern anomaly against completed-works category norms.
EW-000159,Tamil Nadu,THENI,THANGA TAMILSELVAN,THENI(District Collector Theni_5),THENI,Construction of community centers and community halls,24-Jun-2026,1720039.0,Payment In-Progress,1.6588778701583082,3.460863948876953,0,Low - Normal Pattern,No early cost-pattern anomaly against completed-works category norms.
EW-000160,Haryana,GURGAON,Rao Inderjit Singh,GURUGRAM(DC CUM NODAL OFFICER MPLADS_5),GURUGRAM,Construction of shelters for animals,02-Sep-2026,777566.0,Payment In-Progress,0.0,1.5585411409574041,0,Low - Normal Pattern,No early cost-pattern anomaly against completed-works category norms.
EW-000161,Chhattisgarh,RAJNANDGAON,Santosh Pandey,Kabeerdham(DISTRICT COLLECTOR KABIRDHAM),Kabeerdham,"Construction of roads, link roads, pathways or any other road with or without drainage system",31-Aug-2026,149700.0,Payment In-Progress,-1.5643104726959087,0.29940000000000017,0,Low - Normal Pattern,No early cost-pattern anomaly against completed-works category norms.
EW-000162,Haryana,SONEPAT,SATPAL BRAHAMCHARI,SONIPAT(DEPUTY COMMISSIONER SONEPAT_IDA),SONIPAT,Construction of community centers and community halls,07-May-2026,794244.0,Payment In-Progress,0.6264048921436216,1.598086105147515,0,Low - Normal Pattern,No early cost-pattern anomaly against completed-works category norms.
EW-000163,Madhya Pradesh,UJJAIN(SC),Shri Anil Firojiya,UJJAIN(DISTRICT COLLECTOR UJJAIN_IDA),UJJAIN,Construction of common work sheds/ common covered sitting area,03-Sep-2026,400000.0,Payment In-Progress,0.6776609667900341,1.3561390720618394,0,Low - Normal Pattern,No early cost-pattern anomaly against completed-works category norms.
EW-000164,Andhra Pradesh,RAJAMPET,Midhun Reddy,Annamayya(DISTRICT COLLECTOR ANNAMAYYA_IDA),Annamayya,"Construction of roads, link roads, pathways or any other road with or without drainage system",25-Jul-2026,499945.0,Payment In-Progress,-0.0001426925469501322,0.9998900000000006,0,Low - Normal Pattern,No early cost-pattern anomaly against completed-works category norms.
EW-000165,Haryana,HISAR,JAI PARKASH,HISAR(DEPUTY COMMISSIONER HISSAR_IDA),HISAR,Purchase of mobile water tankers,27-Aug-2026,165000.0,Payment In-Progress,-0.023908428017414517,0.9938202450218644,0,Low - Normal Pattern,No early cost-pattern anomaly against completed-works category norms.
EW-000166,Assam,JORHAT,GAURAV GOGOI,JORHAT(DEPUTY COMMISSIONER JORHAT_IDA),JORHAT,Construction of community centers and community halls,03-Sep-2026,79678.0,Payment In-Progress,-2.4459777551154764,0.16031887516423632,0,Low - Normal Pattern,No early cost-pattern anomaly against completed-works category norms.
EW-000167,Punjab,GURDASPUR,SUKHJINDER SINGH RANDHAWA,PATHANKOT(DEPUTY COMMISSIONER PATHANKOT_IDA),PATHANKOT,Street lights,11-Aug-2026,284507.0,Payment In-Progress,0.20625484652593296,1.2762682744111147,0,Low - Normal Pattern,No early cost-pattern anomaly against completed-works category norms.
EW-000168,Rajasthan,KOTA,Om Birla,KOTA(DISTRICT COLLECTOR KOTA_IDA),KOTA,Installing community drinking water plants,31-Jul-2026,187705.0,Payment In-Progress,-119.8561992096964,0.806244469834288,0,Low - Normal Pattern,No early cost-pattern anomaly against completed-works category norms.
EW-000169,Haryana,BHIWANI MAHENDRAGARH,Shri  Dharambir Singh,Charkhi Dadri(Deputy Commissioner Charkhi Dadri_IDA),Charkhi Dadri,Construction of community centers and community halls,04-Sep-2026,1000000.0,Payment In-Progress,0.9342108141666492,2.012084579987403,0,Low - Normal Pattern,No early cost-pattern anomaly against completed-works category norms.
EW-000170,Haryana,BHIWANI MAHENDRAGARH,Shri  Dharambir Singh,Charkhi Dadri(Deputy Commissioner Charkhi Dadri_IDA),Charkhi Dadri,Development of playfields and sports grounds,04-Sep-2026,500000.0,Payment In-Progress,0.07115498606639281,1.0683809463044478,0,Low - Normal Pattern,No early cost-pattern anomaly against completed-works category norms.
EW-000171,Rajasthan,SIKAR,AMRARAM,SIKAR(DISTRICT COLLECTOR SIKAR_IDA),SIKAR,Installing tube-wells and borewells,28-Jul-2026,123350.0,Payment In-Progress,-1.9729625077209554,0.5631738951020349,0,Low - Normal Pattern,No early cost-pattern anomaly against completed-works category norms.
EW-000172,Rajasthan,BIKANER(SC),Shri Arjun Ram Meghwal,Anoopgarh(DISTRICT COLLECTOR Anoopgarh_IDA),Anoopgarh,Construction of boundary walls of existing public and community buildings,30-May-2026,368227.0,Payment In-Progress,-0.3988453931533162,0.7434192442998638,0,Low - Normal Pattern,No early cost-pattern anomaly against completed-works category norms.
EW-000173,Gujarat,AMRELI,BHARATBHAI MANUBHAI SUTARIYA,BHAVNAGAR(DISTRICT COLLECTOR BHAVNAGAR_IDA),BHAVNAGAR,"Construction of roads, link roads, pathways or any other road with or without drainage system",03-Sep-2026,298425.0,Payment In-Progress,-0.669436983411276,0.5968500000000003,0,Low - Normal Pattern,No early cost-pattern anomaly against completed-works category norms.
EW-000174,Uttar Pradesh,KANNAUJ,AKHILESH YADAV,KANPUR DEHAT(DISTRICT MAGISTRATE KANPUR DEHAT_IDA),KANPUR DEHAT,"Construction of roads, link roads, pathways or any other road with or without drainage system",02-Jul-2026,459743.0,Payment In-Progress,-0.10888199407242183,0.9194860000000006,0,Low - Normal Pattern,No early cost-pattern anomaly against completed-works category norms.
EW-000175,Uttar Pradesh,UNNAO,Swami Sachchidanandhari Sakshi ji Maharaj,UNNAO(DISTRICT MAGIISTRATE UNNAO_IDA),UNNAO,"Construction of rooms and facilities for hospitals, FWC , PHC Centers and ANM centers",03-Jul-2026,180000.0,Payment In-Progress,-0.9017142225649325,0.3798969088421702,0,Low - Normal Pattern,No early cost-pattern anomaly against completed-works category norms.
EW-000176,Uttar Pradesh,UNNAO,Swami Sachchidanandhari Sakshi ji Maharaj,UNNAO(DISTRICT MAGIISTRATE UNNAO_IDA),UNNAO,"Construction of rooms and facilities for hospitals, FWC , PHC Centers and ANM centers",03-Jul-2026,360000.0,Payment In-Progress,-0.25593521495541,0.7597938176843404,0,Low - Normal Pattern,No early cost-pattern anomaly against completed-works category norms.
EW-000177,Gujarat,BHARUCH,Mansukhbhai Dhanjibhai Vasava,BHARUCH(DISTRICT COLLECTOR BROACH_IDA),BHARUCH,Construction of common work sheds/ common covered sitting area,31-Aug-2026,300000.0,Payment In-Progress,0.037725978600351984,1.0171043040463796,0,Low - Normal Pattern,No early cost-pattern anomaly against completed-works category norms.
EW-000178,Andhra Pradesh,RAJAMPET,Midhun Reddy,Annamayya(DISTRICT COLLECTOR ANNAMAYYA_IDA),Annamayya,"Construction of roads, link roads, pathways or any other road with or without drainage system",27-Jul-2026,498640.0,Payment In-Progress,-0.003533010534695996,0.9972800000000006,0,Low - Normal Pattern,No early cost-pattern anomaly against completed-works category norms.
EW-000179,Haryana,HISAR,JAI PARKASH,HISAR(DEPUTY COMMISSIONER HISSAR_IDA),HISAR,Purchase of mobile water tankers,27-Aug-2026,165000.0,Payment In-Progress,-0.023908428017414517,0.9938202450218644,0,Low - Normal Pattern,No early cost-pattern anomaly against completed-works category norms.
EW-000180,Uttar Pradesh,KANNAUJ,AKHILESH YADAV,KANNAUJ(DISTRICT MAGISTRATE KANNAUJ_IDA),KANNAUJ,"Construction of roads, link roads, pathways or any other road with or without drainage system",13-Aug-2026,243606.0,Payment In-Progress,-0.9327116278881871,0.48721200000000026,0,Low - Normal Pattern,No early cost-pattern anomaly against completed-works category norms.
EW-000181,Haryana,HISAR,JAI PARKASH,HISAR(DEPUTY COMMISSIONER HISSAR_IDA),HISAR,Purchase of mobile water tankers,27-Aug-2026,165000.0,Payment In-Progress,-0.023908428017414517,0.9938202450218644,0,Low - Normal Pattern,No early cost-pattern anomaly against completed-works category norms.
EW-000182,Gujarat,PORBANDAR,DR. MANSUKH MANDAVIYA,PORBANDAR(DISTRICT COLLECTOR PORBANDAR_IDA),PORBANDAR,"Construction of roads, link roads, pathways or any other road with or without drainage system",02-Sep-2026,300000.0,Payment In-Progress,-0.6626090929450127,0.6000000000000003,0,Low - Normal Pattern,No early cost-pattern anomaly against completed-works category norms.
EW-000183,Haryana,SONEPAT,SATPAL BRAHAMCHARI,JIND(DEPUTY COMMISSIONER JIND),JIND,Construction of community centers and community halls,24-Aug-2026,95400.0,Payment In-Progress,-2.205353721139366,0.19195286893079827,0,Low - Normal Pattern,No early cost-pattern anomaly against completed-works category norms.
EW-000184,Haryana,SONEPAT,SATPAL BRAHAMCHARI,JIND(DEPUTY COMMISSIONER JIND),JIND,Construction of community centers and community halls,24-Aug-2026,7080.0,Payment In-Progress,-5.680467597744639,0.014245558826310815,0,Low - Normal Pattern,No early cost-pattern anomaly against completed-works category norms.
EW-000185,Haryana,SONEPAT,SATPAL BRAHAMCHARI,JIND(DEPUTY COMMISSIONER JIND),JIND,Construction of community centers and community halls,24-Aug-2026,25355.0,Payment In-Progress,-3.9759144197091705,0.05101640452558061,0,Low - Normal Pattern,No early cost-pattern anomaly against completed-works category norms.
EW-000186,Haryana,SONEPAT,SATPAL BRAHAMCHARI,JIND(DEPUTY COMMISSIONER JIND),JIND,Construction of community centers and community halls,24-Aug-2026,30532.0,Payment In-Progress,-3.727655118363723,0.0614329663961754,0,Low - Normal Pattern,No early cost-pattern anomaly against completed-works category norms.
EW-000187,Haryana,SONEPAT,SATPAL BRAHAMCHARI,JIND(DEPUTY COMMISSIONER JIND),JIND,Construction of community centers and community halls,24-Aug-2026,48937.0,Payment In-Progress,-3.0973062386905994,0.09846538309084354,0,Low - Normal Pattern,No early cost-pattern anomaly against completed-works category norms.
EW-000188,Haryana,SONEPAT,SATPAL BRAHAMCHARI,JIND(DEPUTY COMMISSIONER JIND),JIND,Construction of community centers and community halls,24-Aug-2026,47638.0,Payment In-Progress,-3.1332531787228657,0.09585168522143991,0,Low - Normal Pattern,No early cost-pattern anomaly against completed-works category norms.
EW-000189,Andhra Pradesh,ARAKU(ST),Gumma Thanuja Rani,Parvathipuram Manyam(District Collector Parvathipuram Manyam_IDA),Parvathipuram Manyam,"Construction of roads, link roads, pathways or any other road with or without drainage system",31-Aug-2026,499791.0,Payment In-Progress,-0.0005423152069001899,0.9995820000000006,0,Low - Normal Pattern,No early cost-pattern anomaly against completed-works category norms.
EW-000190,Andhra Pradesh,ARAKU(ST),Gumma Thanuja Rani,Parvathipuram Manyam(District Collector Parvathipuram Manyam_IDA),Parvathipuram Manyam,"Construction of roads, link roads, pathways or any other road with or without drainage system",01-Sep-2026,499267.0,Payment In-Progress,-0.0019029931288414863,0.9985340000000006,0,Low - Normal Pattern,No early cost-pattern anomaly against completed-works category norms.
EW-000191,Haryana,SONEPAT,SATPAL BRAHAMCHARI,JIND(DEPUTY COMMISSIONER JIND),JIND,Construction of community centers and community halls,24-Aug-2026,14905.0,Payment In-Progress,-4.685793103754765,0.029990120664712246,0,Low - Normal Pattern,No early cost-pattern anomaly against completed-works category norms.
EW-000192,Karnataka,DHARWAD,Pralhad Venkatesh Joshi,DHARWAD(DEPUTY COMMISSIONER DHARWAR_IDA),DHARWAD,Construction of community centers and community halls,29-Jul-2026,396375.0,Payment In-Progress,-0.30227244224160743,0.7975400253925069,0,Low - Normal Pattern,No early cost-pattern anomaly against completed-works category norms.
EW-000193,Punjab,SANGRUR,GURMEET SINGH MEET HAYER,BARNALA(DEPUTY COMMISSIONER BARNALA_IDA),BARNALA,Construction of additional rooms and halls in the existing public and community building,26-Aug-2026,35828.0,Payment In-Progress,-2.5649674736339434,0.07165600000000004,0,Low - Normal Pattern,No early cost-pattern anomaly against completed-works category norms.
EW-000194,Haryana,SONEPAT,SATPAL BRAHAMCHARI,JIND(DEPUTY COMMISSIONER JIND),JIND,Construction of community centers and community halls,24-Aug-2026,30090.0,Payment In-Progress,-3.7471396963923613,0.060543625011820965,0,Low - Normal Pattern,No early cost-pattern anomaly against completed-works category norms.
EW-000195,Karnataka,BIJAPUR(SC),Ramesh Chandappa Jigajinagi,VIJAYAPURA(DEPUTY COMMISSIONER BIJAPUR_IDA),VIJAYAPURA,Construction of community centers and community halls,03-Sep-2026,371250.0,Payment In-Progress,-0.38977150870395916,0.7469864003203234,0,Low - Normal Pattern,No early cost-pattern anomaly against completed-works category norms.
EW-000196,Karnataka,BIJAPUR(SC),Ramesh Chandappa Jigajinagi,VIJAYAPURA(DEPUTY COMMISSIONER BIJAPUR_IDA),VIJAYAPURA,Construction of community centers and community halls,03-Sep-2026,123650.0,Payment In-Progress,-1.8587830651605939,0.2487942583154424,0,Low - Normal Pattern,No early cost-pattern anomaly against completed-works category norms.
EW-000197,West Bengal,MURSHIDABAD,Abu Taher Khan,MURSHIDABAD(DISTRICT MAGISTRATE MURSHIDABAD_IDA),MURSHIDABAD,Construction of buildings for sports facilities,15-Jun-2026,524312.0,Payment In-Progress,0.0,1.0489114017240717,0,Low - Normal Pattern,No early cost-pattern anomaly against completed-works category norms.
EW-000198,West Bengal,MURSHIDABAD,Abu Taher Khan,MURSHIDABAD(DISTRICT MAGISTRATE MURSHIDABAD_IDA),MURSHIDABAD,"Construction of roads, link roads, pathways or any other road with or without drainage system",15-Jun-2026,613779.0,Payment In-Progress,0.2659471952616059,1.2275580000000008,0,Low - Normal Pattern,No early cost-pattern anomaly against completed-works category norms.
EW-000199,Madhya Pradesh,DHAR(ST),SAVITRI THAKUR,INDORE(DISTRICT COLLECTOR INDORE_IDA),INDORE,"Construction of roads, link roads, pathways or any other road with or without drainage system",02-Sep-2026,62540.0,Payment In-Progress,-2.6964836443299554,0.12508000000000008,0,Low - Normal Pattern,No early cost-pattern anomaly against completed-works category norms.
EW-000200,Madhya Pradesh,DHAR(ST),SAVITRI THAKUR,INDORE(DISTRICT COLLECTOR INDORE_IDA),INDORE,"Construction of roads, link roads, pathways or any other road with or without drainage system",02-Sep-2026,63525.0,Payment In-Progress,-2.6762131073551356,0.12705000000000008,0,Low - Normal Pattern,No early cost-pattern anomaly against completed-works category norms.
EW-000201,Rajasthan,RAJSAMAND,MAHIMA KUMARI MEWAR,Beawar(DISTRICT COLLECTOR Beawar_IDA),Beawar,Construction of buildings for community cultural activities,05-Aug-2026,254746.0,Payment In-Progress,-0.3828802650737123,0.7278457142857141,0,Low - Normal Pattern,No early cost-pattern anomaly against completed-works category norms.
EW-000202,Uttar Pradesh,HAMIRPUR_UP,AJENDRA SINGH LODHI,MAHOBA(DISTRICT MAGISTRAE MAHOBA_IDA),MAHOBA,Construction of community centers and community halls,19-May-2026,599794.0,Payment In-Progress,0.2512027586402648,1.2068362585689645,0,Low - Normal Pattern,No early cost-pattern anomaly against completed-works category norms.
EW-000203,Punjab,LUDHIANA,AMRINDER SINGH RAJA WARRING,SRI MUKTSAR SAHIB(DEPUTY COMMISSIONER SRI MUKTSAR SAHIB_IDA),SRI MUKTSAR SAHIB,Providing drains and gutters for public drainage,01-Sep-2026,18375.0,Payment In-Progress,-5.035355355250497,0.03979257077281845,0,Low - Normal Pattern,No early cost-pattern anomaly against completed-works category norms.
EW-000204,Uttar Pradesh,DOMARIYAGANJ,Jagdambika Pal,Siddharthnagar(DISTRICT MAGISTRATE SIDDHARTH NAGAR_IDA),Siddharthnagar,"Construction of roads, link roads, pathways or any other road with or without drainage system",03-Sep-2026,605340.0,Payment In-Progress,0.24798884090038883,1.2106800000000006,0,Low - Normal Pattern,No early cost-pattern anomaly against completed-works category norms.
EW-000205,Rajasthan,CHURU,Rahul Kaswan,CHURU(DISTRICT COLLECTOR CHURU_IDA),CHURU,Construction of rooms and halls in school and colleges,03-Sep-2026,11115.0,Payment In-Progress,-5.00220506532954,0.022230000000000014,0,Low - Normal Pattern,No early cost-pattern anomaly against completed-works category norms.
EW-000206,Karnataka,DHARWAD,Pralhad Venkatesh Joshi,DHARWAD(DEPUTY COMMISSIONER DHARWAR_IDA),DHARWAD,Construction of buildings for community cultural activities,29-Jul-2026,494254.0,Payment In-Progress,0.41596577013445074,1.4121542857142853,0,Low - Normal Pattern,No early cost-pattern anomaly against completed-works category norms.
EW-000207,Uttar Pradesh,DOMARIYAGANJ,Jagdambika Pal,Siddharthnagar(DISTRICT MAGISTRATE SIDDHARTH NAGAR_IDA),Siddharthnagar,"Construction of roads, link roads, pathways or any other road with or without drainage system",03-Sep-2026,604160.0,Payment In-Progress,0.24545784765893736,1.2083200000000007,0,Low - Normal Pattern,No early cost-pattern anomaly against completed-works category norms.
EW-000208,Haryana,AMBALA (SC),VARUN CHAUDHRY,AMBALA(DEPUTY COMMISSIONER AMBALA_IDA),AMBALA,Construction of community centers and community halls,03-Sep-2026,747034.0,Payment In-Progress,0.544524446473616,1.5030955921263098,0,Low - Normal Pattern,No early cost-pattern anomaly against completed-works category norms.
EW-000209,Assam,LAKHIMPUR,Pradan Baruah,DHEMAJI(DEPUTY COMMISSIONER DHEMAJI_IDA),DHEMAJI,Construction of community centers and community halls,02-Sep-2026,203792.0,Payment In-Progress,-1.191173210728506,0.41004674072479286,0,Low - Normal Pattern,No early cost-pattern anomaly against completed-works category norms.
EW-000210,Uttar Pradesh,AMETHI,KISHORI LAL,RAE BARELI(DISTRICT MAGISTRATE RAE BARELI_IDA),RAE BARELI,"Construction of roads, link roads, pathways or any other road with or without drainage system",04-Aug-2026,511865.0,Payment In-Progress,0.030421441383309347,1.0237300000000007,0,Low - Normal Pattern,No early cost-pattern anomaly against completed-works category norms.
EW-000211,Uttar Pradesh,AMETHI,KISHORI LAL,RAE BARELI(DISTRICT MAGISTRATE RAE BARELI_IDA),RAE BARELI,"Construction of roads, link roads, pathways or any other road with or without drainage system",04-Aug-2026,533158.0,Payment In-Progress,0.08328858306657148,1.0663160000000007,0,Low - Normal Pattern,No early cost-pattern anomaly against completed-works category norms.
EW-000212,Haryana,SONEPAT,SATPAL BRAHAMCHARI,JIND(DEPUTY COMMISSIONER JIND),JIND,Construction of community centers and community halls,24-Aug-2026,269157.0,Payment In-Progress,-0.8194577684689421,0.5415666492956694,0,Low - Normal Pattern,No early cost-pattern anomaly against completed-works category norms.
EW-000213,Haryana,SONEPAT,SATPAL BRAHAMCHARI,JIND(DEPUTY COMMISSIONER JIND),JIND,Construction of community centers and community halls,24-Aug-2026,11434.0,Payment In-Progress,-5.040018588586848,0.023006175087575968,0,Low - Normal Pattern,No early cost-pattern anomaly against completed-works category norms.
EW-000214,Punjab,HOSHIARPUR(SC),DR. RAJ KUMAR CHABBEWAL,HOSHIARPUR(DEPUTY COMMISSIONER HOSHIARPUR_IDA),HOSHIARPUR,Construction of buildings for community cultural activities,02-Sep-2026,18900.0,Payment In-Progress,-3.5179693616739582,0.05399999999999998,0,Low - Normal Pattern,No early cost-pattern anomaly against completed-works category norms.
EW-000215,Haryana,SONEPAT,SATPAL BRAHAMCHARI,JIND(DEPUTY COMMISSIONER JIND),JIND,Construction of community centers and community halls,24-Aug-2026,5050.0,Payment In-Progress,-6.131939857208191,0.010161027128936385,0,Low - Normal Pattern,No early cost-pattern anomaly against completed-works category norms.
EW-000216,Telangana,ZAHIRABAD,SURESH KUMAR SHETKAR,SANGAREDDY(District Collector Sangareddy_IDA),SANGAREDDY,Development of playground,03-Sep-2026,996033.0,Payment In-Progress,0.28906035240744277,1.22967037037037,0,Low - Normal Pattern,No early cost-pattern anomaly against completed-works category norms.
EW-000217,Jammu And Kashmir,BARAMULLAH,ABDUL RASHID SHEIKH,KUPWARA(Deputy Commissioner Kupwara_IDA),KUPWARA,"Construction of roads, link roads, pathways or any other road with or without drainage system",25-Aug-2026,159776.0,Payment In-Progress,-1.4798157813123363,0.31955200000000017,0,Low - Normal Pattern,No early cost-pattern anomaly against completed-works category norms.
EW-000218,Haryana,HISAR,JAI PARKASH,HISAR(DEPUTY COMMISSIONER HISSAR_IDA),HISAR,Purchase of mobile water tankers,27-Aug-2026,165000.0,Payment In-Progress,-0.023908428017414517,0.9938202450218644,0,Low - Normal Pattern,No early cost-pattern anomaly against completed-works category norms.
EW-000219,Jammu And Kashmir,BARAMULLAH,ABDUL RASHID SHEIKH,KUPWARA(Deputy Commissioner Kupwara_IDA),KUPWARA,"Construction of roads, link roads, pathways or any other road with or without drainage system",25-Aug-2026,109224.0,Payment In-Progress,-1.9732091117802335,0.21844800000000011,0,Low - Normal Pattern,No early cost-pattern anomaly against completed-works category norms.
EW-000220,Haryana,SONEPAT,SATPAL BRAHAMCHARI,JIND(DEPUTY COMMISSIONER JIND),JIND,Construction of community centers and community halls,24-Aug-2026,25960.0,Payment In-Progress,-3.9444063015733493,0.05223371569647298,0,Low - Normal Pattern,No early cost-pattern anomaly against completed-works category norms.
EW-000221,Haryana,HISAR,JAI PARKASH,HISAR(DEPUTY COMMISSIONER HISSAR_IDA),HISAR,Purchase of mobile water tankers,27-Aug-2026,165000.0,Payment In-Progress,-0.023908428017414517,0.9938202450218644,0,Low - Normal Pattern,No early cost-pattern anomaly against completed-works category norms.
EW-000222,Haryana,HISAR,JAI PARKASH,HISAR(DEPUTY COMMISSIONER HISSAR_IDA),HISAR,Purchase of mobile water tankers,27-Aug-2026,165000.0,Payment In-Progress,-0.023908428017414517,0.9938202450218644,0,Low - Normal Pattern,No early cost-pattern anomaly against completed-works category norms.
EW-000223,Haryana,HISAR,JAI PARKASH,HISAR(DEPUTY COMMISSIONER HISSAR_IDA),HISAR,Purchase of mobile water tankers,27-Aug-2026,165000.0,Payment In-Progress,-0.023908428017414517,0.9938202450218644,0,Low - Normal Pattern,No early cost-pattern anomaly against completed-works category norms.
EW-000224,Haryana,SONEPAT,SATPAL BRAHAMCHARI,JIND(DEPUTY COMMISSIONER JIND),JIND,Construction of community centers and community halls,24-Aug-2026,31706.0,Payment In-Progress,-3.6772406390605545,0.0637951536930806,0,Low - Normal Pattern,No early cost-pattern anomaly against completed-works category norms.
EW-000225,Haryana,HISAR,JAI PARKASH,HISAR(DEPUTY COMMISSIONER HISSAR_IDA),HISAR,Purchase of mobile water tankers,27-Aug-2026,165000.0,Payment In-Progress,-0.023908428017414517,0.9938202450218644,0,Low - Normal Pattern,No early cost-pattern anomaly against completed-works category norms.
EW-000226,Haryana,SONEPAT,SATPAL BRAHAMCHARI,JIND(DEPUTY COMMISSIONER JIND),JIND,Construction of community centers and community halls,24-Aug-2026,47554.0,Payment In-Progress,-3.135611322317707,0.09568267011672096,0,Low - Normal Pattern,No early cost-pattern anomaly against completed-works category norms.
EW-000227,Haryana,SONEPAT,SATPAL BRAHAMCHARI,JIND(DEPUTY COMMISSIONER JIND),JIND,Construction of community centers and community halls,24-Aug-2026,47554.0,Payment In-Progress,-3.135611322317707,0.09568267011672096,0,Low - Normal Pattern,No early cost-pattern anomaly against completed-works category norms.
EW-000228,Haryana,SONEPAT,SATPAL BRAHAMCHARI,JIND(DEPUTY COMMISSIONER JIND),JIND,Construction of community centers and community halls,24-Aug-2026,49748.0,Payment In-Progress,-3.0753442943862703,0.10009718368521334,0,Low - Normal Pattern,No early cost-pattern anomaly against completed-works category norms.
EW-000229,Haryana,SONEPAT,SATPAL BRAHAMCHARI,JIND(DEPUTY COMMISSIONER JIND),JIND,Construction of community centers and community halls,24-Aug-2026,49560.0,Payment In-Progress,-3.0804033031574125,0.0997189117841757,0,Low - Normal Pattern,No early cost-pattern anomaly against completed-works category norms.
EW-000230,Haryana,SONEPAT,SATPAL BRAHAMCHARI,JIND(DEPUTY COMMISSIONER JIND),JIND,Construction of community centers and community halls,24-Aug-2026,49883.0,Payment In-Progress,-3.071723275043159,0.10036881510351163,0,Low - Normal Pattern,No early cost-pattern anomaly against completed-works category norms.
EW-000231,Haryana,SONEPAT,SATPAL BRAHAMCHARI,JIND(DEPUTY COMMISSIONER JIND),JIND,Construction of community centers and community halls,24-Aug-2026,49560.0,Payment In-Progress,-3.0804033031574125,0.0997189117841757,0,Low - Normal Pattern,No early cost-pattern anomaly against completed-works category norms.
EW-000232,Haryana,HISAR,JAI PARKASH,HISAR(DEPUTY COMMISSIONER HISSAR_IDA),HISAR,Purchase of mobile water tankers,27-Aug-2026,165000.0,Payment In-Progress,-0.023908428017414517,0.9938202450218644,0,Low - Normal Pattern,No early cost-pattern anomaly against completed-works category norms.
EW-000233,Haryana,SONEPAT,SATPAL BRAHAMCHARI,JIND(DEPUTY COMMISSIONER JIND),JIND,Construction of community centers and community halls,24-Aug-2026,49560.0,Payment In-Progress,-3.0804033031574125,0.0997189117841757,0,Low - Normal Pattern,No early cost-pattern anomaly against completed-works category norms.
EW-000234,Haryana,SONEPAT,SATPAL BRAHAMCHARI,JIND(DEPUTY COMMISSIONER JIND),JIND,Construction of community centers and community halls,24-Aug-2026,49560.0,Payment In-Progress,-3.0804033031574125,0.0997189117841757,0,Low - Normal Pattern,No early cost-pattern anomaly against completed-works category norms.
EW-000235,Haryana,SONEPAT,SATPAL BRAHAMCHARI,JIND(DEPUTY COMMISSIONER JIND),JIND,Construction of community centers and community halls,24-Aug-2026,49560.0,Payment In-Progress,-3.0804033031574125,0.0997189117841757,0,Low - Normal Pattern,No early cost-pattern anomaly against completed-works category norms.
EW-000236,Haryana,HISAR,JAI PARKASH,HISAR(DEPUTY COMMISSIONER HISSAR_IDA),HISAR,Purchase of mobile water tankers,27-Aug-2026,165000.0,Payment In-Progress,-0.023908428017414517,0.9938202450218644,0,Low - Normal Pattern,No early cost-pattern anomaly against completed-works category norms.
EW-000237,Haryana,SONEPAT,SATPAL BRAHAMCHARI,JIND(DEPUTY COMMISSIONER JIND),JIND,Construction of community centers and community halls,24-Aug-2026,49560.0,Payment In-Progress,-3.0804033031574125,0.0997189117841757,0,Low - Normal Pattern,No early cost-pattern anomaly against completed-works category norms.
EW-000238,Haryana,SONEPAT,SATPAL BRAHAMCHARI,JIND(DEPUTY COMMISSIONER JIND),JIND,Construction of community centers and community halls,24-Aug-2026,49560.0,Payment In-Progress,-3.0804033031574125,0.0997189117841757,0,Low - Normal Pattern,No early cost-pattern anomaly against completed-works category norms.
EW-000239,Haryana,SONEPAT,SATPAL BRAHAMCHARI,JIND(DEPUTY COMMISSIONER JIND),JIND,Construction of community centers and community halls,24-Aug-2026,49560.0,Payment In-Progress,-3.0804033031574125,0.0997189117841757,0,Low - Normal Pattern,No early cost-pattern anomaly against completed-works category norms.
EW-000240,Haryana,HISAR,JAI PARKASH,HISAR(DEPUTY COMMISSIONER HISSAR_IDA),HISAR,Purchase of mobile water tankers,27-Aug-2026,165000.0,Payment In-Progress,-0.023908428017414517,0.9938202450218644,0,Low - Normal Pattern,No early cost-pattern anomaly against completed-works category norms.
EW-000241,Haryana,HISAR,JAI PARKASH,HISAR(DEPUTY COMMISSIONER HISSAR_IDA),HISAR,Purchase of mobile water tankers,27-Aug-2026,165000.0,Payment In-Progress,-0.023908428017414517,0.9938202450218644,0,Low - Normal Pattern,No early cost-pattern anomaly against completed-works category norms.
EW-000242,Haryana,HISAR,JAI PARKASH,HISAR(DEPUTY COMMISSIONER HISSAR_IDA),HISAR,Purchase of mobile water tankers,27-Aug-2026,165000.0,Payment In-Progress,-0.023908428017414517,0.9938202450218644,0,Low - Normal Pattern,No early cost-pattern anomaly against completed-works category norms.
EW-000243,Haryana,SONEPAT,SATPAL BRAHAMCHARI,JIND(DEPUTY COMMISSIONER JIND),JIND,Construction of community centers and community halls,24-Aug-2026,49560.0,Payment In-Progress,-3.0804033031574125,0.0997189117841757,0,Low - Normal Pattern,No early cost-pattern anomaly against completed-works category norms.
EW-000244,Madhya Pradesh,MANDSOUR,Shri Sudheer Gupta,NEEMUCH(District Collector Neemuch_IDA),NEEMUCH,Construction of boundary walls of existing public and community buildings,03-Sep-2026,90000.0,Payment In-Progress,-2.294084777208879,0.18170240636071702,0,Low - Normal Pattern,No early cost-pattern anomaly against completed-works category norms.
EW-000245,Punjab,SANGRUR,GURMEET SINGH MEET HAYER,BARNALA(DEPUTY COMMISSIONER BARNALA_IDA),BARNALA,Construction of additional rooms and halls in the existing public and community building,26-Aug-2026,4172.0,Payment In-Progress,-4.657452938029572,0.008344000000000004,0,Low - Normal Pattern,No early cost-pattern anomaly against completed-works category norms.
EW-000246,Rajasthan,AJMER,Bhagirath Chaudhary,AJMER(DISTRICT COLLECTOR AJMER_IDA),AJMER,Construction of community centers and community halls,06-Aug-2026,15561.0,Payment In-Progress,-4.6282429043021995,0.03131004814918398,0,Low - Normal Pattern,No early cost-pattern anomaly against completed-works category norms.
EW-000247,Maharashtra,RAMTEK(SC),Shyamkumar,NAGPUR(DISTRICT COLLECTOR NAGPUR_IDA),NAGPUR,"Construction of roads, link roads, pathways or any other road with or without drainage system",17-Jul-2026,494872.0,Payment In-Progress,-0.013372092362108397,0.9897440000000006,0,Low - Normal Pattern,No early cost-pattern anomaly against completed-works category norms.
EW-000248,Uttar Pradesh,BHADOHI,VINOD KUMAR BIND,BHADOHI(DISTRICT MAGISTRATE BHADOHI_IDA),BHADOHI,Lighting of public spaces,08-Jul-2026,103263.0,Payment In-Progress,-2.371309942777715,0.5150222940419547,0,Low - Normal Pattern,No early cost-pattern anomaly against completed-works category norms.
EW-000249,Uttar Pradesh,BHADOHI,VINOD KUMAR BIND,BHADOHI(DISTRICT MAGISTRATE BHADOHI_IDA),BHADOHI,Lighting of public spaces,08-Jul-2026,103263.0,Payment In-Progress,-2.371309942777715,0.5150222940419547,0,Low - Normal Pattern,No early cost-pattern anomaly against completed-works category norms.
EW-000250,Uttar Pradesh,BHADOHI,VINOD KUMAR BIND,BHADOHI(DISTRICT MAGISTRATE BHADOHI_IDA),BHADOHI,Lighting of public spaces,08-Jul-2026,103263.0,Payment In-Progress,-2.371309942777715,0.5150222940419547,0,Low - Normal Pattern,No early cost-pattern anomaly against completed-works category norms.
EW-000251,Uttar Pradesh,BHADOHI,VINOD KUMAR BIND,BHADOHI(DISTRICT MAGISTRATE BHADOHI_IDA),BHADOHI,Lighting of public spaces,08-Jul-2026,103263.0,Payment In-Progress,-2.371309942777715,0.5150222940419547,0,Low - Normal Pattern,No early cost-pattern anomaly against completed-works category norms.
EW-000252,Uttar Pradesh,BHADOHI,VINOD KUMAR BIND,BHADOHI(DISTRICT MAGISTRATE BHADOHI_IDA),BHADOHI,Lighting of public spaces,08-Jul-2026,103263.0,Payment In-Progress,-2.371309942777715,0.5150222940419547,0,Low - Normal Pattern,No early cost-pattern anomaly against completed-works category norms.
EW-000253,Uttar Pradesh,BHADOHI,VINOD KUMAR BIND,BHADOHI(DISTRICT MAGISTRATE BHADOHI_IDA),BHADOHI,Lighting of public spaces,08-Jul-2026,103263.0,Payment In-Progress,-2.371309942777715,0.5150222940419547,0,Low - Normal Pattern,No early cost-pattern anomaly against completed-works category norms.
EW-000254,Uttar Pradesh,BHADOHI,VINOD KUMAR BIND,BHADOHI(DISTRICT MAGISTRATE BHADOHI_IDA),BHADOHI,Lighting of public spaces,08-Jul-2026,103263.0,Payment In-Progress,-2.371309942777715,0.5150222940419547,0,Low - Normal Pattern,No early cost-pattern anomaly against completed-works category norms.
EW-000255,Uttar Pradesh,BHADOHI,VINOD KUMAR BIND,BHADOHI(DISTRICT MAGISTRATE BHADOHI_IDA),BHADOHI,Lighting of public spaces,08-Jul-2026,103263.0,Payment In-Progress,-2.371309942777715,0.5150222940419547,0,Low - Normal Pattern,No early cost-pattern anomaly against completed-works category norms.
EW-000256,Uttar Pradesh,BHADOHI,VINOD KUMAR BIND,BHADOHI(DISTRICT MAGISTRATE BHADOHI_IDA),BHADOHI,Lighting of public spaces,08-Jul-2026,103263.0,Payment In-Progress,-2.371309942777715,0.5150222940419547,0,Low - Normal Pattern,No early cost-pattern anomaly against completed-works category norms.
EW-000257,Uttar Pradesh,BHADOHI,VINOD KUMAR BIND,BHADOHI(DISTRICT MAGISTRATE BHADOHI_IDA),BHADOHI,Lighting of public spaces,08-Jul-2026,103263.0,Payment In-Progress,-2.371309942777715,0.5150222940419547,0,Low - Normal Pattern,No early cost-pattern anomaly against completed-works category norms.
EW-000258,Uttar Pradesh,BHADOHI,VINOD KUMAR BIND,BHADOHI(DISTRICT MAGISTRATE BHADOHI_IDA),BHADOHI,Lighting of public spaces,08-Jul-2026,103263.0,Payment In-Progress,-2.371309942777715,0.5150222940419547,0,Low - Normal Pattern,No early cost-pattern anomaly against completed-works category norms.
EW-000259,Uttar Pradesh,BHADOHI,VINOD KUMAR BIND,BHADOHI(DISTRICT MAGISTRATE BHADOHI_IDA),BHADOHI,Lighting of public spaces,08-Jul-2026,103263.0,Payment In-Progress,-2.371309942777715,0.5150222940419547,0,Low - Normal Pattern,No early cost-pattern anomaly against completed-works category norms.
EW-000260,Uttar Pradesh,BHADOHI,VINOD KUMAR BIND,BHADOHI(DISTRICT MAGISTRATE BHADOHI_IDA),BHADOHI,Lighting of public spaces,08-Jul-2026,103263.0,Payment In-Progress,-2.371309942777715,0.5150222940419547,0,Low - Normal Pattern,No early cost-pattern anomaly against completed-works category norms.
EW-000261,Uttar Pradesh,BHADOHI,VINOD KUMAR BIND,BHADOHI(DISTRICT MAGISTRATE BHADOHI_IDA),BHADOHI,Lighting of public spaces,08-Jul-2026,103263.0,Payment In-Progress,-2.371309942777715,0.5150222940419547,0,Low - Normal Pattern,No early cost-pattern anomaly against completed-works category norms.
EW-000262,Uttar Pradesh,BHADOHI,VINOD KUMAR BIND,BHADOHI(DISTRICT MAGISTRATE BHADOHI_IDA),BHADOHI,Lighting of public spaces,08-Jul-2026,103263.0,Payment In-Progress,-2.371309942777715,0.5150222940419547,0,Low - Normal Pattern,No early cost-pattern anomaly against completed-works category norms.
EW-000263,Uttar Pradesh,BHADOHI,VINOD KUMAR BIND,BHADOHI(DISTRICT MAGISTRATE BHADOHI_IDA),BHADOHI,Lighting of public spaces,08-Jul-2026,103263.0,Payment In-Progress,-2.371309942777715,0.5150222940419547,0,Low - Normal Pattern,No early cost-pattern anomaly against completed-works category norms.
EW-000264,Uttar Pradesh,BHADOHI,VINOD KUMAR BIND,BHADOHI(DISTRICT MAGISTRATE BHADOHI_IDA),BHADOHI,Lighting of public spaces,08-Jul-2026,103263.0,Payment In-Progress,-2.371309942777715,0.5150222940419547,0,Low - Normal Pattern,No early cost-pattern anomaly against completed-works category norms.
EW-000265,Uttar Pradesh,BHADOHI,VINOD KUMAR BIND,BHADOHI(DISTRICT MAGISTRATE BHADOHI_IDA),BHADOHI,Lighting of public spaces,08-Jul-2026,103263.0,Payment In-Progress,-2.371309942777715,0.5150222940419547,0,Low - Normal Pattern,No early cost-pattern anomaly against completed-works category norms.
EW-000266,Uttar Pradesh,PRATAPGARH,DR. S P SINGH,PRATAPGARH(DISTRICT MAGISTRAE PRATAPGARH_IDA),PRATAPGARH,Installing community drinking water plants,02-Sep-2026,80319.0,Payment In-Progress,-592.2645887063615,0.34499213964795916,0,Low - Normal Pattern,No early cost-pattern anomaly against completed-works category norms.
EW-000267,Uttar Pradesh,BHADOHI,VINOD KUMAR BIND,BHADOHI(DISTRICT MAGISTRATE BHADOHI_IDA),BHADOHI,Lighting of public spaces,08-Jul-2026,103263.0,Payment In-Progress,-2.371309942777715,0.5150222940419547,0,Low - Normal Pattern,No early cost-pattern anomaly against completed-works category norms.
EW-000268,Punjab,BHATINDA,Smt Harsimrat Kaur Badal,BATHINDA(DEPUTY COMMISSIONER BHATINDA_IDA),BATHINDA,Construction of additional rooms and halls in the existing public and community building,07-Jul-2026,9257.0,Payment In-Progress,-3.881909085045586,0.01851400000000001,0,Low - Normal Pattern,No early cost-pattern anomaly against completed-works category norms.
EW-000269,Rajasthan,AJMER,Bhagirath Chaudhary,AJMER(DISTRICT COLLECTOR AJMER_IDA),AJMER,Construction of community centers and community halls,20-Aug-2026,440462.0,Payment In-Progress,-0.16135548718383033,0.8862467982704115,0,Low - Normal Pattern,No early cost-pattern anomaly against completed-works category norms.
EW-000270,Odisha,BHADRAK(SC),AVIMANYU SETHI,Baleshwar(DISTRICT COLLECTOR BALESHWAR_IDA),Baleshwar,"Construction of roads, link roads, pathways or any other road with or without drainage system",25-Aug-2026,1000000.0,Payment In-Progress,0.8991045147700292,2.0000000000000013,0,Low - Normal Pattern,No early cost-pattern anomaly against completed-works category norms.
EW-000271,Odisha,BHADRAK(SC),AVIMANYU SETHI,Baleshwar(DISTRICT COLLECTOR BALESHWAR_IDA),Baleshwar,Construction of rooms and halls in school and colleges,25-Aug-2026,500000.0,Payment In-Progress,0.0,1.0000000000000007,0,Low - Normal Pattern,No early cost-pattern anomaly against completed-works category norms.
EW-000272,Karnataka,TUMKUR,V. SOMANNA,TUMAKURU(DEPUTY COMMISSIONER TUMKUR_IDA),TUMAKURU,"Construction of roads, link roads, pathways or any other road with or without drainage system",17-Jul-2026,490958.0,Payment In-Progress,-0.023672058245472215,0.9819160000000006,0,Low - Normal Pattern,No early cost-pattern anomaly against completed-works category norms.
EW-000273,Karnataka,TUMKUR,V. SOMANNA,TUMAKURU(DEPUTY COMMISSIONER TUMKUR_IDA),TUMAKURU,"Construction of roads, link roads, pathways or any other road with or without drainage system",18-Jul-2026,490803.0,Payment In-Progress,-0.024081640034723153,0.9816060000000005,0,Low - Normal Pattern,No early cost-pattern anomaly against completed-works category norms.
EW-000274,Rajasthan,PALI,Shri PP Chaudhary,PALI(DISTRICT COLLECTOR PALI_IDA),PALI,Purchase of furniture and fixtures for educational purposes,03-Jul-2026,500000.0,Payment In-Progress,-1.0001047192365562,0.5000000000000002,0,Low - Normal Pattern,No early cost-pattern anomaly against completed-works category norms.
EW-000275,Rajasthan,UDAIPUR(ST),MANNA LAL RAWAT,UDAIPUR(DISTRICT COLLECTOR UDAIPUR_IDA),UDAIPUR,Construction of rooms and halls in school and colleges,21-Jul-2026,510.0,Payment In-Progress,-9.052055285083425,0.0010200000000000005,0,Low - Normal Pattern,No early cost-pattern anomaly against completed-works category norms.
EW-000276,Rajasthan,UDAIPUR(ST),MANNA LAL RAWAT,UDAIPUR(DISTRICT COLLECTOR UDAIPUR_IDA),UDAIPUR,Construction of rooms and halls in school and colleges,21-Jul-2026,15041.0,Payment In-Progress,-4.604684297247768,0.03008200000000002,0,Low - Normal Pattern,No early cost-pattern anomaly against completed-works category norms.
EW-000277,Rajasthan,UDAIPUR(ST),MANNA LAL RAWAT,UDAIPUR(DISTRICT COLLECTOR UDAIPUR_IDA),UDAIPUR,Construction of rooms and halls in school and colleges,21-Jul-2026,26800.0,Payment In-Progress,-3.845581079914438,0.05360000000000003,0,Low - Normal Pattern,No early cost-pattern anomaly against completed-works category norms.
EW-000278,Rajasthan,UDAIPUR(ST),MANNA LAL RAWAT,UDAIPUR(DISTRICT COLLECTOR UDAIPUR_IDA),UDAIPUR,Construction of rooms and halls in school and colleges,21-Jul-2026,4750.0,Payment In-Progress,-6.119462050456334,0.009500000000000005,0,Low - Normal Pattern,No early cost-pattern anomaly against completed-works category norms.
EW-000279,Uttar Pradesh,BHADOHI,VINOD KUMAR BIND,BHADOHI(DISTRICT MAGISTRATE BHADOHI_IDA),BHADOHI,Lighting of public spaces,08-Jul-2026,103263.0,Payment In-Progress,-2.371309942777715,0.5150222940419547,0,Low - Normal Pattern,No early cost-pattern anomaly against completed-works category norms.
EW-000280,Uttar Pradesh,BHADOHI,VINOD KUMAR BIND,BHADOHI(DISTRICT MAGISTRATE BHADOHI_IDA),BHADOHI,Lighting of public spaces,08-Jul-2026,103263.0,Payment In-Progress,-2.371309942777715,0.5150222940419547,0,Low - Normal Pattern,No early cost-pattern anomaly against completed-works category norms.
EW-000281,Uttar Pradesh,BHADOHI,VINOD KUMAR BIND,BHADOHI(DISTRICT MAGISTRATE BHADOHI_IDA),BHADOHI,Lighting of public spaces,08-Jul-2026,103263.0,Payment In-Progress,-2.371309942777715,0.5150222940419547,0,Low - Normal Pattern,No early cost-pattern anomaly against completed-works category norms.
EW-000282,Uttar Pradesh,BHADOHI,VINOD KUMAR BIND,BHADOHI(DISTRICT MAGISTRATE BHADOHI_IDA),BHADOHI,Lighting of public spaces,08-Jul-2026,103263.0,Payment In-Progress,-2.371309942777715,0.5150222940419547,0,Low - Normal Pattern,No early cost-pattern anomaly against completed-works category norms.
EW-000283,Uttar Pradesh,BHADOHI,VINOD KUMAR BIND,BHADOHI(DISTRICT MAGISTRATE BHADOHI_IDA),BHADOHI,Lighting of public spaces,08-Jul-2026,103263.0,Payment In-Progress,-2.371309942777715,0.5150222940419547,0,Low - Normal Pattern,No early cost-pattern anomaly against completed-works category norms.
EW-000284,Uttar Pradesh,BHADOHI,VINOD KUMAR BIND,BHADOHI(DISTRICT MAGISTRATE BHADOHI_IDA),BHADOHI,Lighting of public spaces,08-Jul-2026,103263.0,Payment In-Progress,-2.371309942777715,0.5150222940419547,0,Low - Normal Pattern,No early cost-pattern anomaly against completed-works category norms.
EW-000285,Uttar Pradesh,BHADOHI,VINOD KUMAR BIND,BHADOHI(DISTRICT MAGISTRATE BHADOHI_IDA),BHADOHI,Lighting of public spaces,08-Jul-2026,103263.0,Payment In-Progress,-2.371309942777715,0.5150222940419547,0,Low - Normal Pattern,No early cost-pattern anomaly against completed-works category norms.
EW-000286,Uttar Pradesh,BHADOHI,VINOD KUMAR BIND,BHADOHI(DISTRICT MAGISTRATE BHADOHI_IDA),BHADOHI,Lighting of public spaces,08-Jul-2026,103263.0,Payment In-Progress,-2.371309942777715,0.5150222940419547,0,Low - Normal Pattern,No early cost-pattern anomaly against completed-works category norms.
EW-000287,Uttar Pradesh,BHADOHI,VINOD KUMAR BIND,BHADOHI(DISTRICT MAGISTRATE BHADOHI_IDA),BHADOHI,Lighting of public spaces,08-Jul-2026,103263.0,Payment In-Progress,-2.371309942777715,0.5150222940419547,0,Low - Normal Pattern,No early cost-pattern anomaly against completed-works category norms.
EW-000288,Uttar Pradesh,BHADOHI,VINOD KUMAR BIND,BHADOHI(DISTRICT MAGISTRATE BHADOHI_IDA),BHADOHI,Lighting of public spaces,08-Jul-2026,103263.0,Payment In-Progress,-2.371309942777715,0.5150222940419547,0,Low - Normal Pattern,No early cost-pattern anomaly against completed-works category norms.
EW-000289,Uttar Pradesh,BHADOHI,VINOD KUMAR BIND,BHADOHI(DISTRICT MAGISTRATE BHADOHI_IDA),BHADOHI,Lighting of public spaces,08-Jul-2026,103263.0,Payment In-Progress,-2.371309942777715,0.5150222940419547,0,Low - Normal Pattern,No early cost-pattern anomaly against completed-works category norms.
EW-000290,Uttar Pradesh,BHADOHI,VINOD KUMAR BIND,BHADOHI(DISTRICT MAGISTRATE BHADOHI_IDA),BHADOHI,Lighting of public spaces,08-Jul-2026,103263.0,Payment In-Progress,-2.371309942777715,0.5150222940419547,0,Low - Normal Pattern,No early cost-pattern anomaly against completed-works category norms.
EW-000291,Uttar Pradesh,BHADOHI,VINOD KUMAR BIND,BHADOHI(DISTRICT MAGISTRATE BHADOHI_IDA),BHADOHI,Lighting of public spaces,08-Jul-2026,103263.0,Payment In-Progress,-2.371309942777715,0.5150222940419547,0,Low - Normal Pattern,No early cost-pattern anomaly against completed-works category norms.
EW-000292,Uttar Pradesh,BHADOHI,VINOD KUMAR BIND,BHADOHI(DISTRICT MAGISTRATE BHADOHI_IDA),BHADOHI,Lighting of public spaces,08-Jul-2026,103263.0,Payment In-Progress,-2.371309942777715,0.5150222940419547,0,Low - Normal Pattern,No early cost-pattern anomaly against completed-works category norms.
EW-000293,Uttar Pradesh,BHADOHI,VINOD KUMAR BIND,BHADOHI(DISTRICT MAGISTRATE BHADOHI_IDA),BHADOHI,Lighting of public spaces,08-Jul-2026,103263.0,Payment In-Progress,-2.371309942777715,0.5150222940419547,0,Low - Normal Pattern,No early cost-pattern anomaly against completed-works category norms.
EW-000294,Uttar Pradesh,BHADOHI,VINOD KUMAR BIND,BHADOHI(DISTRICT MAGISTRATE BHADOHI_IDA),BHADOHI,Lighting of public spaces,08-Jul-2026,103263.0,Payment In-Progress,-2.371309942777715,0.5150222940419547,0,Low - Normal Pattern,No early cost-pattern anomaly against completed-works category norms.
EW-000295,Uttar Pradesh,BHADOHI,VINOD KUMAR BIND,BHADOHI(DISTRICT MAGISTRATE BHADOHI_IDA),BHADOHI,Lighting of public spaces,08-Jul-2026,103263.0,Payment In-Progress,-2.371309942777715,0.5150222940419547,0,Low - Normal Pattern,No early cost-pattern anomaly against completed-works category norms.
EW-000296,Uttar Pradesh,BHADOHI,VINOD KUMAR BIND,BHADOHI(DISTRICT MAGISTRATE BHADOHI_IDA),BHADOHI,Lighting of public spaces,08-Jul-2026,103263.0,Payment In-Progress,-2.371309942777715,0.5150222940419547,0,Low - Normal Pattern,No early cost-pattern anomaly against completed-works category norms.
EW-000297,Uttar Pradesh,BHADOHI,VINOD KUMAR BIND,BHADOHI(DISTRICT MAGISTRATE BHADOHI_IDA),BHADOHI,Lighting of public spaces,08-Jul-2026,103263.0,Payment In-Progress,-2.371309942777715,0.5150222940419547,0,Low - Normal Pattern,No early cost-pattern anomaly against completed-works category norms.
EW-000298,Uttar Pradesh,BHADOHI,VINOD KUMAR BIND,BHADOHI(DISTRICT MAGISTRATE BHADOHI_IDA),BHADOHI,Lighting of public spaces,08-Jul-2026,103263.0,Payment In-Progress,-2.371309942777715,0.5150222940419547,0,Low - Normal Pattern,No early cost-pattern anomaly against completed-works category norms.
EW-000299,Uttar Pradesh,BHADOHI,VINOD KUMAR BIND,BHADOHI(DISTRICT MAGISTRATE BHADOHI_IDA),BHADOHI,Lighting of public spaces,08-Jul-2026,103263.0,Payment In-Progress,-2.371309942777715,0.5150222940419547,0,Low - Normal Pattern,No early cost-pattern anomaly against completed-works category norms.
EW-000300,Uttar Pradesh,BHADOHI,VINOD KUMAR BIND,BHADOHI(DISTRICT MAGISTRATE BHADOHI_IDA),BHADOHI,Lighting of public spaces,08-Jul-2026,103263.0,Payment In-Progress,-2.371309942777715,0.5150222940419547,0,Low - Normal Pattern,No early cost-pattern anomaly against completed-works category norms.
EW-000301,Uttar Pradesh,BHADOHI,VINOD KUMAR BIND,BHADOHI(DISTRICT MAGISTRATE BHADOHI_IDA),BHADOHI,Lighting of public spaces,08-Jul-2026,103263.0,Payment In-Progress,-2.371309942777715,0.5150222940419547,0,Low - Normal Pattern,No early cost-pattern anomaly against completed-works category norms.
EW-000302,Uttar Pradesh,BHADOHI,VINOD KUMAR BIND,BHADOHI(DISTRICT MAGISTRATE BHADOHI_IDA),BHADOHI,Lighting of public spaces,08-Jul-2026,103263.0,Payment In-Progress,-2.371309942777715,0.5150222940419547,0,Low - Normal Pattern,No early cost-pattern anomaly against completed-works category norms.
EW-000303,Uttar Pradesh,BHADOHI,VINOD KUMAR BIND,BHADOHI(DISTRICT MAGISTRATE BHADOHI_IDA),BHADOHI,Lighting of public spaces,08-Jul-2026,103263.0,Payment In-Progress,-2.371309942777715,0.5150222940419547,0,Low - Normal Pattern,No early cost-pattern anomaly against completed-works category norms.
EW-000304,Uttar Pradesh,BHADOHI,VINOD KUMAR BIND,BHADOHI(DISTRICT MAGISTRATE BHADOHI_IDA),BHADOHI,Lighting of public spaces,09-Jul-2026,103263.0,Payment In-Progress,-2.371309942777715,0.5150222940419547,0,Low - Normal Pattern,No early cost-pattern anomaly against completed-works category norms.
EW-000305,Uttar Pradesh,BHADOHI,VINOD KUMAR BIND,BHADOHI(DISTRICT MAGISTRATE BHADOHI_IDA),BHADOHI,Lighting of public spaces,08-Jul-2026,103263.0,Payment In-Progress,-2.371309942777715,0.5150222940419547,0,Low - Normal Pattern,No early cost-pattern anomaly against completed-works category norms.
EW-000306,Uttar Pradesh,BHADOHI,VINOD KUMAR BIND,BHADOHI(DISTRICT MAGISTRATE BHADOHI_IDA),BHADOHI,Lighting of public spaces,08-Jul-2026,103263.0,Payment In-Progress,-2.371309942777715,0.5150222940419547,0,Low - Normal Pattern,No early cost-pattern anomaly against completed-works category norms.
EW-000307,Uttar Pradesh,BHADOHI,VINOD KUMAR BIND,BHADOHI(DISTRICT MAGISTRATE BHADOHI_IDA),BHADOHI,Lighting of public spaces,08-Jul-2026,103263.0,Payment In-Progress,-2.371309942777715,0.5150222940419547,0,Low - Normal Pattern,No early cost-pattern anomaly against completed-works category norms.
EW-000308,Uttar Pradesh,BHADOHI,VINOD KUMAR BIND,BHADOHI(DISTRICT MAGISTRATE BHADOHI_IDA),BHADOHI,Lighting of public spaces,08-Jul-2026,103263.0,Payment In-Progress,-2.371309942777715,0.5150222940419547,0,Low - Normal Pattern,No early cost-pattern anomaly against completed-works category norms.
EW-000309,Uttar Pradesh,BHADOHI,VINOD KUMAR BIND,BHADOHI(DISTRICT MAGISTRATE BHADOHI_IDA),BHADOHI,Lighting of public spaces,08-Jul-2026,103263.0,Payment In-Progress,-2.371309942777715,0.5150222940419547,0,Low - Normal Pattern,No early cost-pattern anomaly against completed-works category norms.
EW-000310,Uttar Pradesh,BHADOHI,VINOD KUMAR BIND,BHADOHI(DISTRICT MAGISTRATE BHADOHI_IDA),BHADOHI,Lighting of public spaces,08-Jul-2026,103263.0,Payment In-Progress,-2.371309942777715,0.5150222940419547,0,Low - Normal Pattern,No early cost-pattern anomaly against completed-works category norms.
EW-000311,Uttar Pradesh,BHADOHI,VINOD KUMAR BIND,BHADOHI(DISTRICT MAGISTRATE BHADOHI_IDA),BHADOHI,Lighting of public spaces,08-Jul-2026,103263.0,Payment In-Progress,-2.371309942777715,0.5150222940419547,0,Low - Normal Pattern,No early cost-pattern anomaly against completed-works category norms.
EW-000312,Uttar Pradesh,BHADOHI,VINOD KUMAR BIND,BHADOHI(DISTRICT MAGISTRATE BHADOHI_IDA),BHADOHI,Lighting of public spaces,09-Jul-2026,103263.0,Payment In-Progress,-2.371309942777715,0.5150222940419547,0,Low - Normal Pattern,No early cost-pattern anomaly against completed-works category norms.
EW-000313,Uttar Pradesh,BHADOHI,VINOD KUMAR BIND,BHADOHI(DISTRICT MAGISTRATE BHADOHI_IDA),BHADOHI,Lighting of public spaces,09-Jul-2026,103263.0,Payment In-Progress,-2.371309942777715,0.5150222940419547,0,Low - Normal Pattern,No early cost-pattern anomaly against completed-works category norms.
EW-000314,Uttar Pradesh,BHADOHI,VINOD KUMAR BIND,BHADOHI(DISTRICT MAGISTRATE BHADOHI_IDA),BHADOHI,Lighting of public spaces,09-Jul-2026,103263.0,Payment In-Progress,-2.371309942777715,0.5150222940419547,0,Low - Normal Pattern,No early cost-pattern anomaly against completed-works category norms.
EW-000315,Uttar Pradesh,BHADOHI,VINOD KUMAR BIND,BHADOHI(DISTRICT MAGISTRATE BHADOHI_IDA),BHADOHI,Lighting of public spaces,09-Jul-2026,103263.0,Payment In-Progress,-2.371309942777715,0.5150222940419547,0,Low - Normal Pattern,No early cost-pattern anomaly against completed-works category norms.
EW-000316,Uttar Pradesh,BHADOHI,VINOD KUMAR BIND,BHADOHI(DISTRICT MAGISTRATE BHADOHI_IDA),BHADOHI,Lighting of public spaces,09-Jul-2026,103263.0,Payment In-Progress,-2.371309942777715,0.5150222940419547,0,Low - Normal Pattern,No early cost-pattern anomaly against completed-works category norms.
EW-000317,Uttar Pradesh,BHADOHI,VINOD KUMAR BIND,BHADOHI(DISTRICT MAGISTRATE BHADOHI_IDA),BHADOHI,Lighting of public spaces,09-Jul-2026,103263.0,Payment In-Progress,-2.371309942777715,0.5150222940419547,0,Low - Normal Pattern,No early cost-pattern anomaly against completed-works category norms.
EW-000318,Uttar Pradesh,BHADOHI,VINOD KUMAR BIND,BHADOHI(DISTRICT MAGISTRATE BHADOHI_IDA),BHADOHI,Lighting of public spaces,09-Jul-2026,103263.0,Payment In-Progress,-2.371309942777715,0.5150222940419547,0,Low - Normal Pattern,No early cost-pattern anomaly against completed-works category norms.
EW-000319,Uttar Pradesh,BHADOHI,VINOD KUMAR BIND,BHADOHI(DISTRICT MAGISTRATE BHADOHI_IDA),BHADOHI,Lighting of public spaces,09-Jul-2026,103263.0,Payment In-Progress,-2.371309942777715,0.5150222940419547,0,Low - Normal Pattern,No early cost-pattern anomaly against completed-works category norms.
EW-000320,West Bengal,MEDINIPUR,JUNE MALIAH,Paschim Medinipur(DISTRICT MAGISTRATE PASCHIM MEDINIPUR_IDA),Paschim Medinipur,Construction of community centers and community halls,21-Aug-2026,1307006.0,Payment In-Progress,1.2919553278487312,2.629806618551016,0,Low - Normal Pattern,No early cost-pattern anomaly against completed-works category norms.
EW-000321,Uttar Pradesh,PRATAPGARH,DR. S P SINGH,PRATAPGARH(DISTRICT MAGISTRAE PRATAPGARH_IDA),PRATAPGARH,Installing community drinking water plants,02-Sep-2026,80319.0,Payment In-Progress,-592.2645887063615,0.34499213964795916,0,Low - Normal Pattern,No early cost-pattern anomaly against completed-works category norms.
EW-000322,West Bengal,BAHARAMPUR,PATHAN YUSUF,MURSHIDABAD(DISTRICT MAGISTRATE MURSHIDABAD_IDA),MURSHIDABAD,Construction of rooms and halls in school and colleges,31-Aug-2026,1500000.0,Payment In-Progress,1.4437815816665955,3.0000000000000018,0,Low - Normal Pattern,No early cost-pattern anomaly against completed-works category norms.
EW-000323,Punjab,BHATINDA,Smt Harsimrat Kaur Badal,BATHINDA(DEPUTY COMMISSIONER BHATINDA_IDA),BATHINDA,Construction of additional rooms and halls in the existing public and community building,02-Jul-2026,121990.0,Payment In-Progress,-1.3727189312026977,0.24398000000000014,0,Low - Normal Pattern,No early cost-pattern anomaly against completed-works category norms.
EW-000324,Punjab,BHATINDA,Smt Harsimrat Kaur Badal,BATHINDA(DEPUTY COMMISSIONER BHATINDA_IDA),BATHINDA,Construction of additional rooms and halls in the existing public and community building,02-Jul-2026,20315.0,Payment In-Progress,-3.1170741516012592,0.04063000000000002,0,Low - Normal Pattern,No early cost-pattern anomaly against completed-works category norms.
EW-000325,Punjab,BHATINDA,Smt Harsimrat Kaur Badal,BATHINDA(DEPUTY COMMISSIONER BHATINDA_IDA),BATHINDA,Construction of additional rooms and halls in the existing public and community building,02-Jul-2026,9637.0,Payment In-Progress,-3.842761521118486,0.01927400000000001,0,Low - Normal Pattern,No early cost-pattern anomaly against completed-works category norms.
EW-000326,Punjab,BHATINDA,Smt Harsimrat Kaur Badal,BATHINDA(DEPUTY COMMISSIONER BHATINDA_IDA),BATHINDA,Construction of additional rooms and halls in the existing public and community building,02-Jul-2026,9637.0,Payment In-Progress,-3.842761521118486,0.01927400000000001,0,Low - Normal Pattern,No early cost-pattern anomaly against completed-works category norms.
EW-000327,Punjab,BHATINDA,Smt Harsimrat Kaur Badal,BATHINDA(DEPUTY COMMISSIONER BHATINDA_IDA),BATHINDA,Construction of additional rooms and halls in the existing public and community building,02-Jul-2026,9637.0,Payment In-Progress,-3.842761521118486,0.01927400000000001,0,Low - Normal Pattern,No early cost-pattern anomaly against completed-works category norms.
EW-000328,Jammu And Kashmir,JAMMU,Shri Jugal Kishore Sharma,RAJOURI(Deputy Commissioner Rajouri_IDA),RAJOURI,Construction of common work sheds/ common covered sitting area,07-Jul-2026,211000.0,Payment In-Progress,-0.745112858722462,0.7153633605126203,0,Low - Normal Pattern,No early cost-pattern anomaly against completed-works category norms.
EW-000329,Gujarat,JAMNAGAR,Smt Poonamben Hematbhai Maadam,DEVBHUMI DWARKA(DISTRICT COLLECTOR DEVBHUMI DWARKA_IDA),DEVBHUMI DWARKA,"Construction of roads, link roads, pathways or any other road with or without drainage system",31-Aug-2026,499555.0,Payment In-Progress,-0.0011549629607694519,0.9991100000000006,0,Low - Normal Pattern,No early cost-pattern anomaly against completed-works category norms.
EW-000330,Kerala,PALAKKAD,Vellalath Kochukrishnan Nair Sreekandan,PALAKKAD(DISTRICT COLLECTOR PALAKKAD_IDA),PALAKKAD,Purchase of vans and buses for educational institutions,10-Jul-2026,117924.0,Payment In-Progress,0.0,0.04913858859803715,0,Low - Normal Pattern,No early cost-pattern anomaly against completed-works category norms.
EW-000331,Chandigarh,CHANDIGARH,MANISH TEWARI,CHANDIGARH(DEPUTY COMMISSIONER ZILLA PARISHAD CHANDIGARH_IDA),CHANDIGARH,Installation of fixed garden gym equipment,04-Aug-2026,243775.0,Payment In-Progress,-0.4900957415022663,0.8125833333333337,0,Low - Normal Pattern,No early cost-pattern anomaly against completed-works category norms.
EW-000332,Punjab,BHATINDA,Smt Harsimrat Kaur Badal,BATHINDA(DEPUTY COMMISSIONER BHATINDA_IDA),BATHINDA,Construction of additional rooms and halls in the existing public and community building,02-Jul-2026,9637.0,Payment In-Progress,-3.842761521118486,0.01927400000000001,0,Low - Normal Pattern,No early cost-pattern anomaly against completed-works category norms.
EW-000333,Punjab,BHATINDA,Smt Harsimrat Kaur Badal,BATHINDA(DEPUTY COMMISSIONER BHATINDA_IDA),BATHINDA,Construction of additional rooms and halls in the existing public and community building,02-Jul-2026,9637.0,Payment In-Progress,-3.842761521118486,0.01927400000000001,0,Low - Normal Pattern,No early cost-pattern anomaly against completed-works category norms.
EW-000334,Bihar,SAMASTIPUR(SC),SHAMBHAVI,SAMASTIPUR(DISTRICT PLANNING OFFICER SAMASTIPUR_IDA),SAMASTIPUR,Construction of public staircase/ stair ghat for public convenience,01-Sep-2026,799426.0,Payment In-Progress,0.0,0.7875691984104394,0,Low - Normal Pattern,No early cost-pattern anomaly against completed-works category norms.
EW-000335,Rajasthan,GANGANAGAR(SC),KULDEEP INDORA,GANGANAGAR(Zilla GANGANAGAR),GANGANAGAR,Construction of common work sheds/ common covered sitting area,17-Aug-2026,472019.0,Payment In-Progress,1.045929447706675,1.6003085216388935,0,Low - Normal Pattern,No early cost-pattern anomaly against completed-works category norms.
EW-000336,Jammu And Kashmir,BARAMULLAH,ABDUL RASHID SHEIKH,BARAMULLA(DEPUTY COMMISSIONER BARAMULLAH_IDA),BARAMULLA,Street lights,21-Aug-2026,498400.0,Payment In-Progress,0.6802877113984422,2.235769622422294,0,Low - Normal Pattern,No early cost-pattern anomaly against completed-works category norms.
EW-000337,Tamil Nadu,THENI,THANGA TAMILSELVAN,THENI(District Collector Theni_5),THENI,Construction of community centers and community halls,13-Jul-2026,1200000.0,Payment In-Progress,1.1778231773498395,2.414501495984884,0,Low - Normal Pattern,No early cost-pattern anomaly against completed-works category norms.
EW-000338,Haryana,SONEPAT,SATPAL BRAHAMCHARI,SONIPAT(DEPUTY COMMISSIONER SONEPAT_IDA),SONIPAT,Construction of water tanks,02-Jul-2026,475750.0,Payment In-Progress,-0.788025588422094,0.4884698190435103,0,Low - Normal Pattern,No early cost-pattern anomaly against completed-works category norms.
EW-000339,Punjab,BHATINDA,Smt Harsimrat Kaur Badal,BATHINDA(DEPUTY COMMISSIONER BHATINDA_IDA),BATHINDA,Construction of additional rooms and halls in the existing public and community building,02-Jul-2026,53655.0,Payment In-Progress,-2.1719868384509287,0.10731000000000006,0,Low - Normal Pattern,No early cost-pattern anomaly against completed-works category norms.
EW-000340,Punjab,BHATINDA,Smt Harsimrat Kaur Badal,BATHINDA(DEPUTY COMMISSIONER BHATINDA_IDA),BATHINDA,Construction of additional rooms and halls in the existing public and community building,02-Jul-2026,24254.0,Payment In-Progress,-2.9446197902077653,0.04850800000000003,0,Low - Normal Pattern,No early cost-pattern anomaly against completed-works category norms.
EW-000341,Uttar Pradesh,PRATAPGARH,DR. S P SINGH,PRATAPGARH(DISTRICT MAGISTRAE PRATAPGARH_IDA),PRATAPGARH,Installing community drinking water plants,02-Sep-2026,80319.0,Payment In-Progress,-592.2645887063615,0.34499213964795916,0,Low - Normal Pattern,No early cost-pattern anomaly against completed-works category norms.
EW-000342,Punjab,BHATINDA,Smt Harsimrat Kaur Badal,BATHINDA(DEPUTY COMMISSIONER BHATINDA_IDA),BATHINDA,Construction of additional rooms and halls in the existing public and community building,02-Jul-2026,43901.0,Payment In-Progress,-2.3672268101499454,0.08780200000000005,0,Low - Normal Pattern,No early cost-pattern anomaly against completed-works category norms.
EW-000343,Gujarat,BHARUCH,Mansukhbhai Dhanjibhai Vasava,BHARUCH(DISTRICT COLLECTOR BROACH_IDA),BHARUCH,"Construction of roads, link roads, pathways or any other road with or without drainage system",19-Aug-2026,200000.0,Payment In-Progress,-1.1885515183145698,0.40000000000000024,0,Low - Normal Pattern,No early cost-pattern anomaly against completed-works category norms.
EW-000344,Haryana,KURUKSHETRA,NAVEEN JINDAL,KAITHAL(DC CUM NODAL OFFICERS MPLADS),KAITHAL,Construction of public libraries and reading rooms,03-Sep-2026,309532.0,Payment In-Progress,-3.4475487598682895,0.31101746006181025,0,Low - Normal Pattern,No early cost-pattern anomaly against completed-works category norms.
EW-000345,Rajasthan,SIKAR,AMRARAM,SIKAR(DISTRICT COLLECTOR SIKAR_IDA),SIKAR,Providing supply pipelines for drinking water,24-Jul-2026,275866.0,Payment In-Progress,0.13771168214632212,1.111350140597682,0,Low - Normal Pattern,No early cost-pattern anomaly against completed-works category norms.
EW-000346,Uttar Pradesh,SANT KABIR NAGAR,LAXMIKANT PAPPU NISHAD,Sant Kabir Nagar(DISTRICT MAGISTRATE SANT KABIR NAGAR_2),Sant Kabir Nagar,Lighting of public spaces,06-Aug-2026,316770.0,Payment In-Progress,1.6344371124614472,1.579884489930275,0,Low - Normal Pattern,No early cost-pattern anomaly against completed-works category norms.
EW-000347,Gujarat,KACHCHH(SC),Vinod Chavda,KACHCHH(DISTRICT COLLECTOR KUTCH_IDA),KACHCHH,Construction of road under bridge,01-Sep-2026,150000.0,Payment In-Progress,-793.7861331553192,0.30000000000000016,0,Low - Normal Pattern,No early cost-pattern anomaly against completed-works category norms.
EW-000348,Chhattisgarh,MAHASAMUND,ROOP KUMARI CHOUDHARY,MAHASAMUND(DISTRICT COLLECTOR MAHASAMUND_IDA),MAHASAMUND,Construction of additional rooms and halls in the existing public and community building,03-Aug-2026,491700.0,Payment In-Progress,-0.016288999447099068,0.9834000000000006,0,Low - Normal Pattern,No early cost-pattern anomaly against completed-works category norms.
EW-000349,Kerala,MAVELIKKARA(SC),Shri Suresh Kodikunnil,KOLLAM(DISTRICT COLLECTOR KOLLAM_IDA),KOLLAM,Construction of rooms and halls in school and colleges,31-Aug-2026,56311.0,Payment In-Progress,-2.869813263442563,0.11262200000000007,0,Low - Normal Pattern,No early cost-pattern anomaly against completed-works category norms.
EW-000350,Punjab,JALANDHAR(SC),CHARANJIT SINGH CHANNI,JALANDHAR(DEPUTY COMMISSIONER JALANDHAR_IDA),JALANDHAR,"Construction of Government office buildings (Post office, Police station, Police chauki, etc.)",02-Sep-2026,48300.0,Payment In-Progress,0.0,0.04830000000000002,0,Low - Normal Pattern,No early cost-pattern anomaly against completed-works category norms.
EW-000351,Maharashtra,MUMBAI NORTH-CENTRAL,GAIKWAD VARSHA EKNATH,MUMBAI SUBURBAN(DISTRICT COLLECTOR MUMBAI SUBURBAN_IDA),MUMBAI SUBURBAN,"Construction of roads, link roads, pathways or any other road with or without drainage system",06-Aug-2026,1798633.0,Payment In-Progress,1.6605568867854164,3.597266000000002,0,Low - Normal Pattern,No early cost-pattern anomaly against completed-works category norms.
EW-000352,Madhya Pradesh,TIKAMGARH(SC),Virendra Kumar,Niwari(District Collector Niwari_IDA),Niwari,Construction of buildings for community cultural activities,25-Aug-2026,1176270.0,Payment In-Progress,1.4610185175116965,3.3607714285714274,0,Low - Normal Pattern,No early cost-pattern anomaly against completed-works category norms.
EW-000353,Madhya Pradesh,TIKAMGARH(SC),Virendra Kumar,Niwari(District Collector Niwari_IDA),Niwari,Construction of buildings for community cultural activities,25-Aug-2026,1176251.0,Payment In-Progress,1.4609990485817066,3.360717142857142,0,Low - Normal Pattern,No early cost-pattern anomaly against completed-works category norms.
EW-000354,Madhya Pradesh,TIKAMGARH(SC),Virendra Kumar,Niwari(District Collector Niwari_IDA),Niwari,Construction of buildings for community cultural activities,25-Aug-2026,1176053.0,Payment In-Progress,1.4607961431208307,3.3601514285714273,0,Low - Normal Pattern,No early cost-pattern anomaly against completed-works category norms.
EW-000355,Gujarat,NAVSARI,C R Patil,NAVSARI(DISTRICT COLLECTOR NAVSARI_IDA),NAVSARI,"Construction of flood control embankments/ protection walls along riverbanks, hilltops, roadsides",09-Jul-2026,500000.0,Payment In-Progress,-0.3166661864451928,0.7106737205735997,0,Low - Normal Pattern,No early cost-pattern anomaly against completed-works category norms.
EW-000356,Gujarat,NAVSARI,C R Patil,NAVSARI(DISTRICT COLLECTOR NAVSARI_IDA),NAVSARI,"Construction of roads, link roads, pathways or any other road with or without drainage system",09-Jul-2026,500000.0,Payment In-Progress,0.0,1.0000000000000007,0,Low - Normal Pattern,No early cost-pattern anomaly against completed-works category norms.
EW-000357,West Bengal,MURSHIDABAD,Abu Taher Khan,MURSHIDABAD(DISTRICT MAGISTRATE MURSHIDABAD_IDA),MURSHIDABAD,"Construction of roads, link roads, pathways or any other road with or without drainage system",24-Jun-2026,1384739.0,Payment In-Progress,1.3213366526426282,2.7694780000000017,0,Low - Normal Pattern,No early cost-pattern anomaly against completed-works category norms.
EW-000358,Karnataka,CHIKKODI,PRIYANKA SATISH JARKIHOLI,BELAGAVI(DEPUTY COMMISSIONER BELGAUM_IDA),BELAGAVI,Construction of community centers and community halls,26-Aug-2026,124708.0,Payment In-Progress,-1.8473988933682115,0.25092304380106906,0,Low - Normal Pattern,No early cost-pattern anomaly against completed-works category norms.
EW-000359,Rajasthan,BHARATPUR(SC),SANJNA JATAV,BHARATPUR(DISTRICT COLLECTOR BHARATPUR_IDA),BHARATPUR,"Construction of roads, link roads, pathways or any other road with or without drainage system",30-Aug-2026,7410.0,Payment In-Progress,-5.463238421395588,0.014820000000000009,0,Low - Normal Pattern,No early cost-pattern anomaly against completed-works category norms.
EW-000360,Punjab,ANANDPUR SAHIB,MALVINDER SINGH KANG,RUPNAGAR(DEPUTY COMMISSIONER ROOPNAGAR_IDA),RUPNAGAR,Construction of stadiums,24-Aug-2026,14000.0,Payment In-Progress,0.0,0.019803792875430288,0,Low - Normal Pattern,No early cost-pattern anomaly against completed-works category norms.
EW-000361,Rajasthan,BHARATPUR(SC),SANJNA JATAV,BHARATPUR(DISTRICT COLLECTOR BHARATPUR_IDA),BHARATPUR,"Construction of roads, link roads, pathways or any other road with or without drainage system",30-Aug-2026,3705.0,Payment In-Progress,-6.362342936165617,0.007410000000000004,0,Low - Normal Pattern,No early cost-pattern anomaly against completed-works category norms.
EW-000362,Uttar Pradesh,PRATAPGARH,DR. S P SINGH,PRATAPGARH(DISTRICT MAGISTRAE PRATAPGARH_IDA),PRATAPGARH,Installing community drinking water plants,02-Sep-2026,80319.0,Payment In-Progress,-592.2645887063615,0.34499213964795916,0,Low - Normal Pattern,No early cost-pattern anomaly against completed-works category norms.
EW-000363,Uttar Pradesh,PRATAPGARH,DR. S P SINGH,PRATAPGARH(DISTRICT MAGISTRAE PRATAPGARH_IDA),PRATAPGARH,Installing community drinking water plants,02-Sep-2026,80319.0,Payment In-Progress,-592.2645887063615,0.34499213964795916,0,Low - Normal Pattern,No early cost-pattern anomaly against completed-works category norms.
EW-000364,Uttar Pradesh,PRATAPGARH,DR. S P SINGH,PRATAPGARH(DISTRICT MAGISTRAE PRATAPGARH_IDA),PRATAPGARH,Installing community drinking water plants,02-Sep-2026,80319.0,Payment In-Progress,-592.2645887063615,0.34499213964795916,0,Low - Normal Pattern,No early cost-pattern anomaly against completed-works category norms.
EW-000365,Uttar Pradesh,PRATAPGARH,DR. S P SINGH,PRATAPGARH(DISTRICT MAGISTRAE PRATAPGARH_IDA),PRATAPGARH,Installing community drinking water plants,02-Sep-2026,80319.0,Payment In-Progress,-592.2645887063615,0.34499213964795916,0,Low - Normal Pattern,No early cost-pattern anomaly against completed-works category norms.
EW-000366,Uttar Pradesh,PRATAPGARH,DR. S P SINGH,PRATAPGARH(DISTRICT MAGISTRAE PRATAPGARH_IDA),PRATAPGARH,Installing community drinking water plants,02-Sep-2026,80319.0,Payment In-Progress,-592.2645887063615,0.34499213964795916,0,Low - Normal Pattern,No early cost-pattern anomaly against completed-works category norms.
EW-000367,Uttar Pradesh,PRATAPGARH,DR. S P SINGH,PRATAPGARH(DISTRICT MAGISTRAE PRATAPGARH_IDA),PRATAPGARH,Installing community drinking water plants,02-Sep-2026,80319.0,Payment In-Progress,-592.2645887063615,0.34499213964795916,0,Low - Normal Pattern,No early cost-pattern anomaly against completed-works category norms.
EW-000368,Uttar Pradesh,PRATAPGARH,DR. S P SINGH,PRATAPGARH(DISTRICT MAGISTRAE PRATAPGARH_IDA),PRATAPGARH,Installing community drinking water plants,02-Sep-2026,80319.0,Payment In-Progress,-592.2645887063615,0.34499213964795916,0,Low - Normal Pattern,No early cost-pattern anomaly against completed-works category norms.
EW-000369,Uttar Pradesh,PRATAPGARH,DR. S P SINGH,PRATAPGARH(DISTRICT MAGISTRAE PRATAPGARH_IDA),PRATAPGARH,Installing community drinking water plants,02-Sep-2026,80319.0,Payment In-Progress,-592.2645887063615,0.34499213964795916,0,Low - Normal Pattern,No early cost-pattern anomaly against completed-works category norms.
EW-000370,Uttar Pradesh,PRATAPGARH,DR. S P SINGH,PRATAPGARH(DISTRICT MAGISTRAE PRATAPGARH_IDA),PRATAPGARH,Installing community drinking water plants,02-Sep-2026,80319.0,Payment In-Progress,-592.2645887063615,0.34499213964795916,0,Low - Normal Pattern,No early cost-pattern anomaly against completed-works category norms.
EW-000371,Uttar Pradesh,PRATAPGARH,DR. S P SINGH,PRATAPGARH(DISTRICT MAGISTRAE PRATAPGARH_IDA),PRATAPGARH,Installing community drinking water plants,02-Sep-2026,80319.0,Payment In-Progress,-592.2645887063615,0.34499213964795916,0,Low - Normal Pattern,No early cost-pattern anomaly against completed-works category norms.
EW-000372,Uttar Pradesh,PRATAPGARH,DR. S P SINGH,PRATAPGARH(DISTRICT MAGISTRAE PRATAPGARH_IDA),PRATAPGARH,Installing community drinking water plants,02-Sep-2026,80319.0,Payment In-Progress,-592.2645887063615,0.34499213964795916,0,Low - Normal Pattern,No early cost-pattern anomaly against completed-works category norms.
EW-000373,Uttar Pradesh,PRATAPGARH,DR. S P SINGH,PRATAPGARH(DISTRICT MAGISTRAE PRATAPGARH_IDA),PRATAPGARH,Installing community drinking water plants,02-Sep-2026,80319.0,Payment In-Progress,-592.2645887063615,0.34499213964795916,0,Low - Normal Pattern,No early cost-pattern anomaly against completed-works category norms.
EW-000374,Uttar Pradesh,PRATAPGARH,DR. S P SINGH,PRATAPGARH(DISTRICT MAGISTRAE PRATAPGARH_IDA),PRATAPGARH,Installing community drinking water plants,02-Sep-2026,80319.0,Payment In-Progress,-592.2645887063615,0.34499213964795916,0,Low - Normal Pattern,No early cost-pattern anomaly against completed-works category norms.
EW-000375,Uttar Pradesh,PRATAPGARH,DR. S P SINGH,PRATAPGARH(DISTRICT MAGISTRAE PRATAPGARH_IDA),PRATAPGARH,Installing community drinking water plants,02-Sep-2026,80319.0,Payment In-Progress,-592.2645887063615,0.34499213964795916,0,Low - Normal Pattern,No early cost-pattern anomaly against completed-works category norms.
EW-000376,Uttar Pradesh,PRATAPGARH,DR. S P SINGH,PRATAPGARH(DISTRICT MAGISTRAE PRATAPGARH_IDA),PRATAPGARH,Installing community drinking water plants,02-Sep-2026,80319.0,Payment In-Progress,-592.2645887063615,0.34499213964795916,0,Low - Normal Pattern,No early cost-pattern anomaly against completed-works category norms.
EW-000377,Uttar Pradesh,PRATAPGARH,DR. S P SINGH,PRATAPGARH(DISTRICT MAGISTRAE PRATAPGARH_IDA),PRATAPGARH,Installing community drinking water plants,02-Sep-2026,80319.0,Payment In-Progress,-592.2645887063615,0.34499213964795916,0,Low - Normal Pattern,No early cost-pattern anomaly against completed-works category norms.
EW-000378,Uttar Pradesh,PRATAPGARH,DR. S P SINGH,PRATAPGARH(DISTRICT MAGISTRAE PRATAPGARH_IDA),PRATAPGARH,Installing community drinking water plants,02-Sep-2026,80319.0,Payment In-Progress,-592.2645887063615,0.34499213964795916,0,Low - Normal Pattern,No early cost-pattern anomaly against completed-works category norms.
EW-000379,Uttar Pradesh,PRATAPGARH,DR. S P SINGH,PRATAPGARH(DISTRICT MAGISTRAE PRATAPGARH_IDA),PRATAPGARH,Installing community drinking water plants,02-Sep-2026,80319.0,Payment In-Progress,-592.2645887063615,0.34499213964795916,0,Low - Normal Pattern,No early cost-pattern anomaly against completed-works category norms.
EW-000380,Rajasthan,BHARATPUR(SC),SANJNA JATAV,BHARATPUR(DISTRICT COLLECTOR BHARATPUR_IDA),BHARATPUR,"Construction of roads, link roads, pathways or any other road with or without drainage system",30-Aug-2026,9750.0,Payment In-Progress,-5.107257160979339,0.01950000000000001,0,Low - Normal Pattern,No early cost-pattern anomaly against completed-works category norms.
EW-000381,Rajasthan,BHARATPUR(SC),SANJNA JATAV,BHARATPUR(DISTRICT COLLECTOR BHARATPUR_IDA),BHARATPUR,"Construction of roads, link roads, pathways or any other road with or without drainage system",30-Aug-2026,9750.0,Payment In-Progress,-5.107257160979339,0.01950000000000001,0,Low - Normal Pattern,No early cost-pattern anomaly against completed-works category norms.
EW-000382,Rajasthan,BHARATPUR(SC),SANJNA JATAV,BHARATPUR(DISTRICT COLLECTOR BHARATPUR_IDA),BHARATPUR,"Construction of roads, link roads, pathways or any other road with or without drainage system",30-Aug-2026,3705.0,Payment In-Progress,-6.362342936165617,0.007410000000000004,0,Low - Normal Pattern,No early cost-pattern anomaly against completed-works category norms.
EW-000383,Rajasthan,BHARATPUR(SC),SANJNA JATAV,BHARATPUR(DISTRICT COLLECTOR BHARATPUR_IDA),BHARATPUR,"Construction of roads, link roads, pathways or any other road with or without drainage system",30-Aug-2026,9750.0,Payment In-Progress,-5.107257160979339,0.01950000000000001,0,Low - Normal Pattern,No early cost-pattern anomaly against completed-works category norms.
EW-000384,Rajasthan,BHARATPUR(SC),SANJNA JATAV,BHARATPUR(DISTRICT COLLECTOR BHARATPUR_IDA),BHARATPUR,"Construction of roads, link roads, pathways or any other road with or without drainage system",30-Aug-2026,3705.0,Payment In-Progress,-6.362342936165617,0.007410000000000004,0,Low - Normal Pattern,No early cost-pattern anomaly against completed-works category norms.
EW-000385,Rajasthan,BHARATPUR(SC),SANJNA JATAV,BHARATPUR(DISTRICT COLLECTOR BHARATPUR_IDA),BHARATPUR,"Construction of roads, link roads, pathways or any other road with or without drainage system",30-Aug-2026,3705.0,Payment In-Progress,-6.362342936165617,0.007410000000000004,0,Low - Normal Pattern,No early cost-pattern anomaly against completed-works category norms.
EW-000386,Rajasthan,BHARATPUR(SC),SANJNA JATAV,BHARATPUR(DISTRICT COLLECTOR BHARATPUR_IDA),BHARATPUR,"Construction of roads, link roads, pathways or any other road with or without drainage system",30-Aug-2026,3705.0,Payment In-Progress,-6.362342936165617,0.007410000000000004,0,Low - Normal Pattern,No early cost-pattern anomaly against completed-works category norms.
EW-000387,Rajasthan,BHARATPUR(SC),SANJNA JATAV,BHARATPUR(DISTRICT COLLECTOR BHARATPUR_IDA),BHARATPUR,"Construction of roads, link roads, pathways or any other road with or without drainage system",30-Aug-2026,3135.0,Payment In-Progress,-6.579034406525623,0.006270000000000004,0,Low - Normal Pattern,No early cost-pattern anomaly against completed-works category norms.
EW-000388,Uttar Pradesh,PRATAPGARH,DR. S P SINGH,PRATAPGARH(DISTRICT MAGISTRAE PRATAPGARH_IDA),PRATAPGARH,Installing community drinking water plants,02-Sep-2026,80319.0,Payment In-Progress,-592.2645887063615,0.34499213964795916,0,Low - Normal Pattern,No early cost-pattern anomaly against completed-works category norms.
EW-000389,Rajasthan,BHARATPUR(SC),SANJNA JATAV,BHARATPUR(DISTRICT COLLECTOR BHARATPUR_IDA),BHARATPUR,"Construction of roads, link roads, pathways or any other road with or without drainage system",30-Aug-2026,3705.0,Payment In-Progress,-6.362342936165617,0.007410000000000004,0,Low - Normal Pattern,No early cost-pattern anomaly against completed-works category norms.
EW-000390,Rajasthan,BHARATPUR(SC),SANJNA JATAV,BHARATPUR(DISTRICT COLLECTOR BHARATPUR_IDA),BHARATPUR,"Construction of roads, link roads, pathways or any other road with or without drainage system",30-Aug-2026,5250.0,Payment In-Progress,-5.910233733210474,0.010500000000000006,0,Low - Normal Pattern,No early cost-pattern anomaly against completed-works category norms.
EW-000391,Rajasthan,BHARATPUR(SC),SANJNA JATAV,BHARATPUR(DISTRICT COLLECTOR BHARATPUR_IDA),BHARATPUR,"Construction of roads, link roads, pathways or any other road with or without drainage system",30-Aug-2026,3705.0,Payment In-Progress,-6.362342936165617,0.007410000000000004,0,Low - Normal Pattern,No early cost-pattern anomaly against completed-works category norms.
EW-000392,Odisha,KALAHANDI,MALVIKA DEVI,KALAHANDI(DISTRICT COLLECTOR KALAHANDI_IDA),KALAHANDI,"Construction of roads, link roads, pathways or any other road with or without drainage system",01-Sep-2026,300000.0,Payment In-Progress,-0.6626090929450127,0.6000000000000003,0,Low - Normal Pattern,No early cost-pattern anomaly against completed-works category norms.
EW-000393,Uttar Pradesh,PRATAPGARH,DR. S P SINGH,PRATAPGARH(DISTRICT MAGISTRAE PRATAPGARH_IDA),PRATAPGARH,Installing community drinking water plants,02-Sep-2026,80319.0,Payment In-Progress,-592.2645887063615,0.34499213964795916,0,Low - Normal Pattern,No early cost-pattern anomaly against completed-works category norms.
EW-000394,Uttar Pradesh,PRATAPGARH,DR. S P SINGH,PRATAPGARH(DISTRICT MAGISTRAE PRATAPGARH_IDA),PRATAPGARH,Installing community drinking water plants,02-Sep-2026,80319.0,Payment In-Progress,-592.2645887063615,0.34499213964795916,0,Low - Normal Pattern,No early cost-pattern anomaly against completed-works category norms.
EW-000395,Maharashtra,AMRAVATI(SC),BALWANT BASWANT WANKHADE,AMRAVATI(DISTRICT COLLECTOR AMRAVATI_IDA),AMRAVATI,Construction of community centers and community halls,20-Aug-2026,975465.0,Payment In-Progress,0.9010190485907381,1.9627180848174122,0,Low - Normal Pattern,No early cost-pattern anomaly against completed-works category norms.
EW-000396,Uttar Pradesh,GHAZIABAD,ATUL GARG,GHAZIABAD(DISTRICT MAGISTRAE GHAZIABAD_IDA),GHAZIABAD,"Construction of roads, link roads, pathways or any other road with or without drainage system",21-Aug-2026,799146.0,Payment In-Progress,0.608272081476358,1.598292000000001,0,Low - Normal Pattern,No early cost-pattern anomaly against completed-works category norms.
EW-000397,Uttar Pradesh,FAIZABAD,AWADHESH PRASAD,AYODHYA(DISTRICT MAGISTRAE FAIZABAD_IDA),AYODHYA,Lighting of public spaces,19-Aug-2026,61353.0,Payment In-Progress,-4.231902566256642,0.30599694766137,0,Low - Normal Pattern,No early cost-pattern anomaly against completed-works category norms.
EW-000398,Uttar Pradesh,SALEMPUR,RAMASHANKAR RAJBHAR,DEORIA(DISTRICT MAGISTRATE DEORIA),DEORIA,Installing community drinking water plants,19-Jun-2026,111864.0,Payment In-Progress,-407.90280199125436,0.48048656867714123,0,Low - Normal Pattern,No early cost-pattern anomaly against completed-works category norms.
EW-000399,Uttar Pradesh,PRATAPGARH,DR. S P SINGH,PRATAPGARH(DISTRICT MAGISTRAE PRATAPGARH_IDA),PRATAPGARH,Installing community drinking water plants,01-Sep-2026,80312.0,Payment In-Progress,-592.3130926951613,0.344962072727585,0,Low - Normal Pattern,No early cost-pattern anomaly against completed-works category norms.
EW-000400,Haryana,KURUKSHETRA,NAVEEN JINDAL,YAMUNANAGAR(Deputy Commissioner YamunaNagar_IDA),YAMUNANAGAR,"Construction of roads, link roads, pathways or any other road with or without drainage system",27-Aug-2026,27328.0,Payment In-Progress,-3.7703734826357422,0.05465600000000003,0,Low - Normal Pattern,No early cost-pattern anomaly against completed-works category norms.
EW-000401,Haryana,KURUKSHETRA,NAVEEN JINDAL,YAMUNANAGAR(Deputy Commissioner YamunaNagar_IDA),YAMUNANAGAR,Construction of boundary walls of existing public and community buildings,27-Aug-2026,74787.0,Payment In-Progress,-2.543169624876852,0.15098864293887715,0,Low - Normal Pattern,No early cost-pattern anomaly against completed-works category norms.
EW-000402,Uttar Pradesh,SALEMPUR,RAMASHANKAR RAJBHAR,DEORIA(DISTRICT MAGISTRATE DEORIA),DEORIA,Installing community drinking water plants,19-Jun-2026,111864.0,Payment In-Progress,-407.90280199125436,0.48048656867714123,0,Low - Normal Pattern,No early cost-pattern anomaly against completed-works category norms.
EW-000403,Uttar Pradesh,SALEMPUR,RAMASHANKAR RAJBHAR,DEORIA(DISTRICT MAGISTRATE DEORIA),DEORIA,Installing community drinking water plants,19-Jun-2026,111864.0,Payment In-Progress,-407.90280199125436,0.48048656867714123,0,Low - Normal Pattern,No early cost-pattern anomaly against completed-works category norms.
EW-000404,Uttar Pradesh,SALEMPUR,RAMASHANKAR RAJBHAR,DEORIA(DISTRICT MAGISTRATE DEORIA),DEORIA,Installing community drinking water plants,19-Jun-2026,111864.0,Payment In-Progress,-407.90280199125436,0.48048656867714123,0,Low - Normal Pattern,No early cost-pattern anomaly against completed-works category norms.
EW-000405,Uttar Pradesh,SALEMPUR,RAMASHANKAR RAJBHAR,DEORIA(DISTRICT MAGISTRATE DEORIA),DEORIA,Installing community drinking water plants,19-Jun-2026,111864.0,Payment In-Progress,-407.90280199125436,0.48048656867714123,0,Low - Normal Pattern,No early cost-pattern anomaly against completed-works category norms.
EW-000406,Uttar Pradesh,SALEMPUR,RAMASHANKAR RAJBHAR,DEORIA(DISTRICT MAGISTRATE DEORIA),DEORIA,Installing community drinking water plants,19-Jun-2026,111864.0,Payment In-Progress,-407.90280199125436,0.48048656867714123,0,Low - Normal Pattern,No early cost-pattern anomaly against completed-works category norms.
EW-000407,Andhra Pradesh,BAPATLA,Krishna Prasad Tenneti,Bapatla(DISTRICT COLLECTOR BAPATLA_IDA),Bapatla,Construction of water tanks,18-Aug-2026,361591.0,Payment In-Progress,-1.0898040276999728,0.37125862393644127,0,Low - Normal Pattern,No early cost-pattern anomaly against completed-works category norms.
EW-000408,Uttar Pradesh,PRATAPGARH,DR. S P SINGH,PRATAPGARH(DISTRICT MAGISTRAE PRATAPGARH_IDA),PRATAPGARH,Installing community drinking water plants,01-Sep-2026,80312.0,Payment In-Progress,-592.3130926951613,0.344962072727585,0,Low - Normal Pattern,No early cost-pattern anomaly against completed-works category norms.
EW-000409,Maharashtra,MUMBAI NORTH,Piyush Vedprakash Goyal,MUMBAI SUBURBAN(DISTRICT COLLECTOR MUMBAI SUBURBAN_IDA),MUMBAI SUBURBAN,Construction of public toilets and bathrooms,19-Aug-2026,1998482.0,Payment In-Progress,1.1108426022994744,4.468741603809735,0,Low - Normal Pattern,No early cost-pattern anomaly against completed-works category norms.
EW-000410,Uttar Pradesh,PRATAPGARH,DR. S P SINGH,PRATAPGARH(DISTRICT MAGISTRAE PRATAPGARH_IDA),PRATAPGARH,Lighting of public spaces,02-Apr-2026,177827.0,Payment In-Progress,-0.4288904446984638,0.8869088587645011,0,Low - Normal Pattern,No early cost-pattern anomaly against completed-works category norms.
EW-000411,Uttar Pradesh,PRATAPGARH,DR. S P SINGH,PRATAPGARH(DISTRICT MAGISTRAE PRATAPGARH_IDA),PRATAPGARH,Installing community drinking water plants,01-Sep-2026,80312.0,Payment In-Progress,-592.3130926951613,0.344962072727585,0,Low - Normal Pattern,No early cost-pattern anomaly against completed-works category norms.
EW-000412,Uttar Pradesh,PRATAPGARH,DR. S P SINGH,PRATAPGARH(DISTRICT MAGISTRAE PRATAPGARH_IDA),PRATAPGARH,Installing community drinking water plants,01-Sep-2026,80312.0,Payment In-Progress,-592.3130926951613,0.344962072727585,0,Low - Normal Pattern,No early cost-pattern anomaly against completed-works category norms.
EW-000413,Uttar Pradesh,PRATAPGARH,DR. S P SINGH,PRATAPGARH(DISTRICT MAGISTRAE PRATAPGARH_IDA),PRATAPGARH,Installing community drinking water plants,01-Sep-2026,80312.0,Payment In-Progress,-592.3130926951613,0.344962072727585,0,Low - Normal Pattern,No early cost-pattern anomaly against completed-works category norms.
EW-000414,Uttar Pradesh,PRATAPGARH,DR. S P SINGH,PRATAPGARH(DISTRICT MAGISTRAE PRATAPGARH_IDA),PRATAPGARH,Installing community drinking water plants,01-Sep-2026,80312.0,Payment In-Progress,-592.3130926951613,0.344962072727585,0,Low - Normal Pattern,No early cost-pattern anomaly against completed-works category norms.
EW-000415,Uttar Pradesh,PRATAPGARH,DR. S P SINGH,PRATAPGARH(DISTRICT MAGISTRAE PRATAPGARH_IDA),PRATAPGARH,Installing community drinking water plants,01-Sep-2026,80312.0,Payment In-Progress,-592.3130926951613,0.344962072727585,0,Low - Normal Pattern,No early cost-pattern anomaly against completed-works category norms.
EW-000416,Uttar Pradesh,PRATAPGARH,DR. S P SINGH,PRATAPGARH(DISTRICT MAGISTRAE PRATAPGARH_IDA),PRATAPGARH,Installing community drinking water plants,01-Sep-2026,80312.0,Payment In-Progress,-592.3130926951613,0.344962072727585,0,Low - Normal Pattern,No early cost-pattern anomaly against completed-works category norms.
EW-000417,Uttar Pradesh,PRATAPGARH,DR. S P SINGH,PRATAPGARH(DISTRICT MAGISTRAE PRATAPGARH_IDA),PRATAPGARH,Installing community drinking water plants,01-Sep-2026,80312.0,Payment In-Progress,-592.3130926951613,0.344962072727585,0,Low - Normal Pattern,No early cost-pattern anomaly against completed-works category norms.
EW-000418,Uttar Pradesh,PRATAPGARH,DR. S P SINGH,PRATAPGARH(DISTRICT MAGISTRAE PRATAPGARH_IDA),PRATAPGARH,Installing community drinking water plants,01-Sep-2026,80312.0,Payment In-Progress,-592.3130926951613,0.344962072727585,0,Low - Normal Pattern,No early cost-pattern anomaly against completed-works category norms.
EW-000419,Uttar Pradesh,PRATAPGARH,DR. S P SINGH,PRATAPGARH(DISTRICT MAGISTRAE PRATAPGARH_IDA),PRATAPGARH,Installing community drinking water plants,01-Sep-2026,80312.0,Payment In-Progress,-592.3130926951613,0.344962072727585,0,Low - Normal Pattern,No early cost-pattern anomaly against completed-works category norms.
EW-000420,Uttar Pradesh,PRATAPGARH,DR. S P SINGH,PRATAPGARH(DISTRICT MAGISTRAE PRATAPGARH_IDA),PRATAPGARH,Installing community drinking water plants,01-Sep-2026,80312.0,Payment In-Progress,-592.3130926951613,0.344962072727585,0,Low - Normal Pattern,No early cost-pattern anomaly against completed-works category norms.
EW-000421,Rajasthan,JHALAWAR-BARAN,Dushyant Singh,JHALAWAR(DISTRICT COLLECTOR JHALAWAR_IDA),JHALAWAR,Construction of buildings for community cultural activities,22-Aug-2026,162613.0,Payment In-Progress,-0.923928055165813,0.46460857142857126,0,Low - Normal Pattern,No early cost-pattern anomaly against completed-works category norms.
EW-000422,Uttar Pradesh,MEERUT,ARUN GOVIL,MEERUT(DISTRICT MAGISTRATE MEERUT_IDA),MEERUT,"Construction of roads, link roads, pathways or any other road with or without drainage system",13-Aug-2026,737682.0,Payment In-Progress,0.5044614137719204,1.4753640000000008,0,Low - Normal Pattern,No early cost-pattern anomaly against completed-works category norms.
EW-000423,Chhattisgarh,RAIGARH(ST),RADHE SHYAM RATHIYA,RAIGARH(DISTRICT COLLECTOR RAIGARH_IDA),RAIGARH,Construction of rooms and halls in school and colleges,25-Aug-2026,729437.0,Payment In-Progress,0.49632216927162925,1.458874000000001,0,Low - Normal Pattern,No early cost-pattern anomaly against completed-works category norms.
EW-000424,Assam,Diphu (ST),AMARSING TISSO,WEST KARBI ANGLONG(DISTRICT COMMISSIONER WEST KARBI ANGLONG),WEST KARBI ANGLONG,Construction of rooms and halls in school and colleges,20-Aug-2026,699856.0,Payment In-Progress,0.44191694006465937,1.3997120000000007,0,Low - Normal Pattern,No early cost-pattern anomaly against completed-works category norms.
EW-000425,Assam,GUWAHATI,BIJULI KALITA MEDHI,KAMRUP(DEPUTY COMMISSIONER KAMRUP_IDA),KAMRUP,Construction of community centers and community halls,28-Aug-2026,119999.0,Payment In-Progress,-1.898830159260709,0.2414481375139084,0,Low - Normal Pattern,No early cost-pattern anomaly against completed-works category norms.
EW-000426,Punjab,LUDHIANA,AMRINDER SINGH RAJA WARRING,SRI MUKTSAR SAHIB(DEPUTY COMMISSIONER SRI MUKTSAR SAHIB_IDA),SRI MUKTSAR SAHIB,Providing supply pipelines for drinking water,03-Sep-2026,344245.0,Payment In-Progress,0.42655347208169947,1.386820880971374,0,Low - Normal Pattern,No early cost-pattern anomaly against completed-works category norms.
EW-000427,Uttar Pradesh,PRATAPGARH,DR. S P SINGH,PRATAPGARH(DISTRICT MAGISTRAE PRATAPGARH_IDA),PRATAPGARH,Installing community drinking water plants,01-Sep-2026,167316.0,Payment In-Progress,-183.84866062064108,0.7186681213329092,0,Low - Normal Pattern,No early cost-pattern anomaly against completed-works category norms.
EW-000428,Uttar Pradesh,PRATAPGARH,DR. S P SINGH,PRATAPGARH(DISTRICT MAGISTRAE PRATAPGARH_IDA),PRATAPGARH,Installing community drinking water plants,01-Sep-2026,167316.0,Payment In-Progress,-183.84866062064108,0.7186681213329092,0,Low - Normal Pattern,No early cost-pattern anomaly against completed-works category norms.
EW-000429,Uttar Pradesh,PRATAPGARH,DR. S P SINGH,PRATAPGARH(DISTRICT MAGISTRAE PRATAPGARH_IDA),PRATAPGARH,Installing community drinking water plants,01-Sep-2026,80312.0,Payment In-Progress,-592.3130926951613,0.344962072727585,0,Low - Normal Pattern,No early cost-pattern anomaly against completed-works category norms.
EW-000430,Uttar Pradesh,PRATAPGARH,DR. S P SINGH,PRATAPGARH(DISTRICT MAGISTRAE PRATAPGARH_IDA),PRATAPGARH,Installing community drinking water plants,01-Sep-2026,167316.0,Payment In-Progress,-183.84866062064108,0.7186681213329092,0,Low - Normal Pattern,No early cost-pattern anomaly against completed-works category norms.
EW-000431,Uttar Pradesh,PRATAPGARH,DR. S P SINGH,PRATAPGARH(DISTRICT MAGISTRAE PRATAPGARH_IDA),PRATAPGARH,Installing community drinking water plants,01-Sep-2026,167316.0,Payment In-Progress,-183.84866062064108,0.7186681213329092,0,Low - Normal Pattern,No early cost-pattern anomaly against completed-works category norms.
EW-000432,Uttar Pradesh,PRATAPGARH,DR. S P SINGH,PRATAPGARH(DISTRICT MAGISTRAE PRATAPGARH_IDA),PRATAPGARH,Installing community drinking water plants,01-Sep-2026,80312.0,Payment In-Progress,-592.3130926951613,0.344962072727585,0,Low - Normal Pattern,No early cost-pattern anomaly against completed-works category norms.
EW-000433,Uttar Pradesh,PRATAPGARH,DR. S P SINGH,PRATAPGARH(DISTRICT MAGISTRAE PRATAPGARH_IDA),PRATAPGARH,Installing community drinking water plants,01-Sep-2026,80312.0,Payment In-Progress,-592.3130926951613,0.344962072727585,0,Low - Normal Pattern,No early cost-pattern anomaly against completed-works category norms.
EW-000434,Uttar Pradesh,PRATAPGARH,DR. S P SINGH,PRATAPGARH(DISTRICT MAGISTRAE PRATAPGARH_IDA),PRATAPGARH,Installing community drinking water plants,01-Sep-2026,80312.0,Payment In-Progress,-592.3130926951613,0.344962072727585,0,Low - Normal Pattern,No early cost-pattern anomaly against completed-works category norms.
EW-000435,Uttar Pradesh,PRATAPGARH,DR. S P SINGH,PRATAPGARH(DISTRICT MAGISTRAE PRATAPGARH_IDA),PRATAPGARH,Installing community drinking water plants,01-Sep-2026,80312.0,Payment In-Progress,-592.3130926951613,0.344962072727585,0,Low - Normal Pattern,No early cost-pattern anomaly against completed-works category norms.
EW-000436,Uttar Pradesh,PRATAPGARH,DR. S P SINGH,PRATAPGARH(DISTRICT MAGISTRAE PRATAPGARH_IDA),PRATAPGARH,Installing community drinking water plants,01-Sep-2026,80312.0,Payment In-Progress,-592.3130926951613,0.344962072727585,0,Low - Normal Pattern,No early cost-pattern anomaly against completed-works category norms.
EW-000437,Uttar Pradesh,PRATAPGARH,DR. S P SINGH,PRATAPGARH(DISTRICT MAGISTRAE PRATAPGARH_IDA),PRATAPGARH,Installing community drinking water plants,01-Sep-2026,80312.0,Payment In-Progress,-592.3130926951613,0.344962072727585,0,Low - Normal Pattern,No early cost-pattern anomaly against completed-works category norms.
EW-000438,Uttar Pradesh,PRATAPGARH,DR. S P SINGH,PRATAPGARH(DISTRICT MAGISTRAE PRATAPGARH_IDA),PRATAPGARH,Installing community drinking water plants,01-Sep-2026,80312.0,Payment In-Progress,-592.3130926951613,0.344962072727585,0,Low - Normal Pattern,No early cost-pattern anomaly against completed-works category norms.
EW-000439,Uttar Pradesh,PRATAPGARH,DR. S P SINGH,PRATAPGARH(DISTRICT MAGISTRAE PRATAPGARH_IDA),PRATAPGARH,Installing community drinking water plants,01-Sep-2026,80312.0,Payment In-Progress,-592.3130926951613,0.344962072727585,0,Low - Normal Pattern,No early cost-pattern anomaly against completed-works category norms.
EW-000440,Punjab,BHATINDA,Smt Harsimrat Kaur Badal,BATHINDA(DEPUTY COMMISSIONER BHATINDA_IDA),BATHINDA,Construction of community centers and community halls,28-Aug-2026,23707.0,Payment In-Progress,-4.065712422361838,0.04770048913776137,0,Low - Normal Pattern,No early cost-pattern anomaly against completed-works category norms.
EW-000441,Uttar Pradesh,GAUTAM BUDDHA NAGAR,Mahesh Sharma,GAUTAM BUDDHA NAGAR(DISTRICT MAGISTRATE GAUTAMBUDHNAGAR),GAUTAM BUDDHA NAGAR,"Construction of roads, link roads, pathways or any other road with or without drainage system",06-Aug-2026,858000.0,Payment In-Progress,0.7004469701857331,1.716000000000001,0,Low - Normal Pattern,No early cost-pattern anomaly against completed-works category norms.
EW-000442,Uttar Pradesh,PRATAPGARH,DR. S P SINGH,PRATAPGARH(DISTRICT MAGISTRAE PRATAPGARH_IDA),PRATAPGARH,"Construction of roads, link roads, pathways or any other road with or without drainage system",03-Aug-2026,395977.0,Payment In-Progress,-0.3025589728767002,0.7919540000000005,0,Low - Normal Pattern,No early cost-pattern anomaly against completed-works category norms.
EW-000443,Uttar Pradesh,PRATAPGARH,DR. S P SINGH,PRATAPGARH(DISTRICT MAGISTRAE PRATAPGARH_IDA),PRATAPGARH,"Construction of roads, link roads, pathways or any other road with or without drainage system",03-Aug-2026,456416.0,Payment In-Progress,-0.11830302806343465,0.9128320000000005,0,Low - Normal Pattern,No early cost-pattern anomaly against completed-works category norms.
EW-000444,Uttar Pradesh,PRATAPGARH,DR. S P SINGH,PRATAPGARH(DISTRICT MAGISTRAE PRATAPGARH_IDA),PRATAPGARH,"Construction of roads, link roads, pathways or any other road with or without drainage system",03-Aug-2026,397621.0,Payment In-Progress,-0.2971847387443276,0.7952420000000004,0,Low - Normal Pattern,No early cost-pattern anomaly against completed-works category norms.
EW-000445,Madhya Pradesh,KHAJURAHO,Vishnu Dutt Sharma,CHHATARPUR(District Collector Chhatarpur_IDA),CHHATARPUR,Construction of community centers and community halls,02-Sep-2026,300000.0,Payment In-Progress,-0.6745,0.603625373996221,0,Low - Normal Pattern,No early cost-pattern anomaly against completed-works category norms.
EW-000446,Uttar Pradesh,DEORIA,SHASHANK MANI,DEORIA(DISTRICT MAGISTRATE DEORIA),DEORIA,"Construction of roads, link roads, pathways or any other road with or without drainage system",19-Jun-2026,278494.0,Payment In-Progress,-0.759097622226534,0.5569880000000004,0,Low - Normal Pattern,No early cost-pattern anomaly against completed-works category norms.
EW-000447,Karnataka,CHITRADURGA(SC),GOVIND MAKTHAPPA KARJOL,CHITRADURGA(DEPUTY COMMISSIONER CHITRADURGA_IDA),CHITRADURGA,Construction of buildings for community cultural activities,01-Sep-2026,98718.0,Payment In-Progress,-1.525495950662742,0.28205142857142845,0,Low - Normal Pattern,No early cost-pattern anomaly against completed-works category norms.
EW-000448,Punjab,GURDASPUR,SUKHJINDER SINGH RANDHAWA,GURDASPUR(DEPUTY COMMISSIONER GURDASPUR_IDA),GURDASPUR,"Construction of roads, link roads, pathways or any other road with or without drainage system",01-Sep-2026,177785.0,Payment In-Progress,-1.3412791593005124,0.3555700000000002,0,Low - Normal Pattern,No early cost-pattern anomaly against completed-works category norms.
EW-000449,Uttar Pradesh,GAUTAM BUDDHA NAGAR,Mahesh Sharma,GAUTAM BUDDHA NAGAR(DISTRICT MAGISTRATE GAUTAMBUDHNAGAR),GAUTAM BUDDHA NAGAR,"Construction of roads, link roads, pathways or any other road with or without drainage system",06-Aug-2026,684700.0,Payment In-Progress,0.4077833839091149,1.3694000000000008,0,Low - Normal Pattern,No early cost-pattern anomaly against completed-works category norms.
EW-000450,Chhattisgarh,BASTAR(ST),MAHESH KASHYAP,NARAYANPUR(Collector Narayanpur_IDA),NARAYANPUR,Construction of common work sheds/ common covered sitting area,02-Mar-2026,182000.0,Payment In-Progress,-1.0740013181213504,0.617043277788137,0,Low - Normal Pattern,No early cost-pattern anomaly against completed-works category norms.
EW-000451,Uttar Pradesh,PRATAPGARH,DR. S P SINGH,PRATAPGARH(DISTRICT MAGISTRAE PRATAPGARH_IDA),PRATAPGARH,Installing community drinking water plants,01-Sep-2026,80312.0,Payment In-Progress,-592.3130926951613,0.344962072727585,0,Low - Normal Pattern,No early cost-pattern anomaly against completed-works category norms.
EW-000452,West Bengal,BAHARAMPUR,PATHAN YUSUF,MURSHIDABAD(DISTRICT MAGISTRATE MURSHIDABAD_IDA),MURSHIDABAD,Construction of water tanks,23-Aug-2026,1348497.0,Payment In-Progress,0.3578680956248779,1.3845508892710803,0,Low - Normal Pattern,No early cost-pattern anomaly against completed-works category norms.
EW-000453,Uttar Pradesh,SAHARANPUR,IMRAN MASOOD,SAHARANPUR(DISTRICT MAGISTRAE SAHARANPUR_IDA),SAHARANPUR,Improvement of electricity distribution infrastructure,24-Apr-2026,113721.0,Payment In-Progress,-0.4832290832768783,0.6977304938430666,0,Low - Normal Pattern,No early cost-pattern anomaly against completed-works category norms.
EW-000454,Assam,DHUBRI,RAKIBUL HUSSAIN,BARPETA(DEPUTY COMMISSIONER BARPETA 1),BARPETA,"Purchase of ambulances (Four, three and two wheelers)",02-Sep-2026,900000.0,Payment In-Progress,0.0,0.3751552136342012,0,Low - Normal Pattern,No early cost-pattern anomaly against completed-works category norms.
EW-000455,Assam,DHUBRI,RAKIBUL HUSSAIN,BARPETA(DEPUTY COMMISSIONER BARPETA 1),BARPETA,"Purchase of ambulances (Four, three and two wheelers)",02-Sep-2026,900000.0,Payment In-Progress,0.0,0.3751552136342012,0,Low - Normal Pattern,No early cost-pattern anomaly against completed-works category norms.
EW-000456,Rajasthan,AJMER,Bhagirath Chaudhary,AJMER(DISTRICT COLLECTOR AJMER_IDA),AJMER,Construction of boundary walls of existing public and community buildings,21-May-2026,251014.0,Payment In-Progress,-0.9143139452469147,0.5067760870025447,0,Low - Normal Pattern,No early cost-pattern anomaly against completed-works category norms.
EW-000457,Uttar Pradesh,RAE BARELI,RAHUL GANDHI,RAE BARELI(DISTRICT MAGISTRATE RAE BARELI_IDA),RAE BARELI,"Construction of roads, link roads, pathways or any other road with or without drainage system",27-Aug-2026,381544.0,Payment In-Progress,-0.3507214801258368,0.7630880000000004,0,Low - Normal Pattern,No early cost-pattern anomaly against completed-works category norms.
EW-000458,West Bengal,BARDHAMAN-DURGAPUR,AZAD KIRTI JHA,PURBA BARDHAMAN(DISTRICT MAGISTRATE PURBA BARDHAMAN_IDA),PURBA BARDHAMAN,Crematoriums/energy efficient crematoriums or structures on burial/cremation ground,21-Jul-2026,398628.0,Payment In-Progress,-0.005213602812040674,0.9982709716394859,0,Low - Normal Pattern,No early cost-pattern anomaly against completed-works category norms.
EW-000459,Meghalaya,SHILLONG,ANDREW J. SYNGKON,RI BHOI(DEPUTY COMMISSIONER RIBHOI NONGPOH_IDA),RI BHOI,"Construction of roads, link roads, pathways or any other road with or without drainage system",31-Aug-2026,150000.0,Payment In-Progress,-1.561713607715042,0.30000000000000016,0,Low - Normal Pattern,No early cost-pattern anomaly against completed-works category norms.
EW-000460,Meghalaya,SHILLONG,ANDREW J. SYNGKON,SOUTH WEST KHASI HILLS(DEPUTY COMMISSIONER SOUTH WEST KHASI HILLS MAWKRYWAT_IDA),SOUTH WEST KHASI HILLS,Construction of rooms and halls in school and colleges,03-Sep-2026,150000.0,Payment In-Progress,-1.5822449627071267,0.30000000000000016,0,Low - Normal Pattern,No early cost-pattern anomaly against completed-works category norms.
EW-000461,Gujarat,JUNAGADH,Rajeshbhai Naranbhai Chudasama,GIR SOMNATH(DISTRICT COLLECTOR GIR SOMNATH_IDA),GIR SOMNATH,"Construction of roads, link roads, pathways or any other road with or without drainage system",04-Aug-2026,245076.0,Payment In-Progress,-0.9249078119932016,0.4901520000000003,0,Low - Normal Pattern,No early cost-pattern anomaly against completed-works category norms.
EW-000462,Tamil Nadu,THENI,THANGA TAMILSELVAN,THENI(District Collector Theni_5),THENI,Lighting of public spaces,22-Jun-2026,348450.0,Payment In-Progress,1.9750777056770576,1.7378879013675674,0,Low - Normal Pattern,No early cost-pattern anomaly against completed-works category norms.
EW-000463,Tamil Nadu,THENI,THANGA TAMILSELVAN,THENI(District Collector Theni_5),THENI,Lighting of public spaces,22-Jun-2026,349300.0,Payment In-Progress,1.9837846781918793,1.7421272605759544,0,Low - Normal Pattern,No early cost-pattern anomaly against completed-works category norms.
EW-000464,Uttar Pradesh,PRATAPGARH,DR. S P SINGH,PRATAPGARH(DISTRICT MAGISTRAE PRATAPGARH_IDA),PRATAPGARH,Installing community drinking water plants,01-Sep-2026,80312.0,Payment In-Progress,-592.3130926951613,0.344962072727585,0,Low - Normal Pattern,No early cost-pattern anomaly against completed-works category norms.
EW-000465,Uttar Pradesh,PRATAPGARH,DR. S P SINGH,PRATAPGARH(DISTRICT MAGISTRAE PRATAPGARH_IDA),PRATAPGARH,Installing community drinking water plants,01-Sep-2026,80312.0,Payment In-Progress,-592.3130926951613,0.344962072727585,0,Low - Normal Pattern,No early cost-pattern anomaly against completed-works category norms.
EW-000466,Uttar Pradesh,PRATAPGARH,DR. S P SINGH,PRATAPGARH(DISTRICT MAGISTRAE PRATAPGARH_IDA),PRATAPGARH,Installing community drinking water plants,01-Sep-2026,80312.0,Payment In-Progress,-592.3130926951613,0.344962072727585,0,Low - Normal Pattern,No early cost-pattern anomaly against completed-works category norms.
EW-000467,Uttar Pradesh,PRATAPGARH,DR. S P SINGH,PRATAPGARH(DISTRICT MAGISTRAE PRATAPGARH_IDA),PRATAPGARH,Installing community drinking water plants,01-Sep-2026,80312.0,Payment In-Progress,-592.3130926951613,0.344962072727585,0,Low - Normal Pattern,No early cost-pattern anomaly against completed-works category norms.
EW-000468,Uttar Pradesh,PRATAPGARH,DR. S P SINGH,PRATAPGARH(DISTRICT MAGISTRAE PRATAPGARH_IDA),PRATAPGARH,Installing community drinking water plants,01-Sep-2026,80312.0,Payment In-Progress,-592.3130926951613,0.344962072727585,0,Low - Normal Pattern,No early cost-pattern anomaly against completed-works category norms.
EW-000469,Uttar Pradesh,PRATAPGARH,DR. S P SINGH,PRATAPGARH(DISTRICT MAGISTRAE PRATAPGARH_IDA),PRATAPGARH,Installing community drinking water plants,02-Sep-2026,80312.0,Payment In-Progress,-592.3130926951613,0.344962072727585,0,Low - Normal Pattern,No early cost-pattern anomaly against completed-works category norms.
EW-000470,Uttar Pradesh,PRATAPGARH,DR. S P SINGH,PRATAPGARH(DISTRICT MAGISTRAE PRATAPGARH_IDA),PRATAPGARH,Installing community drinking water plants,02-Sep-2026,80312.0,Payment In-Progress,-592.3130926951613,0.344962072727585,0,Low - Normal Pattern,No early cost-pattern anomaly against completed-works category norms.
EW-000471,Uttar Pradesh,PRATAPGARH,DR. S P SINGH,PRATAPGARH(DISTRICT MAGISTRAE PRATAPGARH_IDA),PRATAPGARH,Installing community drinking water plants,02-Sep-2026,80312.0,Payment In-Progress,-592.3130926951613,0.344962072727585,0,Low - Normal Pattern,No early cost-pattern anomaly against completed-works category norms.
EW-000472,Uttar Pradesh,PRATAPGARH,DR. S P SINGH,PRATAPGARH(DISTRICT MAGISTRAE PRATAPGARH_IDA),PRATAPGARH,Installing community drinking water plants,02-Sep-2026,80312.0,Payment In-Progress,-592.3130926951613,0.344962072727585,0,Low - Normal Pattern,No early cost-pattern anomaly against completed-works category norms.
EW-000473,Uttar Pradesh,PRATAPGARH,DR. S P SINGH,PRATAPGARH(DISTRICT MAGISTRAE PRATAPGARH_IDA),PRATAPGARH,Installing community drinking water plants,02-Sep-2026,80312.0,Payment In-Progress,-592.3130926951613,0.344962072727585,0,Low - Normal Pattern,No early cost-pattern anomaly against completed-works category norms.
EW-000474,Uttar Pradesh,PRATAPGARH,DR. S P SINGH,PRATAPGARH(DISTRICT MAGISTRAE PRATAPGARH_IDA),PRATAPGARH,"Construction of roads, link roads, pathways or any other road with or without drainage system",30-Jul-2026,457935.0,Payment In-Progress,-0.11399320002461996,0.9158700000000005,0,Low - Normal Pattern,No early cost-pattern anomaly against completed-works category norms.
EW-000475,Uttar Pradesh,PRATAPGARH,DR. S P SINGH,PRATAPGARH(DISTRICT MAGISTRAE PRATAPGARH_IDA),PRATAPGARH,"Construction of roads, link roads, pathways or any other road with or without drainage system",30-Jul-2026,396502.0,Payment In-Progress,-0.3008403273287643,0.7930040000000005,0,Low - Normal Pattern,No early cost-pattern anomaly against completed-works category norms.
EW-000476,Uttar Pradesh,PRATAPGARH,DR. S P SINGH,PRATAPGARH(DISTRICT MAGISTRAE PRATAPGARH_IDA),PRATAPGARH,"Construction of roads, link roads, pathways or any other road with or without drainage system",30-Jul-2026,457000.0,Payment In-Progress,-0.11664436182582819,0.9140000000000005,0,Low - Normal Pattern,No early cost-pattern anomaly against completed-works category norms.
EW-000477,Uttar Pradesh,PRATAPGARH,DR. S P SINGH,PRATAPGARH(DISTRICT MAGISTRAE PRATAPGARH_IDA),PRATAPGARH,"Construction of roads, link roads, pathways or any other road with or without drainage system",30-Jul-2026,456565.0,Payment In-Progress,-0.11787963937999825,0.9131300000000006,0,Low - Normal Pattern,No early cost-pattern anomaly against completed-works category norms.
EW-000478,Uttar Pradesh,PRATAPGARH,DR. S P SINGH,PRATAPGARH(DISTRICT MAGISTRAE PRATAPGARH_IDA),PRATAPGARH,"Construction of roads, link roads, pathways or any other road with or without drainage system",30-Jul-2026,397484.0,Payment In-Progress,-0.29763174211707144,0.7949680000000005,0,Low - Normal Pattern,No early cost-pattern anomaly against completed-works category norms.
EW-000479,Uttar Pradesh,PRATAPGARH,DR. S P SINGH,PRATAPGARH(DISTRICT MAGISTRAE PRATAPGARH_IDA),PRATAPGARH,"Construction of roads, link roads, pathways or any other road with or without drainage system",30-Jul-2026,454841.0,Payment In-Progress,-0.12278691678691138,0.9096820000000005,0,Low - Normal Pattern,No early cost-pattern anomaly against completed-works category norms.
EW-000480,Uttar Pradesh,PRATAPGARH,DR. S P SINGH,PRATAPGARH(DISTRICT MAGISTRAE PRATAPGARH_IDA),PRATAPGARH,"Construction of roads, link roads, pathways or any other road with or without drainage system",30-Jul-2026,400000.0,Payment In-Progress,-0.2894470035445406,0.8000000000000005,0,Low - Normal Pattern,No early cost-pattern anomaly against completed-works category norms.
EW-000481,Punjab,BHATINDA,Smt Harsimrat Kaur Badal,BATHINDA(DEPUTY COMMISSIONER BHATINDA_IDA),BATHINDA,Construction of community centers and community halls,28-Aug-2026,39274.0,Payment In-Progress,-3.3912246564001887,0.07902260979442527,0,Low - Normal Pattern,No early cost-pattern anomaly against completed-works category norms.
EW-000482,Punjab,BHATINDA,Smt Harsimrat Kaur Badal,BATHINDA(DEPUTY COMMISSIONER BHATINDA_IDA),BATHINDA,Construction of community centers and community halls,28-Aug-2026,42377.0,Payment In-Progress,-3.2896183242737846,0.08526610824612618,0,Low - Normal Pattern,No early cost-pattern anomaly against completed-works category norms.
EW-000483,Rajasthan,RAJSAMAND,MAHIMA KUMARI MEWAR,RAJSAMAND(DISTRICT COLLECTOR RAJSAMAND_IDA),RAJSAMAND,Construction of community centers and community halls,12-Aug-2026,333000.0,Payment In-Progress,-0.5350574107525624,0.6700241651358052,0,Low - Normal Pattern,No early cost-pattern anomaly against completed-works category norms.
EW-000484,Punjab,FATEHGARH SAHIB(SC),Shri Amar Singh,LUDHIANA(DEPUTY COMMISSIONER LUDHIANA_IDA),LUDHIANA,Providing drains and gutters for public drainage,02-Sep-2026,46380.0,Payment In-Progress,-3.5893216604831855,0.10043969700371808,0,Low - Normal Pattern,No early cost-pattern anomaly against completed-works category norms.
EW-000485,Uttar Pradesh,FATEHPUR,NARESH CHANDRA UTTAM PATEL,FATEHPUR(DISTRICT MAGISTRATE FATEHPUR_IDA),FATEHPUR,"Construction of roads, link roads, pathways or any other road with or without drainage system",03-Sep-2026,775134.0,Payment In-Progress,0.5686994663022038,1.5502680000000009,0,Low - Normal Pattern,No early cost-pattern anomaly against completed-works category norms.
EW-000486,Punjab,BHATINDA,Smt Harsimrat Kaur Badal,BATHINDA(DEPUTY COMMISSIONER BHATINDA_IDA),BATHINDA,"Construction of roads, link roads, pathways or any other road with or without drainage system",02-Sep-2026,45840.0,Payment In-Progress,-3.0994372704179285,0.09168000000000005,0,Low - Normal Pattern,No early cost-pattern anomaly against completed-works category norms.
EW-000487,Punjab,BHATINDA,Smt Harsimrat Kaur Badal,BATHINDA(DEPUTY COMMISSIONER BHATINDA_IDA),BATHINDA,"Construction of roads, link roads, pathways or any other road with or without drainage system",02-Sep-2026,45840.0,Payment In-Progress,-3.0994372704179285,0.09168000000000005,0,Low - Normal Pattern,No early cost-pattern anomaly against completed-works category norms.
EW-000488,Punjab,BHATINDA,Smt Harsimrat Kaur Badal,BATHINDA(DEPUTY COMMISSIONER BHATINDA_IDA),BATHINDA,"Construction of roads, link roads, pathways or any other road with or without drainage system",02-Sep-2026,45840.0,Payment In-Progress,-3.0994372704179285,0.09168000000000005,0,Low - Normal Pattern,No early cost-pattern anomaly against completed-works category norms.
EW-000489,Punjab,BHATINDA,Smt Harsimrat Kaur Badal,BATHINDA(DEPUTY COMMISSIONER BHATINDA_IDA),BATHINDA,"Construction of roads, link roads, pathways or any other road with or without drainage system",02-Sep-2026,45840.0,Payment In-Progress,-3.0994372704179285,0.09168000000000005,0,Low - Normal Pattern,No early cost-pattern anomaly against completed-works category norms.
EW-000490,Punjab,BHATINDA,Smt Harsimrat Kaur Badal,BATHINDA(DEPUTY COMMISSIONER BHATINDA_IDA),BATHINDA,"Construction of roads, link roads, pathways or any other road with or without drainage system",02-Sep-2026,45840.0,Payment In-Progress,-3.0994372704179285,0.09168000000000005,0,Low - Normal Pattern,No early cost-pattern anomaly against completed-works category norms.
EW-000491,Haryana,AMBALA (SC),VARUN CHAUDHRY,YAMUNANAGAR(Deputy Commissioner YamunaNagar_IDA),YAMUNANAGAR,"Construction of roads, link roads, pathways or any other road with or without drainage system",12-Jun-2026,28514.0,Payment In-Progress,-3.71526686567532,0.05702800000000003,0,Low - Normal Pattern,No early cost-pattern anomaly against completed-works category norms.
EW-000492,Uttar Pradesh,ALLAHABAD,UJJWAL RAMAN SINGH,PRAYAGRAJ(DISTRICT MAGISTRAE ALLAHABAD_IDA),PRAYAGRAJ,"Construction of roads, link roads, pathways or any other road with or without drainage system",12-Feb-2026,835348.0,Payment In-Progress,0.6657412585580235,1.670696000000001,0,Low - Normal Pattern,No early cost-pattern anomaly against completed-works category norms.
EW-000493,Jammu And Kashmir,SRINAGAR,AGA SYED RUHULLAH MEHDI,SRINAGAR(DEPUTY COMMISSIONER SRINAGAR_IDA),SRINAGAR,Development of playfields and sports grounds,18-Aug-2026,243800.0,Payment In-Progress,-0.7015150569771164,0.5209425494180487,0,Low - Normal Pattern,No early cost-pattern anomaly against completed-works category norms.
EW-000494,Himachal Pradesh,SHIMLA (SC),Suresh Kumar Kashyap,SIRMAUR(DEPUTY COMMISSIONER SIRMOUR_IDA),SIRMAUR,Construction of footpaths and pedestrian ways,05-Jan-2026,150000.0,Payment In-Progress,-0.7662106688879711,0.5046765676474807,0,Low - Normal Pattern,No early cost-pattern anomaly against completed-works category norms.
EW-000495,Rajasthan,CHURU,Rahul Kaswan,CHURU(DISTRICT COLLECTOR CHURU_IDA),CHURU,Construction of community centers and community halls,10-Aug-2026,673201.0,Payment In-Progress,0.405473706865779,1.3545373513320997,0,Low - Normal Pattern,No early cost-pattern anomaly against completed-works category norms.
EW-000496,Rajasthan,UDAIPUR(ST),MANNA LAL RAWAT,Salumbar(DISTRICT COLLECTOR Salumbar_IDA),Salumbar,Construction of community centers and community halls,24-Aug-2026,1000000.0,Payment In-Progress,0.9342108141666492,2.012084579987403,0,Low - Normal Pattern,No early cost-pattern anomaly against completed-works category norms.
EW-000497,Rajasthan,UDAIPUR(ST),MANNA LAL RAWAT,Salumbar(DISTRICT COLLECTOR Salumbar_IDA),Salumbar,Construction of community centers and community halls,03-Sep-2026,500000.0,Payment In-Progress,0.008049225491729397,1.0060422899937016,0,Low - Normal Pattern,No early cost-pattern anomaly against completed-works category norms.
EW-000498,Rajasthan,UDAIPUR(ST),MANNA LAL RAWAT,PRATAPGARH(DISTRICT COLLECTOR PRATAPGARH_IDA),PRATAPGARH,Construction of common work sheds/ common covered sitting area,27-Aug-2026,3705.0,Payment In-Progress,-9.736737219163848,0.012561238154972787,0,Low - Normal Pattern,No early cost-pattern anomaly against completed-works category norms.
EW-000499,Chhattisgarh,BASTAR(ST),MAHESH KASHYAP,SUKMA(Collector Sukma_IDA),SUKMA,"Construction of roads, link roads, pathways or any other road with or without drainage system",02-Sep-2026,482809.0,Payment In-Progress,-0.04538277276597769,0.9656180000000005,0,Low - Normal Pattern,No early cost-pattern anomaly against completed-works category norms.
EW-000500,Himachal Pradesh,SHIMLA (SC),Suresh Kumar Kashyap,SIRMAUR(DEPUTY COMMISSIONER SIRMOUR_IDA),SIRMAUR,"Construction of roads, link roads, pathways or any other road with or without drainage system",28-Jul-2026,300000.0,Payment In-Progress,-0.6626090929450127,0.6000000000000003,0,Low - Normal Pattern,No early cost-pattern anomaly against completed-works category norms.
EW-000501,Himachal Pradesh,SHIMLA (SC),Suresh Kumar Kashyap,SIRMAUR(DEPUTY COMMISSIONER SIRMOUR_IDA),SIRMAUR,Construction of footpaths and pedestrian ways,28-Jul-2026,100000.0,Payment In-Progress,-1.2205169695557376,0.33645104509832047,0,Low - Normal Pattern,No early cost-pattern anomaly against completed-works category norms.
EW-000502,Uttar Pradesh,ALLAHABAD,UJJWAL RAMAN SINGH,PRAYAGRAJ(DISTRICT MAGISTRAE ALLAHABAD_IDA),PRAYAGRAJ,"Construction of roads, link roads, pathways or any other road with or without drainage system",20-Jun-2026,82846.0,Payment In-Progress,-2.3317593596057846,0.1656920000000001,0,Low - Normal Pattern,No early cost-pattern anomaly against completed-works category norms.
EW-000503,Uttar Pradesh,FATEHPUR,NARESH CHANDRA UTTAM PATEL,FATEHPUR(DISTRICT MAGISTRATE FATEHPUR_IDA),FATEHPUR,"Construction of roads, link roads, pathways or any other road with or without drainage system",03-Sep-2026,364688.0,Payment In-Progress,-0.4093311460615617,0.7293760000000005,0,Low - Normal Pattern,No early cost-pattern anomaly against completed-works category norms.
EW-000504,Uttar Pradesh,FATEHPUR,NARESH CHANDRA UTTAM PATEL,FATEHPUR(DISTRICT MAGISTRATE FATEHPUR_IDA),FATEHPUR,"Construction of roads, link roads, pathways or any other road with or without drainage system",03-Sep-2026,661171.0,Payment In-Progress,0.3624248510970008,1.3223420000000008,0,Low - Normal Pattern,No early cost-pattern anomaly against completed-works category norms.
EW-000505,Uttar Pradesh,FATEHPUR,NARESH CHANDRA UTTAM PATEL,FATEHPUR(DISTRICT MAGISTRATE FATEHPUR_IDA),FATEHPUR,"Construction of roads, link roads, pathways or any other road with or without drainage system",03-Sep-2026,463200.0,Payment In-Progress,-0.09916479179360187,0.9264000000000006,0,Low - Normal Pattern,No early cost-pattern anomaly against completed-works category norms.
EW-000506,Uttar Pradesh,FATEHPUR,NARESH CHANDRA UTTAM PATEL,FATEHPUR(DISTRICT MAGISTRATE FATEHPUR_IDA),FATEHPUR,"Construction of roads, link roads, pathways or any other road with or without drainage system",03-Sep-2026,677400.0,Payment In-Progress,0.3938796086774546,1.354800000000001,0,Low - Normal Pattern,No early cost-pattern anomaly against completed-works category norms.
EW-000507,West Bengal,ARAMBAG(SC),BAG MITALI,Paschim Medinipur(DISTRICT MAGISTRATE PASCHIM MEDINIPUR_IDA),Paschim Medinipur,Construction of common work sheds/ common covered sitting area,17-Aug-2026,603860.0,Payment In-Progress,1.593863480882614,2.047295350138156,0,Low - Normal Pattern,No early cost-pattern anomaly against completed-works category norms.
EW-000508,Chhattisgarh,SARGUJA(ST),CHINTAMANI MAHARAJ,SURGUJA(Collector Surguja_IDA),SURGUJA,Street lights,10-Apr-2026,248944.0,Payment In-Progress,0.09335355934481253,1.1167364223200151,0,Low - Normal Pattern,No early cost-pattern anomaly against completed-works category norms.
EW-000509,Chhattisgarh,SARGUJA(ST),CHINTAMANI MAHARAJ,SURGUJA(Collector Surguja_IDA),SURGUJA,Street lights,10-Apr-2026,248944.0,Payment In-Progress,0.09335355934481253,1.1167364223200151,0,Low - Normal Pattern,No early cost-pattern anomaly against completed-works category norms.
EW-000510,Chhattisgarh,SARGUJA(ST),CHINTAMANI MAHARAJ,SURGUJA(Collector Surguja_IDA),SURGUJA,Street lights,17-Apr-2026,248944.0,Payment In-Progress,0.09335355934481253,1.1167364223200151,0,Low - Normal Pattern,No early cost-pattern anomaly against completed-works category norms.
EW-000511,Chhattisgarh,SARGUJA(ST),CHINTAMANI MAHARAJ,SURGUJA(Collector Surguja_IDA),SURGUJA,Street lights,17-Apr-2026,248944.0,Payment In-Progress,0.09335355934481253,1.1167364223200151,0,Low - Normal Pattern,No early cost-pattern anomaly against completed-works category norms.
EW-000512,Chhattisgarh,SARGUJA(ST),CHINTAMANI MAHARAJ,SURGUJA(Collector Surguja_IDA),SURGUJA,Street lights,24-Mar-2026,248944.0,Payment In-Progress,0.09335355934481253,1.1167364223200151,0,Low - Normal Pattern,No early cost-pattern anomaly against completed-works category norms.
EW-000513,Karnataka,DHARWAD,Pralhad Venkatesh Joshi,DHARWAD(DEPUTY COMMISSIONER DHARWAR_IDA),DHARWAD,Construction of buildings for community cultural activities,30-Jul-2026,297093.0,Payment In-Progress,-0.1975326884087025,0.8488371428571426,0,Low - Normal Pattern,No early cost-pattern anomaly against completed-works category norms.
EW-000514,Karnataka,CHITRADURGA(SC),GOVIND MAKTHAPPA KARJOL,CHITRADURGA(DEPUTY COMMISSIONER CHITRADURGA_IDA),CHITRADURGA,Construction of buildings for community cultural activities,24-Jun-2026,121252.0,Payment In-Progress,-1.2776835859001876,0.3464342857142856,0,Low - Normal Pattern,No early cost-pattern anomaly against completed-works category norms.
EW-000515,Punjab,GURDASPUR,SUKHJINDER SINGH RANDHAWA,GURDASPUR(DEPUTY COMMISSIONER GURDASPUR_IDA),GURDASPUR,"Construction of roads, link roads, pathways or any other road with or without drainage system",01-Sep-2026,92800.0,Payment In-Progress,-2.1845824574121426,0.1856000000000001,0,Low - Normal Pattern,No early cost-pattern anomaly against completed-works category norms.
EW-000516,Karnataka,KOLAR(SC),M. MALLESH BABU,KOLAR(DEPUTY COMMISSIONER KOLAR_IDA),KOLAR,"Construction of roads, link roads, pathways or any other road with or without drainage system",10-Jul-2026,48709.0,Payment In-Progress,-3.0206925095372767,0.09741800000000006,0,Low - Normal Pattern,No early cost-pattern anomaly against completed-works category norms.
EW-000517,Gujarat,BARDOLI(ST),Prabhubhai Nagarbhai Vasava,SURAT(DISTRICT COLLECTOR SURAT_IDA),SURAT,Crematoriums/energy efficient crematoriums or structures on burial/cremation ground,18-Aug-2026,250000.0,Payment In-Progress,-1.4108558499953552,0.6260667662830295,0,Low - Normal Pattern,No early cost-pattern anomaly against completed-works category norms.
EW-000518,Punjab,BHATINDA,Smt Harsimrat Kaur Badal,BATHINDA(DEPUTY COMMISSIONER BHATINDA_IDA),BATHINDA,Crematoriums/energy efficient crematoriums or structures on burial/cremation ground,02-Sep-2026,36720.0,Payment In-Progress,-7.189690340292388,0.09195668663165137,0,Low - Normal Pattern,No early cost-pattern anomaly against completed-works category norms.
EW-000519,Punjab,BHATINDA,Smt Harsimrat Kaur Badal,BATHINDA(DEPUTY COMMISSIONER BHATINDA_IDA),BATHINDA,Crematoriums/energy efficient crematoriums or structures on burial/cremation ground,02-Sep-2026,62233.0,Payment In-Progress,-5.6002833398847045,0.1558480522643671,0,Low - Normal Pattern,No early cost-pattern anomaly against completed-works category norms.
EW-000520,Jammu And Kashmir,SRINAGAR,AGA SYED RUHULLAH MEHDI,SRINAGAR(DEPUTY COMMISSIONER SRINAGAR_IDA),SRINAGAR,"Construction of roads, link roads, pathways or any other road with or without drainage system",30-Dec-2025,41344.0,Payment In-Progress,-3.2333400686916796,0.08268800000000005,0,Low - Normal Pattern,No early cost-pattern anomaly against completed-works category norms.
EW-000521,Himachal Pradesh,MANDI,Kangana Ranaut,MANDI(DEPUTY COMMISSIONER MANDI_IDA),MANDI,"Construction of roads, link roads, pathways or any other road with or without drainage system",02-Sep-2026,27104.0,Payment In-Progress,-3.7810495398137762,0.054208000000000034,0,Low - Normal Pattern,No early cost-pattern anomaly against completed-works category norms.
EW-000522,Punjab,SANGRUR,GURMEET SINGH MEET HAYER,BARNALA(DEPUTY COMMISSIONER BARNALA_IDA),BARNALA,Construction of shelters for animals,03-Sep-2026,37500.0,Payment In-Progress,0.0,0.07516441406376134,0,Low - Normal Pattern,No early cost-pattern anomaly against completed-works category norms.
EW-000523,Punjab,SANGRUR,GURMEET SINGH MEET HAYER,BARNALA(DEPUTY COMMISSIONER BARNALA_IDA),BARNALA,Construction of shelters for animals,03-Sep-2026,39000.0,Payment In-Progress,0.0,0.0781709906263118,0,Low - Normal Pattern,No early cost-pattern anomaly against completed-works category norms.
EW-000524,Uttar Pradesh,ALLAHABAD,UJJWAL RAMAN SINGH,PRAYAGRAJ(DISTRICT MAGISTRAE ALLAHABAD_IDA),PRAYAGRAJ,"Construction of roads, link roads, pathways or any other road with or without drainage system",27-Aug-2026,188287.0,Payment In-Progress,-1.2668334962923264,0.37657400000000024,0,Low - Normal Pattern,No early cost-pattern anomaly against completed-works category norms.
EW-000525,Himachal Pradesh,SHIMLA (SC),Suresh Kumar Kashyap,SIRMAUR(DEPUTY COMMISSIONER SIRMOUR_IDA),SIRMAUR,Construction of footpaths and pedestrian ways,05-Jan-2026,150000.0,Payment In-Progress,-0.7662106688879711,0.5046765676474807,0,Low - Normal Pattern,No early cost-pattern anomaly against completed-works category norms.
EW-000526,Punjab,BHATINDA,Smt Harsimrat Kaur Badal,BATHINDA(DEPUTY COMMISSIONER BHATINDA_IDA),BATHINDA,Construction of additional rooms and halls in the existing public and community building,01-Sep-2026,31571.0,Payment In-Progress,-2.688055328185036,0.06314200000000003,0,Low - Normal Pattern,No early cost-pattern anomaly against completed-works category norms.
EW-000527,West Bengal,BARDHAMAN PURBA(SC),DR. SHARMILA SARKAR,PURBA BARDHAMAN(DISTRICT MAGISTRATE PURBA BARDHAMAN_IDA),PURBA BARDHAMAN,Construction of common work sheds/ common covered sitting area,11-Aug-2026,133961.0,Payment In-Progress,-1.7557024003950112,0.4541743655811902,0,Low - Normal Pattern,No early cost-pattern anomaly against completed-works category norms.
EW-000528,Karnataka,CHITRADURGA(SC),GOVIND MAKTHAPPA KARJOL,TUMAKURU(DEPUTY COMMISSIONER TUMKUR_IDA),TUMAKURU,Construction of community centers and community halls,11-Aug-2026,499689.0,Payment In-Progress,0.007217869962640586,1.0054165316893255,0,Low - Normal Pattern,No early cost-pattern anomaly against completed-works category norms.
EW-000529,Tamil Nadu,PERAMBALUR,ARUN NEHRU,PERAMBALUR(DISTRICT COLLECTOR PERAMBALUR_IDA),PERAMBALUR,Crematoriums/energy efficient crematoriums or structures on burial/cremation ground,03-Sep-2026,499881.0,Payment In-Progress,0.6766918055826979,1.2518355247853081,0,Low - Normal Pattern,No early cost-pattern anomaly against completed-works category norms.
EW-000530,Haryana,SIRSA(SC),SELJA,SIRSA(DEPUTY COMMISSIONER SIRSA_IDA),SIRSA,Establishing public lift irrigation projects,25-Aug-2026,195526.0,Payment In-Progress,0.0,,0,Low - Normal Pattern,No early cost-pattern anomaly against completed-works category norms.
EW-000531,Haryana,SIRSA(SC),SELJA,SIRSA(DEPUTY COMMISSIONER SIRSA_IDA),SIRSA,Establishing public lift irrigation projects,25-Aug-2026,195526.0,Payment In-Progress,0.0,,0,Low - Normal Pattern,No early cost-pattern anomaly against completed-works category norms.
EW-000532,Haryana,SIRSA(SC),SELJA,SIRSA(DEPUTY COMMISSIONER SIRSA_IDA),SIRSA,Establishing public lift irrigation projects,25-Aug-2026,195526.0,Payment In-Progress,0.0,,0,Low - Normal Pattern,No early cost-pattern anomaly against completed-works category norms.
EW-000533,Haryana,SIRSA(SC),SELJA,SIRSA(DEPUTY COMMISSIONER SIRSA_IDA),SIRSA,Establishing public lift irrigation projects,25-Aug-2026,195526.0,Payment In-Progress,0.0,,0,Low - Normal Pattern,No early cost-pattern anomaly against completed-works category norms.
EW-000534,Haryana,SIRSA(SC),SELJA,SIRSA(DEPUTY COMMISSIONER SIRSA_IDA),SIRSA,Establishing public lift irrigation projects,25-Aug-2026,195526.0,Payment In-Progress,0.0,,0,Low - Normal Pattern,No early cost-pattern anomaly against completed-works category norms.
EW-000535,Haryana,SIRSA(SC),SELJA,SIRSA(DEPUTY COMMISSIONER SIRSA_IDA),SIRSA,Establishing public lift irrigation projects,25-Aug-2026,195526.0,Payment In-Progress,0.0,,0,Low - Normal Pattern,No early cost-pattern anomaly against completed-works category norms.
EW-000536,Gujarat,BANASKANTHA,GENIBEN NAGAJI THAKOR,Vav-Tharad(DISTRICT COLLECTOR VAV-THARAD),Vav-Tharad,"Construction of roads, link roads, pathways or any other road with or without drainage system",27-Aug-2026,499807.0,Payment In-Progress,-0.0005007902378677659,0.9996140000000006,0,Low - Normal Pattern,No early cost-pattern anomaly against completed-works category norms.
EW-000537,Himachal Pradesh,SHIMLA (SC),Suresh Kumar Kashyap,SIRMAUR(DEPUTY COMMISSIONER SIRMOUR_IDA),SIRMAUR,Setting up of kitchen and pantries,25-Apr-2026,200000.0,Payment In-Progress,0.0,0.4000840176437054,0,Low - Normal Pattern,No early cost-pattern anomaly against completed-works category norms.
EW-000538,Assam,Diphu (ST),AMARSING TISSO,WEST KARBI ANGLONG(DISTRICT COMMISSIONER WEST KARBI ANGLONG),WEST KARBI ANGLONG,Creation of new ponds,20-Aug-2026,149830.0,Payment In-Progress,0.0,0.4994333333333335,0,Low - Normal Pattern,No early cost-pattern anomaly against completed-works category norms.
EW-000539,Uttar Pradesh,BIJNOR,CHANDAN CHAUHAN,MUZAFFARNAGAR(DISTRICT MAGISTRATE MUZAFFARNAGAR_IDA),MUZAFFARNAGAR,Construction of community centers and community halls,15-Jul-2026,376584.0,Payment In-Progress,-0.37071047409797675,0.7577188594699762,0,Low - Normal Pattern,No early cost-pattern anomaly against completed-works category norms.
EW-000540,Punjab,BHATINDA,Smt Harsimrat Kaur Badal,BATHINDA(DEPUTY COMMISSIONER BHATINDA_IDA),BATHINDA,Construction of additional rooms and halls in the existing public and community building,24-Apr-2026,297000.0,Payment In-Progress,-0.5068632530244606,0.5940000000000003,0,Low - Normal Pattern,No early cost-pattern anomaly against completed-works category norms.
EW-000541,Tamil Nadu,TIRUVALLUR(SC),Sasikanth Senthil,THIRUVALLUR(DISTRICT COLLECTOR TIRUVALLUR_IDA),THIRUVALLUR,Lighting of public spaces,01-Sep-2026,300000.0,Payment In-Progress,1.4400512131434968,1.4962444264895114,0,Low - Normal Pattern,No early cost-pattern anomaly against completed-works category norms.
EW-000542,Chhattisgarh,BILASPUR,TOKHAN SAHU,MUNGELI(Collector Mungeli_IDA),MUNGELI,Construction of buildings for community cultural activities,17-Jul-2026,1391478.0,Payment In-Progress,1.6635292313338752,3.9756514285714273,0,Low - Normal Pattern,No early cost-pattern anomaly against completed-works category norms.
EW-000543,Chhattisgarh,RAIGARH(ST),RADHE SHYAM RATHIYA,RAIGARH(DISTRICT COLLECTOR RAIGARH_IDA),RAIGARH,Construction of community centers and community halls,31-Aug-2026,198516.0,Payment In-Progress,-1.226221136256038,0.39943098248077935,0,Low - Normal Pattern,No early cost-pattern anomaly against completed-works category norms.
EW-000544,Uttar Pradesh,MEERUT,ARUN GOVIL,MEERUT(DISTRICT MAGISTRATE MEERUT_IDA),MEERUT,"Construction of roads, link roads, pathways or any other road with or without drainage system",11-Aug-2026,152251.0,Payment In-Progress,-1.5423925680911728,0.30450200000000016,0,Low - Normal Pattern,No early cost-pattern anomaly against completed-works category norms.
EW-000545,Punjab,BHATINDA,Smt Harsimrat Kaur Badal,BATHINDA(DEPUTY COMMISSIONER BHATINDA_IDA),BATHINDA,Construction of additional rooms and halls in the existing public and community building,01-Sep-2026,41400.0,Payment In-Progress,-2.4243050471728083,0.08280000000000005,0,Low - Normal Pattern,No early cost-pattern anomaly against completed-works category norms.
EW-000546,Rajasthan,AJMER,Bhagirath Chaudhary,AJMER(DISTRICT COLLECTOR AJMER_IDA),AJMER,Construction of community centers and community halls,06-Aug-2026,7722.0,Payment In-Progress,-5.564488833153871,0.015537317126662727,0,Low - Normal Pattern,No early cost-pattern anomaly against completed-works category norms.
EW-000547,Uttar Pradesh,MUZAFFARNAGAR,HARENDRA SINGH MALIK,MUZAFFARNAGAR(DISTRICT MAGISTRATE MUZAFFARNAGAR_IDA),MUZAFFARNAGAR,"Construction of roads, link roads, pathways or any other road with or without drainage system",02-Sep-2026,379306.0,Payment In-Progress,-0.3583524019223466,0.7586120000000004,0,Low - Normal Pattern,No early cost-pattern anomaly against completed-works category norms.
EW-000548,Uttar Pradesh,MUZAFFARNAGAR,HARENDRA SINGH MALIK,MUZAFFARNAGAR(DISTRICT MAGISTRATE MUZAFFARNAGAR_IDA),MUZAFFARNAGAR,"Construction of roads, link roads, pathways or any other road with or without drainage system",02-Sep-2026,371924.0,Payment In-Progress,-0.3838459222568173,0.7438480000000004,0,Low - Normal Pattern,No early cost-pattern anomaly against completed-works category norms.
EW-000549,Uttar Pradesh,MUZAFFARNAGAR,HARENDRA SINGH MALIK,MUZAFFARNAGAR(DISTRICT MAGISTRATE MUZAFFARNAGAR_IDA),MUZAFFARNAGAR,"Construction of roads, link roads, pathways or any other road with or without drainage system",23-Aug-2026,72688.0,Payment In-Progress,-2.5014337169770275,0.1453760000000001,0,Low - Normal Pattern,No early cost-pattern anomaly against completed-works category norms.
EW-000550,Assam,KOKRAJHAR (ST),JOYANTA BASUMATARY,CHIRANG(Deputy Commissioner Chirang_IDA),CHIRANG,"Construction of roads, link roads, pathways or any other road with or without drainage system",28-Aug-2026,100000.0,Payment In-Progress,-2.087656033084599,0.20000000000000012,0,Low - Normal Pattern,No early cost-pattern anomaly against completed-works category norms.
EW-000551,Uttarakhand,NAINITAL UDHAM SINGH NAG.,Ajay Bhatt,Udham Singh Nagar(DISTRICT MAGISTRATE UDHAMSINGH NAGAR_IDA),Udham Singh Nagar,Construction of community centers and community halls,21-Aug-2026,61312.0,Payment In-Progress,-2.7960779204364883,0.12336492976818766,0,Low - Normal Pattern,No early cost-pattern anomaly against completed-works category norms.
EW-000552,Uttarakhand,NAINITAL UDHAM SINGH NAG.,Ajay Bhatt,Udham Singh Nagar(DISTRICT MAGISTRATE UDHAMSINGH NAGAR_IDA),Udham Singh Nagar,Construction of community centers and community halls,21-Aug-2026,60466.0,Payment In-Progress,-2.8146431281422446,0.12166270621351832,0,Low - Normal Pattern,No early cost-pattern anomaly against completed-works category norms.
EW-000553,Chhattisgarh,DURG,Vijay Baghel,BEMETARA(Collector Bemetara_IDA),BEMETARA,"Construction of roads, link roads, pathways or any other road with or without drainage system",01-Sep-2026,323663.0,Payment In-Progress,-0.5641302199484317,0.6473260000000004,0,Low - Normal Pattern,No early cost-pattern anomaly against completed-works category norms.
EW-000554,Chhattisgarh,DURG,Vijay Baghel,BEMETARA(Collector Bemetara_IDA),BEMETARA,"Construction of roads, link roads, pathways or any other road with or without drainage system",01-Sep-2026,323846.0,Payment In-Progress,-0.5633970240866277,0.6476920000000004,0,Low - Normal Pattern,No early cost-pattern anomaly against completed-works category norms.
EW-000555,Madhya Pradesh,HOSHANGABAD,DARSHAN SINGH CHOUDHARY,NARMADAPURAM(DISTRICT COLLECTOR NARMADAPURAM_IDA),NARMADAPURAM,"Construction of roads, link roads, pathways or any other road with or without drainage system",30-Jul-2026,74000.0,Payment In-Progress,-2.4782295735029174,0.14800000000000008,0,Low - Normal Pattern,No early cost-pattern anomaly against completed-works category norms.
EW-000556,Uttar Pradesh,PILIBHIT,JITIN PRASADA,PILIBHIT(DISTRICT MAGISTRAE PILIBHIT_IDA),PILIBHIT,Construction of community centers and community halls,23-Feb-2026,702746.0,Payment In-Progress,0.46286425176610574,1.4139843902478277,0,Low - Normal Pattern,No early cost-pattern anomaly against completed-works category norms.
EW-000557,Chhattisgarh,DURG,Vijay Baghel,BEMETARA(Collector Bemetara_IDA),BEMETARA,"Construction of roads, link roads, pathways or any other road with or without drainage system",01-Sep-2026,437000.0,Payment In-Progress,-0.17469134550810264,0.8740000000000006,0,Low - Normal Pattern,No early cost-pattern anomaly against completed-works category norms.
EW-000558,Gujarat,AMRELI,BHARATBHAI MANUBHAI SUTARIYA,AMRELI(DISTRICT COLLECTOR AMRELI_IDA),AMRELI,"Construction of roads, link roads, pathways or any other road with or without drainage system",25-Aug-2026,300000.0,Payment In-Progress,-0.6626090929450127,0.6000000000000003,0,Low - Normal Pattern,No early cost-pattern anomaly against completed-works category norms.
EW-000559,Rajasthan,AJMER,Bhagirath Chaudhary,AJMER(DISTRICT COLLECTOR AJMER_IDA),AJMER,Construction of community centers and community halls,06-Aug-2026,7722.0,Payment In-Progress,-5.564488833153871,0.015537317126662727,0,Low - Normal Pattern,No early cost-pattern anomaly against completed-works category norms.
EW-000560,Maharashtra,MUMBAI NORTH WEST,RAVINDRA DATTARAM WAIKAR,MUMBAI SUBURBAN(DISTRICT COLLECTOR MUMBAI SUBURBAN_IDA),MUMBAI SUBURBAN,Providing drains and gutters for public drainage,04-Aug-2026,1500000.0,Payment In-Progress,1.8400395289958225,3.2483731243117098,0,Low - Normal Pattern,No early cost-pattern anomaly against completed-works category norms.
EW-000561,Himachal Pradesh,KANGRA,RAJEEV BHARDWAJ,CHAMBA(DEPUTY COMMISSIONER CHAMBA_IDA),CHAMBA,"Construction of roads, link roads, pathways or any other road with or without drainage system",31-Aug-2026,198976.0,Payment In-Progress,-1.1952099025194158,0.39795200000000025,0,Low - Normal Pattern,No early cost-pattern anomaly against completed-works category norms.
EW-000562,Tamil Nadu,MADURAI,S Venkatesan,MADURAI(DISTRICT COLLECTOR MADURAI_IDA),MADURAI,Construction of community centers and community halls,29-Aug-2026,899900.0,Payment In-Progress,0.7932829162171762,1.8106749135306641,0,Low - Normal Pattern,No early cost-pattern anomaly against completed-works category norms.
EW-000563,Jammu And Kashmir,SRINAGAR,AGA SYED RUHULLAH MEHDI,SRINAGAR(DEPUTY COMMISSIONER SRINAGAR_IDA),SRINAGAR,Construction of culverts and bridges,22-Jan-2026,155000.0,Payment In-Progress,-3.1030207272113706,0.15536946859632203,0,Low - Normal Pattern,No early cost-pattern anomaly against completed-works category norms.
EW-000564,Assam,BARPETA,PHANI BHUSAN CHOUDHURY,NALBARI(DEPUTY COMMISSIONER NALBARI_IDA),NALBARI,Construction of community centers and community halls,19-Aug-2026,320000.0,Payment In-Progress,-0.5882656461082101,0.6438670655959691,0,Low - Normal Pattern,No early cost-pattern anomaly against completed-works category norms.
EW-000565,Chhattisgarh,RAJNANDGAON,Santosh Pandey,Kabeerdham(DISTRICT COLLECTOR KABIRDHAM),Kabeerdham,"Construction of roads, link roads, pathways or any other road with or without drainage system",02-Sep-2026,349700.0,Payment In-Progress,-0.46376736846246935,0.6994000000000004,0,Low - Normal Pattern,No early cost-pattern anomaly against completed-works category norms.
EW-000566,Uttar Pradesh,MUZAFFARNAGAR,HARENDRA SINGH MALIK,MUZAFFARNAGAR(DISTRICT MAGISTRATE MUZAFFARNAGAR_IDA),MUZAFFARNAGAR,Construction of boundary walls of existing public and community buildings,23-Aug-2026,524551.0,Payment In-Progress,0.07714445968240026,1.059024210654672,0,Low - Normal Pattern,No early cost-pattern anomaly against completed-works category norms.
EW-000567,Haryana,AMBALA (SC),VARUN CHAUDHRY,YAMUNANAGAR(Deputy Commissioner YamunaNagar_IDA),YAMUNANAGAR,Construction of community centers and community halls,13-Jul-2026,665115.0,Payment In-Progress,0.38932745765219473,1.3382676354183216,0,Low - Normal Pattern,No early cost-pattern anomaly against completed-works category norms.
EW-000568,Tamil Nadu,KARUR,Smt S Jothimani,KARUR(DISTRICT COLLECTOR KARUR_IDA),KARUR,"Purchase of smart boards, visual display units and projectors",18-Mar-2026,199966.0,Payment In-Progress,-0.0007110811982385142,0.9998299999999996,0,Low - Normal Pattern,No early cost-pattern anomaly against completed-works category norms.
EW-000569,Uttar Pradesh,FAIZABAD,AWADHESH PRASAD,AYODHYA(DISTRICT MAGISTRAE FAIZABAD_IDA),AYODHYA,Lighting of public spaces,19-Aug-2026,61353.0,Payment In-Progress,-4.231902566256642,0.30599694766137,0,Low - Normal Pattern,No early cost-pattern anomaly against completed-works category norms.
EW-000570,Karnataka,HASSAN,SHREYAS. M. PATEL,HASSAN(DEPUTY COMMISSIONER HASSAN_IDA),HASSAN,Construction of community centers and community halls,29-Aug-2026,120943.0,Payment In-Progress,-1.8883600068074664,0.2433475453574165,0,Low - Normal Pattern,No early cost-pattern anomaly against completed-works category norms.
EW-000571,Uttar Pradesh,SHRAWASTI,Ram Shiromani,Shrawasti(DISTRICT MAGISTRATE SHRAVASTI_IDA),Shrawasti,"Construction of roads, link roads, pathways or any other road with or without drainage system",20-May-2026,1865906.0,Payment In-Progress,1.7081873663898506,3.7318120000000023,0,Low - Normal Pattern,No early cost-pattern anomaly against completed-works category norms.
EW-000572,Puducherry,Puducherry,Vaithilingam Ve,Puducherry(PROJECT DIRECTOR RDA PUDUCHERRY_IDA),Puducherry,"Construction of roads, link roads, pathways or any other road with or without drainage system",07-Aug-2026,665666.0,Payment In-Progress,0.37121362914427697,1.3313320000000008,0,Low - Normal Pattern,No early cost-pattern anomaly against completed-works category norms.
EW-000573,Karnataka,BIJAPUR(SC),Ramesh Chandappa Jigajinagi,VIJAYAPURA(DEPUTY COMMISSIONER BIJAPUR_IDA),VIJAYAPURA,Construction of community centers and community halls,03-Sep-2026,74928.0,Payment In-Progress,-2.5281065154325275,0.15076147340929613,0,Low - Normal Pattern,No early cost-pattern anomaly against completed-works category norms.
EW-000574,Punjab,LUDHIANA,AMRINDER SINGH RAJA WARRING,SRI MUKTSAR SAHIB(DEPUTY COMMISSIONER SRI MUKTSAR SAHIB_IDA),SRI MUKTSAR SAHIB,Providing drains and gutters for public drainage,01-Sep-2026,57992.0,Payment In-Progress,-3.240358513124769,0.12558643615005646,0,Low - Normal Pattern,No early cost-pattern anomaly against completed-works category norms.
EW-000575,Odisha,SUNDARGARH (ST),Shri Jual Oram,Sundaragada(DISTRICT COLLECTOR SUNDARGARH_IDA),Sundaragada,Construction of community centers and community halls,31-Aug-2026,210951.0,Payment In-Progress,-1.14504063152112,0.4244512542329227,0,Low - Normal Pattern,No early cost-pattern anomaly against completed-works category norms.
EW-000576,Uttar Pradesh,KANNAUJ,AKHILESH YADAV,KANPUR DEHAT(DISTRICT MAGISTRATE KANPUR DEHAT_IDA),KANPUR DEHAT,"Construction of roads, link roads, pathways or any other road with or without drainage system",23-Jun-2026,233994.0,Payment In-Progress,-0.9849299367926115,0.4679880000000003,0,Low - Normal Pattern,No early cost-pattern anomaly against completed-works category norms.
EW-000577,Odisha,ASKA,ANITA SUBHADARSHINI,GANJAM(DISTRICT COLLECTOR GANJAM_IDA),GANJAM,Construction of community centers and community halls,24-Aug-2026,400000.0,Payment In-Progress,-0.29010821030823913,0.8048338319949613,0,Low - Normal Pattern,No early cost-pattern anomaly against completed-works category norms.
EW-000578,Karnataka,DHARWAD,Pralhad Venkatesh Joshi,DHARWAD(DEPUTY COMMISSIONER DHARWAR_IDA),DHARWAD,Construction of buildings for community cultural activities,29-Jul-2026,296964.0,Payment In-Progress,-0.19805614851706896,0.8484685714285711,0,Low - Normal Pattern,No early cost-pattern anomaly against completed-works category norms.
EW-000579,Uttar Pradesh,VARANASI,Shri Narendra Modi,VARANASI(DISTRICT MAGISTRAE VARANASI_IDA),VARANASI,"Construction of roads, link roads, pathways or any other road with or without drainage system",19-Aug-2026,196942.0,Payment In-Progress,-1.208537879548224,0.39388400000000023,0,Low - Normal Pattern,No early cost-pattern anomaly against completed-works category norms.
EW-000580,Assam,DHUBRI,RAKIBUL HUSSAIN,DHUBRI(DEPUTY COMMISSIONER DHUBRI_IDA),DHUBRI,Construction of rooms and halls in school and colleges,25-Aug-2026,38250.0,Payment In-Progress,-3.378070129733217,0.07650000000000004,0,Low - Normal Pattern,No early cost-pattern anomaly against completed-works category norms.
EW-000581,Rajasthan,BANSWARA(ST),RAJ KUMAR ROAT,DUNGARPUR(DISTRICT COLLECTOR DUNGARPUR_IDA),DUNGARPUR,"Purchase of smart boards, visual display units and projectors",01-Sep-2026,99250.0,Payment In-Progress,-2.9305575591535646,0.4962499999999998,0,Low - Normal Pattern,No early cost-pattern anomaly against completed-works category norms.
EW-000582,Rajasthan,BANSWARA(ST),RAJ KUMAR ROAT,DUNGARPUR(DISTRICT COLLECTOR DUNGARPUR_IDA),DUNGARPUR,"Purchase of smart boards, visual display units and projectors",31-Aug-2026,97750.0,Payment In-Progress,-2.994251303184809,0.4887499999999998,0,Low - Normal Pattern,No early cost-pattern anomaly against completed-works category norms.
EW-000583,Uttar Pradesh,RAE BARELI,RAHUL GANDHI,RAE BARELI(DISTRICT MAGISTRATE RAE BARELI_IDA),RAE BARELI,"Construction of roads, link roads, pathways or any other road with or without drainage system",11-Aug-2026,676218.0,Payment In-Progress,0.39161425414746126,1.3524360000000009,0,Low - Normal Pattern,No early cost-pattern anomaly against completed-works category norms.
EW-000584,Rajasthan,BANSWARA(ST),RAJ KUMAR ROAT,DUNGARPUR(DISTRICT COLLECTOR DUNGARPUR_IDA),DUNGARPUR,"Purchase of smart boards, visual display units and projectors",01-Sep-2026,99250.0,Payment In-Progress,-2.9305575591535646,0.4962499999999998,0,Low - Normal Pattern,No early cost-pattern anomaly against completed-works category norms.
EW-000585,Punjab,LUDHIANA,AMRINDER SINGH RAJA WARRING,SRI MUKTSAR SAHIB(DEPUTY COMMISSIONER SRI MUKTSAR SAHIB_IDA),SRI MUKTSAR SAHIB,Providing drains and gutters for public drainage,01-Sep-2026,64711.0,Payment In-Progress,-3.069144591243936,0.14013698216489004,0,Low - Normal Pattern,No early cost-pattern anomaly against completed-works category norms.
EW-000586,Uttar Pradesh,GHAZIABAD,ATUL GARG,GHAZIABAD(DISTRICT MAGISTRAE GHAZIABAD_IDA),GHAZIABAD,"Construction of roads, link roads, pathways or any other road with or without drainage system",22-Aug-2026,280304.0,Payment In-Progress,-0.7506945138702616,0.5606080000000003,0,Low - Normal Pattern,No early cost-pattern anomaly against completed-works category norms.
EW-000587,Punjab,HOSHIARPUR(SC),DR. RAJ KUMAR CHABBEWAL,HOSHIARPUR(DEPUTY COMMISSIONER HOSHIARPUR_IDA),HOSHIARPUR,Construction of buildings for community cultural activities,02-Sep-2026,9577.0,Payment In-Progress,-4.337323362936117,0.027362857142857133,0,Low - Normal Pattern,No early cost-pattern anomaly against completed-works category norms.
EW-000588,Punjab,HOSHIARPUR(SC),DR. RAJ KUMAR CHABBEWAL,HOSHIARPUR(DEPUTY COMMISSIONER HOSHIARPUR_IDA),HOSHIARPUR,Construction of buildings for multi-gym,02-Sep-2026,13305.0,Payment In-Progress,0.0,0.034353362280859834,0,Low - Normal Pattern,No early cost-pattern anomaly against completed-works category norms.
EW-000589,Jammu And Kashmir,SRINAGAR,AGA SYED RUHULLAH MEHDI,SRINAGAR(DEPUTY COMMISSIONER SRINAGAR_IDA),SRINAGAR,Improvement of electricity distribution infrastructure,06-Jul-2026,400186.0,Payment In-Progress,1.2059958371696642,2.455324657794791,0,Low - Normal Pattern,No early cost-pattern anomaly against completed-works category norms.
EW-000590,Andhra Pradesh,TIRUPATI(SC),Maddila Gurumoorthy,Tirupati(DISTRICT COLLECTOR TIRUPATI_IDA),Tirupati,Street lights,05-Aug-2026,87586.0,Payment In-Progress,-0.7898753270476528,0.39290152116669147,0,Low - Normal Pattern,No early cost-pattern anomaly against completed-works category norms.
EW-000591,Andhra Pradesh,TIRUPATI(SC),Maddila Gurumoorthy,Tirupati(DISTRICT COLLECTOR TIRUPATI_IDA),Tirupati,Street lights,05-Aug-2026,87858.0,Payment In-Progress,-0.7872536382309494,0.3941216843635191,0,Low - Normal Pattern,No early cost-pattern anomaly against completed-works category norms.
EW-000592,Andhra Pradesh,TIRUPATI(SC),Maddila Gurumoorthy,Tirupati(DISTRICT COLLECTOR TIRUPATI_IDA),Tirupati,Street lights,05-Aug-2026,48595.0,Payment In-Progress,-1.2879676206377424,0.21799202408027965,0,Low - Normal Pattern,No early cost-pattern anomaly against completed-works category norms.
EW-000593,Madhya Pradesh,TIKAMGARH(SC),Virendra Kumar,TIKAMGARH(DISTRICT COLLECTOR TIKAMGARH_IDA),TIKAMGARH,Crematoriums/energy efficient crematoriums or structures on burial/cremation ground,25-Jul-2026,103817.0,Payment In-Progress,-4.058536245026879,0.2599854939008211,0,Low - Normal Pattern,No early cost-pattern anomaly against completed-works category norms.
EW-000594,Rajasthan,SIKAR,AMRARAM,SIKAR(DISTRICT COLLECTOR SIKAR_IDA),SIKAR,Construction of water tanks,15-Aug-2026,1995.0,Payment In-Progress,-6.8089366493814145,0.0020483390204767272,0,Low - Normal Pattern,No early cost-pattern anomaly against completed-works category norms.
EW-000595,Uttar Pradesh,VARANASI,Shri Narendra Modi,VARANASI(DISTRICT MAGISTRAE VARANASI_IDA),VARANASI,"Construction of roads, link roads, pathways or any other road with or without drainage system",19-Aug-2026,129800.0,Payment In-Progress,-1.7493316505617114,0.25960000000000016,0,Low - Normal Pattern,No early cost-pattern anomaly against completed-works category norms.
EW-000596,Andhra Pradesh,RAJAMPET,Midhun Reddy,Annamayya(DISTRICT COLLECTOR ANNAMAYYA_IDA),Annamayya,"Construction of roads, link roads, pathways or any other road with or without drainage system",04-Jul-2026,267654.0,Payment In-Progress,-0.8105956606659496,0.5353080000000003,0,Low - Normal Pattern,No early cost-pattern anomaly against completed-works category norms.
EW-000597,Andhra Pradesh,ONGOLE,Magunta Sreenivasulu Reddy,PRAKASAM(DISTRICT COLLECTOR PRAKASAM_IDA),PRAKASAM,Construction of rooms and halls in school and colleges,28-Aug-2026,2024577.0,Payment In-Progress,1.8379004770997662,4.049154000000002,0,Low - Normal Pattern,No early cost-pattern anomaly against completed-works category norms.
EW-000598,Andhra Pradesh,TIRUPATI(SC),Maddila Gurumoorthy,Tirupati(DISTRICT COLLECTOR TIRUPATI_IDA),Tirupati,Street lights,05-Aug-2026,48595.0,Payment In-Progress,-1.2879676206377424,0.21799202408027965,0,Low - Normal Pattern,No early cost-pattern anomaly against completed-works category norms.
EW-000599,Andhra Pradesh,TIRUPATI(SC),Maddila Gurumoorthy,Tirupati(DISTRICT COLLECTOR TIRUPATI_IDA),Tirupati,Street lights,05-Aug-2026,87858.0,Payment In-Progress,-0.7872536382309494,0.3941216843635191,0,Low - Normal Pattern,No early cost-pattern anomaly against completed-works category norms.
EW-000600,Andhra Pradesh,TIRUPATI(SC),Maddila Gurumoorthy,Tirupati(DISTRICT COLLECTOR TIRUPATI_IDA),Tirupati,Street lights,05-Aug-2026,87493.0,Payment In-Progress,-0.7907735814242813,0.392484333014835,0,Low - Normal Pattern,No early cost-pattern anomaly against completed-works category norms.
EW-000601,Andhra Pradesh,TIRUPATI(SC),Maddila Gurumoorthy,Tirupati(DISTRICT COLLECTOR TIRUPATI_IDA),Tirupati,Street lights,05-Aug-2026,87586.0,Payment In-Progress,-0.7898753270476528,0.39290152116669147,0,Low - Normal Pattern,No early cost-pattern anomaly against completed-works category norms.
EW-000602,Andhra Pradesh,TIRUPATI(SC),Maddila Gurumoorthy,Tirupati(DISTRICT COLLECTOR TIRUPATI_IDA),Tirupati,Street lights,05-Aug-2026,87586.0,Payment In-Progress,-0.7898753270476528,0.39290152116669147,0,Low - Normal Pattern,No early cost-pattern anomaly against completed-works category norms.
EW-000603,Andhra Pradesh,TIRUPATI(SC),Maddila Gurumoorthy,Tirupati(DISTRICT COLLECTOR TIRUPATI_IDA),Tirupati,Street lights,05-Aug-2026,87858.0,Payment In-Progress,-0.7872536382309494,0.3941216843635191,0,Low - Normal Pattern,No early cost-pattern anomaly against completed-works category norms.
EW-000604,Andhra Pradesh,TIRUPATI(SC),Maddila Gurumoorthy,Tirupati(DISTRICT COLLECTOR TIRUPATI_IDA),Tirupati,Street lights,05-Aug-2026,48595.0,Payment In-Progress,-1.2879676206377424,0.21799202408027965,0,Low - Normal Pattern,No early cost-pattern anomaly against completed-works category norms.
EW-000605,Andhra Pradesh,TIRUPATI(SC),Maddila Gurumoorthy,Tirupati(DISTRICT COLLECTOR TIRUPATI_IDA),Tirupati,Street lights,05-Aug-2026,87586.0,Payment In-Progress,-0.7898753270476528,0.39290152116669147,0,Low - Normal Pattern,No early cost-pattern anomaly against completed-works category norms.
EW-000606,Andhra Pradesh,TIRUPATI(SC),Maddila Gurumoorthy,Tirupati(DISTRICT COLLECTOR TIRUPATI_IDA),Tirupati,Street lights,05-Aug-2026,87586.0,Payment In-Progress,-0.7898753270476528,0.39290152116669147,0,Low - Normal Pattern,No early cost-pattern anomaly against completed-works category norms.
EW-000607,Andhra Pradesh,TIRUPATI(SC),Maddila Gurumoorthy,Tirupati(DISTRICT COLLECTOR TIRUPATI_IDA),Tirupati,Street lights,05-Aug-2026,87858.0,Payment In-Progress,-0.7872536382309494,0.3941216843635191,0,Low - Normal Pattern,No early cost-pattern anomaly against completed-works category norms.
EW-000608,Andhra Pradesh,TIRUPATI(SC),Maddila Gurumoorthy,Tirupati(DISTRICT COLLECTOR TIRUPATI_IDA),Tirupati,Street lights,05-Aug-2026,87766.0,Payment In-Progress,-0.7881394764475862,0.39370898210576855,0,Low - Normal Pattern,No early cost-pattern anomaly against completed-works category norms.
EW-000609,Andhra Pradesh,TIRUPATI(SC),Maddila Gurumoorthy,Tirupati(DISTRICT COLLECTOR TIRUPATI_IDA),Tirupati,Street lights,05-Aug-2026,48595.0,Payment In-Progress,-1.2879676206377424,0.21799202408027965,0,Low - Normal Pattern,No early cost-pattern anomaly against completed-works category norms.
EW-000610,Assam,DHUBRI,RAKIBUL HUSSAIN,DHUBRI(DEPUTY COMMISSIONER DHUBRI_IDA),DHUBRI,Construction of rooms and halls in school and colleges,25-Aug-2026,161736.0,Payment In-Progress,-1.4832471757986876,0.3234720000000002,0,Low - Normal Pattern,No early cost-pattern anomaly against completed-works category norms.
EW-000611,Rajasthan,JAIPUR RURAL,Rao Rajendra Singh,JAIPUR(DISTRICT COLLECTOR JAIPUR_IDA),JAIPUR,Improvement of electricity distribution infrastructure,23-Jul-2026,166785.0,Payment In-Progress,0.030926773546519713,1.0233024719762918,0,Low - Normal Pattern,No early cost-pattern anomaly against completed-works category norms.
EW-000612,Rajasthan,AJMER,Bhagirath Chaudhary,AJMER(DISTRICT COLLECTOR AJMER_IDA),AJMER,Construction of community centers and community halls,20-Aug-2026,398549.0,Payment In-Progress,-0.29496397485738224,0.8019142972693996,0,Low - Normal Pattern,No early cost-pattern anomaly against completed-works category norms.
EW-000613,Uttar Pradesh,FAIZABAD,AWADHESH PRASAD,AYODHYA(DISTRICT MAGISTRAE FAIZABAD_IDA),AYODHYA,Lighting of public spaces,19-Aug-2026,61353.0,Payment In-Progress,-4.231902566256642,0.30599694766137,0,Low - Normal Pattern,No early cost-pattern anomaly against completed-works category norms.
EW-000614,Uttar Pradesh,FAIZABAD,AWADHESH PRASAD,AYODHYA(DISTRICT MAGISTRAE FAIZABAD_IDA),AYODHYA,Lighting of public spaces,19-Aug-2026,61353.0,Payment In-Progress,-4.231902566256642,0.30599694766137,0,Low - Normal Pattern,No early cost-pattern anomaly against completed-works category norms.
EW-000615,Uttar Pradesh,FAIZABAD,AWADHESH PRASAD,AYODHYA(DISTRICT MAGISTRAE FAIZABAD_IDA),AYODHYA,Lighting of public spaces,19-Aug-2026,61353.0,Payment In-Progress,-4.231902566256642,0.30599694766137,0,Low - Normal Pattern,No early cost-pattern anomaly against completed-works category norms.
EW-000616,Uttar Pradesh,BHADOHI,VINOD KUMAR BIND,BHADOHI(DISTRICT MAGISTRATE BHADOHI_IDA),BHADOHI,Lighting of public spaces,08-Jul-2026,103263.0,Payment In-Progress,-2.371309942777715,0.5150222940419547,0,Low - Normal Pattern,No early cost-pattern anomaly against completed-works category norms.
EW-000617,Uttar Pradesh,FAIZABAD,AWADHESH PRASAD,AYODHYA(DISTRICT MAGISTRAE FAIZABAD_IDA),AYODHYA,Lighting of public spaces,19-Aug-2026,61353.0,Payment In-Progress,-4.231902566256642,0.30599694766137,0,Low - Normal Pattern,No early cost-pattern anomaly against completed-works category norms.
EW-000618,Uttar Pradesh,FAIZABAD,AWADHESH PRASAD,AYODHYA(DISTRICT MAGISTRAE FAIZABAD_IDA),AYODHYA,Lighting of public spaces,19-Aug-2026,61353.0,Payment In-Progress,-4.231902566256642,0.30599694766137,0,Low - Normal Pattern,No early cost-pattern anomaly against completed-works category norms.
EW-000619,Uttar Pradesh,FAIZABAD,AWADHESH PRASAD,AYODHYA(DISTRICT MAGISTRAE FAIZABAD_IDA),AYODHYA,Lighting of public spaces,19-Aug-2026,61353.0,Payment In-Progress,-4.231902566256642,0.30599694766137,0,Low - Normal Pattern,No early cost-pattern anomaly against completed-works category norms.
EW-000620,Uttar Pradesh,FAIZABAD,AWADHESH PRASAD,AYODHYA(DISTRICT MAGISTRAE FAIZABAD_IDA),AYODHYA,Lighting of public spaces,19-Aug-2026,61353.0,Payment In-Progress,-4.231902566256642,0.30599694766137,0,Low - Normal Pattern,No early cost-pattern anomaly against completed-works category norms.
EW-000621,Uttar Pradesh,FAIZABAD,AWADHESH PRASAD,AYODHYA(DISTRICT MAGISTRAE FAIZABAD_IDA),AYODHYA,Lighting of public spaces,19-Aug-2026,61353.0,Payment In-Progress,-4.231902566256642,0.30599694766137,0,Low - Normal Pattern,No early cost-pattern anomaly against completed-works category norms.
EW-000622,Uttar Pradesh,FAIZABAD,AWADHESH PRASAD,AYODHYA(DISTRICT MAGISTRAE FAIZABAD_IDA),AYODHYA,Lighting of public spaces,19-Aug-2026,61353.0,Payment In-Progress,-4.231902566256642,0.30599694766137,0,Low - Normal Pattern,No early cost-pattern anomaly against completed-works category norms.
EW-000623,Uttar Pradesh,CHANDAULI,VIRENDRA SINGH,VARANASI(DISTRICT MAGISTRAE VARANASI_IDA),VARANASI,"Construction of roads, link roads, pathways or any other road with or without drainage system",25-Aug-2026,151978.0,Payment In-Progress,-1.5447205353434232,0.30395600000000017,0,Low - Normal Pattern,No early cost-pattern anomaly against completed-works category norms.
EW-000624,Uttar Pradesh,FAIZABAD,AWADHESH PRASAD,AYODHYA(DISTRICT MAGISTRAE FAIZABAD_IDA),AYODHYA,Lighting of public spaces,19-Aug-2026,61353.0,Payment In-Progress,-4.231902566256642,0.30599694766137,0,Low - Normal Pattern,No early cost-pattern anomaly against completed-works category norms.
EW-000625,Uttar Pradesh,FAIZABAD,AWADHESH PRASAD,AYODHYA(DISTRICT MAGISTRAE FAIZABAD_IDA),AYODHYA,Lighting of public spaces,19-Aug-2026,61353.0,Payment In-Progress,-4.231902566256642,0.30599694766137,0,Low - Normal Pattern,No early cost-pattern anomaly against completed-works category norms.
EW-000626,Uttar Pradesh,FAIZABAD,AWADHESH PRASAD,AYODHYA(DISTRICT MAGISTRAE FAIZABAD_IDA),AYODHYA,Lighting of public spaces,19-Aug-2026,61353.0,Payment In-Progress,-4.231902566256642,0.30599694766137,0,Low - Normal Pattern,No early cost-pattern anomaly against completed-works category norms.
EW-000627,Uttar Pradesh,FAIZABAD,AWADHESH PRASAD,AYODHYA(DISTRICT MAGISTRAE FAIZABAD_IDA),AYODHYA,Lighting of public spaces,19-Aug-2026,61353.0,Payment In-Progress,-4.231902566256642,0.30599694766137,0,Low - Normal Pattern,No early cost-pattern anomaly against completed-works category norms.
EW-000628,Uttar Pradesh,FAIZABAD,AWADHESH PRASAD,AYODHYA(DISTRICT MAGISTRAE FAIZABAD_IDA),AYODHYA,Lighting of public spaces,19-Aug-2026,61353.0,Payment In-Progress,-4.231902566256642,0.30599694766137,0,Low - Normal Pattern,No early cost-pattern anomaly against completed-works category norms.
EW-000629,Uttar Pradesh,FAIZABAD,AWADHESH PRASAD,AYODHYA(DISTRICT MAGISTRAE FAIZABAD_IDA),AYODHYA,Lighting of public spaces,19-Aug-2026,61353.0,Payment In-Progress,-4.231902566256642,0.30599694766137,0,Low - Normal Pattern,No early cost-pattern anomaly against completed-works category norms.
EW-000630,Uttar Pradesh,FAIZABAD,AWADHESH PRASAD,AYODHYA(DISTRICT MAGISTRAE FAIZABAD_IDA),AYODHYA,Lighting of public spaces,19-Aug-2026,61353.0,Payment In-Progress,-4.231902566256642,0.30599694766137,0,Low - Normal Pattern,No early cost-pattern anomaly against completed-works category norms.
EW-000631,Uttar Pradesh,FAIZABAD,AWADHESH PRASAD,AYODHYA(DISTRICT MAGISTRAE FAIZABAD_IDA),AYODHYA,Lighting of public spaces,19-Aug-2026,61353.0,Payment In-Progress,-4.231902566256642,0.30599694766137,0,Low - Normal Pattern,No early cost-pattern anomaly against completed-works category norms.
EW-000632,Uttar Pradesh,FAIZABAD,AWADHESH PRASAD,AYODHYA(DISTRICT MAGISTRAE FAIZABAD_IDA),AYODHYA,Lighting of public spaces,19-Aug-2026,61353.0,Payment In-Progress,-4.231902566256642,0.30599694766137,0,Low - Normal Pattern,No early cost-pattern anomaly against completed-works category norms.
EW-000633,Uttar Pradesh,FAIZABAD,AWADHESH PRASAD,AYODHYA(DISTRICT MAGISTRAE FAIZABAD_IDA),AYODHYA,Lighting of public spaces,19-Aug-2026,61353.0,Payment In-Progress,-4.231902566256642,0.30599694766137,0,Low - Normal Pattern,No early cost-pattern anomaly against completed-works category norms.
EW-000634,Uttar Pradesh,FAIZABAD,AWADHESH PRASAD,AYODHYA(DISTRICT MAGISTRAE FAIZABAD_IDA),AYODHYA,Lighting of public spaces,19-Aug-2026,61353.0,Payment In-Progress,-4.231902566256642,0.30599694766137,0,Low - Normal Pattern,No early cost-pattern anomaly against completed-works category norms.
EW-000635,Uttar Pradesh,FAIZABAD,AWADHESH PRASAD,AYODHYA(DISTRICT MAGISTRAE FAIZABAD_IDA),AYODHYA,Lighting of public spaces,19-Aug-2026,61353.0,Payment In-Progress,-4.231902566256642,0.30599694766137,0,Low - Normal Pattern,No early cost-pattern anomaly against completed-works category norms.
EW-000636,Uttar Pradesh,CHANDAULI,VIRENDRA SINGH,VARANASI(DISTRICT MAGISTRAE VARANASI_IDA),VARANASI,"Construction of roads, link roads, pathways or any other road with or without drainage system",25-Aug-2026,898780.0,Payment In-Progress,0.7606783176636849,1.7975600000000012,0,Low - Normal Pattern,No early cost-pattern anomaly against completed-works category norms.
EW-000637,Uttar Pradesh,CHANDAULI,VIRENDRA SINGH,VARANASI(DISTRICT MAGISTRAE VARANASI_IDA),VARANASI,"Construction of roads, link roads, pathways or any other road with or without drainage system",25-Aug-2026,116323.0,Payment In-Progress,-1.891528626900574,0.23264600000000013,0,Low - Normal Pattern,No early cost-pattern anomaly against completed-works category norms.
EW-000638,Rajasthan,BANSWARA(ST),RAJ KUMAR ROAT,DUNGARPUR(DISTRICT COLLECTOR DUNGARPUR_IDA),DUNGARPUR,"Purchase of smart boards, visual display units and projectors",31-Aug-2026,99250.0,Payment In-Progress,-2.9305575591535646,0.4962499999999998,0,Low - Normal Pattern,No early cost-pattern anomaly against completed-works category norms.
EW-000639,Karnataka,DAKSHINA KANNADA,CAPTAIN BRIJESH CHOWTA,DAKSHINA KANNADA(DEPUTY COMMISSIONER DAKSHIN KANNAD MANGALORE_IDA),DAKSHINA KANNADA,"Construction of roads, link roads, pathways or any other road with or without drainage system",05-Aug-2026,493790.0,Payment In-Progress,-0.016211281371623247,0.9875800000000006,0,Low - Normal Pattern,No early cost-pattern anomaly against completed-works category norms.
EW-000640,Chhattisgarh,BILASPUR,TOKHAN SAHU,BILASPUR(DISTRICT COLLECTOR BILASPUR_IDA),BILASPUR,Construction of community centers and community halls,06-May-2026,108155.0,Payment In-Progress,-2.037682176191669,0.2176170077485376,0,Low - Normal Pattern,No early cost-pattern anomaly against completed-works category norms.
EW-000641,Uttar Pradesh,FAIZABAD,AWADHESH PRASAD,AYODHYA(DISTRICT MAGISTRAE FAIZABAD_IDA),AYODHYA,Lighting of public spaces,19-Aug-2026,61353.0,Payment In-Progress,-4.231902566256642,0.30599694766137,0,Low - Normal Pattern,No early cost-pattern anomaly against completed-works category norms.
EW-000642,Uttar Pradesh,FAIZABAD,AWADHESH PRASAD,AYODHYA(DISTRICT MAGISTRAE FAIZABAD_IDA),AYODHYA,Lighting of public spaces,19-Aug-2026,61353.0,Payment In-Progress,-4.231902566256642,0.30599694766137,0,Low - Normal Pattern,No early cost-pattern anomaly against completed-works category norms.
EW-000643,Uttar Pradesh,FAIZABAD,AWADHESH PRASAD,AYODHYA(DISTRICT MAGISTRAE FAIZABAD_IDA),AYODHYA,Lighting of public spaces,19-Aug-2026,61353.0,Payment In-Progress,-4.231902566256642,0.30599694766137,0,Low - Normal Pattern,No early cost-pattern anomaly against completed-works category norms.
EW-000644,Uttar Pradesh,FAIZABAD,AWADHESH PRASAD,AYODHYA(DISTRICT MAGISTRAE FAIZABAD_IDA),AYODHYA,Lighting of public spaces,19-Aug-2026,61353.0,Payment In-Progress,-4.231902566256642,0.30599694766137,0,Low - Normal Pattern,No early cost-pattern anomaly against completed-works category norms.
EW-000645,Uttar Pradesh,FAIZABAD,AWADHESH PRASAD,AYODHYA(DISTRICT MAGISTRAE FAIZABAD_IDA),AYODHYA,Lighting of public spaces,19-Aug-2026,61353.0,Payment In-Progress,-4.231902566256642,0.30599694766137,0,Low - Normal Pattern,No early cost-pattern anomaly against completed-works category norms.
EW-000646,Uttar Pradesh,FAIZABAD,AWADHESH PRASAD,AYODHYA(DISTRICT MAGISTRAE FAIZABAD_IDA),AYODHYA,Lighting of public spaces,19-Aug-2026,61353.0,Payment In-Progress,-4.231902566256642,0.30599694766137,0,Low - Normal Pattern,No early cost-pattern anomaly against completed-works category norms.
EW-000647,Uttar Pradesh,FAIZABAD,AWADHESH PRASAD,AYODHYA(DISTRICT MAGISTRAE FAIZABAD_IDA),AYODHYA,Lighting of public spaces,19-Aug-2026,61353.0,Payment In-Progress,-4.231902566256642,0.30599694766137,0,Low - Normal Pattern,No early cost-pattern anomaly against completed-works category norms.
EW-000648,Uttar Pradesh,FAIZABAD,AWADHESH PRASAD,AYODHYA(DISTRICT MAGISTRAE FAIZABAD_IDA),AYODHYA,Lighting of public spaces,19-Aug-2026,61353.0,Payment In-Progress,-4.231902566256642,0.30599694766137,0,Low - Normal Pattern,No early cost-pattern anomaly against completed-works category norms.
EW-000649,Uttar Pradesh,FAIZABAD,AWADHESH PRASAD,AYODHYA(DISTRICT MAGISTRAE FAIZABAD_IDA),AYODHYA,Lighting of public spaces,19-Aug-2026,61353.0,Payment In-Progress,-4.231902566256642,0.30599694766137,0,Low - Normal Pattern,No early cost-pattern anomaly against completed-works category norms.
EW-000650,Uttar Pradesh,FAIZABAD,AWADHESH PRASAD,AYODHYA(DISTRICT MAGISTRAE FAIZABAD_IDA),AYODHYA,Lighting of public spaces,19-Aug-2026,61353.0,Payment In-Progress,-4.231902566256642,0.30599694766137,0,Low - Normal Pattern,No early cost-pattern anomaly against completed-works category norms.
EW-000651,Uttar Pradesh,FAIZABAD,AWADHESH PRASAD,AYODHYA(DISTRICT MAGISTRAE FAIZABAD_IDA),AYODHYA,Lighting of public spaces,19-Aug-2026,61353.0,Payment In-Progress,-4.231902566256642,0.30599694766137,0,Low - Normal Pattern,No early cost-pattern anomaly against completed-works category norms.
EW-000652,Uttar Pradesh,FAIZABAD,AWADHESH PRASAD,AYODHYA(DISTRICT MAGISTRAE FAIZABAD_IDA),AYODHYA,Lighting of public spaces,19-Aug-2026,61353.0,Payment In-Progress,-4.231902566256642,0.30599694766137,0,Low - Normal Pattern,No early cost-pattern anomaly against completed-works category norms.
EW-000653,Rajasthan,AJMER,Bhagirath Chaudhary,AJMER(DISTRICT COLLECTOR AJMER_IDA),AJMER,Construction of community centers and community halls,20-Aug-2026,286219.0,Payment In-Progress,-0.7373336320024781,0.5758968363994146,0,Low - Normal Pattern,No early cost-pattern anomaly against completed-works category norms.
EW-000654,Uttar Pradesh,RAE BARELI,RAHUL GANDHI,RAE BARELI(DISTRICT MAGISTRATE RAE BARELI_IDA),RAE BARELI,"Construction of roads, link roads, pathways or any other road with or without drainage system",03-Sep-2026,493169.0,Payment In-Progress,-0.01784360872714725,0.9863380000000006,0,Low - Normal Pattern,No early cost-pattern anomaly against completed-works category norms.
EW-000655,Uttar Pradesh,KANNAUJ,AKHILESH YADAV,KANPUR DEHAT(DISTRICT MAGISTRATE KANPUR DEHAT_IDA),KANPUR DEHAT,"Construction of roads, link roads, pathways or any other road with or without drainage system",03-Sep-2026,268266.0,Payment In-Progress,-0.8076331060928973,0.5365320000000003,0,Low - Normal Pattern,No early cost-pattern anomaly against completed-works category norms.
EW-000656,Maharashtra,AURANGABAD_MH,BHUMARE SANDIPANRAO ASARAM,Chhatrapati Sambhajinagar(DISTRICT COLLECTOR AURANGABAD_IDA),Chhatrapati Sambhajinagar,Construction of community centers and community halls,01-Sep-2026,1499000.0,Payment In-Progress,1.4750895369373638,3.0161147854011174,0,Low - Normal Pattern,No early cost-pattern anomaly against completed-works category norms.
EW-000657,Punjab,BHATINDA,Smt Harsimrat Kaur Badal,BATHINDA(DEPUTY COMMISSIONER BHATINDA_IDA),BATHINDA,"Construction of roads, link roads, pathways or any other road with or without drainage system",14-Aug-2026,46800.0,Payment In-Progress,-3.0725527096142637,0.09360000000000006,0,Low - Normal Pattern,No early cost-pattern anomaly against completed-works category norms.
EW-000658,Punjab,BHATINDA,Smt Harsimrat Kaur Badal,BATHINDA(DEPUTY COMMISSIONER BHATINDA_IDA),BATHINDA,"Construction of roads, link roads, pathways or any other road with or without drainage system",14-Aug-2026,40500.0,Payment In-Progress,-3.2600938830055397,0.08100000000000004,0,Low - Normal Pattern,No early cost-pattern anomaly against completed-works category norms.
EW-000659,Punjab,BHATINDA,Smt Harsimrat Kaur Badal,BATHINDA(DEPUTY COMMISSIONER BHATINDA_IDA),BATHINDA,"Construction of roads, link roads, pathways or any other road with or without drainage system",14-Aug-2026,48000.0,Payment In-Progress,-3.0397121295741547,0.09600000000000006,0,Low - Normal Pattern,No early cost-pattern anomaly against completed-works category norms.
EW-000660,Punjab,BHATINDA,Smt Harsimrat Kaur Badal,BATHINDA(DEPUTY COMMISSIONER BHATINDA_IDA),BATHINDA,"Construction of roads, link roads, pathways or any other road with or without drainage system",14-Aug-2026,37800.0,Payment In-Progress,-3.3495868564758404,0.07560000000000004,0,Low - Normal Pattern,No early cost-pattern anomaly against completed-works category norms.
EW-000661,Maharashtra,SHIRDI(SC),BHAUSAHEB RAJARAM WAKCHAURE,Ahilyanagar(DISTRICT COLLECTOR AHMEDNAGAR_IDA),Ahilyanagar,Construction of water tanks,03-Sep-2026,494236.0,Payment In-Progress,-0.746098203681153,0.5074500672302436,0,Low - Normal Pattern,No early cost-pattern anomaly against completed-works category norms.
EW-000662,Himachal Pradesh,MANDI,Kangana Ranaut,KINNAUR(DEPUTY COMMISSIONER KINNAUR_IDA),KINNAUR,Construction of community centers and community halls,01-Sep-2026,45400.0,Payment In-Progress,-3.197547823626703,0.09134863993142811,0,Low - Normal Pattern,No early cost-pattern anomaly against completed-works category norms.
EW-000663,Punjab,HOSHIARPUR(SC),DR. RAJ KUMAR CHABBEWAL,HOSHIARPUR(DEPUTY COMMISSIONER HOSHIARPUR_IDA),HOSHIARPUR,Development of playfields and sports grounds,02-Sep-2026,65500.0,Payment In-Progress,-2.1153748256435376,0.13995790396588267,0,Low - Normal Pattern,No early cost-pattern anomaly against completed-works category norms.
EW-000664,Jammu And Kashmir,SRINAGAR,AGA SYED RUHULLAH MEHDI,SRINAGAR(DEPUTY COMMISSIONER SRINAGAR_IDA),SRINAGAR,"Construction of roads, link roads, pathways or any other road with or without drainage system",03-Sep-2026,227900.0,Payment In-Progress,-1.0191593964169754,0.45580000000000026,0,Low - Normal Pattern,No early cost-pattern anomaly against completed-works category norms.
EW-000665,Uttar Pradesh,DEORIA,SHASHANK MANI,DEORIA(DISTRICT MAGISTRATE DEORIA),DEORIA,"Construction of roads, link roads, pathways or any other road with or without drainage system",19-Jun-2026,302133.0,Payment In-Progress,-0.6534191047041739,0.6042660000000003,0,Low - Normal Pattern,No early cost-pattern anomaly against completed-works category norms.
EW-000666,Rajasthan,AJMER,Bhagirath Chaudhary,AJMER(DISTRICT COLLECTOR AJMER_IDA),AJMER,Construction of community centers and community halls,22-Aug-2026,3990.0,Payment In-Progress,-6.446737218284876,0.00802821747414974,0,Low - Normal Pattern,No early cost-pattern anomaly against completed-works category norms.
EW-000667,Rajasthan,AJMER,Bhagirath Chaudhary,AJMER(DISTRICT COLLECTOR AJMER_IDA),AJMER,Construction of community centers and community halls,25-Aug-2026,3990.0,Payment In-Progress,-6.446737218284876,0.00802821747414974,0,Low - Normal Pattern,No early cost-pattern anomaly against completed-works category norms.
EW-000668,Rajasthan,AJMER,Bhagirath Chaudhary,AJMER(DISTRICT COLLECTOR AJMER_IDA),AJMER,Construction of community centers and community halls,25-Aug-2026,3990.0,Payment In-Progress,-6.446737218284876,0.00802821747414974,0,Low - Normal Pattern,No early cost-pattern anomaly against completed-works category norms.
EW-000669,Rajasthan,AJMER,Bhagirath Chaudhary,AJMER(DISTRICT COLLECTOR AJMER_IDA),AJMER,Construction of community centers and community halls,25-Aug-2026,3990.0,Payment In-Progress,-6.446737218284876,0.00802821747414974,0,Low - Normal Pattern,No early cost-pattern anomaly against completed-works category norms.
EW-000670,Rajasthan,AJMER,Bhagirath Chaudhary,AJMER(DISTRICT COLLECTOR AJMER_IDA),AJMER,Construction of community centers and community halls,25-Aug-2026,3990.0,Payment In-Progress,-6.446737218284876,0.00802821747414974,0,Low - Normal Pattern,No early cost-pattern anomaly against completed-works category norms.
EW-000671,Rajasthan,AJMER,Bhagirath Chaudhary,AJMER(DISTRICT COLLECTOR AJMER_IDA),AJMER,Construction of community centers and community halls,25-Aug-2026,3990.0,Payment In-Progress,-6.446737218284876,0.00802821747414974,0,Low - Normal Pattern,No early cost-pattern anomaly against completed-works category norms.
EW-000672,Jammu And Kashmir,SRINAGAR,AGA SYED RUHULLAH MEHDI,SRINAGAR(DEPUTY COMMISSIONER SRINAGAR_IDA),SRINAGAR,Providing supply pipelines for drinking water,08-Apr-2026,182300.0,Payment In-Progress,-0.4026465618450492,0.7344113831750104,0,Low - Normal Pattern,No early cost-pattern anomaly against completed-works category norms.
EW-000673,Jammu And Kashmir,SRINAGAR,AGA SYED RUHULLAH MEHDI,SRINAGAR(DEPUTY COMMISSIONER SRINAGAR_IDA),SRINAGAR,Providing supply pipelines for drinking water,29-Jun-2026,133300.0,Payment In-Progress,-0.8109874532520707,0.5370106274121168,0,Low - Normal Pattern,No early cost-pattern anomaly against completed-works category norms.
EW-000674,Tamil Nadu,KARUR,Smt S Jothimani,PUDUKKOTTAI(DISTRICT COLLECTOR PUDUKKOTTAI_IDA),PUDUKKOTTAI,"Purchase of prosthetics, wheel chairs, tricycles (manual or motorized), elect scooties, hearing aids",03-Sep-2026,305400.0,Payment In-Progress,0.0,3.2147368421052613,0,Low - Normal Pattern,No early cost-pattern anomaly against completed-works category norms.
EW-000675,Punjab,BHATINDA,Smt Harsimrat Kaur Badal,BATHINDA(DEPUTY COMMISSIONER BHATINDA_IDA),BATHINDA,"Construction of roads, link roads, pathways or any other road with or without drainage system",14-Aug-2026,49125.0,Payment In-Progress,-3.0096613579946667,0.09825000000000006,0,Low - Normal Pattern,No early cost-pattern anomaly against completed-works category norms.
EW-000676,Punjab,BHATINDA,Smt Harsimrat Kaur Badal,BATHINDA(DEPUTY COMMISSIONER BHATINDA_IDA),BATHINDA,"Construction of roads, link roads, pathways or any other road with or without drainage system",14-Aug-2026,46023.0,Payment In-Progress,-3.0942692317663507,0.09204600000000006,0,Low - Normal Pattern,No early cost-pattern anomaly against completed-works category norms.
EW-000677,Punjab,BHATINDA,Smt Harsimrat Kaur Badal,BATHINDA(DEPUTY COMMISSIONER BHATINDA_IDA),BATHINDA,"Construction of roads, link roads, pathways or any other road with or without drainage system",14-Aug-2026,45840.0,Payment In-Progress,-3.0994372704179285,0.09168000000000005,0,Low - Normal Pattern,No early cost-pattern anomaly against completed-works category norms.
EW-000678,Punjab,BHATINDA,Smt Harsimrat Kaur Badal,BATHINDA(DEPUTY COMMISSIONER BHATINDA_IDA),BATHINDA,"Construction of roads, link roads, pathways or any other road with or without drainage system",14-Aug-2026,45840.0,Payment In-Progress,-3.0994372704179285,0.09168000000000005,0,Low - Normal Pattern,No early cost-pattern anomaly against completed-works category norms.
EW-000679,Uttar Pradesh,KANNAUJ,AKHILESH YADAV,KANPUR DEHAT(DISTRICT MAGISTRATE KANPUR DEHAT_IDA),KANPUR DEHAT,"Construction of roads, link roads, pathways or any other road with or without drainage system",02-Jul-2026,835029.0,Payment In-Progress,0.6652458187485558,1.670058000000001,0,Low - Normal Pattern,No early cost-pattern anomaly against completed-works category norms.
EW-000680,Uttar Pradesh,BHADOHI,VINOD KUMAR BIND,BHADOHI(DISTRICT MAGISTRATE BHADOHI_IDA),BHADOHI,"Construction of roads, link roads, pathways or any other road with or without drainage system",14-Aug-2026,693364.0,Payment In-Progress,0.42409396716551295,1.3867280000000008,0,Low - Normal Pattern,No early cost-pattern anomaly against completed-works category norms.
EW-000681,Uttar Pradesh,BHADOHI,VINOD KUMAR BIND,BHADOHI(DISTRICT MAGISTRATE BHADOHI_IDA),BHADOHI,"Construction of roads, link roads, pathways or any other road with or without drainage system",14-Aug-2026,608299.0,Payment In-Progress,0.25431399360372886,1.2165980000000007,0,Low - Normal Pattern,No early cost-pattern anomaly against completed-works category norms.
EW-000682,Punjab,BHATINDA,Smt Harsimrat Kaur Badal,BATHINDA(DEPUTY COMMISSIONER BHATINDA_IDA),BATHINDA,Crematoriums/energy efficient crematoriums or structures on burial/cremation ground,19-Aug-2026,26905.0,Payment In-Progress,-8.12667751871091,0.06737730538737963,0,Low - Normal Pattern,No early cost-pattern anomaly against completed-works category norms.
EW-000683,Punjab,BHATINDA,Smt Harsimrat Kaur Badal,BATHINDA(DEPUTY COMMISSIONER BHATINDA_IDA),BATHINDA,Crematoriums/energy efficient crematoriums or structures on burial/cremation ground,19-Aug-2026,32978.0,Payment In-Progress,-7.51350116895491,0.08258571927392698,0,Low - Normal Pattern,No early cost-pattern anomaly against completed-works category norms.
EW-000684,Telangana,KHAMMAM,RAMASAHAYAM RAGHURAM REDDY,KHAMMAM(DISTRICT COLLECTOR KHAMMAM_IDA),KHAMMAM,Installing hand pumps,17-Aug-2026,68627.0,Payment In-Progress,-618.0989301546942,0.9283202121039952,0,Low - Normal Pattern,No early cost-pattern anomaly against completed-works category norms.
EW-000685,Punjab,BHATINDA,Smt Harsimrat Kaur Badal,MANSA(DEPUTY COMMISSIONER MANSA_IDA),MANSA,"Purchase of prosthetics, wheel chairs, tricycles (manual or motorized), elect scooties, hearing aids",02-Apr-2026,45000.0,Payment In-Progress,0.0,0.4736842105263155,0,Low - Normal Pattern,No early cost-pattern anomaly against completed-works category norms.
EW-000686,Meghalaya,SHILLONG,ANDREW J. SYNGKON,WEST JAINTIA HILLS(DEPUTY COMMISSIONER WEST JAINTIA HILLS JOWAI_IDA),WEST JAINTIA HILLS,Construction of community centers and community halls,01-Sep-2026,250000.0,Payment In-Progress,-0.9181123631831903,0.5030211449968508,0,Low - Normal Pattern,No early cost-pattern anomaly against completed-works category norms.
EW-000687,Assam,DHUBRI,RAKIBUL HUSSAIN,SOUTH SALMARA MANCACHAR(Deputy Commissioner South Salmara Mankachar_IDA),SOUTH SALMARA MANCACHAR,"Construction of flood control embankments/ protection walls along riverbanks, hilltops, roadsides",26-Aug-2026,306330.0,Payment In-Progress,-0.7709269395207197,0.4354013616466215,0,Low - Normal Pattern,No early cost-pattern anomaly against completed-works category norms.
EW-000688,Assam,DHUBRI,RAKIBUL HUSSAIN,SOUTH SALMARA MANCACHAR(Deputy Commissioner South Salmara Mankachar_IDA),SOUTH SALMARA MANCACHAR,"Construction of flood control embankments/ protection walls along riverbanks, hilltops, roadsides",26-Aug-2026,293670.0,Payment In-Progress,-0.810059176163885,0.417407103041698,0,Low - Normal Pattern,No early cost-pattern anomaly against completed-works category norms.
EW-000689,Uttar Pradesh,BIJNOR,CHANDAN CHAUHAN,MUZAFFARNAGAR(DISTRICT MAGISTRATE MUZAFFARNAGAR_IDA),MUZAFFARNAGAR,"Construction of roads, link roads, pathways or any other road with or without drainage system",22-Jun-2026,479133.0,Payment In-Progress,-0.05529664785514242,0.9582660000000005,0,Low - Normal Pattern,No early cost-pattern anomaly against completed-works category norms.
EW-000690,Karnataka,CHITRADURGA(SC),GOVIND MAKTHAPPA KARJOL,CHITRADURGA(DEPUTY COMMISSIONER CHITRADURGA_IDA),CHITRADURGA,Construction of boundary walls of existing public and community buildings,04-Aug-2026,123954.0,Payment In-Progress,-1.8634849529677864,0.25025266753373687,0,Low - Normal Pattern,No early cost-pattern anomaly against completed-works category norms.
EW-000691,Andhra Pradesh,HINDUPUR,B K PARTHASARATHI,Sri Sathya Sai(DISTRICT COLLECTOR SRI SATHYA SAI_IDA),Sri Sathya Sai,Construction of community centers and community halls,29-Aug-2026,999946.0,Payment In-Progress,0.9341386591069696,2.011975927420084,0,Low - Normal Pattern,No early cost-pattern anomaly against completed-works category norms.
EW-000692,Punjab,BHATINDA,Smt Harsimrat Kaur Badal,BATHINDA(DEPUTY COMMISSIONER BHATINDA_IDA),BATHINDA,"Construction of roads, link roads, pathways or any other road with or without drainage system",14-Aug-2026,41278.0,Payment In-Progress,-3.235412418367067,0.08255600000000005,0,Low - Normal Pattern,No early cost-pattern anomaly against completed-works category norms.
EW-000693,Punjab,BHATINDA,Smt Harsimrat Kaur Badal,BATHINDA(DEPUTY COMMISSIONER BHATINDA_IDA),BATHINDA,"Construction of roads, link roads, pathways or any other road with or without drainage system",14-Aug-2026,45840.0,Payment In-Progress,-3.0994372704179285,0.09168000000000005,0,Low - Normal Pattern,No early cost-pattern anomaly against completed-works category norms.
EW-000694,Punjab,BHATINDA,Smt Harsimrat Kaur Badal,BATHINDA(DEPUTY COMMISSIONER BHATINDA_IDA),BATHINDA,"Construction of roads, link roads, pathways or any other road with or without drainage system",14-Aug-2026,45840.0,Payment In-Progress,-3.0994372704179285,0.09168000000000005,0,Low - Normal Pattern,No early cost-pattern anomaly against completed-works category norms.
EW-000695,Punjab,BHATINDA,Smt Harsimrat Kaur Badal,BATHINDA(DEPUTY COMMISSIONER BHATINDA_IDA),BATHINDA,"Construction of roads, link roads, pathways or any other road with or without drainage system",14-Aug-2026,45840.0,Payment In-Progress,-3.0994372704179285,0.09168000000000005,0,Low - Normal Pattern,No early cost-pattern anomaly against completed-works category norms.
EW-000696,Rajasthan,AJMER,Bhagirath Chaudhary,AJMER(DISTRICT COLLECTOR AJMER_IDA),AJMER,Construction of community centers and community halls,22-Aug-2026,3990.0,Payment In-Progress,-6.446737218284876,0.00802821747414974,0,Low - Normal Pattern,No early cost-pattern anomaly against completed-works category norms.
EW-000697,Rajasthan,AJMER,Bhagirath Chaudhary,AJMER(DISTRICT COLLECTOR AJMER_IDA),AJMER,Construction of community centers and community halls,22-Aug-2026,3990.0,Payment In-Progress,-6.446737218284876,0.00802821747414974,0,Low - Normal Pattern,No early cost-pattern anomaly against completed-works category norms.
EW-000698,Punjab,HOSHIARPUR(SC),DR. RAJ KUMAR CHABBEWAL,HOSHIARPUR(DEPUTY COMMISSIONER HOSHIARPUR_IDA),HOSHIARPUR,Construction of buildings for community cultural activities,02-Sep-2026,20000.0,Payment In-Progress,-3.4497856132852798,0.05714285714285713,0,Low - Normal Pattern,No early cost-pattern anomaly against completed-works category norms.
EW-000699,Uttar Pradesh,BIJNOR,CHANDAN CHAUHAN,MUZAFFARNAGAR(DISTRICT MAGISTRATE MUZAFFARNAGAR_IDA),MUZAFFARNAGAR,"Construction of roads, link roads, pathways or any other road with or without drainage system",20-Jul-2026,399288.0,Payment In-Progress,-0.29175795875735966,0.7985760000000005,0,Low - Normal Pattern,No early cost-pattern anomaly against completed-works category norms.
EW-000700,Chhattisgarh,KORBA,Jyotsna Charandas Mahant,KORBA(Collector-Korba),KORBA,Construction of buildings for community cultural activities,27-Aug-2026,149233.0,Payment In-Progress,-1.0274195448609296,0.42637999999999987,0,Low - Normal Pattern,No early cost-pattern anomaly against completed-works category norms.
EW-000701,Maharashtra,NANDED,Ravindra Vasantrao Chavan,NANDED(DISTRICT COLLECTOR NANDED_IDA),NANDED,"Construction of roads, link roads, pathways or any other road with or without drainage system",02-Sep-2026,699930.0,Payment In-Progress,0.4363197320506847,1.3998600000000008,0,Low - Normal Pattern,No early cost-pattern anomaly against completed-works category norms.
EW-000702,Chhattisgarh,KORBA,Jyotsna Charandas Mahant,KORBA(Collector-Korba),KORBA,Installing tube-wells and borewells,24-Jul-2026,145000.0,Payment In-Progress,-1.4172988778702234,0.6620203874324689,0,Low - Normal Pattern,No early cost-pattern anomaly against completed-works category norms.
EW-000703,Karnataka,BELLARY(ST),E. TUKARAM,Vijayanagara(DEPUTY COMMISSIONER VIJAYANAGARA_IDA),Vijayanagara,Construction of community centers and community halls,02-Sep-2026,750000.0,Payment In-Progress,0.5498190244748907,1.5090634349905523,0,Low - Normal Pattern,No early cost-pattern anomaly against completed-works category norms.
EW-000704,Karnataka,BELLARY(ST),E. TUKARAM,Vijayanagara(DEPUTY COMMISSIONER VIJAYANAGARA_IDA),Vijayanagara,Construction of community centers and community halls,02-Sep-2026,750000.0,Payment In-Progress,0.5498190244748907,1.5090634349905523,0,Low - Normal Pattern,No early cost-pattern anomaly against completed-works category norms.
EW-000705,Karnataka,BELLARY(ST),E. TUKARAM,Vijayanagara(DEPUTY COMMISSIONER VIJAYANAGARA_IDA),Vijayanagara,Construction of community centers and community halls,02-Sep-2026,900000.0,Payment In-Progress,0.7934313876580812,1.8108761219886629,0,Low - Normal Pattern,No early cost-pattern anomaly against completed-works category norms.
EW-000706,Kerala,IDUKKI,Adv Dean Kuriakose,ERNAKULAM(DISTRICT COLLECTOR ERNAKULAM_IDA),ERNAKULAM,"Construction of roads, link roads, pathways or any other road with or without drainage system",18-Aug-2026,793606.0,Payment In-Progress,0.5992485181583828,1.587212000000001,0,Low - Normal Pattern,No early cost-pattern anomaly against completed-works category norms.
EW-000707,Uttarakhand,NAINITAL UDHAM SINGH NAG.,Ajay Bhatt,NAINITAL(DISTRICT MAGISTRATE NAINITAL_IDA),NAINITAL,Construction of community centers and community halls,15-Jul-2026,499724.0,Payment In-Progress,0.007311456709271097,1.005486954649625,0,Low - Normal Pattern,No early cost-pattern anomaly against completed-works category norms.
EW-000708,Uttar Pradesh,BIJNOR,CHANDAN CHAUHAN,MUZAFFARNAGAR(DISTRICT MAGISTRATE MUZAFFARNAGAR_IDA),MUZAFFARNAGAR,"Construction of roads, link roads, pathways or any other road with or without drainage system",20-Jul-2026,419461.0,Payment In-Progress,-0.2278253649323763,0.8389220000000005,0,Low - Normal Pattern,No early cost-pattern anomaly against completed-works category norms.
EW-000709,Rajasthan,AJMER,Bhagirath Chaudhary,AJMER(DISTRICT COLLECTOR AJMER_IDA),AJMER,Construction of community centers and community halls,22-Aug-2026,3990.0,Payment In-Progress,-6.446737218284876,0.00802821747414974,0,Low - Normal Pattern,No early cost-pattern anomaly against completed-works category norms.
EW-000710,Uttar Pradesh,BIJNOR,CHANDAN CHAUHAN,MUZAFFARNAGAR(DISTRICT MAGISTRATE MUZAFFARNAGAR_IDA),MUZAFFARNAGAR,"Construction of roads, link roads, pathways or any other road with or without drainage system",20-Jul-2026,636844.0,Payment In-Progress,0.31379819410721077,1.2736880000000008,0,Low - Normal Pattern,No early cost-pattern anomaly against completed-works category norms.
EW-000711,Uttar Pradesh,BIJNOR,CHANDAN CHAUHAN,MUZAFFARNAGAR(DISTRICT MAGISTRATE MUZAFFARNAGAR_IDA),MUZAFFARNAGAR,"Construction of roads, link roads, pathways or any other road with or without drainage system",20-Jul-2026,398654.0,Payment In-Progress,-0.29381921857603405,0.7973080000000005,0,Low - Normal Pattern,No early cost-pattern anomaly against completed-works category norms.
EW-000712,Haryana,FARIDABAD,Krishan Pal Gurjar,PALWAL(CEO DRDA MPLADS PALWAL),PALWAL,"Construction of roads, link roads, pathways or any other road with or without drainage system",02-Sep-2026,1199870.0,Payment In-Progress,1.1354594061735017,2.3997400000000013,0,Low - Normal Pattern,No early cost-pattern anomaly against completed-works category norms.
EW-000713,Chhattisgarh,SARGUJA(ST),CHINTAMANI MAHARAJ,SURGUJA(Collector Surguja_IDA),SURGUJA,"Purchase of IT systems, including hardware and software for educational purposes",21-Aug-2026,499900.0,Payment In-Progress,0.05754699644007909,1.0414583333333327,0,Low - Normal Pattern,No early cost-pattern anomaly against completed-works category norms.
EW-000714,Odisha,SUNDARGARH (ST),Shri Jual Oram,Sundaragada(DISTRICT COLLECTOR SUNDARGARH_IDA),Sundaragada,Construction of community centers and community halls,31-Aug-2026,248.0,Payment In-Progress,-10.15877130532163,0.000498996975836876,0,Low - Normal Pattern,No early cost-pattern anomaly against completed-works category norms.
EW-000715,Uttar Pradesh,LUCKNOW,Rajnath Singh,LUCKNOW(DISTRICT MAGISTRAE LUCKNOW_IDA),LUCKNOW,"Construction of roads, link roads, pathways or any other road with or without drainage system",08-Aug-2026,221868.0,Payment In-Progress,-1.053954131392057,0.44373600000000024,0,Low - Normal Pattern,No early cost-pattern anomaly against completed-works category norms.
EW-000716,Uttar Pradesh,LUCKNOW,Rajnath Singh,LUCKNOW(DISTRICT MAGISTRAE LUCKNOW_IDA),LUCKNOW,"Construction of roads, link roads, pathways or any other road with or without drainage system",08-Aug-2026,158722.0,Payment In-Progress,-1.4884009770202264,0.31744400000000017,0,Low - Normal Pattern,No early cost-pattern anomaly against completed-works category norms.
EW-000717,Punjab,HOSHIARPUR(SC),DR. RAJ KUMAR CHABBEWAL,HOSHIARPUR(DEPUTY COMMISSIONER HOSHIARPUR_IDA),HOSHIARPUR,Construction of buildings for community cultural activities,02-Sep-2026,4000.0,Payment In-Progress,-5.38962701043698,0.011428571428571425,0,Low - Normal Pattern,No early cost-pattern anomaly against completed-works category norms.
EW-000718,Haryana,SIRSA(SC),SELJA,JIND(DEPUTY COMMISSIONER JIND),JIND,Purchase of mobile water tankers,24-Aug-2026,173500.0,Payment In-Progress,0.16983007342208728,1.0450170455229908,0,Low - Normal Pattern,No early cost-pattern anomaly against completed-works category norms.
EW-000719,Haryana,SIRSA(SC),SELJA,JIND(DEPUTY COMMISSIONER JIND),JIND,Purchase of mobile water tankers,26-Aug-2026,173800.0,Payment In-Progress,0.17649324438170305,1.0468239914230304,0,Low - Normal Pattern,No early cost-pattern anomaly against completed-works category norms.
EW-000720,Haryana,SIRSA(SC),SELJA,JIND(DEPUTY COMMISSIONER JIND),JIND,Purchase of mobile water tankers,24-Aug-2026,173200.0,Payment In-Progress,0.16315537115421896,1.043210099622951,0,Low - Normal Pattern,No early cost-pattern anomaly against completed-works category norms.
EW-000721,Haryana,SIRSA(SC),SELJA,JIND(DEPUTY COMMISSIONER JIND),JIND,Purchase of mobile water tankers,24-Aug-2026,173250.0,Payment In-Progress,0.16426862401166525,1.0435112572729577,0,Low - Normal Pattern,No early cost-pattern anomaly against completed-works category norms.
EW-000722,Rajasthan,AJMER,Bhagirath Chaudhary,AJMER(DISTRICT COLLECTOR AJMER_IDA),AJMER,Construction of community centers and community halls,22-Aug-2026,3990.0,Payment In-Progress,-6.446737218284876,0.00802821747414974,0,Low - Normal Pattern,No early cost-pattern anomaly against completed-works category norms.
EW-000723,Rajasthan,AJMER,Bhagirath Chaudhary,AJMER(DISTRICT COLLECTOR AJMER_IDA),AJMER,Construction of community centers and community halls,22-Aug-2026,2700.0,Payment In-Progress,-6.968563830158027,0.0054326283659659885,0,Low - Normal Pattern,No early cost-pattern anomaly against completed-works category norms.
EW-000724,Rajasthan,AJMER,Bhagirath Chaudhary,AJMER(DISTRICT COLLECTOR AJMER_IDA),AJMER,Construction of community centers and community halls,22-Aug-2026,1995.0,Payment In-Progress,-7.372898806959796,0.00401410873707487,0,Low - Normal Pattern,No early cost-pattern anomaly against completed-works category norms.
EW-000725,Rajasthan,AJMER,Bhagirath Chaudhary,AJMER(DISTRICT COLLECTOR AJMER_IDA),AJMER,Construction of community centers and community halls,25-Aug-2026,2850.0,Payment In-Progress,-6.896320899722293,0.005734441052964099,0,Low - Normal Pattern,No early cost-pattern anomaly against completed-works category norms.
EW-000726,Rajasthan,AJMER,Bhagirath Chaudhary,AJMER(DISTRICT COLLECTOR AJMER_IDA),AJMER,Construction of community centers and community halls,22-Aug-2026,12600.0,Payment In-Progress,-4.910269334553962,0.02535226570784128,0,Low - Normal Pattern,No early cost-pattern anomaly against completed-works category norms.
EW-000727,Rajasthan,AJMER,Bhagirath Chaudhary,AJMER(DISTRICT COLLECTOR AJMER_IDA),AJMER,Construction of community centers and community halls,25-Aug-2026,10800.0,Payment In-Progress,-5.1162406528081865,0.021730513463863954,0,Low - Normal Pattern,No early cost-pattern anomaly against completed-works category norms.
EW-000728,Rajasthan,AJMER,Bhagirath Chaudhary,AJMER(DISTRICT COLLECTOR AJMER_IDA),AJMER,Construction of community centers and community halls,25-Aug-2026,11700.0,Payment In-Progress,-5.00929008966678,0.023541389585852616,0,Low - Normal Pattern,No early cost-pattern anomaly against completed-works category norms.
EW-000729,Rajasthan,AJMER,Bhagirath Chaudhary,AJMER(DISTRICT COLLECTOR AJMER_IDA),AJMER,Construction of community centers and community halls,25-Aug-2026,3990.0,Payment In-Progress,-6.446737218284876,0.00802821747414974,0,Low - Normal Pattern,No early cost-pattern anomaly against completed-works category norms.
EW-000730,Rajasthan,AJMER,Bhagirath Chaudhary,AJMER(DISTRICT COLLECTOR AJMER_IDA),AJMER,Construction of community centers and community halls,25-Aug-2026,3990.0,Payment In-Progress,-6.446737218284876,0.00802821747414974,0,Low - Normal Pattern,No early cost-pattern anomaly against completed-works category norms.
EW-000731,Rajasthan,AJMER,Bhagirath Chaudhary,AJMER(DISTRICT COLLECTOR AJMER_IDA),AJMER,Construction of community centers and community halls,25-Aug-2026,3990.0,Payment In-Progress,-6.446737218284876,0.00802821747414974,0,Low - Normal Pattern,No early cost-pattern anomaly against completed-works category norms.
EW-000732,Rajasthan,AJMER,Bhagirath Chaudhary,AJMER(DISTRICT COLLECTOR AJMER_IDA),AJMER,Construction of community centers and community halls,25-Aug-2026,3990.0,Payment In-Progress,-6.446737218284876,0.00802821747414974,0,Low - Normal Pattern,No early cost-pattern anomaly against completed-works category norms.
EW-000733,Rajasthan,AJMER,Bhagirath Chaudhary,AJMER(DISTRICT COLLECTOR AJMER_IDA),AJMER,Construction of community centers and community halls,25-Aug-2026,3990.0,Payment In-Progress,-6.446737218284876,0.00802821747414974,0,Low - Normal Pattern,No early cost-pattern anomaly against completed-works category norms.
EW-000734,Rajasthan,AJMER,Bhagirath Chaudhary,AJMER(DISTRICT COLLECTOR AJMER_IDA),AJMER,Construction of community centers and community halls,25-Aug-2026,10800.0,Payment In-Progress,-5.1162406528081865,0.021730513463863954,0,Low - Normal Pattern,No early cost-pattern anomaly against completed-works category norms.
EW-000735,Rajasthan,AJMER,Bhagirath Chaudhary,AJMER(DISTRICT COLLECTOR AJMER_IDA),AJMER,Construction of community centers and community halls,25-Aug-2026,3990.0,Payment In-Progress,-6.446737218284876,0.00802821747414974,0,Low - Normal Pattern,No early cost-pattern anomaly against completed-works category norms.
EW-000736,Jammu And Kashmir,SRINAGAR,AGA SYED RUHULLAH MEHDI,SRINAGAR(DEPUTY COMMISSIONER SRINAGAR_IDA),SRINAGAR,Street lights,31-Mar-2026,682.0,Payment In-Progress,-4.895135336889408,0.0030593797802809077,0,Low - Normal Pattern,No early cost-pattern anomaly against completed-works category norms.
EW-000737,Punjab,BHATINDA,Smt Harsimrat Kaur Badal,BATHINDA(DEPUTY COMMISSIONER BHATINDA_IDA),BATHINDA,Purchase of mobile water tankers,14-Aug-2026,150000.0,Payment In-Progress,-0.39150687678787854,0.9034729500198767,0,Low - Normal Pattern,No early cost-pattern anomaly against completed-works category norms.
EW-000738,Haryana,SIRSA(SC),SELJA,JIND(DEPUTY COMMISSIONER JIND),JIND,Purchase of mobile water tankers,24-Aug-2026,173350.0,Payment In-Progress,0.1664941661956553,1.0441135725729709,0,Low - Normal Pattern,No early cost-pattern anomaly against completed-works category norms.
EW-000739,Uttar Pradesh,BHADOHI,VINOD KUMAR BIND,BHADOHI(DISTRICT MAGISTRATE BHADOHI_IDA),BHADOHI,Lighting of public spaces,08-Jul-2026,103263.0,Payment In-Progress,-2.371309942777715,0.5150222940419547,0,Low - Normal Pattern,No early cost-pattern anomaly against completed-works category norms.
EW-000740,Punjab,BHATINDA,Smt Harsimrat Kaur Badal,BATHINDA(DEPUTY COMMISSIONER BHATINDA_IDA),BATHINDA,"Construction of roads, link roads, pathways or any other road with or without drainage system",21-Aug-2026,48705.0,Payment In-Progress,-3.020799034975135,0.09741000000000005,0,Low - Normal Pattern,No early cost-pattern anomaly against completed-works category norms.
EW-000741,Uttar Pradesh,BHADOHI,VINOD KUMAR BIND,BHADOHI(DISTRICT MAGISTRATE BHADOHI_IDA),BHADOHI,Lighting of public spaces,08-Jul-2026,103263.0,Payment In-Progress,-2.371309942777715,0.5150222940419547,0,Low - Normal Pattern,No early cost-pattern anomaly against completed-works category norms.
EW-000742,Uttarakhand,ALMORA(SC),Ajay Tamta,BAGESHWAR(DISTRICT MAGISTRATE BAGESHWAR_IDA),BAGESHWAR,Construction of footpaths and pedestrian ways,03-Sep-2026,5925.0,Payment In-Progress,-4.38691725734355,0.019934724422075487,0,Low - Normal Pattern,No early cost-pattern anomaly against completed-works category norms.
EW-000743,Uttarakhand,ALMORA(SC),Ajay Tamta,ALMORA(DISTRICT MAGISTRATE ALMORA_IDA),ALMORA,Construction of footpaths and pedestrian ways,02-Sep-2026,49011.0,Payment In-Progress,-2.0195434862197854,0.16489802171313783,0,Low - Normal Pattern,No early cost-pattern anomaly against completed-works category norms.
EW-000744,Andhra Pradesh,ARAKU(ST),Gumma Thanuja Rani,Parvathipuram Manyam(District Collector Parvathipuram Manyam_IDA),Parvathipuram Manyam,"Construction of roads, link roads, pathways or any other road with or without drainage system",21-Aug-2026,500000.0,Payment In-Progress,0.0,1.0000000000000007,0,Low - Normal Pattern,No early cost-pattern anomaly against completed-works category norms.
EW-000745,Rajasthan,GANGANAGAR(SC),KULDEEP INDORA,GANGANAGAR(Zilla GANGANAGAR),GANGANAGAR,Development of playground,26-Aug-2026,26531.0,Payment In-Progress,-4.77985470869929,0.03275432098765431,0,Low - Normal Pattern,No early cost-pattern anomaly against completed-works category norms.
EW-000746,Puducherry,Puducherry,Vaithilingam Ve,Puducherry(PROJECT DIRECTOR RDA PUDUCHERRY_IDA),Puducherry,"Construction of roads, link roads, pathways or any other road with or without drainage system",25-Aug-2026,1229867.0,Payment In-Progress,1.1674892879197374,2.4597340000000014,0,Low - Normal Pattern,No early cost-pattern anomaly against completed-works category norms.
EW-000747,Gujarat,SABARKANTHA,SHOBHANABEN MAHENDRASINH BARAIYA,ARVALLI(DISTRICT COLLECTOR ARVALLI_IDA),ARVALLI,"Construction of roads, link roads, pathways or any other road with or without drainage system",21-Aug-2026,200000.0,Payment In-Progress,-1.1885515183145698,0.40000000000000024,0,Low - Normal Pattern,No early cost-pattern anomaly against completed-works category norms.
EW-000748,Tamil Nadu,THANJAVUR,MURASOLI S,THIRUVARUR(DISTRICT COLLECTOR THIRUVARUR_IDA),THIRUVARUR,Construction of buildings for community cultural activities,25-Aug-2026,576388.0,Payment In-Progress,0.6012569863636615,1.6468228571428567,0,Low - Normal Pattern,No early cost-pattern anomaly against completed-works category norms.
EW-000749,Uttarakhand,ALMORA(SC),Ajay Tamta,BAGESHWAR(DISTRICT MAGISTRATE BAGESHWAR_IDA),BAGESHWAR,Construction of footpaths and pedestrian ways,03-Sep-2026,1453.0,Payment In-Progress,-5.9617762169225745,0.004888633685278596,0,Low - Normal Pattern,No early cost-pattern anomaly against completed-works category norms.
EW-000750,Uttarakhand,ALMORA(SC),Ajay Tamta,BAGESHWAR(DISTRICT MAGISTRATE BAGESHWAR_IDA),BAGESHWAR,Construction of footpaths and pedestrian ways,03-Sep-2026,5811.0,Payment In-Progress,-4.408685515476134,0.0195511702306634,0,Low - Normal Pattern,No early cost-pattern anomaly against completed-works category norms.
EW-000751,Uttarakhand,ALMORA(SC),Ajay Tamta,BAGESHWAR(DISTRICT MAGISTRATE BAGESHWAR_IDA),BAGESHWAR,Construction of footpaths and pedestrian ways,03-Sep-2026,1481.0,Payment In-Progress,-5.940389881451845,0.004982839977906126,0,Low - Normal Pattern,No early cost-pattern anomaly against completed-works category norms.
EW-000752,Jammu And Kashmir,UDHAMPUR,Jitendra Singh,RAMBAN(Deputy Commissioner Ramban_IDA),RAMBAN,Construction of footpaths and pedestrian ways,03-Sep-2026,117000.0,Payment In-Progress,-1.044600988411283,0.3936477227650349,0,Low - Normal Pattern,No early cost-pattern anomaly against completed-works category norms.
EW-000753,Odisha,SAMBALPUR,DHARMENDRA PRADHAN,SAMBALPUR(DISTRICT COLLECTOR SAMBALPUR_IDA),SAMBALPUR,Construction of public irrigation facilities,01-Sep-2026,668978.0,Payment In-Progress,0.46210978453457446,1.4023709894256982,0,Low - Normal Pattern,No early cost-pattern anomaly against completed-works category norms.
EW-000754,Gujarat,KHEDA,Devusinh Jesingbhai Chauhan,Ahmedabad(DISTRICT COLLECTOR AHMADABAD_IDA),Ahmedabad,"Construction of roads, link roads, pathways or any other road with or without drainage system",31-Aug-2026,199645.0,Payment In-Progress,-1.190855976310462,0.39929000000000026,0,Low - Normal Pattern,No early cost-pattern anomaly against completed-works category norms.
EW-000755,Uttar Pradesh,BANSGAON(SC),Kamlesh Paswan,GORAKHPUR(DISTRICT MAGISTRATE GORAKHPUR_IDA),GORAKHPUR,"Construction of roads, link roads, pathways or any other road with or without drainage system",31-Aug-2026,842520.0,Payment In-Progress,0.6768304491450573,1.685040000000001,0,Low - Normal Pattern,No early cost-pattern anomaly against completed-works category norms.
EW-000756,Uttar Pradesh,DEORIA,SHASHANK MANI,DEORIA(DISTRICT MAGISTRATE DEORIA),DEORIA,"Construction of roads, link roads, pathways or any other road with or without drainage system",24-Aug-2026,1227789.0,Payment In-Progress,1.1652957797034076,2.4555780000000014,0,Low - Normal Pattern,No early cost-pattern anomaly against completed-works category norms.
EW-000757,Uttar Pradesh,DEORIA,SHASHANK MANI,DEORIA(DISTRICT MAGISTRATE DEORIA),DEORIA,"Construction of roads, link roads, pathways or any other road with or without drainage system",24-Aug-2026,939599.0,Payment In-Progress,0.8182903783185411,1.879198000000001,0,Low - Normal Pattern,No early cost-pattern anomaly against completed-works category norms.
EW-000758,West Bengal,TAMLUK,ABHIJIT GANGOPADHYAY,Purba Medinipur(DISTRICT MAGISTRATE PURBA MEDINIPUR_IDA),Purba Medinipur,"Construction of roads, link roads, pathways or any other road with or without drainage system",25-Aug-2026,342151.0,Payment In-Progress,-0.4920753433415002,0.6843020000000004,0,Low - Normal Pattern,No early cost-pattern anomaly against completed-works category norms.
EW-000759,West Bengal,TAMLUK,ABHIJIT GANGOPADHYAY,Purba Medinipur(DISTRICT MAGISTRATE PURBA MEDINIPUR_IDA),Purba Medinipur,"Construction of roads, link roads, pathways or any other road with or without drainage system",25-Aug-2026,348032.0,Payment In-Progress,-0.46996924255651584,0.6960640000000005,0,Low - Normal Pattern,No early cost-pattern anomaly against completed-works category norms.
EW-000760,Uttar Pradesh,VARANASI,Shri Narendra Modi,VARANASI(DISTRICT MAGISTRAE VARANASI_IDA),VARANASI,"Construction of roads, link roads, pathways or any other road with or without drainage system",29-Aug-2026,299838.0,Payment In-Progress,-0.663309734292545,0.5996760000000003,0,Low - Normal Pattern,No early cost-pattern anomaly against completed-works category norms.
EW-000761,Uttarakhand,ALMORA(SC),Ajay Tamta,ALMORA(DISTRICT MAGISTRATE ALMORA_IDA),ALMORA,Construction of footpaths and pedestrian ways,02-Sep-2026,5400.0,Payment In-Progress,-4.4908752188320795,0.018168356435309303,0,Low - Normal Pattern,No early cost-pattern anomaly against completed-works category norms.
EW-000762,Uttarakhand,ALMORA(SC),Ajay Tamta,ALMORA(DISTRICT MAGISTRATE ALMORA_IDA),ALMORA,Construction of footpaths and pedestrian ways,02-Sep-2026,5400.0,Payment In-Progress,-4.4908752188320795,0.018168356435309303,0,Low - Normal Pattern,No early cost-pattern anomaly against completed-works category norms.
EW-000763,Rajasthan,BHILWARA,DAMODAR AGARWAL,Shahpura(DISTRICT COLLECTOR Shahpura_IDA),Shahpura,Construction of community centers and community halls,24-Aug-2026,31000.0,Payment In-Progress,-3.707329465872202,0.062374621979609496,0,Low - Normal Pattern,No early cost-pattern anomaly against completed-works category norms.
EW-000764,Uttarakhand,ALMORA(SC),Ajay Tamta,ALMORA(DISTRICT MAGISTRATE ALMORA_IDA),ALMORA,Construction of footpaths and pedestrian ways,02-Sep-2026,5400.0,Payment In-Progress,-4.4908752188320795,0.018168356435309303,0,Low - Normal Pattern,No early cost-pattern anomaly against completed-works category norms.
EW-000765,Punjab,BHATINDA,Smt Harsimrat Kaur Badal,BATHINDA(DEPUTY COMMISSIONER BHATINDA_IDA),BATHINDA,"Construction of roads, link roads, pathways or any other road with or without drainage system",21-Aug-2026,10056.0,Payment In-Progress,-5.067172896081167,0.020112000000000012,0,Low - Normal Pattern,No early cost-pattern anomaly against completed-works category norms.
EW-000766,Punjab,BHATINDA,Smt Harsimrat Kaur Badal,BATHINDA(DEPUTY COMMISSIONER BHATINDA_IDA),BATHINDA,"Construction of roads, link roads, pathways or any other road with or without drainage system",21-Aug-2026,10056.0,Payment In-Progress,-5.067172896081167,0.020112000000000012,0,Low - Normal Pattern,No early cost-pattern anomaly against completed-works category norms.
EW-000767,Telangana,MALKAJGIRI,EATALA RAJENDER,MEDCHAL MALKAJGIRI(DISTRICT COLLECTOR MEDCHAL MALKAJGIRI_IDA),MEDCHAL MALKAJGIRI,Installing tube-wells and borewells,19-Aug-2026,327469.0,Payment In-Progress,1.3820494576274145,1.4951114086353323,0,Low - Normal Pattern,No early cost-pattern anomaly against completed-works category norms.
EW-000768,Madhya Pradesh,DHAR(ST),SAVITRI THAKUR,DHAR(DISTRICT COLLECTOR DHAR_IDA),DHAR,Construction of buildings for community cultural activities,02-Sep-2026,1248000.0,Payment In-Progress,1.5323643516517873,3.5657142857142845,0,Low - Normal Pattern,No early cost-pattern anomaly against completed-works category norms.
EW-000769,Andhra Pradesh,BAPATLA,Krishna Prasad Tenneti,Bapatla(DISTRICT COLLECTOR BAPATLA_IDA),Bapatla,"Construction of roads, link roads, pathways or any other road with or without drainage system",18-Aug-2026,999468.0,Payment In-Progress,0.8984142560565881,1.9989360000000012,0,Low - Normal Pattern,No early cost-pattern anomaly against completed-works category norms.
EW-000770,West Bengal,ULUBERIA,Smt Sajda Ahmed,HOWRAH(DISTRICT MAGISTRATE HOWRAH_IDA),HOWRAH,Setting up of kitchen and pantries,19-Aug-2026,328709.0,Payment In-Progress,0.0,0.6575560867782237,0,Low - Normal Pattern,No early cost-pattern anomaly against completed-works category norms.
EW-000771,Assam,Darrang-Udalguri,Dilip Saikia,TAMULPUR(IDA Tamulpur),TAMULPUR,Construction of community centers and community halls,24-Aug-2026,120703.0,Payment In-Progress,-1.8910141422029834,0.24286464505821953,0,Low - Normal Pattern,No early cost-pattern anomaly against completed-works category norms.
EW-000772,Odisha,KORAPUT(ST),Saptagiri Sankar Ulaka,RAYAGADA(DISTRICT COLLECTOR RAYAGADA_IDA),RAYAGADA,"Construction of roads, link roads, pathways or any other road with or without drainage system",20-Aug-2026,250000.0,Payment In-Progress,-0.8991045147700292,0.5000000000000003,0,Low - Normal Pattern,No early cost-pattern anomaly against completed-works category norms.
EW-000773,Odisha,KORAPUT(ST),Saptagiri Sankar Ulaka,RAYAGADA(DISTRICT COLLECTOR RAYAGADA_IDA),RAYAGADA,"Construction of roads, link roads, pathways or any other road with or without drainage system",20-Aug-2026,250000.0,Payment In-Progress,-0.8991045147700292,0.5000000000000003,0,Low - Normal Pattern,No early cost-pattern anomaly against completed-works category norms.
EW-000774,Karnataka,DAKSHINA KANNADA,CAPTAIN BRIJESH CHOWTA,DAKSHINA KANNADA(DEPUTY COMMISSIONER DAKSHIN KANNAD MANGALORE_IDA),DAKSHINA KANNADA,Crematoriums/energy efficient crematoriums or structures on burial/cremation ground,19-Aug-2026,499162.0,Payment In-Progress,0.6723553502164595,1.2500349567654783,0,Low - Normal Pattern,No early cost-pattern anomaly against completed-works category norms.
EW-000775,Punjab,SANGRUR,GURMEET SINGH MEET HAYER,BARNALA(DEPUTY COMMISSIONER BARNALA_IDA),BARNALA,Construction of bus-sheds or bus-stops,02-Sep-2026,138967.0,Payment In-Progress,-10.744017447031377,0.5346077201837335,0,Low - Normal Pattern,No early cost-pattern anomaly against completed-works category norms.
EW-000776,Odisha,BARGARH,PRADEEP PUROHIT,Baragada(DISTRICT COLLECTOR BARAGARH_IDA),Baragada,Construction of rooms and halls in school and colleges,03-Sep-2026,300000.0,Payment In-Progress,-0.6713202051752133,0.6000000000000003,0,Low - Normal Pattern,No early cost-pattern anomaly against completed-works category norms.
EW-000777,Odisha,BARGARH,PRADEEP PUROHIT,Baragada(DISTRICT COLLECTOR BARAGARH_IDA),Baragada,Construction of rooms and halls in school and colleges,03-Sep-2026,414121.0,Payment In-Progress,-0.2476583348168563,0.8282420000000005,0,Low - Normal Pattern,No early cost-pattern anomaly against completed-works category norms.
EW-000778,Telangana,KHAMMAM,RAMASAHAYAM RAGHURAM REDDY,KHAMMAM(DISTRICT COLLECTOR KHAMMAM_IDA),KHAMMAM,"Construction of roads, link roads, pathways or any other road with or without drainage system",24-Aug-2026,498359.0,Payment In-Progress,-0.004264193932455281,0.9967180000000005,0,Low - Normal Pattern,No early cost-pattern anomaly against completed-works category norms.
EW-000779,Uttarakhand,ALMORA(SC),Ajay Tamta,ALMORA(DISTRICT MAGISTRATE ALMORA_IDA),ALMORA,Construction of footpaths and pedestrian ways,02-Sep-2026,7684.0,Payment In-Progress,-4.095643698400201,0.025852898305354942,0,Low - Normal Pattern,No early cost-pattern anomaly against completed-works category norms.
EW-000780,Uttarakhand,ALMORA(SC),Ajay Tamta,ALMORA(DISTRICT MAGISTRATE ALMORA_IDA),ALMORA,Construction of footpaths and pedestrian ways,02-Sep-2026,5700.0,Payment In-Progress,-4.430295211350569,0.019177709570604266,0,Low - Normal Pattern,No early cost-pattern anomaly against completed-works category norms.
EW-000781,Uttarakhand,ALMORA(SC),Ajay Tamta,ALMORA(DISTRICT MAGISTRATE ALMORA_IDA),ALMORA,Construction of footpaths and pedestrian ways,02-Sep-2026,5400.0,Payment In-Progress,-4.4908752188320795,0.018168356435309303,0,Low - Normal Pattern,No early cost-pattern anomaly against completed-works category norms.
EW-000782,Telangana,CHELVELLA,KONDA VISHWESHWAR REDDY,VIKARABAD(DISTRICT COLLECTOR VIKARABAD_2),VIKARABAD,"Construction of roads, link roads, pathways or any other road with or without drainage system",03-Sep-2026,676218.0,Payment In-Progress,0.39161425414746126,1.3524360000000009,0,Low - Normal Pattern,No early cost-pattern anomaly against completed-works category norms.
EW-000783,Jammu And Kashmir,UDHAMPUR,Jitendra Singh,RAMBAN(Deputy Commissioner Ramban_IDA),RAMBAN,Construction of footpaths and pedestrian ways,03-Sep-2026,213200.0,Payment In-Progress,-0.3722630726786149,0.7173136281496192,0,Low - Normal Pattern,No early cost-pattern anomaly against completed-works category norms.
EW-000784,Himachal Pradesh,MANDI,Kangana Ranaut,KINNAUR(DEPUTY COMMISSIONER KINNAUR_IDA),KINNAUR,Setting up crops conservation facilities,01-Sep-2026,16950.0,Payment In-Progress,0.0,,0,Low - Normal Pattern,No early cost-pattern anomaly against completed-works category norms.
EW-000785,Andhra Pradesh,VISAKHAPATNAM,Sribharat MathuKumli,Visakhapatnam(DISTRICT COLLECTOR VISAKHAPATNAM_IDA),Visakhapatnam,Construction of buildings for crèches and anganwadies,01-Sep-2026,790981.0,Payment In-Progress,0.0,0.6545515180001849,0,Low - Normal Pattern,No early cost-pattern anomaly against completed-works category norms.
EW-000786,Gujarat,KHEDA,Devusinh Jesingbhai Chauhan,Ahmedabad(DISTRICT COLLECTOR AHMADABAD_IDA),Ahmedabad,"Construction of roads, link roads, pathways or any other road with or without drainage system",31-Aug-2026,199995.0,Payment In-Progress,-1.1885839470605475,0.39999000000000023,0,Low - Normal Pattern,No early cost-pattern anomaly against completed-works category norms.
EW-000787,Punjab,FATEHGARH SAHIB(SC),Shri Amar Singh,LUDHIANA(DEPUTY COMMISSIONER LUDHIANA_IDA),LUDHIANA,Providing drains and gutters for public drainage,02-Sep-2026,35000.0,Payment In-Progress,-4.028999577312881,0.07579537290060656,0,Low - Normal Pattern,No early cost-pattern anomaly against completed-works category norms.
EW-000788,Punjab,FATEHGARH SAHIB(SC),Shri Amar Singh,LUDHIANA(DEPUTY COMMISSIONER LUDHIANA_IDA),LUDHIANA,Providing drains and gutters for public drainage,02-Sep-2026,42912.0,Payment In-Progress,-3.71069967549452,0.0929294583403094,0,Low - Normal Pattern,No early cost-pattern anomaly against completed-works category norms.
EW-000789,Punjab,FATEHGARH SAHIB(SC),Shri Amar Singh,LUDHIANA(DEPUTY COMMISSIONER LUDHIANA_IDA),LUDHIANA,Providing drains and gutters for public drainage,02-Sep-2026,15000.0,Payment In-Progress,-5.352308047221853,0.0324837312431171,0,Low - Normal Pattern,No early cost-pattern anomaly against completed-works category norms.
EW-000790,Karnataka,SHIMOGA,Shri B Y Raghavendra,UDUPI(DEPUTY COMMISSIONER UDUPI_IDA),UDUPI,Construction of rooms and halls in school and colleges,26-Aug-2026,500000.0,Payment In-Progress,0.0,1.0000000000000007,0,Low - Normal Pattern,No early cost-pattern anomaly against completed-works category norms.
EW-000791,Andhra Pradesh,VISAKHAPATNAM,Sribharat MathuKumli,Visakhapatnam(DISTRICT COLLECTOR VISAKHAPATNAM_IDA),Visakhapatnam,Construction of buildings for crèches and anganwadies,02-Sep-2026,894098.0,Payment In-Progress,0.0,0.7398827571596907,0,Low - Normal Pattern,No early cost-pattern anomaly against completed-works category norms.
EW-000792,Himachal Pradesh,MANDI,Kangana Ranaut,MANDI(DEPUTY COMMISSIONER MANDI_IDA),MANDI,Construction of boundary walls of existing public and community buildings,29-Aug-2026,320000.0,Payment In-Progress,-0.5876827513026724,0.6460530003936605,0,Low - Normal Pattern,No early cost-pattern anomaly against completed-works category norms.
EW-000793,Chhattisgarh,BASTAR(ST),MAHESH KASHYAP,Dakshin Bastar Dantewada(Collector Dantewada_IDA),Dakshin Bastar Dantewada,Construction of rooms and halls in school and colleges,27-Aug-2026,1250000.0,Payment In-Progress,1.2041770293098955,2.5000000000000013,0,Low - Normal Pattern,No early cost-pattern anomaly against completed-works category norms.
EW-000794,Uttar Pradesh,JAUNPUR,BABU SINGH KUSHWAHA,JAUNPUR(DISTRICT MAGISTRATE JAUNPUR_IDA),JAUNPUR,"Construction of roads, link roads, pathways or any other road with or without drainage system",29-Aug-2026,941803.0,Payment In-Progress,0.8213294776887132,1.883606000000001,0,Low - Normal Pattern,No early cost-pattern anomaly against completed-works category norms.
EW-000795,Gujarat,NAVSARI,C R Patil,NAVSARI(DISTRICT COLLECTOR NAVSARI_IDA),NAVSARI,"Construction of flood control embankments/ protection walls along riverbanks, hilltops, roadsides",24-Aug-2026,500000.0,Payment In-Progress,-0.3166661864451928,0.7106737205735997,0,Low - Normal Pattern,No early cost-pattern anomaly against completed-works category norms.
EW-000796,Uttar Pradesh,JAUNPUR,BABU SINGH KUSHWAHA,JAUNPUR(DISTRICT MAGISTRATE JAUNPUR_IDA),JAUNPUR,"Construction of roads, link roads, pathways or any other road with or without drainage system",29-Aug-2026,338097.0,Payment In-Progress,-0.5075362986745745,0.6761940000000004,0,Low - Normal Pattern,No early cost-pattern anomaly against completed-works category norms.
EW-000797,Madhya Pradesh,HOSHANGABAD,DARSHAN SINGH CHOUDHARY,NARMADAPURAM(DISTRICT COLLECTOR NARMADAPURAM_IDA),NARMADAPURAM,Installing tube-wells and borewells,03-Sep-2026,70000.0,Payment In-Progress,-3.9196852789157366,0.31959604910532985,0,Low - Normal Pattern,No early cost-pattern anomaly against completed-works category norms.
EW-000798,Madhya Pradesh,HOSHANGABAD,DARSHAN SINGH CHOUDHARY,NARMADAPURAM(DISTRICT COLLECTOR NARMADAPURAM_IDA),NARMADAPURAM,Installing tube-wells and borewells,03-Sep-2026,80000.0,Payment In-Progress,-3.4608422750839627,0.3652526275489484,0,Low - Normal Pattern,No early cost-pattern anomaly against completed-works category norms.
EW-000799,Madhya Pradesh,HOSHANGABAD,DARSHAN SINGH CHOUDHARY,NARMADAPURAM(DISTRICT COLLECTOR NARMADAPURAM_IDA),NARMADAPURAM,Installing tube-wells and borewells,03-Sep-2026,98813.0,Payment In-Progress,-2.7351042584552756,0.45114634857492797,0,Low - Normal Pattern,No early cost-pattern anomaly against completed-works category norms.
EW-000800,Rajasthan,UDAIPUR(ST),MANNA LAL RAWAT,PRATAPGARH(DISTRICT COLLECTOR PRATAPGARH_IDA),PRATAPGARH,Construction of common work sheds/ common covered sitting area,27-Aug-2026,2750.0,Payment In-Progress,-10.399807119995051,0.009323456120425146,0,Low - Normal Pattern,No early cost-pattern anomaly against completed-works category norms.
EW-000801,Rajasthan,UDAIPUR(ST),MANNA LAL RAWAT,PRATAPGARH(DISTRICT COLLECTOR PRATAPGARH_IDA),PRATAPGARH,Construction of common work sheds/ common covered sitting area,27-Aug-2026,3250.0,Payment In-Progress,-10.02820331171854,0.011018629960502445,0,Low - Normal Pattern,No early cost-pattern anomaly against completed-works category norms.
EW-000802,Rajasthan,UDAIPUR(ST),MANNA LAL RAWAT,PRATAPGARH(DISTRICT COLLECTOR PRATAPGARH_IDA),PRATAPGARH,Construction of common work sheds/ common covered sitting area,27-Aug-2026,7200.0,Payment In-Progress,-8.258816215153509,0.02441050329711311,0,Low - Normal Pattern,No early cost-pattern anomaly against completed-works category norms.
EW-000803,Rajasthan,UDAIPUR(ST),MANNA LAL RAWAT,PRATAPGARH(DISTRICT COLLECTOR PRATAPGARH_IDA),PRATAPGARH,Construction of common work sheds/ common covered sitting area,27-Aug-2026,2750.0,Payment In-Progress,-10.399807119995051,0.009323456120425146,0,Low - Normal Pattern,No early cost-pattern anomaly against completed-works category norms.
EW-000804,Himachal Pradesh,MANDI,Kangana Ranaut,KINNAUR(DEPUTY COMMISSIONER KINNAUR_IDA),KINNAUR,Construction of community centers and community halls,01-Sep-2026,42000.0,Payment In-Progress,-3.3015585203873123,0.08450755235947094,0,Low - Normal Pattern,No early cost-pattern anomaly against completed-works category norms.
EW-000805,Himachal Pradesh,MANDI,Kangana Ranaut,KINNAUR(DEPUTY COMMISSIONER KINNAUR_IDA),KINNAUR,Construction of community centers and community halls,01-Sep-2026,14605.0,Payment In-Progress,-4.712961143691733,0.029386495290716023,0,Low - Normal Pattern,No early cost-pattern anomaly against completed-works category norms.
EW-000806,Himachal Pradesh,MANDI,Kangana Ranaut,KINNAUR(DEPUTY COMMISSIONER KINNAUR_IDA),KINNAUR,Construction of community centers and community halls,01-Sep-2026,14605.0,Payment In-Progress,-4.712961143691733,0.029386495290716023,0,Low - Normal Pattern,No early cost-pattern anomaly against completed-works category norms.
EW-000807,Himachal Pradesh,MANDI,Kangana Ranaut,KINNAUR(DEPUTY COMMISSIONER KINNAUR_IDA),KINNAUR,Construction of community centers and community halls,01-Sep-2026,14605.0,Payment In-Progress,-4.712961143691733,0.029386495290716023,0,Low - Normal Pattern,No early cost-pattern anomaly against completed-works category norms.
EW-000808,Gujarat,AMRELI,BHARATBHAI MANUBHAI SUTARIYA,AMRELI(DISTRICT COLLECTOR AMRELI_IDA),AMRELI,"Construction of roads, link roads, pathways or any other road with or without drainage system",27-Aug-2026,390000.0,Payment In-Progress,-0.32228758358465165,0.7800000000000005,0,Low - Normal Pattern,No early cost-pattern anomaly against completed-works category norms.
EW-000809,Himachal Pradesh,MANDI,Kangana Ranaut,KINNAUR(DEPUTY COMMISSIONER KINNAUR_IDA),KINNAUR,Construction of community centers and community halls,01-Sep-2026,12938.0,Payment In-Progress,-4.874898404626455,0.026032350295877024,0,Low - Normal Pattern,No early cost-pattern anomaly against completed-works category norms.
EW-000810,Himachal Pradesh,MANDI,Kangana Ranaut,KINNAUR(DEPUTY COMMISSIONER KINNAUR_IDA),KINNAUR,Construction of community centers and community halls,01-Sep-2026,12938.0,Payment In-Progress,-4.874898404626455,0.026032350295877024,0,Low - Normal Pattern,No early cost-pattern anomaly against completed-works category norms.
EW-000811,Himachal Pradesh,MANDI,Kangana Ranaut,KINNAUR(DEPUTY COMMISSIONER KINNAUR_IDA),KINNAUR,Construction of community centers and community halls,01-Sep-2026,12938.0,Payment In-Progress,-4.874898404626455,0.026032350295877024,0,Low - Normal Pattern,No early cost-pattern anomaly against completed-works category norms.
EW-000812,Himachal Pradesh,MANDI,Kangana Ranaut,KINNAUR(DEPUTY COMMISSIONER KINNAUR_IDA),KINNAUR,Construction of community centers and community halls,01-Sep-2026,12938.0,Payment In-Progress,-4.874898404626455,0.026032350295877024,0,Low - Normal Pattern,No early cost-pattern anomaly against completed-works category norms.
EW-000813,Himachal Pradesh,MANDI,Kangana Ranaut,KINNAUR(DEPUTY COMMISSIONER KINNAUR_IDA),KINNAUR,Construction of community centers and community halls,01-Sep-2026,12938.0,Payment In-Progress,-4.874898404626455,0.026032350295877024,0,Low - Normal Pattern,No early cost-pattern anomaly against completed-works category norms.
EW-000814,Himachal Pradesh,MANDI,Kangana Ranaut,KINNAUR(DEPUTY COMMISSIONER KINNAUR_IDA),KINNAUR,Construction of community centers and community halls,01-Sep-2026,12938.0,Payment In-Progress,-4.874898404626455,0.026032350295877024,0,Low - Normal Pattern,No early cost-pattern anomaly against completed-works category norms.
EW-000815,Himachal Pradesh,MANDI,Kangana Ranaut,KINNAUR(DEPUTY COMMISSIONER KINNAUR_IDA),KINNAUR,Construction of community centers and community halls,01-Sep-2026,12938.0,Payment In-Progress,-4.874898404626455,0.026032350295877024,0,Low - Normal Pattern,No early cost-pattern anomaly against completed-works category norms.
EW-000816,Gujarat,GANDHINAGAR,Shri Amit Shah,Ahmedabad(DISTRICT COLLECTOR AHMADABAD_IDA),Ahmedabad,Purchase of books and periodicals for libraries/digitization of library books,03-Sep-2026,170639.0,Payment In-Progress,-13.438342234451705,0.3601300899486309,0,Low - Normal Pattern,No early cost-pattern anomaly against completed-works category norms.
EW-000817,Himachal Pradesh,MANDI,Kangana Ranaut,KINNAUR(DEPUTY COMMISSIONER KINNAUR_IDA),KINNAUR,Construction of community centers and community halls,01-Sep-2026,12938.0,Payment In-Progress,-4.874898404626455,0.026032350295877024,0,Low - Normal Pattern,No early cost-pattern anomaly against completed-works category norms.
EW-000818,Himachal Pradesh,MANDI,Kangana Ranaut,KINNAUR(DEPUTY COMMISSIONER KINNAUR_IDA),KINNAUR,Construction of community centers and community halls,01-Sep-2026,12938.0,Payment In-Progress,-4.874898404626455,0.026032350295877024,0,Low - Normal Pattern,No early cost-pattern anomaly against completed-works category norms.
EW-000819,Himachal Pradesh,MANDI,Kangana Ranaut,KINNAUR(DEPUTY COMMISSIONER KINNAUR_IDA),KINNAUR,Construction of community centers and community halls,01-Sep-2026,12938.0,Payment In-Progress,-4.874898404626455,0.026032350295877024,0,Low - Normal Pattern,No early cost-pattern anomaly against completed-works category norms.
EW-000820,Himachal Pradesh,MANDI,Kangana Ranaut,KINNAUR(DEPUTY COMMISSIONER KINNAUR_IDA),KINNAUR,Construction of community centers and community halls,01-Sep-2026,12938.0,Payment In-Progress,-4.874898404626455,0.026032350295877024,0,Low - Normal Pattern,No early cost-pattern anomaly against completed-works category norms.
EW-000821,Himachal Pradesh,MANDI,Kangana Ranaut,KINNAUR(DEPUTY COMMISSIONER KINNAUR_IDA),KINNAUR,Construction of community centers and community halls,01-Sep-2026,12938.0,Payment In-Progress,-4.874898404626455,0.026032350295877024,0,Low - Normal Pattern,No early cost-pattern anomaly against completed-works category norms.
EW-000822,Himachal Pradesh,MANDI,Kangana Ranaut,KINNAUR(DEPUTY COMMISSIONER KINNAUR_IDA),KINNAUR,Construction of community centers and community halls,01-Sep-2026,12938.0,Payment In-Progress,-4.874898404626455,0.026032350295877024,0,Low - Normal Pattern,No early cost-pattern anomaly against completed-works category norms.
EW-000823,Himachal Pradesh,MANDI,Kangana Ranaut,KINNAUR(DEPUTY COMMISSIONER KINNAUR_IDA),KINNAUR,Construction of community centers and community halls,01-Sep-2026,12938.0,Payment In-Progress,-4.874898404626455,0.026032350295877024,0,Low - Normal Pattern,No early cost-pattern anomaly against completed-works category norms.
EW-000824,Himachal Pradesh,MANDI,Kangana Ranaut,KINNAUR(DEPUTY COMMISSIONER KINNAUR_IDA),KINNAUR,Construction of community centers and community halls,01-Sep-2026,12938.0,Payment In-Progress,-4.874898404626455,0.026032350295877024,0,Low - Normal Pattern,No early cost-pattern anomaly against completed-works category norms.
EW-000825,Himachal Pradesh,MANDI,Kangana Ranaut,KINNAUR(DEPUTY COMMISSIONER KINNAUR_IDA),KINNAUR,Setting up crops conservation facilities,01-Sep-2026,16950.0,Payment In-Progress,0.0,,0,Low - Normal Pattern,No early cost-pattern anomaly against completed-works category norms.
EW-000826,Himachal Pradesh,MANDI,Kangana Ranaut,KINNAUR(DEPUTY COMMISSIONER KINNAUR_IDA),KINNAUR,Setting up crops conservation facilities,01-Sep-2026,15000.0,Payment In-Progress,0.0,,0,Low - Normal Pattern,No early cost-pattern anomaly against completed-works category norms.
EW-000827,Uttar Pradesh,BHADOHI,VINOD KUMAR BIND,BHADOHI(DISTRICT MAGISTRATE BHADOHI_IDA),BHADOHI,Lighting of public spaces,08-Jul-2026,103263.0,Payment In-Progress,-2.371309942777715,0.5150222940419547,0,Low - Normal Pattern,No early cost-pattern anomaly against completed-works category norms.
EW-000828,Himachal Pradesh,MANDI,Kangana Ranaut,KINNAUR(DEPUTY COMMISSIONER KINNAUR_IDA),KINNAUR,Setting up crops conservation facilities,01-Sep-2026,16950.0,Payment In-Progress,0.0,,0,Low - Normal Pattern,No early cost-pattern anomaly against completed-works category norms.
EW-000829,Rajasthan,GANGANAGAR(SC),KULDEEP INDORA,GANGANAGAR(Zilla GANGANAGAR),GANGANAGAR,Development of playground,26-Aug-2026,9100.0,Payment In-Progress,-6.275921222082729,0.011234567901234565,0,Low - Normal Pattern,No early cost-pattern anomaly against completed-works category norms.
EW-000830,Rajasthan,GANGANAGAR(SC),KULDEEP INDORA,GANGANAGAR(Zilla GANGANAGAR),GANGANAGAR,Development of playground,26-Aug-2026,3990.0,Payment In-Progress,-7.428665341672892,0.004925925925925925,0,Low - Normal Pattern,No early cost-pattern anomaly against completed-works category norms.
EW-000831,Rajasthan,GANGANAGAR(SC),KULDEEP INDORA,GANGANAGAR(Zilla GANGANAGAR),GANGANAGAR,Development of playground,26-Aug-2026,3990.0,Payment In-Progress,-7.428665341672892,0.004925925925925925,0,Low - Normal Pattern,No early cost-pattern anomaly against completed-works category norms.
EW-000832,Rajasthan,GANGANAGAR(SC),KULDEEP INDORA,GANGANAGAR(Zilla GANGANAGAR),GANGANAGAR,Development of playground,26-Aug-2026,9100.0,Payment In-Progress,-6.275921222082729,0.011234567901234565,0,Low - Normal Pattern,No early cost-pattern anomaly against completed-works category norms.
EW-000833,Rajasthan,GANGANAGAR(SC),KULDEEP INDORA,GANGANAGAR(Zilla GANGANAGAR),GANGANAGAR,Development of playground,26-Aug-2026,9100.0,Payment In-Progress,-6.275921222082729,0.011234567901234565,0,Low - Normal Pattern,No early cost-pattern anomaly against completed-works category norms.
EW-000834,Punjab,FATEHGARH SAHIB(SC),Shri Amar Singh,MALERKOTLA(Deputy Commissioner Malerkotla_IDA),MALERKOTLA,Construction of public toilets and bathrooms,03-Sep-2026,58665.0,Payment In-Progress,-1.5071307360431145,0.13117892790002517,0,Low - Normal Pattern,No early cost-pattern anomaly against completed-works category norms.
EW-000835,Rajasthan,CHURU,Rahul Kaswan,CHURU(DISTRICT COLLECTOR CHURU_IDA),CHURU,Construction of rooms and halls in school and colleges,21-Aug-2026,690122.0,Payment In-Progress,0.42351017134621904,1.3802440000000007,0,Low - Normal Pattern,No early cost-pattern anomaly against completed-works category norms.
EW-000836,Punjab,PATIALA,DR DHARAMVIRA GANDHI,PATIALA(DEPUTY COMMISSIONER PATIALA_IDA),PATIALA,Construction of toilet blocks,01-Sep-2026,32398.0,Payment In-Progress,-3.864160332621999,0.12959200000000007,0,Low - Normal Pattern,No early cost-pattern anomaly against completed-works category norms.
EW-000837,Odisha,KANDHAMAL,SUKANTA KUMAR PANIGRAHI,BOUDH(District Collector Boudh_IDA),BOUDH,"Construction of roads, link roads, pathways or any other road with or without drainage system",17-Aug-2026,26974.0,Payment In-Progress,-3.7872860018145618,0.05394800000000003,0,Low - Normal Pattern,No early cost-pattern anomaly against completed-works category norms.
EW-000838,Uttar Pradesh,KANNAUJ,AKHILESH YADAV,KANNAUJ(DISTRICT MAGISTRATE KANNAUJ_IDA),KANNAUJ,"Construction of roads, link roads, pathways or any other road with or without drainage system",27-Aug-2026,894547.0,Payment In-Progress,0.7545547531037535,1.789094000000001,0,Low - Normal Pattern,No early cost-pattern anomaly against completed-works category norms.
EW-000839,Rajasthan,GANGANAGAR(SC),KULDEEP INDORA,GANGANAGAR(Zilla GANGANAGAR),GANGANAGAR,Development of playground,26-Aug-2026,9100.0,Payment In-Progress,-6.275921222082729,0.011234567901234565,0,Low - Normal Pattern,No early cost-pattern anomaly against completed-works category norms.
EW-000840,Rajasthan,GANGANAGAR(SC),KULDEEP INDORA,GANGANAGAR(Zilla GANGANAGAR),GANGANAGAR,Development of playground,26-Aug-2026,3705.0,Payment In-Progress,-7.532278769958211,0.004574074074074072,0,Low - Normal Pattern,No early cost-pattern anomaly against completed-works category norms.
EW-000841,Madhya Pradesh,TIKAMGARH(SC),Virendra Kumar,TIKAMGARH(DISTRICT COLLECTOR TIKAMGARH_IDA),TIKAMGARH,Construction of buildings for community cultural activities,18-Aug-2026,600000.0,Payment In-Progress,0.6496477540160992,1.7142857142857137,0,Low - Normal Pattern,No early cost-pattern anomaly against completed-works category norms.
EW-000842,Karnataka,BIJAPUR(SC),Ramesh Chandappa Jigajinagi,VIJAYAPURA(DEPUTY COMMISSIONER BIJAPUR_IDA),VIJAYAPURA,Construction of rooms and halls in school and colleges,27-Aug-2026,377250.0,Payment In-Progress,-0.3702063747770172,0.7545000000000004,0,Low - Normal Pattern,No early cost-pattern anomaly against completed-works category norms.
EW-000843,Andhra Pradesh,HINDUPUR,B K PARTHASARATHI,Sri Sathya Sai(DISTRICT COLLECTOR SRI SATHYA SAI_IDA),Sri Sathya Sai,Construction of boundary walls of existing public and community buildings,01-Sep-2026,499841.0,Payment In-Progress,0.012235025262111218,1.0091368055305239,0,Low - Normal Pattern,No early cost-pattern anomaly against completed-works category norms.
EW-000844,Karnataka,CHITRADURGA(SC),GOVIND MAKTHAPPA KARJOL,TUMAKURU(DEPUTY COMMISSIONER TUMKUR_IDA),TUMAKURU,Construction of community centers and community halls,17-Aug-2026,499863.0,Payment In-Progress,0.007683065093159494,1.0057666344062433,0,Low - Normal Pattern,No early cost-pattern anomaly against completed-works category norms.
EW-000845,Karnataka,CHITRADURGA(SC),GOVIND MAKTHAPPA KARJOL,TUMAKURU(DEPUTY COMMISSIONER TUMKUR_IDA),TUMAKURU,Construction of community centers and community halls,17-Aug-2026,499319.0,Payment In-Progress,0.0062281232276965946,1.0046720603947301,0,Low - Normal Pattern,No early cost-pattern anomaly against completed-works category norms.
EW-000846,Puducherry,Puducherry,Vaithilingam Ve,Puducherry(PROJECT DIRECTOR RDA PUDUCHERRY_IDA),Puducherry,"Construction of roads, link roads, pathways or any other road with or without drainage system",18-Aug-2026,2214985.0,Payment In-Progress,1.9306443632389265,4.429970000000003,0,Low - Normal Pattern,No early cost-pattern anomaly against completed-works category norms.
EW-000847,Rajasthan,GANGANAGAR(SC),KULDEEP INDORA,GANGANAGAR(Zilla GANGANAGAR),GANGANAGAR,Development of playground,26-Aug-2026,3990.0,Payment In-Progress,-7.428665341672892,0.004925925925925925,0,Low - Normal Pattern,No early cost-pattern anomaly against completed-works category norms.
EW-000848,Rajasthan,GANGANAGAR(SC),KULDEEP INDORA,GANGANAGAR(Zilla GANGANAGAR),GANGANAGAR,Development of playground,26-Aug-2026,3705.0,Payment In-Progress,-7.532278769958211,0.004574074074074072,0,Low - Normal Pattern,No early cost-pattern anomaly against completed-works category norms.
EW-000849,Rajasthan,GANGANAGAR(SC),KULDEEP INDORA,GANGANAGAR(Zilla GANGANAGAR),GANGANAGAR,Development of playground,26-Aug-2026,3705.0,Payment In-Progress,-7.532278769958211,0.004574074074074072,0,Low - Normal Pattern,No early cost-pattern anomaly against completed-works category norms.
EW-000850,Rajasthan,GANGANAGAR(SC),KULDEEP INDORA,GANGANAGAR(Zilla GANGANAGAR),GANGANAGAR,Development of playground,26-Aug-2026,9100.0,Payment In-Progress,-6.275921222082729,0.011234567901234565,0,Low - Normal Pattern,No early cost-pattern anomaly against completed-works category norms.
EW-000851,Rajasthan,BHILWARA,DAMODAR AGARWAL,Shahpura(DISTRICT COLLECTOR Shahpura_IDA),Shahpura,Construction of community centers and community halls,24-Aug-2026,12750.0,Payment In-Progress,-4.8944565022971815,0.02565407839483939,0,Low - Normal Pattern,No early cost-pattern anomaly against completed-works category norms.
EW-000852,Rajasthan,BHILWARA,DAMODAR AGARWAL,Shahpura(DISTRICT COLLECTOR Shahpura_IDA),Shahpura,Construction of community centers and community halls,24-Aug-2026,18750.0,Payment In-Progress,-4.379146354699679,0.03772658587476381,0,Low - Normal Pattern,No early cost-pattern anomaly against completed-works category norms.
EW-000853,West Bengal,BARDHAMAN PURBA(SC),DR. SHARMILA SARKAR,PURBA BARDHAMAN(DISTRICT MAGISTRATE PURBA BARDHAMAN_IDA),PURBA BARDHAMAN,"Purchase of IT systems, including hardware and software for educational purposes",03-Sep-2026,41980.0,Payment In-Progress,-3.451791751853715,0.08745833333333328,0,Low - Normal Pattern,No early cost-pattern anomaly against completed-works category norms.
EW-000854,West Bengal,BARDHAMAN PURBA(SC),DR. SHARMILA SARKAR,PURBA BARDHAMAN(DISTRICT MAGISTRATE PURBA BARDHAMAN_IDA),PURBA BARDHAMAN,"Purchase of IT systems, including hardware and software for educational purposes",03-Sep-2026,1587000.0,Payment In-Progress,1.6940471334323675,3.306249999999998,0,Low - Normal Pattern,No early cost-pattern anomaly against completed-works category norms.
EW-000855,Rajasthan,BHILWARA,DAMODAR AGARWAL,Shahpura(DISTRICT COLLECTOR Shahpura_IDA),Shahpura,Construction of community centers and community halls,24-Aug-2026,16000.0,Payment In-Progress,-4.5910694366078575,0.03219335327979845,0,Low - Normal Pattern,No early cost-pattern anomaly against completed-works category norms.
EW-000856,Rajasthan,BHILWARA,DAMODAR AGARWAL,Shahpura(DISTRICT COLLECTOR Shahpura_IDA),Shahpura,Construction of community centers and community halls,24-Aug-2026,6500.0,Payment In-Progress,-5.7946722518331315,0.01307854976991812,0,Low - Normal Pattern,No early cost-pattern anomaly against completed-works category norms.
EW-000857,Rajasthan,BHILWARA,DAMODAR AGARWAL,Shahpura(DISTRICT COLLECTOR Shahpura_IDA),Shahpura,Construction of community centers and community halls,24-Aug-2026,9750.0,Payment In-Progress,-5.252902452849971,0.01961782465487718,0,Low - Normal Pattern,No early cost-pattern anomaly against completed-works category norms.
EW-000858,Himachal Pradesh,MANDI,Kangana Ranaut,KINNAUR(DEPUTY COMMISSIONER KINNAUR_IDA),KINNAUR,Setting up crops conservation facilities,01-Sep-2026,16950.0,Payment In-Progress,0.0,,0,Low - Normal Pattern,No early cost-pattern anomaly against completed-works category norms.
EW-000859,Himachal Pradesh,MANDI,Kangana Ranaut,KINNAUR(DEPUTY COMMISSIONER KINNAUR_IDA),KINNAUR,Setting up crops conservation facilities,01-Sep-2026,15000.0,Payment In-Progress,0.0,,0,Low - Normal Pattern,No early cost-pattern anomaly against completed-works category norms.
EW-000860,Himachal Pradesh,MANDI,Kangana Ranaut,KINNAUR(DEPUTY COMMISSIONER KINNAUR_IDA),KINNAUR,Setting up crops conservation facilities,01-Sep-2026,15000.0,Payment In-Progress,0.0,,0,Low - Normal Pattern,No early cost-pattern anomaly against completed-works category norms.
EW-000861,Madhya Pradesh,BALAGHAT,BHARTI PARDHI,BALAGHAT(DISTRICT COLLECTOR BALAGHAT_IDA),BALAGHAT,Construction of rooms and halls in school and colleges,18-Aug-2026,39011.0,Payment In-Progress,-3.3521805251534516,0.07802200000000005,0,Low - Normal Pattern,No early cost-pattern anomaly against completed-works category norms.
EW-000862,Madhya Pradesh,BALAGHAT,BHARTI PARDHI,BALAGHAT(DISTRICT COLLECTOR BALAGHAT_IDA),BALAGHAT,Construction of rooms and halls in school and colleges,18-Aug-2026,101275.0,Payment In-Progress,-2.098451826672853,0.20255000000000012,0,Low - Normal Pattern,No early cost-pattern anomaly against completed-works category norms.
EW-000863,Himachal Pradesh,MANDI,Kangana Ranaut,KINNAUR(DEPUTY COMMISSIONER KINNAUR_IDA),KINNAUR,Setting up crops conservation facilities,01-Sep-2026,15000.0,Payment In-Progress,0.0,,0,Low - Normal Pattern,No early cost-pattern anomaly against completed-works category norms.
EW-000864,Himachal Pradesh,MANDI,Kangana Ranaut,KINNAUR(DEPUTY COMMISSIONER KINNAUR_IDA),KINNAUR,Setting up crops conservation facilities,01-Sep-2026,15000.0,Payment In-Progress,0.0,,0,Low - Normal Pattern,No early cost-pattern anomaly against completed-works category norms.
EW-000865,Himachal Pradesh,MANDI,Kangana Ranaut,KINNAUR(DEPUTY COMMISSIONER KINNAUR_IDA),KINNAUR,Setting up crops conservation facilities,01-Sep-2026,15000.0,Payment In-Progress,0.0,,0,Low - Normal Pattern,No early cost-pattern anomaly against completed-works category norms.
EW-000866,Rajasthan,GANGANAGAR(SC),KULDEEP INDORA,GANGANAGAR(Zilla GANGANAGAR),GANGANAGAR,Development of playground,26-Aug-2026,9100.0,Payment In-Progress,-6.275921222082729,0.011234567901234565,0,Low - Normal Pattern,No early cost-pattern anomaly against completed-works category norms.
EW-000867,Rajasthan,GANGANAGAR(SC),KULDEEP INDORA,GANGANAGAR(Zilla GANGANAGAR),GANGANAGAR,Development of playground,26-Aug-2026,9100.0,Payment In-Progress,-6.275921222082729,0.011234567901234565,0,Low - Normal Pattern,No early cost-pattern anomaly against completed-works category norms.
EW-000868,Gujarat,ANAND,Mitesh Rameshbhai Bakabhai Patel,ANAND(District Collector ANAND_IDA),ANAND,Construction of common work sheds/ common covered sitting area,18-Aug-2026,274825.0,Payment In-Progress,-0.15724267208036902,0.9317523011984875,0,Low - Normal Pattern,No early cost-pattern anomaly against completed-works category norms.
EW-000869,Odisha,BOLANGIR,Smt Sangeeta Kumari Singh Deo,BALANGIR(DISTRICT COLLECTOR BOLANGIR_IDA),BALANGIR,Construction of community centers and community halls,21-Aug-2026,300000.0,Payment In-Progress,-0.6745,0.603625373996221,0,Low - Normal Pattern,No early cost-pattern anomaly against completed-works category norms.
EW-000870,Uttar Pradesh,LALGANJ (SC),DAROGA PRASAD SAROJ,AZAMGARH(DISTRICT MAGISTRATE AZAMGARH_IDA),AZAMGARH,Lighting of public spaces,21-Aug-2026,260974.0,Payment In-Progress,0.9420145850588226,1.3016029765289123,0,Low - Normal Pattern,No early cost-pattern anomaly against completed-works category norms.
EW-000871,Uttar Pradesh,LALGANJ (SC),DAROGA PRASAD SAROJ,AZAMGARH(DISTRICT MAGISTRATE AZAMGARH_IDA),AZAMGARH,Lighting of public spaces,21-Aug-2026,260974.0,Payment In-Progress,0.9420145850588226,1.3016029765289123,0,Low - Normal Pattern,No early cost-pattern anomaly against completed-works category norms.
EW-000872,Uttar Pradesh,LALGANJ (SC),DAROGA PRASAD SAROJ,AZAMGARH(DISTRICT MAGISTRATE AZAMGARH_IDA),AZAMGARH,Lighting of public spaces,21-Aug-2026,260974.0,Payment In-Progress,0.9420145850588226,1.3016029765289123,0,Low - Normal Pattern,No early cost-pattern anomaly against completed-works category norms.
EW-000873,Uttar Pradesh,LALGANJ (SC),DAROGA PRASAD SAROJ,AZAMGARH(DISTRICT MAGISTRATE AZAMGARH_IDA),AZAMGARH,Lighting of public spaces,21-Aug-2026,260974.0,Payment In-Progress,0.9420145850588226,1.3016029765289123,0,Low - Normal Pattern,No early cost-pattern anomaly against completed-works category norms.
EW-000874,Uttar Pradesh,LALGANJ (SC),DAROGA PRASAD SAROJ,AZAMGARH(DISTRICT MAGISTRATE AZAMGARH_IDA),AZAMGARH,Lighting of public spaces,21-Aug-2026,260974.0,Payment In-Progress,0.9420145850588226,1.3016029765289123,0,Low - Normal Pattern,No early cost-pattern anomaly against completed-works category norms.
EW-000875,Uttar Pradesh,LALGANJ (SC),DAROGA PRASAD SAROJ,AZAMGARH(DISTRICT MAGISTRATE AZAMGARH_IDA),AZAMGARH,Lighting of public spaces,21-Aug-2026,260974.0,Payment In-Progress,0.9420145850588226,1.3016029765289123,0,Low - Normal Pattern,No early cost-pattern anomaly against completed-works category norms.
EW-000876,Uttar Pradesh,LALGANJ (SC),DAROGA PRASAD SAROJ,AZAMGARH(DISTRICT MAGISTRATE AZAMGARH_IDA),AZAMGARH,Lighting of public spaces,21-Aug-2026,260974.0,Payment In-Progress,0.9420145850588226,1.3016029765289123,0,Low - Normal Pattern,No early cost-pattern anomaly against completed-works category norms.
EW-000877,Uttar Pradesh,LALGANJ (SC),DAROGA PRASAD SAROJ,AZAMGARH(DISTRICT MAGISTRATE AZAMGARH_IDA),AZAMGARH,Lighting of public spaces,21-Aug-2026,260974.0,Payment In-Progress,0.9420145850588226,1.3016029765289123,0,Low - Normal Pattern,No early cost-pattern anomaly against completed-works category norms.
EW-000878,Uttar Pradesh,LALGANJ (SC),DAROGA PRASAD SAROJ,AZAMGARH(DISTRICT MAGISTRATE AZAMGARH_IDA),AZAMGARH,Lighting of public spaces,21-Aug-2026,260974.0,Payment In-Progress,0.9420145850588226,1.3016029765289123,0,Low - Normal Pattern,No early cost-pattern anomaly against completed-works category norms.
EW-000879,Uttar Pradesh,LALGANJ (SC),DAROGA PRASAD SAROJ,AZAMGARH(DISTRICT MAGISTRATE AZAMGARH_IDA),AZAMGARH,Lighting of public spaces,21-Aug-2026,260974.0,Payment In-Progress,0.9420145850588226,1.3016029765289123,0,Low - Normal Pattern,No early cost-pattern anomaly against completed-works category norms.
EW-000880,Uttar Pradesh,LALGANJ (SC),DAROGA PRASAD SAROJ,AZAMGARH(DISTRICT MAGISTRATE AZAMGARH_IDA),AZAMGARH,Lighting of public spaces,21-Aug-2026,260974.0,Payment In-Progress,0.9420145850588226,1.3016029765289123,0,Low - Normal Pattern,No early cost-pattern anomaly against completed-works category norms.
EW-000881,Chandigarh,CHANDIGARH,MANISH TEWARI,CHANDIGARH(DEPUTY COMMISSIONER ZILLA PARISHAD CHANDIGARH_IDA),CHANDIGARH,"Construction of roads, link roads, pathways or any other road with or without drainage system",01-Sep-2026,14927.0,Payment In-Progress,-4.554802283508195,0.029854000000000016,0,Low - Normal Pattern,No early cost-pattern anomaly against completed-works category norms.
EW-000882,Uttar Pradesh,LALGANJ (SC),DAROGA PRASAD SAROJ,AZAMGARH(DISTRICT MAGISTRATE AZAMGARH_IDA),AZAMGARH,Lighting of public spaces,21-Aug-2026,260974.0,Payment In-Progress,0.9420145850588226,1.3016029765289123,0,Low - Normal Pattern,No early cost-pattern anomaly against completed-works category norms.
EW-000883,Uttar Pradesh,LALGANJ (SC),DAROGA PRASAD SAROJ,AZAMGARH(DISTRICT MAGISTRATE AZAMGARH_IDA),AZAMGARH,Lighting of public spaces,21-Aug-2026,260974.0,Payment In-Progress,0.9420145850588226,1.3016029765289123,0,Low - Normal Pattern,No early cost-pattern anomaly against completed-works category norms.
EW-000884,Uttar Pradesh,LALGANJ (SC),DAROGA PRASAD SAROJ,AZAMGARH(DISTRICT MAGISTRATE AZAMGARH_IDA),AZAMGARH,Lighting of public spaces,21-Aug-2026,260974.0,Payment In-Progress,0.9420145850588226,1.3016029765289123,0,Low - Normal Pattern,No early cost-pattern anomaly against completed-works category norms.
EW-000885,Uttar Pradesh,LALGANJ (SC),DAROGA PRASAD SAROJ,AZAMGARH(DISTRICT MAGISTRATE AZAMGARH_IDA),AZAMGARH,Lighting of public spaces,21-Aug-2026,260974.0,Payment In-Progress,0.9420145850588226,1.3016029765289123,0,Low - Normal Pattern,No early cost-pattern anomaly against completed-works category norms.
EW-000886,Uttar Pradesh,LALGANJ (SC),DAROGA PRASAD SAROJ,AZAMGARH(DISTRICT MAGISTRATE AZAMGARH_IDA),AZAMGARH,Lighting of public spaces,21-Aug-2026,260974.0,Payment In-Progress,0.9420145850588226,1.3016029765289123,0,Low - Normal Pattern,No early cost-pattern anomaly against completed-works category norms.
EW-000887,Uttar Pradesh,LALGANJ (SC),DAROGA PRASAD SAROJ,AZAMGARH(DISTRICT MAGISTRATE AZAMGARH_IDA),AZAMGARH,Lighting of public spaces,21-Aug-2026,260974.0,Payment In-Progress,0.9420145850588226,1.3016029765289123,0,Low - Normal Pattern,No early cost-pattern anomaly against completed-works category norms.
EW-000888,Uttar Pradesh,LALGANJ (SC),DAROGA PRASAD SAROJ,AZAMGARH(DISTRICT MAGISTRATE AZAMGARH_IDA),AZAMGARH,Lighting of public spaces,21-Aug-2026,260974.0,Payment In-Progress,0.9420145850588226,1.3016029765289123,0,Low - Normal Pattern,No early cost-pattern anomaly against completed-works category norms.
EW-000889,Uttar Pradesh,LALGANJ (SC),DAROGA PRASAD SAROJ,AZAMGARH(DISTRICT MAGISTRATE AZAMGARH_IDA),AZAMGARH,Lighting of public spaces,21-Aug-2026,260974.0,Payment In-Progress,0.9420145850588226,1.3016029765289123,0,Low - Normal Pattern,No early cost-pattern anomaly against completed-works category norms.
EW-000890,Uttar Pradesh,LALGANJ (SC),DAROGA PRASAD SAROJ,AZAMGARH(DISTRICT MAGISTRATE AZAMGARH_IDA),AZAMGARH,Lighting of public spaces,21-Aug-2026,260974.0,Payment In-Progress,0.9420145850588226,1.3016029765289123,0,Low - Normal Pattern,No early cost-pattern anomaly against completed-works category norms.
EW-000891,Uttar Pradesh,LALGANJ (SC),DAROGA PRASAD SAROJ,AZAMGARH(DISTRICT MAGISTRATE AZAMGARH_IDA),AZAMGARH,Lighting of public spaces,21-Aug-2026,260974.0,Payment In-Progress,0.9420145850588226,1.3016029765289123,0,Low - Normal Pattern,No early cost-pattern anomaly against completed-works category norms.
EW-000892,Uttar Pradesh,LALGANJ (SC),DAROGA PRASAD SAROJ,AZAMGARH(DISTRICT MAGISTRATE AZAMGARH_IDA),AZAMGARH,Lighting of public spaces,21-Aug-2026,260974.0,Payment In-Progress,0.9420145850588226,1.3016029765289123,0,Low - Normal Pattern,No early cost-pattern anomaly against completed-works category norms.
EW-000893,Uttar Pradesh,LALGANJ (SC),DAROGA PRASAD SAROJ,AZAMGARH(DISTRICT MAGISTRATE AZAMGARH_IDA),AZAMGARH,Lighting of public spaces,21-Aug-2026,260974.0,Payment In-Progress,0.9420145850588226,1.3016029765289123,0,Low - Normal Pattern,No early cost-pattern anomaly against completed-works category norms.
EW-000894,Chandigarh,CHANDIGARH,MANISH TEWARI,CHANDIGARH(DEPUTY COMMISSIONER ZILLA PARISHAD CHANDIGARH_IDA),CHANDIGARH,"Construction of roads, link roads, pathways or any other road with or without drainage system",01-Sep-2026,3500.0,Payment In-Progress,-6.436176158580032,0.0070000000000000045,0,Low - Normal Pattern,No early cost-pattern anomaly against completed-works category norms.
EW-000895,Punjab,ANANDPUR SAHIB,MALVINDER SINGH KANG,RUPNAGAR(DEPUTY COMMISSIONER ROOPNAGAR_IDA),RUPNAGAR,Construction of community centers and community halls,28-Aug-2026,32672.0,Payment In-Progress,-3.637138868925564,0.06573882739734843,0,Low - Normal Pattern,No early cost-pattern anomaly against completed-works category norms.
EW-000896,Punjab,SANGRUR,GURMEET SINGH MEET HAYER,BARNALA(DEPUTY COMMISSIONER BARNALA_IDA),BARNALA,Construction of additional rooms and halls in the existing public and community building,26-Aug-2026,10000.0,Payment In-Progress,-3.80678100000305,0.02000000000000001,0,Low - Normal Pattern,No early cost-pattern anomaly against completed-works category norms.
EW-000897,Punjab,SANGRUR,GURMEET SINGH MEET HAYER,BARNALA(DEPUTY COMMISSIONER BARNALA_IDA),BARNALA,Construction of additional rooms and halls in the existing public and community building,26-Aug-2026,12936.0,Payment In-Progress,-3.55627737664617,0.025872000000000017,0,Low - Normal Pattern,No early cost-pattern anomaly against completed-works category norms.
EW-000898,Punjab,SANGRUR,GURMEET SINGH MEET HAYER,BARNALA(DEPUTY COMMISSIONER BARNALA_IDA),BARNALA,Construction of additional rooms and halls in the existing public and community building,26-Aug-2026,18082.0,Payment In-Progress,-3.2303841522493744,0.03616400000000002,0,Low - Normal Pattern,No early cost-pattern anomaly against completed-works category norms.
EW-000899,Punjab,ANANDPUR SAHIB,MALVINDER SINGH KANG,RUPNAGAR(DEPUTY COMMISSIONER ROOPNAGAR_IDA),RUPNAGAR,Construction of community centers and community halls,28-Aug-2026,232828.0,Payment In-Progress,-1.0131953784978283,0.46846962858930713,0,Low - Normal Pattern,No early cost-pattern anomaly against completed-works category norms.
EW-000900,Punjab,BHATINDA,Smt Harsimrat Kaur Badal,BATHINDA(DEPUTY COMMISSIONER BHATINDA_IDA),BATHINDA,"Construction of roads, link roads, pathways or any other road with or without drainage system",21-Aug-2026,44464.0,Payment In-Progress,-3.138970270554562,0.08892800000000005,0,Low - Normal Pattern,No early cost-pattern anomaly against completed-works category norms.
EW-000901,Punjab,BHATINDA,Smt Harsimrat Kaur Badal,BATHINDA(DEPUTY COMMISSIONER BHATINDA_IDA),BATHINDA,"Construction of roads, link roads, pathways or any other road with or without drainage system",21-Aug-2026,17468.0,Payment In-Progress,-4.350894198223492,0.03493600000000002,0,Low - Normal Pattern,No early cost-pattern anomaly against completed-works category norms.
EW-000902,Odisha,KANDHAMAL,SUKANTA KUMAR PANIGRAHI,BOUDH(District Collector Boudh_IDA),BOUDH,"Construction of roads, link roads, pathways or any other road with or without drainage system",17-Aug-2026,765.0,Payment In-Progress,-8.40865256447106,0.001530000000000001,0,Low - Normal Pattern,No early cost-pattern anomaly against completed-works category norms.
EW-000903,Maharashtra,BARAMATI,Smt Supriya Sadanand Sule,PUNE(DISTRICT COLLECTOR PUNE_IDA),PUNE,"Construction of roads, link roads, pathways or any other road with or without drainage system",28-Aug-2026,998723.0,Payment In-Progress,0.8974470165933138,1.9974460000000012,0,Low - Normal Pattern,No early cost-pattern anomaly against completed-works category norms.
EW-000904,Madhya Pradesh,DHAR(ST),SAVITRI THAKUR,DHAR(DISTRICT COLLECTOR DHAR_IDA),DHAR,Construction of common work sheds/ common covered sitting area,27-Aug-2026,250000.0,Payment In-Progress,-0.36783959001261635,0.8475869200386497,0,Low - Normal Pattern,No early cost-pattern anomaly against completed-works category norms.
EW-000905,Uttar Pradesh,LALGANJ (SC),DAROGA PRASAD SAROJ,AZAMGARH(DISTRICT MAGISTRATE AZAMGARH_IDA),AZAMGARH,Lighting of public spaces,21-Aug-2026,260974.0,Payment In-Progress,0.9420145850588226,1.3016029765289123,0,Low - Normal Pattern,No early cost-pattern anomaly against completed-works category norms.
EW-000906,Uttar Pradesh,LALGANJ (SC),DAROGA PRASAD SAROJ,AZAMGARH(DISTRICT MAGISTRATE AZAMGARH_IDA),AZAMGARH,Lighting of public spaces,21-Aug-2026,260974.0,Payment In-Progress,0.9420145850588226,1.3016029765289123,0,Low - Normal Pattern,No early cost-pattern anomaly against completed-works category norms.
EW-000907,Uttar Pradesh,LALGANJ (SC),DAROGA PRASAD SAROJ,AZAMGARH(DISTRICT MAGISTRATE AZAMGARH_IDA),AZAMGARH,Lighting of public spaces,21-Aug-2026,260974.0,Payment In-Progress,0.9420145850588226,1.3016029765289123,0,Low - Normal Pattern,No early cost-pattern anomaly against completed-works category norms.
EW-000908,Uttar Pradesh,LALGANJ (SC),DAROGA PRASAD SAROJ,AZAMGARH(DISTRICT MAGISTRATE AZAMGARH_IDA),AZAMGARH,Lighting of public spaces,21-Aug-2026,260974.0,Payment In-Progress,0.9420145850588226,1.3016029765289123,0,Low - Normal Pattern,No early cost-pattern anomaly against completed-works category norms.
EW-000909,Uttar Pradesh,LALGANJ (SC),DAROGA PRASAD SAROJ,AZAMGARH(DISTRICT MAGISTRATE AZAMGARH_IDA),AZAMGARH,Lighting of public spaces,21-Aug-2026,260974.0,Payment In-Progress,0.9420145850588226,1.3016029765289123,0,Low - Normal Pattern,No early cost-pattern anomaly against completed-works category norms.
EW-000910,Uttar Pradesh,LALGANJ (SC),DAROGA PRASAD SAROJ,AZAMGARH(DISTRICT MAGISTRATE AZAMGARH_IDA),AZAMGARH,Lighting of public spaces,21-Aug-2026,260974.0,Payment In-Progress,0.9420145850588226,1.3016029765289123,0,Low - Normal Pattern,No early cost-pattern anomaly against completed-works category norms.
EW-000911,Rajasthan,UDAIPUR(ST),MANNA LAL RAWAT,PRATAPGARH(DISTRICT COLLECTOR PRATAPGARH_IDA),PRATAPGARH,Construction of common work sheds/ common covered sitting area,27-Aug-2026,2750.0,Payment In-Progress,-10.399807119995051,0.009323456120425146,0,Low - Normal Pattern,No early cost-pattern anomaly against completed-works category norms.
EW-000912,Rajasthan,UDAIPUR(ST),MANNA LAL RAWAT,PRATAPGARH(DISTRICT COLLECTOR PRATAPGARH_IDA),PRATAPGARH,Construction of common work sheds/ common covered sitting area,27-Aug-2026,3250.0,Payment In-Progress,-10.02820331171854,0.011018629960502445,0,Low - Normal Pattern,No early cost-pattern anomaly against completed-works category norms.
EW-000913,Rajasthan,UDAIPUR(ST),MANNA LAL RAWAT,PRATAPGARH(DISTRICT COLLECTOR PRATAPGARH_IDA),PRATAPGARH,Construction of common work sheds/ common covered sitting area,27-Aug-2026,7800.0,Payment In-Progress,-8.080765046538128,0.026444711905205868,0,Low - Normal Pattern,No early cost-pattern anomaly against completed-works category norms.
EW-000914,Karnataka,BELLARY(ST),E. TUKARAM,Vijayanagara(DEPUTY COMMISSIONER VIJAYANAGARA_IDA),Vijayanagara,"Construction of roads, link roads, pathways or any other road with or without drainage system",02-Sep-2026,375000.0,Payment In-Progress,-0.37316208940046985,0.7500000000000004,0,Low - Normal Pattern,No early cost-pattern anomaly against completed-works category norms.
EW-000915,Telangana,ZAHIRABAD,SURESH KUMAR SHETKAR,SANGAREDDY(District Collector Sangareddy_IDA),SANGAREDDY,Street lights,01-Sep-2026,98826.0,Payment In-Progress,-0.6877884299256367,0.4433229709179487,0,Low - Normal Pattern,No early cost-pattern anomaly against completed-works category norms.
EW-000916,Telangana,ZAHIRABAD,SURESH KUMAR SHETKAR,SANGAREDDY(District Collector Sangareddy_IDA),SANGAREDDY,Street lights,01-Sep-2026,98826.0,Payment In-Progress,-0.6877884299256367,0.4433229709179487,0,Low - Normal Pattern,No early cost-pattern anomaly against completed-works category norms.
EW-000917,Telangana,ZAHIRABAD,SURESH KUMAR SHETKAR,SANGAREDDY(District Collector Sangareddy_IDA),SANGAREDDY,Street lights,01-Sep-2026,98826.0,Payment In-Progress,-0.6877884299256367,0.4433229709179487,0,Low - Normal Pattern,No early cost-pattern anomaly against completed-works category norms.
EW-000918,Karnataka,CHIKKODI,PRIYANKA SATISH JARKIHOLI,BELAGAVI(DEPUTY COMMISSIONER BELGAUM_IDA),BELAGAVI,Installing tube-wells and borewells,01-Sep-2026,345000.0,Payment In-Progress,1.561251752618872,1.57515195630484,0,Low - Normal Pattern,No early cost-pattern anomaly against completed-works category norms.
EW-000919,Karnataka,CHIKKODI,PRIYANKA SATISH JARKIHOLI,BELAGAVI(DEPUTY COMMISSIONER BELGAUM_IDA),BELAGAVI,Installing tube-wells and borewells,01-Sep-2026,345000.0,Payment In-Progress,1.561251752618872,1.57515195630484,0,Low - Normal Pattern,No early cost-pattern anomaly against completed-works category norms.
EW-000920,Punjab,BHATINDA,Smt Harsimrat Kaur Badal,BATHINDA(DEPUTY COMMISSIONER BHATINDA_IDA),BATHINDA,Construction of additional rooms and halls in the existing public and community building,01-Sep-2026,59964.0,Payment In-Progress,-2.063807827177378,0.11992800000000008,0,Low - Normal Pattern,No early cost-pattern anomaly against completed-works category norms.
EW-000921,Karnataka,UDUPI CHIKMAGALUR,KOTA SRINIVAS POOJARY,UDUPI(DEPUTY COMMISSIONER UDUPI_IDA),UDUPI,"Construction of roads, link roads, pathways or any other road with or without drainage system",31-Aug-2026,500000.0,Payment In-Progress,0.0,1.0000000000000007,0,Low - Normal Pattern,No early cost-pattern anomaly against completed-works category norms.
EW-000922,Karnataka,BELLARY(ST),E. TUKARAM,Vijayanagara(DEPUTY COMMISSIONER VIJAYANAGARA_IDA),Vijayanagara,"Construction of roads, link roads, pathways or any other road with or without drainage system",02-Sep-2026,375000.0,Payment In-Progress,-0.37316208940046985,0.7500000000000004,0,Low - Normal Pattern,No early cost-pattern anomaly against completed-works category norms.
EW-000923,Karnataka,RAICHUR(ST),G. KUMAR NAIK,RAICHUR(DEPUTY COMMISSIONER RAICHUR_IDA),RAICHUR,"Construction of roads, link roads, pathways or any other road with or without drainage system",31-Aug-2026,375000.0,Payment In-Progress,-0.37316208940046985,0.7500000000000004,0,Low - Normal Pattern,No early cost-pattern anomaly against completed-works category norms.
EW-000924,Assam,GUWAHATI,BIJULI KALITA MEDHI,GOALPARA(Deputy Commissioner Goalpara_IDA),GOALPARA,"Construction of roads, link roads, pathways or any other road with or without drainage system",03-Sep-2026,1740000.0,Payment In-Progress,1.6175675193565855,3.480000000000002,0,Low - Normal Pattern,No early cost-pattern anomaly against completed-works category norms.
EW-000925,Andhra Pradesh,VIZIANAGARAM,Appalanaidu Kalisetti,VIZIANAGARAM(DISTRICT COLLECTOR VIZIANAGARAM_IDA),VIZIANAGARAM,"Construction of roads, link roads, pathways or any other road with or without drainage system",01-Sep-2026,297145.0,Payment In-Progress,-0.6750125953326828,0.5942900000000003,0,Low - Normal Pattern,No early cost-pattern anomaly against completed-works category norms.
EW-000926,Odisha,BOLANGIR,Smt Sangeeta Kumari Singh Deo,BALANGIR(DISTRICT COLLECTOR BOLANGIR_IDA),BALANGIR,Construction of community centers and community halls,04-Sep-2026,300000.0,Payment In-Progress,-0.6745,0.603625373996221,0,Low - Normal Pattern,No early cost-pattern anomaly against completed-works category norms.
EW-000927,Karnataka,BELGAUM,JAGADISH SHETTAR,BELAGAVI(DEPUTY COMMISSIONER BELGAUM_IDA),BELAGAVI,Construction of buildings for community cultural activities,03-Sep-2026,375000.0,Payment In-Progress,0.08315650276707154,1.0714285714285712,0,Low - Normal Pattern,No early cost-pattern anomaly against completed-works category norms.
EW-000928,Karnataka,HASSAN,SHREYAS. M. PATEL,HASSAN(DEPUTY COMMISSIONER HASSAN_IDA),HASSAN,Construction of community centers and community halls,01-Sep-2026,225000.0,Payment In-Progress,-1.0588917896917585,0.4527190304971657,0,Low - Normal Pattern,No early cost-pattern anomaly against completed-works category norms.
EW-000929,Gujarat,PATAN,Bharatsinhji Shankarji Dabhi,PATAN(DISTRICT COLLECTOR PATAN_IDA),PATAN,"Construction of roads, link roads, pathways or any other road with or without drainage system",01-Sep-2026,300000.0,Payment In-Progress,-0.6626090929450127,0.6000000000000003,0,Low - Normal Pattern,No early cost-pattern anomaly against completed-works category norms.
EW-000930,Odisha,JAGATSINGHPUR(SC),BIBHU PRASAD TARAI,JAGATSINGHAPUR(DISTRICT COLLECTOR JAGATSINGHPUR_IDA),JAGATSINGHAPUR,Construction of community centers and community halls,01-Sep-2026,470862.0,Payment In-Progress,-0.07217840836560885,0.9474141695020286,0,Low - Normal Pattern,No early cost-pattern anomaly against completed-works category norms.
EW-000931,Tamil Nadu,MAYILADUTHURAI,SUDHA R,THANJAVUR(DISTRICT COLLECTOR THANJAVUR_IDA),THANJAVUR,Construction of community centers and community halls,02-Sep-2026,1328904.0,Payment In-Progress,1.3141564621969286,2.6738672466835802,0,Low - Normal Pattern,No early cost-pattern anomaly against completed-works category norms.
EW-000932,Maharashtra,NANDED,Ravindra Vasantrao Chavan,NANDED(DISTRICT COLLECTOR NANDED_IDA),NANDED,"Construction of roads, link roads, pathways or any other road with or without drainage system",02-Sep-2026,992631.0,Payment In-Progress,0.8895105445311184,1.9852620000000012,0,Low - Normal Pattern,No early cost-pattern anomaly against completed-works category norms.
EW-000933,Telangana,ZAHIRABAD,SURESH KUMAR SHETKAR,SANGAREDDY(District Collector Sangareddy_IDA),SANGAREDDY,Street lights,01-Sep-2026,99952.0,Payment In-Progress,-0.6782093206181937,0.4483740876812864,0,Low - Normal Pattern,No early cost-pattern anomaly against completed-works category norms.
EW-000934,Telangana,ZAHIRABAD,SURESH KUMAR SHETKAR,SANGAREDDY(District Collector Sangareddy_IDA),SANGAREDDY,Street lights,01-Sep-2026,499735.0,Payment In-Progress,0.6825494512484575,2.2417582910537823,0,Low - Normal Pattern,No early cost-pattern anomaly against completed-works category norms.
EW-000935,Telangana,ZAHIRABAD,SURESH KUMAR SHETKAR,SANGAREDDY(District Collector Sangareddy_IDA),SANGAREDDY,Street lights,01-Sep-2026,197656.0,Payment In-Progress,-0.10170619837739206,0.8866638854123213,0,Low - Normal Pattern,No early cost-pattern anomaly against completed-works category norms.
EW-000936,Telangana,ZAHIRABAD,SURESH KUMAR SHETKAR,SANGAREDDY(District Collector Sangareddy_IDA),SANGAREDDY,Street lights,01-Sep-2026,98826.0,Payment In-Progress,-0.6877884299256367,0.4433229709179487,0,Low - Normal Pattern,No early cost-pattern anomaly against completed-works category norms.
EW-000937,Punjab,ANANDPUR SAHIB,MALVINDER SINGH KANG,RUPNAGAR(DEPUTY COMMISSIONER ROOPNAGAR_IDA),RUPNAGAR,Construction of community centers and community halls,03-Sep-2026,139999.0,Payment In-Progress,-1.692857250317114,0.2816898291136565,0,Low - Normal Pattern,No early cost-pattern anomaly against completed-works category norms.
EW-000938,Haryana,BHIWANI MAHENDRAGARH,Shri  Dharambir Singh,MAHENDRAGARH(DEPUTY COMMISSIONER MAHENDRAGARH_IDA),MAHENDRAGARH,Construction of community centers and community halls,02-Sep-2026,1500000.0,Payment In-Progress,1.4759806131498105,3.0181268699811046,0,Low - Normal Pattern,No early cost-pattern anomaly against completed-works category norms.
EW-000939,Tamil Nadu,PERAMBALUR,ARUN NEHRU,TIRUCHIRAPPALLI(DISTRICT COLLECTOR TIRUCHIRAPPALLI_IDA),TIRUCHIRAPPALLI,Construction of rooms and halls in school and colleges,01-Sep-2026,1908144.0,Payment In-Progress,1.76006153419686,3.8162880000000023,0,Low - Normal Pattern,No early cost-pattern anomaly against completed-works category norms.
EW-000940,Karnataka,UDUPI CHIKMAGALUR,KOTA SRINIVAS POOJARY,UDUPI(DEPUTY COMMISSIONER UDUPI_IDA),UDUPI,"Construction of roads, link roads, pathways or any other road with or without drainage system",03-Sep-2026,299617.0,Payment In-Progress,-0.664266158191072,0.5992340000000004,0,Low - Normal Pattern,No early cost-pattern anomaly against completed-works category norms.
EW-000941,Madhya Pradesh,MANDLA(ST),Faggan Singh Kulaste,Narsimhapur(DISTRICT COLLECTOR NARSINGHPUR_IDA),Narsimhapur,Construction of buildings for community cultural activities,31-Aug-2026,150000.0,Payment In-Progress,-1.0212406782510544,0.42857142857142844,0,Low - Normal Pattern,No early cost-pattern anomaly against completed-works category norms.
EW-000942,Madhya Pradesh,MANDLA(ST),Faggan Singh Kulaste,Narsimhapur(DISTRICT COLLECTOR NARSINGHPUR_IDA),Narsimhapur,Development of playfields and sports grounds,31-Aug-2026,112500.0,Payment In-Progress,-1.5334968505912088,0.24038571291850078,0,Low - Normal Pattern,No early cost-pattern anomaly against completed-works category norms.
EW-000943,Gujarat,SABARKANTHA,SHOBHANABEN MAHENDRASINH BARAIYA,SABAR KANTHA(DISTRICT COLLECTOR SABARKANTHA_IDA),SABAR KANTHA,Establishing public ground water recharging facilities,02-Sep-2026,500000.0,Payment In-Progress,0.0,1.29338943661033,0,Low - Normal Pattern,No early cost-pattern anomaly against completed-works category norms.
EW-000944,Madhya Pradesh,MANDLA(ST),Faggan Singh Kulaste,Narsimhapur(DISTRICT COLLECTOR NARSINGHPUR_IDA),Narsimhapur,Construction of common work sheds/ common covered sitting area,31-Aug-2026,150000.0,Payment In-Progress,-1.5041467179670944,0.5085521520231898,0,Low - Normal Pattern,No early cost-pattern anomaly against completed-works category norms.
EW-000945,Himachal Pradesh,MANDI,Kangana Ranaut,MANDI(DEPUTY COMMISSIONER MANDI_IDA),MANDI,Construction of public toilets and bathrooms,02-Sep-2026,80000.0,Payment In-Progress,-1.2769769120363923,0.17888543819998318,0,Low - Normal Pattern,No early cost-pattern anomaly against completed-works category norms.
EW-000946,Maharashtra,SANGLI,VISHAL,SANGLI(DISTRICT COLLECTOR SANGLI_IDA),SANGLI,Construction of buildings for community cultural activities,01-Sep-2026,999000.0,Payment In-Progress,1.264135502876466,2.854285714285713,0,Low - Normal Pattern,No early cost-pattern anomaly against completed-works category norms.
EW-000947,West Bengal,TAMLUK,ABHIJIT GANGOPADHYAY,Purba Medinipur(DISTRICT MAGISTRATE PURBA MEDINIPUR_IDA),Purba Medinipur,"Construction of roads, link roads, pathways or any other road with or without drainage system",01-Sep-2026,184833.0,Payment In-Progress,-1.2908495100344404,0.3696660000000002,0,Low - Normal Pattern,No early cost-pattern anomaly against completed-works category norms.
EW-000948,Telangana,ZAHIRABAD,SURESH KUMAR SHETKAR,SANGAREDDY(District Collector Sangareddy_IDA),SANGAREDDY,Street lights,01-Sep-2026,98826.0,Payment In-Progress,-0.6877884299256367,0.4433229709179487,0,Low - Normal Pattern,No early cost-pattern anomaly against completed-works category norms.
EW-000949,Telangana,ZAHIRABAD,SURESH KUMAR SHETKAR,SANGAREDDY(District Collector Sangareddy_IDA),SANGAREDDY,Street lights,01-Sep-2026,98826.0,Payment In-Progress,-0.6877884299256367,0.4433229709179487,0,Low - Normal Pattern,No early cost-pattern anomaly against completed-works category norms.
EW-000950,Telangana,ZAHIRABAD,SURESH KUMAR SHETKAR,SANGAREDDY(District Collector Sangareddy_IDA),SANGAREDDY,Street lights,01-Sep-2026,98826.0,Payment In-Progress,-0.6877884299256367,0.4433229709179487,0,Low - Normal Pattern,No early cost-pattern anomaly against completed-works category norms.
EW-000951,Telangana,ZAHIRABAD,SURESH KUMAR SHETKAR,SANGAREDDY(District Collector Sangareddy_IDA),SANGAREDDY,Street lights,01-Sep-2026,98826.0,Payment In-Progress,-0.6877884299256367,0.4433229709179487,0,Low - Normal Pattern,No early cost-pattern anomaly against completed-works category norms.
EW-000952,Telangana,ZAHIRABAD,SURESH KUMAR SHETKAR,SANGAREDDY(District Collector Sangareddy_IDA),SANGAREDDY,Street lights,01-Sep-2026,98826.0,Payment In-Progress,-0.6877884299256367,0.4433229709179487,0,Low - Normal Pattern,No early cost-pattern anomaly against completed-works category norms.
EW-000953,Telangana,ZAHIRABAD,SURESH KUMAR SHETKAR,SANGAREDDY(District Collector Sangareddy_IDA),SANGAREDDY,Street lights,01-Sep-2026,98826.0,Payment In-Progress,-0.6877884299256367,0.4433229709179487,0,Low - Normal Pattern,No early cost-pattern anomaly against completed-works category norms.
EW-000954,Assam,GUWAHATI,BIJULI KALITA MEDHI,GOALPARA(Deputy Commissioner Goalpara_IDA),GOALPARA,"Construction of roads, link roads, pathways or any other road with or without drainage system",03-Sep-2026,1500000.0,Payment In-Progress,1.4250469401395887,3.0000000000000018,0,Low - Normal Pattern,No early cost-pattern anomaly against completed-works category norms.
EW-000955,Himachal Pradesh,MANDI,Kangana Ranaut,KULLU(DEPUTY COMMISSIONER KULLU_IDA),KULLU,"Construction of roads, link roads, pathways or any other road with or without drainage system",02-Sep-2026,120000.0,Payment In-Progress,-1.8511606112595826,0.24000000000000013,0,Low - Normal Pattern,No early cost-pattern anomaly against completed-works category norms.
EW-000956,Rajasthan,UDAIPUR(ST),MANNA LAL RAWAT,PRATAPGARH(DISTRICT COLLECTOR PRATAPGARH_IDA),PRATAPGARH,Construction of common work sheds/ common covered sitting area,27-Aug-2026,2750.0,Payment In-Progress,-10.399807119995051,0.009323456120425146,0,Low - Normal Pattern,No early cost-pattern anomaly against completed-works category norms.
EW-000957,Karnataka,DAKSHINA KANNADA,CAPTAIN BRIJESH CHOWTA,DAKSHINA KANNADA(DEPUTY COMMISSIONER DAKSHIN KANNAD MANGALORE_IDA),DAKSHINA KANNADA,Lighting of public spaces,03-Sep-2026,137985.0,Payment In-Progress,-1.335416848700894,0.6881976239638508,0,Low - Normal Pattern,No early cost-pattern anomaly against completed-works category norms.
EW-000958,West Bengal,MATHURAPUR(SC),BAPI HALDAR,South 24 Parganas(DISTRICT MAGISTRATE SOUTH TWENTY FOUR PARGANAS_IDA),South 24 Parganas,Construction of common work sheds/ common covered sitting area,02-Sep-2026,414212.0,Payment In-Progress,0.7553240923123299,1.4043226932921966,0,Low - Normal Pattern,No early cost-pattern anomaly against completed-works category norms.
EW-000959,Punjab,JALANDHAR(SC),CHARANJIT SINGH CHANNI,JALANDHAR(DEPUTY COMMISSIONER JALANDHAR_IDA),JALANDHAR,"Construction of Government office buildings (Post office, Police station, Police chauki, etc.)",02-Sep-2026,72000.0,Payment In-Progress,0.0,0.07200000000000002,0,Low - Normal Pattern,No early cost-pattern anomaly against completed-works category norms.
EW-000960,Punjab,JALANDHAR(SC),CHARANJIT SINGH CHANNI,JALANDHAR(DEPUTY COMMISSIONER JALANDHAR_IDA),JALANDHAR,"Construction of Government office buildings (Post office, Police station, Police chauki, etc.)",02-Sep-2026,48400.0,Payment In-Progress,0.0,0.04840000000000002,0,Low - Normal Pattern,No early cost-pattern anomaly against completed-works category norms.
EW-000961,Punjab,JALANDHAR(SC),CHARANJIT SINGH CHANNI,JALANDHAR(DEPUTY COMMISSIONER JALANDHAR_IDA),JALANDHAR,Fitting of Sitting RCC Benches in Public Places,03-Sep-2026,58991.0,Payment In-Progress,0.0,0.3932733333333335,0,Low - Normal Pattern,No early cost-pattern anomaly against completed-works category norms.
EW-000962,Punjab,JALANDHAR(SC),CHARANJIT SINGH CHANNI,JALANDHAR(DEPUTY COMMISSIONER JALANDHAR_IDA),JALANDHAR,Fitting of Sitting RCC Benches in Public Places,03-Sep-2026,189688.0,Payment In-Progress,0.0,1.2645866666666672,0,Low - Normal Pattern,No early cost-pattern anomaly against completed-works category norms.
EW-000963,Punjab,JALANDHAR(SC),CHARANJIT SINGH CHANNI,JALANDHAR(DEPUTY COMMISSIONER JALANDHAR_IDA),JALANDHAR,Fitting of Sitting RCC Benches in Public Places,03-Sep-2026,189688.0,Payment In-Progress,0.0,1.2645866666666672,0,Low - Normal Pattern,No early cost-pattern anomaly against completed-works category norms.
EW-000964,Karnataka,BELGAUM,JAGADISH SHETTAR,BELAGAVI(DEPUTY COMMISSIONER BELGAUM_IDA),BELAGAVI,Construction of buildings for community cultural activities,03-Sep-2026,375000.0,Payment In-Progress,0.08315650276707154,1.0714285714285712,0,Low - Normal Pattern,No early cost-pattern anomaly against completed-works category norms.
EW-000965,Kerala,ALAPPUZHA,K. C VENUGOPAL,ALAPPUZHA(DISTRICT COLLECTOR ALAPPUZHA_IDA),ALAPPUZHA,Purchase of vans and buses for educational institutions,03-Sep-2026,74587.0,Payment In-Progress,0.0,0.03108018645705537,0,Low - Normal Pattern,No early cost-pattern anomaly against completed-works category norms.
EW-000966,Karnataka,DAKSHINA KANNADA,CAPTAIN BRIJESH CHOWTA,DAKSHINA KANNADA(DEPUTY COMMISSIONER DAKSHIN KANNAD MANGALORE_IDA),DAKSHINA KANNADA,Lighting of public spaces,03-Sep-2026,137423.0,Payment In-Progress,-1.3500019095423732,0.6853946594048937,0,Low - Normal Pattern,No early cost-pattern anomaly against completed-works category norms.
EW-000967,Himachal Pradesh,KANGRA,RAJEEV BHARDWAJ,KANGRA(DEPUTY COMMISSIONER KANGRA_IDA),KANGRA,Development of playfields and sports grounds,02-Sep-2026,65000.0,Payment In-Progress,-2.1236181820771733,0.13888952301957821,0,Low - Normal Pattern,No early cost-pattern anomaly against completed-works category norms.
EW-000968,Tamil Nadu,TIRUNELVELI,ROBERT BRUCE C,TIRUNELVELI(DISTRICT COLLECTOR TIRUNELVELI_IDA),TIRUNELVELI,Construction of water tanks,03-Sep-2026,2195066.0,Payment In-Progress,0.893743877425663,2.2537540552991318,0,Low - Normal Pattern,No early cost-pattern anomaly against completed-works category norms.
EW-000969,Gujarat,CHHOTA UDAIPUR(ST),JASHUBHAI BHILUBHAI RATHVA,CHHOTAUDEPUR(DISTRICT COLLECTOR CHHOTA UDEPUR_IDA),CHHOTAUDEPUR,Fitting of Sitting RCC Benches in Public Places,03-Sep-2026,2688000.0,Payment In-Progress,0.0,17.920000000000005,0,Low - Normal Pattern,No early cost-pattern anomaly against completed-works category norms.
EW-000970,Uttar Pradesh,FATEHPUR,NARESH CHANDRA UTTAM PATEL,FATEHPUR(DISTRICT MAGISTRATE FATEHPUR_IDA),FATEHPUR,"Construction of roads, link roads, pathways or any other road with or without drainage system",03-Sep-2026,265500.0,Payment In-Progress,-0.8210768388229505,0.5310000000000004,0,Low - Normal Pattern,No early cost-pattern anomaly against completed-works category norms.
EW-000971,Uttar Pradesh,FATEHPUR,NARESH CHANDRA UTTAM PATEL,FATEHPUR(DISTRICT MAGISTRATE FATEHPUR_IDA),FATEHPUR,Construction of community centers and community halls,03-Sep-2026,479080.0,Payment In-Progress,-0.04905929461557335,0.9639494805803651,0,Low - Normal Pattern,No early cost-pattern anomaly against completed-works category norms.
EW-000972,Uttar Pradesh,FATEHPUR,NARESH CHANDRA UTTAM PATEL,FATEHPUR(DISTRICT MAGISTRATE FATEHPUR_IDA),FATEHPUR,"Construction of roads, link roads, pathways or any other road with or without drainage system",03-Sep-2026,495600.0,Payment In-Progress,-0.011465297523224335,0.9912000000000005,0,Low - Normal Pattern,No early cost-pattern anomaly against completed-works category norms.
EW-000973,Uttar Pradesh,FATEHPUR,NARESH CHANDRA UTTAM PATEL,FATEHPUR(DISTRICT MAGISTRATE FATEHPUR_IDA),FATEHPUR,"Construction of roads, link roads, pathways or any other road with or without drainage system",03-Sep-2026,418892.0,Payment In-Progress,-0.22958612476930537,0.8377840000000005,0,Low - Normal Pattern,No early cost-pattern anomaly against completed-works category norms.
EW-000974,Kerala,KOTTAYAM,ADV K FRANCIS GEORGE,KOTTAYAM(DISTRICT COLLECTOR KOTTAYAM_IDA),KOTTAYAM,"Construction of roads, link roads, pathways or any other road with or without drainage system",03-Sep-2026,693086.0,Payment In-Progress,0.4235737851863581,1.3861720000000008,0,Low - Normal Pattern,No early cost-pattern anomaly against completed-works category norms.
EW-000975,Punjab,HOSHIARPUR(SC),DR. RAJ KUMAR CHABBEWAL,HOSHIARPUR(DEPUTY COMMISSIONER HOSHIARPUR_IDA),HOSHIARPUR,Construction of buildings for multi-gym,02-Sep-2026,15000.0,Payment In-Progress,0.0,0.038729833462074224,0,Low - Normal Pattern,No early cost-pattern anomaly against completed-works category norms.
EW-000976,Punjab,SANGRUR,GURMEET SINGH MEET HAYER,SANGRUR(DEPUTY COMMISSIONER SANGRUR_IDA),SANGRUR,Street lights,03-Sep-2026,8200.0,Payment In-Progress,-2.792462463081633,0.03678433166906663,0,Low - Normal Pattern,No early cost-pattern anomaly against completed-works category norms.
EW-000977,Karnataka,UDUPI CHIKMAGALUR,KOTA SRINIVAS POOJARY,UDUPI(DEPUTY COMMISSIONER UDUPI_IDA),UDUPI,Construction of public irrigation facilities,02-Sep-2026,500000.0,Payment In-Progress,0.06425573201457778,1.048144325692099,0,Low - Normal Pattern,No early cost-pattern anomaly against completed-works category norms.
EW-000978,Andhra Pradesh,VISAKHAPATNAM,Sribharat MathuKumli,VIZIANAGARAM(DISTRICT COLLECTOR VIZIANAGARAM_IDA),VIZIANAGARAM,Construction of public libraries and reading rooms,02-Sep-2026,592890.0,Payment In-Progress,-1.5289654705920492,0.5957353097451852,0,Low - Normal Pattern,No early cost-pattern anomaly against completed-works category norms.
EW-000979,Andhra Pradesh,GUNTUR,Dr Chandra Sekhar Pemmasani,GUNTUR(DISTRICT COLLECTOR GUNTUR_IDA),GUNTUR,Construction of additional rooms and halls in the existing public and community building,02-Sep-2026,1815802.0,Payment In-Progress,1.25497935122059,3.631604000000002,0,Low - Normal Pattern,No early cost-pattern anomaly against completed-works category norms.
EW-000980,Uttarakhand,NAINITAL UDHAM SINGH NAG.,Ajay Bhatt,NAINITAL(DISTRICT MAGISTRATE NAINITAL_IDA),NAINITAL,Construction of community centers and community halls,02-Sep-2026,198600.0,Payment In-Progress,-1.22565586980955,0.39959999758549825,0,Low - Normal Pattern,No early cost-pattern anomaly against completed-works category norms.
EW-000981,Uttarakhand,NAINITAL UDHAM SINGH NAG.,Ajay Bhatt,NAINITAL(DISTRICT MAGISTRATE NAINITAL_IDA),NAINITAL,Construction of community centers and community halls,02-Sep-2026,198906.0,Payment In-Progress,-1.223598704823548,0.40021569546697444,0,Low - Normal Pattern,No early cost-pattern anomaly against completed-works category norms.
EW-000982,Maharashtra,CHANDRAPUR,DHANORKAR PRATIBHA SURESH ALIAS BALUBHAU,YAVATMAL(DISTRICT COLLECTOR YAVATMAL_IDA),YAVATMAL,"Construction of roads, link roads, pathways or any other road with or without drainage system",04-Sep-2026,977605.0,Payment In-Progress,0.8697249881401927,1.9552100000000012,0,Low - Normal Pattern,No early cost-pattern anomaly against completed-works category norms.
EW-000983,West Bengal,TAMLUK,ABHIJIT GANGOPADHYAY,Purba Medinipur(DISTRICT MAGISTRATE PURBA MEDINIPUR_IDA),Purba Medinipur,"Construction of roads, link roads, pathways or any other road with or without drainage system",02-Sep-2026,345575.0,Payment In-Progress,-0.4791590882375948,0.6911500000000004,0,Low - Normal Pattern,No early cost-pattern anomaly against completed-works category norms.
EW-000984,Himachal Pradesh,MANDI,Kangana Ranaut,MANDI(DEPUTY COMMISSIONER MANDI_IDA),MANDI,Construction of rooms and halls in school and colleges,02-Sep-2026,400000.0,Payment In-Progress,-0.29325227177798,0.8000000000000005,0,Low - Normal Pattern,No early cost-pattern anomaly against completed-works category norms.
EW-000985,Rajasthan,JALORE,LUMBARAM,SIROHI(DISTRICT COLLECTOR SIROHI_IDA),SIROHI,"Construction of roads, link roads, pathways or any other road with or without drainage system",03-Sep-2026,3770.0,Payment In-Progress,-6.339783521901928,0.007540000000000004,0,Low - Normal Pattern,No early cost-pattern anomaly against completed-works category norms.
EW-000986,Rajasthan,JALORE,LUMBARAM,SIROHI(DISTRICT COLLECTOR SIROHI_IDA),SIROHI,"Construction of roads, link roads, pathways or any other road with or without drainage system",03-Sep-2026,3480.0,Payment In-Progress,-6.443609609437273,0.006960000000000004,0,Low - Normal Pattern,No early cost-pattern anomaly against completed-works category norms.
EW-000987,Rajasthan,JALORE,LUMBARAM,SIROHI(DISTRICT COLLECTOR SIROHI_IDA),SIROHI,"Construction of roads, link roads, pathways or any other road with or without drainage system",03-Sep-2026,3480.0,Payment In-Progress,-6.443609609437273,0.006960000000000004,0,Low - Normal Pattern,No early cost-pattern anomaly against completed-works category norms.
EW-000988,Rajasthan,JALORE,LUMBARAM,SIROHI(DISTRICT COLLECTOR SIROHI_IDA),SIROHI,"Construction of roads, link roads, pathways or any other road with or without drainage system",03-Sep-2026,3770.0,Payment In-Progress,-6.339783521901928,0.007540000000000004,0,Low - Normal Pattern,No early cost-pattern anomaly against completed-works category norms.
EW-000989,Rajasthan,JALORE,LUMBARAM,SIROHI(DISTRICT COLLECTOR SIROHI_IDA),SIROHI,"Construction of roads, link roads, pathways or any other road with or without drainage system",03-Sep-2026,3480.0,Payment In-Progress,-6.443609609437273,0.006960000000000004,0,Low - Normal Pattern,No early cost-pattern anomaly against completed-works category norms.
EW-000990,Karnataka,UDUPI CHIKMAGALUR,KOTA SRINIVAS POOJARY,UDUPI(DEPUTY COMMISSIONER UDUPI_IDA),UDUPI,"Construction of roads, link roads, pathways or any other road with or without drainage system",02-Sep-2026,498775.0,Payment In-Progress,-0.003181876773113306,0.9975500000000006,0,Low - Normal Pattern,No early cost-pattern anomaly against completed-works category norms.
EW-000991,Rajasthan,JALORE,LUMBARAM,SIROHI(DISTRICT COLLECTOR SIROHI_IDA),SIROHI,"Construction of roads, link roads, pathways or any other road with or without drainage system",03-Sep-2026,10800.0,Payment In-Progress,-4.974587826689667,0.02160000000000001,0,Low - Normal Pattern,No early cost-pattern anomaly against completed-works category norms.
EW-000992,Rajasthan,JALORE,LUMBARAM,SIROHI(DISTRICT COLLECTOR SIROHI_IDA),SIROHI,"Construction of roads, link roads, pathways or any other road with or without drainage system",03-Sep-2026,11700.0,Payment In-Progress,-4.870761739154322,0.023400000000000015,0,Low - Normal Pattern,No early cost-pattern anomaly against completed-works category norms.
EW-000993,Rajasthan,JALORE,LUMBARAM,SIROHI(DISTRICT COLLECTOR SIROHI_IDA),SIROHI,"Construction of roads, link roads, pathways or any other road with or without drainage system",03-Sep-2026,3770.0,Payment In-Progress,-6.339783521901928,0.007540000000000004,0,Low - Normal Pattern,No early cost-pattern anomaly against completed-works category norms.
EW-000994,Himachal Pradesh,MANDI,Kangana Ranaut,MANDI(DEPUTY COMMISSIONER MANDI_IDA),MANDI,Crematoriums/energy efficient crematoriums or structures on burial/cremation ground,02-Sep-2026,200000.0,Payment In-Progress,-2.0831269491745954,0.5008534130264235,0,Low - Normal Pattern,No early cost-pattern anomaly against completed-works category norms.
EW-000995,Karnataka,RAICHUR(ST),G. KUMAR NAIK,RAICHUR(DEPUTY COMMISSIONER RAICHUR_IDA),RAICHUR,Construction of community centers and community halls,02-Sep-2026,375000.0,Payment In-Progress,-0.37634256420002904,0.7545317174952761,0,Low - Normal Pattern,No early cost-pattern anomaly against completed-works category norms.
EW-000996,Maharashtra,SATARA,SHRIMANT CHH UDAYANRAJE PRATAPSINHAMAHARAJ BHONSLE,SATARA(DISTRICT COLLECTOR SATARA_IDA),SATARA,"Construction of roads, link roads, pathways or any other road with or without drainage system",03-Sep-2026,497769.0,Payment In-Progress,-0.005800761377736964,0.9955380000000006,0,Low - Normal Pattern,No early cost-pattern anomaly against completed-works category norms.
EW-000997,Punjab,ANANDPUR SAHIB,MALVINDER SINGH KANG,RUPNAGAR(DEPUTY COMMISSIONER ROOPNAGAR_IDA),RUPNAGAR,Construction of community centers and community halls,03-Sep-2026,56250.0,Payment In-Progress,-2.911214967041598,0.11317975762429143,0,Low - Normal Pattern,No early cost-pattern anomaly against completed-works category norms.
EW-000998,Punjab,BHATINDA,Smt Harsimrat Kaur Badal,BATHINDA(DEPUTY COMMISSIONER BHATINDA_IDA),BATHINDA,Construction of additional rooms and halls in the existing public and community building,01-Sep-2026,32500.0,Payment In-Progress,-2.659834410116884,0.06500000000000004,0,Low - Normal Pattern,No early cost-pattern anomaly against completed-works category norms.
EW-000999,Punjab,BHATINDA,Smt Harsimrat Kaur Badal,BATHINDA(DEPUTY COMMISSIONER BHATINDA_IDA),BATHINDA,Construction of additional rooms and halls in the existing public and community building,01-Sep-2026,18850.0,Payment In-Progress,-3.189907228906388,0.037700000000000025,0,Low - Normal Pattern,No early cost-pattern anomaly against completed-works category norms.
EW-001000,Uttarakhand,ALMORA(SC),Ajay Tamta,BAGESHWAR(DISTRICT MAGISTRATE BAGESHWAR_IDA),BAGESHWAR,Construction of footpaths and pedestrian ways,03-Sep-2026,4788.0,Payment In-Progress,-4.625650719725184,0.016109276039307584,0,Low - Normal Pattern,No early cost-pattern anomaly against completed-works category norms.
EW-001001,Uttarakhand,ALMORA(SC),Ajay Tamta,BAGESHWAR(DISTRICT MAGISTRATE BAGESHWAR_IDA),BAGESHWAR,Construction of footpaths and pedestrian ways,03-Sep-2026,4536.0,Payment In-Progress,-4.686230727206697,0.015261419405659815,0,Low - Normal Pattern,No early cost-pattern anomaly against completed-works category norms.
EW-001002,Uttarakhand,ALMORA(SC),Ajay Tamta,BAGESHWAR(DISTRICT MAGISTRATE BAGESHWAR_IDA),BAGESHWAR,Construction of footpaths and pedestrian ways,03-Sep-2026,7820.0,Payment In-Progress,-4.075986050292171,0.02631047172668866,0,Low - Normal Pattern,No early cost-pattern anomaly against completed-works category norms.
EW-001003,Uttarakhand,ALMORA(SC),Ajay Tamta,BAGESHWAR(DISTRICT MAGISTRATE BAGESHWAR_IDA),BAGESHWAR,Construction of footpaths and pedestrian ways,03-Sep-2026,4788.0,Payment In-Progress,-4.625650719725184,0.016109276039307584,0,Low - Normal Pattern,No early cost-pattern anomaly against completed-works category norms.
EW-001004,Uttarakhand,ALMORA(SC),Ajay Tamta,BAGESHWAR(DISTRICT MAGISTRATE BAGESHWAR_IDA),BAGESHWAR,Construction of footpaths and pedestrian ways,03-Sep-2026,4788.0,Payment In-Progress,-4.625650719725184,0.016109276039307584,0,Low - Normal Pattern,No early cost-pattern anomaly against completed-works category norms.
EW-001005,Uttarakhand,ALMORA(SC),Ajay Tamta,BAGESHWAR(DISTRICT MAGISTRATE BAGESHWAR_IDA),BAGESHWAR,Construction of footpaths and pedestrian ways,03-Sep-2026,4788.0,Payment In-Progress,-4.625650719725184,0.016109276039307584,0,Low - Normal Pattern,No early cost-pattern anomaly against completed-works category norms.
EW-001006,Uttarakhand,ALMORA(SC),Ajay Tamta,BAGESHWAR(DISTRICT MAGISTRATE BAGESHWAR_IDA),BAGESHWAR,Construction of footpaths and pedestrian ways,03-Sep-2026,4788.0,Payment In-Progress,-4.625650719725184,0.016109276039307584,0,Low - Normal Pattern,No early cost-pattern anomaly against completed-works category norms.
EW-001007,Uttarakhand,ALMORA(SC),Ajay Tamta,BAGESHWAR(DISTRICT MAGISTRATE BAGESHWAR_IDA),BAGESHWAR,Construction of footpaths and pedestrian ways,03-Sep-2026,4788.0,Payment In-Progress,-4.625650719725184,0.016109276039307584,0,Low - Normal Pattern,No early cost-pattern anomaly against completed-works category norms.
EW-001008,Uttarakhand,ALMORA(SC),Ajay Tamta,BAGESHWAR(DISTRICT MAGISTRATE BAGESHWAR_IDA),BAGESHWAR,Construction of footpaths and pedestrian ways,03-Sep-2026,4788.0,Payment In-Progress,-4.625650719725184,0.016109276039307584,0,Low - Normal Pattern,No early cost-pattern anomaly against completed-works category norms.
EW-001009,Uttarakhand,ALMORA(SC),Ajay Tamta,BAGESHWAR(DISTRICT MAGISTRATE BAGESHWAR_IDA),BAGESHWAR,Construction of footpaths and pedestrian ways,03-Sep-2026,4536.0,Payment In-Progress,-4.686230727206697,0.015261419405659815,0,Low - Normal Pattern,No early cost-pattern anomaly against completed-works category norms.
EW-001010,Punjab,BHATINDA,Smt Harsimrat Kaur Badal,BATHINDA(DEPUTY COMMISSIONER BHATINDA_IDA),BATHINDA,Construction of community centers and community halls,28-Aug-2026,37100.0,Payment In-Progress,-3.4673137905432196,0.07464833791753266,0,Low - Normal Pattern,No early cost-pattern anomaly against completed-works category norms.
EW-001011,Uttarakhand,ALMORA(SC),Ajay Tamta,BAGESHWAR(DISTRICT MAGISTRATE BAGESHWAR_IDA),BAGESHWAR,Construction of footpaths and pedestrian ways,03-Sep-2026,4536.0,Payment In-Progress,-4.686230727206697,0.015261419405659815,0,Low - Normal Pattern,No early cost-pattern anomaly against completed-works category norms.
EW-001012,Uttarakhand,ALMORA(SC),Ajay Tamta,BAGESHWAR(DISTRICT MAGISTRATE BAGESHWAR_IDA),BAGESHWAR,Construction of footpaths and pedestrian ways,03-Sep-2026,7360.0,Payment In-Progress,-4.1439133444441,0.024762796919236385,0,Low - Normal Pattern,No early cost-pattern anomaly against completed-works category norms.
EW-001013,Uttarakhand,ALMORA(SC),Ajay Tamta,BAGESHWAR(DISTRICT MAGISTRATE BAGESHWAR_IDA),BAGESHWAR,Construction of footpaths and pedestrian ways,03-Sep-2026,4536.0,Payment In-Progress,-4.686230727206697,0.015261419405659815,0,Low - Normal Pattern,No early cost-pattern anomaly against completed-works category norms.
EW-001014,Maharashtra,DHULE,BACHHAV SHOBHA DINESH,NASHIK(DISTRICT COLLECTOR NASHIK_IDA),NASHIK,"Construction of roads, link roads, pathways or any other road with or without drainage system",01-Sep-2026,1000000.0,Payment In-Progress,0.8991045147700292,2.0000000000000013,0,Low - Normal Pattern,No early cost-pattern anomaly against completed-works category norms.
EW-001015,Uttarakhand,ALMORA(SC),Ajay Tamta,ALMORA(DISTRICT MAGISTRATE ALMORA_IDA),ALMORA,Construction of footpaths and pedestrian ways,27-Aug-2026,13130.0,Payment In-Progress,-3.49534817132427,0.044176022221409476,0,Low - Normal Pattern,No early cost-pattern anomaly against completed-works category norms.
EW-001016,Uttarakhand,ALMORA(SC),Ajay Tamta,ALMORA(DISTRICT MAGISTRATE ALMORA_IDA),ALMORA,Construction of footpaths and pedestrian ways,03-Sep-2026,6720.0,Payment In-Progress,-4.245843328542232,0.022609510230607133,0,Low - Normal Pattern,No early cost-pattern anomaly against completed-works category norms.
EW-001017,Uttarakhand,ALMORA(SC),Ajay Tamta,ALMORA(DISTRICT MAGISTRATE ALMORA_IDA),ALMORA,Construction of footpaths and pedestrian ways,03-Sep-2026,10100.0,Payment In-Progress,-3.7893161010773,0.03398155555493036,0,Low - Normal Pattern,No early cost-pattern anomaly against completed-works category norms.
EW-001018,Uttarakhand,ALMORA(SC),Ajay Tamta,ALMORA(DISTRICT MAGISTRATE ALMORA_IDA),ALMORA,Construction of footpaths and pedestrian ways,03-Sep-2026,11648.0,Payment In-Progress,-3.629539948733311,0.039189817733052364,0,Low - Normal Pattern,No early cost-pattern anomaly against completed-works category norms.
EW-001019,Uttarakhand,ALMORA(SC),Ajay Tamta,BAGESHWAR(DISTRICT MAGISTRATE BAGESHWAR_IDA),BAGESHWAR,Construction of footpaths and pedestrian ways,03-Sep-2026,4536.0,Payment In-Progress,-4.686230727206697,0.015261419405659815,0,Low - Normal Pattern,No early cost-pattern anomaly against completed-works category norms.
EW-001020,Uttarakhand,ALMORA(SC),Ajay Tamta,BAGESHWAR(DISTRICT MAGISTRATE BAGESHWAR_IDA),BAGESHWAR,Construction of footpaths and pedestrian ways,03-Sep-2026,4284.0,Payment In-Progress,-4.750274283666645,0.014413562772012048,0,Low - Normal Pattern,No early cost-pattern anomaly against completed-works category norms.
EW-001021,Uttarakhand,ALMORA(SC),Ajay Tamta,BAGESHWAR(DISTRICT MAGISTRATE BAGESHWAR_IDA),BAGESHWAR,Construction of footpaths and pedestrian ways,03-Sep-2026,4284.0,Payment In-Progress,-4.750274283666645,0.014413562772012048,0,Low - Normal Pattern,No early cost-pattern anomaly against completed-works category norms.
EW-001022,Uttarakhand,ALMORA(SC),Ajay Tamta,BAGESHWAR(DISTRICT MAGISTRATE BAGESHWAR_IDA),BAGESHWAR,Construction of footpaths and pedestrian ways,03-Sep-2026,4284.0,Payment In-Progress,-4.750274283666645,0.014413562772012048,0,Low - Normal Pattern,No early cost-pattern anomaly against completed-works category norms.
EW-001023,Rajasthan,UDAIPUR(ST),MANNA LAL RAWAT,PRATAPGARH(DISTRICT COLLECTOR PRATAPGARH_IDA),PRATAPGARH,Construction of common work sheds/ common covered sitting area,27-Aug-2026,6600.0,Payment In-Progress,-8.452368854814637,0.02237629468902035,0,Low - Normal Pattern,No early cost-pattern anomaly against completed-works category norms.
EW-001024,Rajasthan,UDAIPUR(ST),MANNA LAL RAWAT,PRATAPGARH(DISTRICT COLLECTOR PRATAPGARH_IDA),PRATAPGARH,Construction of common work sheds/ common covered sitting area,27-Aug-2026,1750.0,Payment In-Progress,-11.405226374519176,0.005933108440270548,0,Low - Normal Pattern,No early cost-pattern anomaly against completed-works category norms.
EW-001025,Rajasthan,UDAIPUR(ST),MANNA LAL RAWAT,PRATAPGARH(DISTRICT COLLECTOR PRATAPGARH_IDA),PRATAPGARH,Construction of common work sheds/ common covered sitting area,27-Aug-2026,3250.0,Payment In-Progress,-10.02820331171854,0.011018629960502445,0,Low - Normal Pattern,No early cost-pattern anomaly against completed-works category norms.
EW-001026,Rajasthan,UDAIPUR(ST),MANNA LAL RAWAT,PRATAPGARH(DISTRICT COLLECTOR PRATAPGARH_IDA),PRATAPGARH,Construction of common work sheds/ common covered sitting area,27-Aug-2026,2750.0,Payment In-Progress,-10.399807119995051,0.009323456120425146,0,Low - Normal Pattern,No early cost-pattern anomaly against completed-works category norms.
EW-001027,Rajasthan,UDAIPUR(ST),MANNA LAL RAWAT,PRATAPGARH(DISTRICT COLLECTOR PRATAPGARH_IDA),PRATAPGARH,Construction of common work sheds/ common covered sitting area,27-Aug-2026,2750.0,Payment In-Progress,-10.399807119995051,0.009323456120425146,0,Low - Normal Pattern,No early cost-pattern anomaly against completed-works category norms.
EW-001028,Rajasthan,UDAIPUR(ST),MANNA LAL RAWAT,PRATAPGARH(DISTRICT COLLECTOR PRATAPGARH_IDA),PRATAPGARH,Construction of common work sheds/ common covered sitting area,27-Aug-2026,3250.0,Payment In-Progress,-10.02820331171854,0.011018629960502445,0,Low - Normal Pattern,No early cost-pattern anomaly against completed-works category norms.
EW-001029,Rajasthan,UDAIPUR(ST),MANNA LAL RAWAT,PRATAPGARH(DISTRICT COLLECTOR PRATAPGARH_IDA),PRATAPGARH,Construction of common work sheds/ common covered sitting area,27-Aug-2026,3250.0,Payment In-Progress,-10.02820331171854,0.011018629960502445,0,Low - Normal Pattern,No early cost-pattern anomaly against completed-works category norms.
EW-001030,Rajasthan,UDAIPUR(ST),MANNA LAL RAWAT,PRATAPGARH(DISTRICT COLLECTOR PRATAPGARH_IDA),PRATAPGARH,Construction of common work sheds/ common covered sitting area,27-Aug-2026,2750.0,Payment In-Progress,-10.399807119995051,0.009323456120425146,0,Low - Normal Pattern,No early cost-pattern anomaly against completed-works category norms.
EW-001031,Rajasthan,UDAIPUR(ST),MANNA LAL RAWAT,PRATAPGARH(DISTRICT COLLECTOR PRATAPGARH_IDA),PRATAPGARH,Construction of common work sheds/ common covered sitting area,27-Aug-2026,2750.0,Payment In-Progress,-10.399807119995051,0.009323456120425146,0,Low - Normal Pattern,No early cost-pattern anomaly against completed-works category norms.
EW-001032,Rajasthan,UDAIPUR(ST),MANNA LAL RAWAT,PRATAPGARH(DISTRICT COLLECTOR PRATAPGARH_IDA),PRATAPGARH,Construction of common work sheds/ common covered sitting area,27-Aug-2026,3250.0,Payment In-Progress,-10.02820331171854,0.011018629960502445,0,Low - Normal Pattern,No early cost-pattern anomaly against completed-works category norms.
EW-001033,Rajasthan,UDAIPUR(ST),MANNA LAL RAWAT,PRATAPGARH(DISTRICT COLLECTOR PRATAPGARH_IDA),PRATAPGARH,Construction of common work sheds/ common covered sitting area,27-Aug-2026,2500.0,Payment In-Progress,-10.611820048946889,0.008475869200386496,0,Low - Normal Pattern,No early cost-pattern anomaly against completed-works category norms.
EW-001034,Uttarakhand,ALMORA(SC),Ajay Tamta,BAGESHWAR(DISTRICT MAGISTRATE BAGESHWAR_IDA),BAGESHWAR,Construction of footpaths and pedestrian ways,03-Sep-2026,7360.0,Payment In-Progress,-4.1439133444441,0.024762796919236385,0,Low - Normal Pattern,No early cost-pattern anomaly against completed-works category norms.
EW-001035,Uttarakhand,ALMORA(SC),Ajay Tamta,BAGESHWAR(DISTRICT MAGISTRATE BAGESHWAR_IDA),BAGESHWAR,Construction of footpaths and pedestrian ways,03-Sep-2026,7820.0,Payment In-Progress,-4.075986050292171,0.02631047172668866,0,Low - Normal Pattern,No early cost-pattern anomaly against completed-works category norms.
EW-001036,Uttarakhand,ALMORA(SC),Ajay Tamta,BAGESHWAR(DISTRICT MAGISTRATE BAGESHWAR_IDA),BAGESHWAR,Construction of footpaths and pedestrian ways,03-Sep-2026,4536.0,Payment In-Progress,-4.686230727206697,0.015261419405659815,0,Low - Normal Pattern,No early cost-pattern anomaly against completed-works category norms.
EW-001037,Uttarakhand,ALMORA(SC),Ajay Tamta,BAGESHWAR(DISTRICT MAGISTRATE BAGESHWAR_IDA),BAGESHWAR,Construction of footpaths and pedestrian ways,03-Sep-2026,4536.0,Payment In-Progress,-4.686230727206697,0.015261419405659815,0,Low - Normal Pattern,No early cost-pattern anomaly against completed-works category norms.
EW-001038,Uttarakhand,ALMORA(SC),Ajay Tamta,BAGESHWAR(DISTRICT MAGISTRATE BAGESHWAR_IDA),BAGESHWAR,Construction of footpaths and pedestrian ways,03-Sep-2026,4284.0,Payment In-Progress,-4.750274283666645,0.014413562772012048,0,Low - Normal Pattern,No early cost-pattern anomaly against completed-works category norms.
EW-001039,Uttarakhand,ALMORA(SC),Ajay Tamta,BAGESHWAR(DISTRICT MAGISTRATE BAGESHWAR_IDA),BAGESHWAR,Construction of footpaths and pedestrian ways,03-Sep-2026,4284.0,Payment In-Progress,-4.750274283666645,0.014413562772012048,0,Low - Normal Pattern,No early cost-pattern anomaly against completed-works category norms.
EW-001040,Uttarakhand,ALMORA(SC),Ajay Tamta,ALMORA(DISTRICT MAGISTRATE ALMORA_IDA),ALMORA,Construction of footpaths and pedestrian ways,03-Sep-2026,7168.0,Payment In-Progress,-4.173530677706795,0.02411681091264761,0,Low - Normal Pattern,No early cost-pattern anomaly against completed-works category norms.
EW-001041,Uttarakhand,ALMORA(SC),Ajay Tamta,ALMORA(DISTRICT MAGISTRATE ALMORA_IDA),ALMORA,Construction of footpaths and pedestrian ways,03-Sep-2026,10100.0,Payment In-Progress,-3.7893161010773,0.03398155555493036,0,Low - Normal Pattern,No early cost-pattern anomaly against completed-works category norms.
EW-001042,Uttarakhand,ALMORA(SC),Ajay Tamta,ALMORA(DISTRICT MAGISTRATE ALMORA_IDA),ALMORA,Construction of footpaths and pedestrian ways,03-Sep-2026,11648.0,Payment In-Progress,-3.629539948733311,0.039189817733052364,0,Low - Normal Pattern,No early cost-pattern anomaly against completed-works category norms.
EW-001043,Uttar Pradesh,BADAUN,ADITYA YADAV,BUDAUN(DISTRICT MAGISTRATE BUDAUN_IDA),BUDAUN,Installing community drinking water plants,02-Sep-2026,227622.0,Payment In-Progress,-12.551412349144762,0.9776989356310184,0,Low - Normal Pattern,No early cost-pattern anomaly against completed-works category norms.
EW-001044,Uttar Pradesh,BADAUN,ADITYA YADAV,BUDAUN(DISTRICT MAGISTRATE BUDAUN_IDA),BUDAUN,Installing community drinking water plants,02-Sep-2026,227622.0,Payment In-Progress,-12.551412349144762,0.9776989356310184,0,Low - Normal Pattern,No early cost-pattern anomaly against completed-works category norms.
EW-001045,Uttar Pradesh,BADAUN,ADITYA YADAV,BUDAUN(DISTRICT MAGISTRATE BUDAUN_IDA),BUDAUN,Installing community drinking water plants,02-Sep-2026,227622.0,Payment In-Progress,-12.551412349144762,0.9776989356310184,0,Low - Normal Pattern,No early cost-pattern anomaly against completed-works category norms.
EW-001046,Uttar Pradesh,BADAUN,ADITYA YADAV,BUDAUN(DISTRICT MAGISTRATE BUDAUN_IDA),BUDAUN,Installing community drinking water plants,02-Sep-2026,227622.0,Payment In-Progress,-12.551412349144762,0.9776989356310184,0,Low - Normal Pattern,No early cost-pattern anomaly against completed-works category norms.
EW-001047,Uttar Pradesh,BADAUN,ADITYA YADAV,BUDAUN(DISTRICT MAGISTRATE BUDAUN_IDA),BUDAUN,Installing community drinking water plants,02-Sep-2026,227622.0,Payment In-Progress,-12.551412349144762,0.9776989356310184,0,Low - Normal Pattern,No early cost-pattern anomaly against completed-works category norms.
EW-001048,Uttar Pradesh,BADAUN,ADITYA YADAV,BUDAUN(DISTRICT MAGISTRATE BUDAUN_IDA),BUDAUN,Installing community drinking water plants,02-Sep-2026,227622.0,Payment In-Progress,-12.551412349144762,0.9776989356310184,0,Low - Normal Pattern,No early cost-pattern anomaly against completed-works category norms.
EW-001049,Uttar Pradesh,BADAUN,ADITYA YADAV,BUDAUN(DISTRICT MAGISTRATE BUDAUN_IDA),BUDAUN,Installing community drinking water plants,02-Sep-2026,227622.0,Payment In-Progress,-12.551412349144762,0.9776989356310184,0,Low - Normal Pattern,No early cost-pattern anomaly against completed-works category norms.
EW-001050,Uttar Pradesh,BADAUN,ADITYA YADAV,BUDAUN(DISTRICT MAGISTRATE BUDAUN_IDA),BUDAUN,Installing community drinking water plants,02-Sep-2026,227622.0,Payment In-Progress,-12.551412349144762,0.9776989356310184,0,Low - Normal Pattern,No early cost-pattern anomaly against completed-works category norms.
EW-001051,Uttar Pradesh,BADAUN,ADITYA YADAV,BUDAUN(DISTRICT MAGISTRATE BUDAUN_IDA),BUDAUN,Installing community drinking water plants,02-Sep-2026,227622.0,Payment In-Progress,-12.551412349144762,0.9776989356310184,0,Low - Normal Pattern,No early cost-pattern anomaly against completed-works category norms.
EW-001052,Uttar Pradesh,BADAUN,ADITYA YADAV,BUDAUN(DISTRICT MAGISTRATE BUDAUN_IDA),BUDAUN,Installing community drinking water plants,02-Sep-2026,227622.0,Payment In-Progress,-12.551412349144762,0.9776989356310184,0,Low - Normal Pattern,No early cost-pattern anomaly against completed-works category norms.
EW-001053,Uttar Pradesh,BADAUN,ADITYA YADAV,BUDAUN(DISTRICT MAGISTRATE BUDAUN_IDA),BUDAUN,Installing community drinking water plants,02-Sep-2026,227622.0,Payment In-Progress,-12.551412349144762,0.9776989356310184,0,Low - Normal Pattern,No early cost-pattern anomaly against completed-works category norms.
EW-001054,Odisha,JAGATSINGHPUR(SC),BIBHU PRASAD TARAI,JAGATSINGHAPUR(DISTRICT COLLECTOR JAGATSINGHPUR_IDA),JAGATSINGHAPUR,Construction of community centers and community halls,01-Sep-2026,10700.0,Payment In-Progress,-5.128670219007457,0.021529305005865213,0,Low - Normal Pattern,No early cost-pattern anomaly against completed-works category norms.
EW-001055,Odisha,JAGATSINGHPUR(SC),BIBHU PRASAD TARAI,JAGATSINGHAPUR(DISTRICT COLLECTOR JAGATSINGHPUR_IDA),JAGATSINGHAPUR,Construction of community centers and community halls,01-Sep-2026,12933.0,Payment In-Progress,-4.875414878186689,0.026022289872977084,0,Low - Normal Pattern,No early cost-pattern anomaly against completed-works category norms.
EW-001056,Uttarakhand,ALMORA(SC),Ajay Tamta,ALMORA(DISTRICT MAGISTRATE ALMORA_IDA),ALMORA,Construction of footpaths and pedestrian ways,27-Aug-2026,12096.0,Payment In-Progress,-3.5872535264271486,0.04069711841509284,0,Low - Normal Pattern,No early cost-pattern anomaly against completed-works category norms.
EW-001057,Uttarakhand,ALMORA(SC),Ajay Tamta,ALMORA(DISTRICT MAGISTRATE ALMORA_IDA),ALMORA,Construction of footpaths and pedestrian ways,27-Aug-2026,12096.0,Payment In-Progress,-3.5872535264271486,0.04069711841509284,0,Low - Normal Pattern,No early cost-pattern anomaly against completed-works category norms.
EW-001058,Uttarakhand,ALMORA(SC),Ajay Tamta,ALMORA(DISTRICT MAGISTRATE ALMORA_IDA),ALMORA,Construction of footpaths and pedestrian ways,27-Aug-2026,12096.0,Payment In-Progress,-3.5872535264271486,0.04069711841509284,0,Low - Normal Pattern,No early cost-pattern anomaly against completed-works category norms.
EW-001059,Uttarakhand,ALMORA(SC),Ajay Tamta,ALMORA(DISTRICT MAGISTRATE ALMORA_IDA),ALMORA,Construction of footpaths and pedestrian ways,27-Aug-2026,12096.0,Payment In-Progress,-3.5872535264271486,0.04069711841509284,0,Low - Normal Pattern,No early cost-pattern anomaly against completed-works category norms.
EW-001060,Punjab,BHATINDA,Smt Harsimrat Kaur Badal,BATHINDA(DEPUTY COMMISSIONER BHATINDA_IDA),BATHINDA,Construction of community centers and community halls,28-Aug-2026,42250.0,Payment In-Progress,-3.2936287123587236,0.08501057350446778,0,Low - Normal Pattern,No early cost-pattern anomaly against completed-works category norms.
EW-001061,Uttar Pradesh,BADAUN,ADITYA YADAV,BUDAUN(DISTRICT MAGISTRATE BUDAUN_IDA),BUDAUN,Installing community drinking water plants,02-Sep-2026,227622.0,Payment In-Progress,-12.551412349144762,0.9776989356310184,0,Low - Normal Pattern,No early cost-pattern anomaly against completed-works category norms.
EW-001062,Uttar Pradesh,BADAUN,ADITYA YADAV,BUDAUN(DISTRICT MAGISTRATE BUDAUN_IDA),BUDAUN,Installing community drinking water plants,02-Sep-2026,227622.0,Payment In-Progress,-12.551412349144762,0.9776989356310184,0,Low - Normal Pattern,No early cost-pattern anomaly against completed-works category norms.
EW-001063,Gujarat,KHEDA,Devusinh Jesingbhai Chauhan,Ahmedabad(DISTRICT COLLECTOR AHMADABAD_IDA),Ahmedabad,"Construction of roads, link roads, pathways or any other road with or without drainage system",31-Aug-2026,199795.0,Payment In-Progress,-1.1898817621463755,0.3995900000000002,0,Low - Normal Pattern,No early cost-pattern anomaly against completed-works category norms.
EW-001064,Uttar Pradesh,BADAUN,ADITYA YADAV,BUDAUN(DISTRICT MAGISTRATE BUDAUN_IDA),BUDAUN,Installing community drinking water plants,02-Sep-2026,227622.0,Payment In-Progress,-12.551412349144762,0.9776989356310184,0,Low - Normal Pattern,No early cost-pattern anomaly against completed-works category norms.
EW-001065,Maharashtra,BHANDARA-GONDIYA,DR. PRASHANT YADAORAO PADOLE,GONDIA(DISTRICT COLLECTOR GONDIA_IDA),GONDIA,Construction of community centers and community halls,03-Sep-2026,696799.0,Payment In-Progress,0.4515087851400247,1.4020185232506426,0,Low - Normal Pattern,No early cost-pattern anomaly against completed-works category norms.
EW-001066,Andhra Pradesh,RAJAMPET,Midhun Reddy,Annamayya(DISTRICT COLLECTOR ANNAMAYYA_IDA),Annamayya,Providing supply pipelines for drinking water,27-Aug-2026,199321.0,Payment In-Progress,-0.28621300047865933,0.8029819599880761,0,Low - Normal Pattern,No early cost-pattern anomaly against completed-works category norms.
EW-001067,Punjab,SANGRUR,GURMEET SINGH MEET HAYER,BARNALA(DEPUTY COMMISSIONER BARNALA_IDA),BARNALA,Construction of additional rooms and halls in the existing public and community building,26-Aug-2026,52805.0,Payment In-Progress,-2.1875260214483254,0.10561000000000006,0,Low - Normal Pattern,No early cost-pattern anomaly against completed-works category norms.
EW-001068,Uttarakhand,ALMORA(SC),Ajay Tamta,BAGESHWAR(DISTRICT MAGISTRATE BAGESHWAR_IDA),BAGESHWAR,Construction of footpaths and pedestrian ways,03-Sep-2026,4284.0,Payment In-Progress,-4.750274283666645,0.014413562772012048,0,Low - Normal Pattern,No early cost-pattern anomaly against completed-works category norms.
EW-001069,Uttarakhand,ALMORA(SC),Ajay Tamta,BAGESHWAR(DISTRICT MAGISTRATE BAGESHWAR_IDA),BAGESHWAR,Construction of footpaths and pedestrian ways,03-Sep-2026,23175.0,Payment In-Progress,-2.858733046748246,0.07797252970153576,0,Low - Normal Pattern,No early cost-pattern anomaly against completed-works category norms.
EW-001070,Punjab,BHATINDA,Smt Harsimrat Kaur Badal,BATHINDA(DEPUTY COMMISSIONER BHATINDA_IDA),BATHINDA,Construction of additional rooms and halls in the existing public and community building,01-Sep-2026,40105.0,Payment In-Progress,-2.45522996503518,0.08021000000000005,0,Low - Normal Pattern,No early cost-pattern anomaly against completed-works category norms.
EW-001071,Punjab,BHATINDA,Smt Harsimrat Kaur Badal,BATHINDA(DEPUTY COMMISSIONER BHATINDA_IDA),BATHINDA,Construction of additional rooms and halls in the existing public and community building,01-Sep-2026,25610.0,Payment In-Progress,-2.891681957898136,0.05122000000000003,0,Low - Normal Pattern,No early cost-pattern anomaly against completed-works category norms.
EW-001072,Punjab,BHATINDA,Smt Harsimrat Kaur Badal,BATHINDA(DEPUTY COMMISSIONER BHATINDA_IDA),BATHINDA,Construction of community centers and community halls,28-Aug-2026,48425.0,Payment In-Progress,-3.111359456509573,0.09743519578589,0,Low - Normal Pattern,No early cost-pattern anomaly against completed-works category norms.
EW-001073,Punjab,BHATINDA,Smt Harsimrat Kaur Badal,BATHINDA(DEPUTY COMMISSIONER BHATINDA_IDA),BATHINDA,Construction of community centers and community halls,28-Aug-2026,43550.0,Payment In-Progress,-3.253135651979731,0.08762628345845141,0,Low - Normal Pattern,No early cost-pattern anomaly against completed-works category norms.
EW-001074,Punjab,BHATINDA,Smt Harsimrat Kaur Badal,BATHINDA(DEPUTY COMMISSIONER BHATINDA_IDA),BATHINDA,Construction of community centers and community halls,28-Aug-2026,16900.0,Payment In-Progress,-4.517947736833614,0.034004229401787114,0,Low - Normal Pattern,No early cost-pattern anomaly against completed-works category norms.
EW-001075,Maharashtra,NANDED,Ravindra Vasantrao Chavan,NANDED(DISTRICT COLLECTOR NANDED_IDA),NANDED,"Construction of roads, link roads, pathways or any other road with or without drainage system",27-Aug-2026,494000.0,Payment In-Progress,-0.015659751055888307,0.9880000000000005,0,Low - Normal Pattern,No early cost-pattern anomaly against completed-works category norms.
EW-001076,Andhra Pradesh,KAKINADA,TANGELLA UDAY SRINIVAS,Kakinada(DISTRICT COLLECTOR KAKINADA_IDA),Kakinada,Providing drains and gutters for public drainage,31-Aug-2026,1170176.0,Payment In-Progress,1.4522278871271885,2.53411217940972,0,Low - Normal Pattern,No early cost-pattern anomaly against completed-works category norms.
EW-001077,Odisha,ASKA,ANITA SUBHADARSHINI,GANJAM(DISTRICT COLLECTOR GANJAM_IDA),GANJAM,Construction of community centers and community halls,02-Sep-2026,300000.0,Payment In-Progress,-0.6745,0.603625373996221,0,Low - Normal Pattern,No early cost-pattern anomaly against completed-works category norms.
EW-001078,Uttar Pradesh,BADAUN,ADITYA YADAV,BUDAUN(DISTRICT MAGISTRATE BUDAUN_IDA),BUDAUN,Installing community drinking water plants,02-Sep-2026,227622.0,Payment In-Progress,-12.551412349144762,0.9776989356310184,0,Low - Normal Pattern,No early cost-pattern anomaly against completed-works category norms.
EW-001079,Uttar Pradesh,BADAUN,ADITYA YADAV,BUDAUN(DISTRICT MAGISTRATE BUDAUN_IDA),BUDAUN,Installing community drinking water plants,02-Sep-2026,227622.0,Payment In-Progress,-12.551412349144762,0.9776989356310184,0,Low - Normal Pattern,No early cost-pattern anomaly against completed-works category norms.
EW-001080,Uttar Pradesh,BADAUN,ADITYA YADAV,BUDAUN(DISTRICT MAGISTRATE BUDAUN_IDA),BUDAUN,Installing community drinking water plants,02-Sep-2026,227622.0,Payment In-Progress,-12.551412349144762,0.9776989356310184,0,Low - Normal Pattern,No early cost-pattern anomaly against completed-works category norms.
EW-001081,Uttar Pradesh,BADAUN,ADITYA YADAV,BUDAUN(DISTRICT MAGISTRATE BUDAUN_IDA),BUDAUN,Installing community drinking water plants,02-Sep-2026,227622.0,Payment In-Progress,-12.551412349144762,0.9776989356310184,0,Low - Normal Pattern,No early cost-pattern anomaly against completed-works category norms.
EW-001082,Odisha,KEONJHAR(ST),ANANTA NAYAK,Kendujhar(DISTRICT COLLECTOR KEONJHAR_IDA),Kendujhar,Construction of additional rooms and halls in the existing public and community building,02-Sep-2026,500000.0,Payment In-Progress,0.0,1.0000000000000007,0,Low - Normal Pattern,No early cost-pattern anomaly against completed-works category norms.
EW-001083,Maharashtra,NAGPUR,Nitin Jairam Gadkari,NAGPUR(DISTRICT COLLECTOR NAGPUR_IDA),NAGPUR,Providing drains and gutters for public drainage,24-Aug-2026,943418.0,Payment In-Progress,1.1158165154059634,2.04304911746127,0,Low - Normal Pattern,No early cost-pattern anomaly against completed-works category norms.
EW-001084,Maharashtra,NAGPUR,Nitin Jairam Gadkari,NAGPUR(DISTRICT COLLECTOR NAGPUR_IDA),NAGPUR,Providing drains and gutters for public drainage,24-Aug-2026,943153.0,Payment In-Progress,1.1153777547261488,2.0424752382093083,0,Low - Normal Pattern,No early cost-pattern anomaly against completed-works category norms.
EW-001085,Uttar Pradesh,SHRAWASTI,Ram Shiromani,Shrawasti(DISTRICT MAGISTRATE SHRAVASTI_IDA),Shrawasti,Lighting of public spaces,10-Aug-2026,221972.0,Payment In-Progress,0.363541697419564,1.1070812261224328,0,Low - Normal Pattern,No early cost-pattern anomaly against completed-works category norms.
EW-001086,Uttar Pradesh,SHRAWASTI,Ram Shiromani,Shrawasti(DISTRICT MAGISTRATE SHRAVASTI_IDA),Shrawasti,Lighting of public spaces,10-Aug-2026,221972.0,Payment In-Progress,0.363541697419564,1.1070812261224328,0,Low - Normal Pattern,No early cost-pattern anomaly against completed-works category norms.
EW-001087,Uttar Pradesh,SHRAWASTI,Ram Shiromani,Shrawasti(DISTRICT MAGISTRATE SHRAVASTI_IDA),Shrawasti,Lighting of public spaces,10-Aug-2026,221972.0,Payment In-Progress,0.363541697419564,1.1070812261224328,0,Low - Normal Pattern,No early cost-pattern anomaly against completed-works category norms.
EW-001088,Uttar Pradesh,SHRAWASTI,Ram Shiromani,Shrawasti(DISTRICT MAGISTRATE SHRAVASTI_IDA),Shrawasti,Lighting of public spaces,10-Aug-2026,221972.0,Payment In-Progress,0.363541697419564,1.1070812261224328,0,Low - Normal Pattern,No early cost-pattern anomaly against completed-works category norms.
EW-001089,Uttar Pradesh,SHRAWASTI,Ram Shiromani,Shrawasti(DISTRICT MAGISTRATE SHRAVASTI_IDA),Shrawasti,Lighting of public spaces,10-Aug-2026,221972.0,Payment In-Progress,0.363541697419564,1.1070812261224328,0,Low - Normal Pattern,No early cost-pattern anomaly against completed-works category norms.
EW-001090,Uttar Pradesh,SHRAWASTI,Ram Shiromani,Shrawasti(DISTRICT MAGISTRATE SHRAVASTI_IDA),Shrawasti,Lighting of public spaces,10-Aug-2026,221972.0,Payment In-Progress,0.363541697419564,1.1070812261224328,0,Low - Normal Pattern,No early cost-pattern anomaly against completed-works category norms.
EW-001091,Uttar Pradesh,SHRAWASTI,Ram Shiromani,Shrawasti(DISTRICT MAGISTRATE SHRAVASTI_IDA),Shrawasti,Lighting of public spaces,10-Aug-2026,221972.0,Payment In-Progress,0.363541697419564,1.1070812261224328,0,Low - Normal Pattern,No early cost-pattern anomaly against completed-works category norms.
EW-001092,Uttar Pradesh,SHRAWASTI,Ram Shiromani,Shrawasti(DISTRICT MAGISTRATE SHRAVASTI_IDA),Shrawasti,Lighting of public spaces,10-Aug-2026,221972.0,Payment In-Progress,0.363541697419564,1.1070812261224328,0,Low - Normal Pattern,No early cost-pattern anomaly against completed-works category norms.
EW-001093,Uttar Pradesh,SHRAWASTI,Ram Shiromani,Shrawasti(DISTRICT MAGISTRATE SHRAVASTI_IDA),Shrawasti,Lighting of public spaces,10-Aug-2026,221972.0,Payment In-Progress,0.363541697419564,1.1070812261224328,0,Low - Normal Pattern,No early cost-pattern anomaly against completed-works category norms.
EW-001094,Uttar Pradesh,SHRAWASTI,Ram Shiromani,Shrawasti(DISTRICT MAGISTRATE SHRAVASTI_IDA),Shrawasti,Lighting of public spaces,10-Aug-2026,221972.0,Payment In-Progress,0.363541697419564,1.1070812261224328,0,Low - Normal Pattern,No early cost-pattern anomaly against completed-works category norms.
EW-001095,Uttar Pradesh,SHRAWASTI,Ram Shiromani,Shrawasti(DISTRICT MAGISTRATE SHRAVASTI_IDA),Shrawasti,Lighting of public spaces,10-Aug-2026,221972.0,Payment In-Progress,0.363541697419564,1.1070812261224328,0,Low - Normal Pattern,No early cost-pattern anomaly against completed-works category norms.
EW-001096,Uttar Pradesh,SHRAWASTI,Ram Shiromani,Shrawasti(DISTRICT MAGISTRATE SHRAVASTI_IDA),Shrawasti,Lighting of public spaces,10-Aug-2026,221972.0,Payment In-Progress,0.363541697419564,1.1070812261224328,0,Low - Normal Pattern,No early cost-pattern anomaly against completed-works category norms.
EW-001097,Uttar Pradesh,SHRAWASTI,Ram Shiromani,Shrawasti(DISTRICT MAGISTRATE SHRAVASTI_IDA),Shrawasti,Lighting of public spaces,10-Aug-2026,221972.0,Payment In-Progress,0.363541697419564,1.1070812261224328,0,Low - Normal Pattern,No early cost-pattern anomaly against completed-works category norms.
EW-001098,Uttar Pradesh,SHRAWASTI,Ram Shiromani,Shrawasti(DISTRICT MAGISTRATE SHRAVASTI_IDA),Shrawasti,Lighting of public spaces,10-Aug-2026,221972.0,Payment In-Progress,0.363541697419564,1.1070812261224328,0,Low - Normal Pattern,No early cost-pattern anomaly against completed-works category norms.
EW-001099,Uttar Pradesh,SHRAWASTI,Ram Shiromani,Shrawasti(DISTRICT MAGISTRATE SHRAVASTI_IDA),Shrawasti,Lighting of public spaces,10-Aug-2026,221972.0,Payment In-Progress,0.363541697419564,1.1070812261224328,0,Low - Normal Pattern,No early cost-pattern anomaly against completed-works category norms.
EW-001100,Uttar Pradesh,SHRAWASTI,Ram Shiromani,Shrawasti(DISTRICT MAGISTRATE SHRAVASTI_IDA),Shrawasti,Lighting of public spaces,10-Aug-2026,221972.0,Payment In-Progress,0.363541697419564,1.1070812261224328,0,Low - Normal Pattern,No early cost-pattern anomaly against completed-works category norms.
EW-001101,Uttar Pradesh,SHRAWASTI,Ram Shiromani,Shrawasti(DISTRICT MAGISTRATE SHRAVASTI_IDA),Shrawasti,Lighting of public spaces,10-Aug-2026,221972.0,Payment In-Progress,0.363541697419564,1.1070812261224328,0,Low - Normal Pattern,No early cost-pattern anomaly against completed-works category norms.
EW-001102,Uttar Pradesh,SHRAWASTI,Ram Shiromani,Shrawasti(DISTRICT MAGISTRATE SHRAVASTI_IDA),Shrawasti,Lighting of public spaces,10-Aug-2026,221972.0,Payment In-Progress,0.363541697419564,1.1070812261224328,0,Low - Normal Pattern,No early cost-pattern anomaly against completed-works category norms.
EW-001103,Uttar Pradesh,SHRAWASTI,Ram Shiromani,Shrawasti(DISTRICT MAGISTRATE SHRAVASTI_IDA),Shrawasti,Lighting of public spaces,10-Aug-2026,221972.0,Payment In-Progress,0.363541697419564,1.1070812261224328,0,Low - Normal Pattern,No early cost-pattern anomaly against completed-works category norms.
EW-001104,Uttar Pradesh,SHRAWASTI,Ram Shiromani,Shrawasti(DISTRICT MAGISTRATE SHRAVASTI_IDA),Shrawasti,Lighting of public spaces,10-Aug-2026,221972.0,Payment In-Progress,0.363541697419564,1.1070812261224328,0,Low - Normal Pattern,No early cost-pattern anomaly against completed-works category norms.
EW-001105,Uttar Pradesh,SHRAWASTI,Ram Shiromani,Shrawasti(DISTRICT MAGISTRATE SHRAVASTI_IDA),Shrawasti,Lighting of public spaces,10-Aug-2026,221972.0,Payment In-Progress,0.363541697419564,1.1070812261224328,0,Low - Normal Pattern,No early cost-pattern anomaly against completed-works category norms.
EW-001106,Uttar Pradesh,SHRAWASTI,Ram Shiromani,Shrawasti(DISTRICT MAGISTRATE SHRAVASTI_IDA),Shrawasti,Lighting of public spaces,10-Aug-2026,221972.0,Payment In-Progress,0.363541697419564,1.1070812261224328,0,Low - Normal Pattern,No early cost-pattern anomaly against completed-works category norms.
EW-001107,Uttar Pradesh,SHRAWASTI,Ram Shiromani,Shrawasti(DISTRICT MAGISTRATE SHRAVASTI_IDA),Shrawasti,Lighting of public spaces,10-Aug-2026,221972.0,Payment In-Progress,0.363541697419564,1.1070812261224328,0,Low - Normal Pattern,No early cost-pattern anomaly against completed-works category norms.
EW-001108,West Bengal,ULUBERIA,Smt Sajda Ahmed,HOWRAH(DISTRICT MAGISTRATE HOWRAH_IDA),HOWRAH,"Construction of rooms and facilities for hospitals, FWC , PHC Centers and ANM centers",19-Aug-2026,176495.0,Payment In-Progress,-0.9200347102984178,0.37249947181166015,0,Low - Normal Pattern,No early cost-pattern anomaly against completed-works category norms.
EW-001109,Rajasthan,RAJSAMAND,MAHIMA KUMARI MEWAR,RAJSAMAND(DISTRICT COLLECTOR RAJSAMAND_IDA),RAJSAMAND,"Construction of roads, link roads, pathways or any other road with or without drainage system",19-Aug-2026,498972.0,Payment In-Progress,-0.0026696520760980886,0.9979440000000006,0,Low - Normal Pattern,No early cost-pattern anomaly against completed-works category norms.
EW-001110,Maharashtra,NASHIK,RAJABHAU,NASHIK(DISTRICT COLLECTOR NASHIK_IDA),NASHIK,Construction of community centers and community halls,01-Sep-2026,989000.0,Payment In-Progress,0.9194315221692709,1.9899516496075418,0,Low - Normal Pattern,No early cost-pattern anomaly against completed-works category norms.
EW-001111,West Bengal,MURSHIDABAD,Abu Taher Khan,MURSHIDABAD(DISTRICT MAGISTRATE MURSHIDABAD_IDA),MURSHIDABAD,"Construction of roads, link roads, pathways or any other road with or without drainage system",23-Aug-2026,593883.0,Payment In-Progress,0.22320327206713808,1.1877660000000008,0,Low - Normal Pattern,No early cost-pattern anomaly against completed-works category norms.
EW-001112,West Bengal,MURSHIDABAD,Abu Taher Khan,MURSHIDABAD(DISTRICT MAGISTRATE MURSHIDABAD_IDA),MURSHIDABAD,Construction of boundary walls of existing public and community buildings,31-Aug-2026,742205.0,Payment In-Progress,0.5440404399177345,1.4984492723661775,0,Low - Normal Pattern,No early cost-pattern anomaly against completed-works category norms.
EW-001113,Karnataka,BANGALORE RURAL,DR C N MANJUNATH,MANDYA(DEPUTY COMMISSIONER MANDYA_IDA),MANDYA,Construction of community centers and community halls,14-Aug-2026,490000.0,Payment In-Progress,-0.018945000308356802,0.9859214441938275,0,Low - Normal Pattern,No early cost-pattern anomaly against completed-works category norms.
EW-001114,Meghalaya,SHILLONG,ANDREW J. SYNGKON,WEST JAINTIA HILLS(DEPUTY COMMISSIONER WEST JAINTIA HILLS JOWAI_IDA),WEST JAINTIA HILLS,Construction of rooms and halls in school and colleges,01-Sep-2026,100000.0,Payment In-Progress,-2.1151017868418065,0.20000000000000012,0,Low - Normal Pattern,No early cost-pattern anomaly against completed-works category norms.
EW-001115,Karnataka,CHITRADURGA(SC),GOVIND MAKTHAPPA KARJOL,TUMAKURU(DEPUTY COMMISSIONER TUMKUR_IDA),TUMAKURU,Construction of rooms and halls in school and colleges,14-Aug-2026,499964.0,Payment In-Progress,-9.462484391635316e-05,0.9999280000000006,0,Low - Normal Pattern,No early cost-pattern anomaly against completed-works category norms.
EW-001116,Karnataka,CHITRADURGA(SC),GOVIND MAKTHAPPA KARJOL,TUMAKURU(DEPUTY COMMISSIONER TUMKUR_IDA),TUMAKURU,Construction of community centers and community halls,14-Aug-2026,499459.0,Payment In-Progress,0.006602708217696766,1.0049537522359284,0,Low - Normal Pattern,No early cost-pattern anomaly against completed-works category norms.
EW-001117,Karnataka,CHITRADURGA(SC),GOVIND MAKTHAPPA KARJOL,TUMAKURU(DEPUTY COMMISSIONER TUMKUR_IDA),TUMAKURU,Construction of boundary walls of existing public and community buildings,14-Aug-2026,499964.0,Payment In-Progress,0.012566009120224576,1.0093851321525502,0,Low - Normal Pattern,No early cost-pattern anomaly against completed-works category norms.
EW-001118,West Bengal,ULUBERIA,Smt Sajda Ahmed,HOWRAH(DISTRICT MAGISTRATE HOWRAH_IDA),HOWRAH,Lighting of public spaces,01-Sep-2026,158924.0,Payment In-Progress,-0.8305207648869816,0.792630497451397,0,Low - Normal Pattern,No early cost-pattern anomaly against completed-works category norms.
EW-001119,Punjab,ANANDPUR SAHIB,MALVINDER SINGH KANG,RUPNAGAR(DEPUTY COMMISSIONER ROOPNAGAR_IDA),RUPNAGAR,Construction of community centers and community halls,31-Aug-2026,24715.0,Payment In-Progress,-4.010074378343995,0.04972867039438867,0,Low - Normal Pattern,No early cost-pattern anomaly against completed-works category norms.
EW-001120,Punjab,ANANDPUR SAHIB,MALVINDER SINGH KANG,RUPNAGAR(DEPUTY COMMISSIONER ROOPNAGAR_IDA),RUPNAGAR,Construction of community centers and community halls,31-Aug-2026,24474.0,Payment In-Progress,-4.023167518715504,0.049243758010611705,0,Low - Normal Pattern,No early cost-pattern anomaly against completed-works category norms.
EW-001121,Andhra Pradesh,RAJAMPET,Midhun Reddy,Annamayya(DISTRICT COLLECTOR ANNAMAYYA_IDA),Annamayya,Providing supply pipelines for drinking water,31-Aug-2026,249494.0,Payment In-Progress,0.006646182199129201,1.0051082481287221,0,Low - Normal Pattern,No early cost-pattern anomaly against completed-works category norms.
EW-001122,Uttar Pradesh,BANSGAON(SC),Kamlesh Paswan,GORAKHPUR(DISTRICT MAGISTRATE GORAKHPUR_IDA),GORAKHPUR,"Construction of roads, link roads, pathways or any other road with or without drainage system",31-Aug-2026,651478.0,Payment In-Progress,0.3432676434040723,1.3029560000000007,0,Low - Normal Pattern,No early cost-pattern anomaly against completed-works category norms.
EW-001123,Uttar Pradesh,BANSGAON(SC),Kamlesh Paswan,GORAKHPUR(DISTRICT MAGISTRATE GORAKHPUR_IDA),GORAKHPUR,"Construction of roads, link roads, pathways or any other road with or without drainage system",31-Aug-2026,839334.0,Payment In-Progress,0.671916024145401,1.678668000000001,0,Low - Normal Pattern,No early cost-pattern anomaly against completed-works category norms.
EW-001124,Uttar Pradesh,SHRAWASTI,Ram Shiromani,Shrawasti(DISTRICT MAGISTRATE SHRAVASTI_IDA),Shrawasti,Lighting of public spaces,10-Aug-2026,221972.0,Payment In-Progress,0.363541697419564,1.1070812261224328,0,Low - Normal Pattern,No early cost-pattern anomaly against completed-works category norms.
EW-001125,Uttar Pradesh,SHRAWASTI,Ram Shiromani,Shrawasti(DISTRICT MAGISTRATE SHRAVASTI_IDA),Shrawasti,Lighting of public spaces,10-Aug-2026,221972.0,Payment In-Progress,0.363541697419564,1.1070812261224328,0,Low - Normal Pattern,No early cost-pattern anomaly against completed-works category norms.
EW-001126,Uttar Pradesh,SHRAWASTI,Ram Shiromani,Shrawasti(DISTRICT MAGISTRATE SHRAVASTI_IDA),Shrawasti,Lighting of public spaces,10-Aug-2026,221972.0,Payment In-Progress,0.363541697419564,1.1070812261224328,0,Low - Normal Pattern,No early cost-pattern anomaly against completed-works category norms.
EW-001127,Uttar Pradesh,VARANASI,Shri Narendra Modi,VARANASI(DISTRICT MAGISTRAE VARANASI_IDA),VARANASI,"Construction of roads, link roads, pathways or any other road with or without drainage system",14-Aug-2026,950372.0,Payment In-Progress,0.8330780886962416,1.900744000000001,0,Low - Normal Pattern,No early cost-pattern anomaly against completed-works category norms.
EW-001128,Rajasthan,AJMER,Bhagirath Chaudhary,AJMER(DISTRICT COLLECTOR AJMER_IDA),AJMER,Construction of community centers and community halls,06-Aug-2026,15561.0,Payment In-Progress,-4.6282429043021995,0.03131004814918398,0,Low - Normal Pattern,No early cost-pattern anomaly against completed-works category norms.
EW-001129,Uttar Pradesh,SHRAWASTI,Ram Shiromani,Shrawasti(DISTRICT MAGISTRATE SHRAVASTI_IDA),Shrawasti,Lighting of public spaces,14-Aug-2026,221972.0,Payment In-Progress,0.363541697419564,1.1070812261224328,0,Low - Normal Pattern,No early cost-pattern anomaly against completed-works category norms.
EW-001130,Uttar Pradesh,SHRAWASTI,Ram Shiromani,Shrawasti(DISTRICT MAGISTRATE SHRAVASTI_IDA),Shrawasti,Lighting of public spaces,14-Aug-2026,221972.0,Payment In-Progress,0.363541697419564,1.1070812261224328,0,Low - Normal Pattern,No early cost-pattern anomaly against completed-works category norms.
EW-001131,Uttar Pradesh,SHRAWASTI,Ram Shiromani,Shrawasti(DISTRICT MAGISTRATE SHRAVASTI_IDA),Shrawasti,Lighting of public spaces,14-Aug-2026,221972.0,Payment In-Progress,0.363541697419564,1.1070812261224328,0,Low - Normal Pattern,No early cost-pattern anomaly against completed-works category norms.
EW-001132,Uttar Pradesh,SHRAWASTI,Ram Shiromani,Shrawasti(DISTRICT MAGISTRATE SHRAVASTI_IDA),Shrawasti,Lighting of public spaces,14-Aug-2026,221972.0,Payment In-Progress,0.363541697419564,1.1070812261224328,0,Low - Normal Pattern,No early cost-pattern anomaly against completed-works category norms.
EW-001133,Rajasthan,SIKAR,AMRARAM,SIKAR(DISTRICT COLLECTOR SIKAR_IDA),SIKAR,"Providing sports equipment, except consumable items",24-Jul-2026,300000.0,Payment In-Progress,0.0,,0,Low - Normal Pattern,No early cost-pattern anomaly against completed-works category norms.
EW-001134,Odisha,MAYURBHANJ (ST),NABA CHARAN MAJHI,MAYURBHANJ(DISTRICT COLLECTOR MAYURBHANJ_IDA),MAYURBHANJ,Construction of boundary walls of existing public and community buildings,31-Aug-2026,500000.0,Payment In-Progress,0.012662867040688728,1.0094578131150946,0,Low - Normal Pattern,No early cost-pattern anomaly against completed-works category norms.
EW-001135,Uttar Pradesh,BANSGAON(SC),Kamlesh Paswan,GORAKHPUR(DISTRICT MAGISTRATE GORAKHPUR_IDA),GORAKHPUR,"Construction of roads, link roads, pathways or any other road with or without drainage system",31-Aug-2026,472590.0,Payment In-Progress,-0.07313225553308139,0.9451800000000006,0,Low - Normal Pattern,No early cost-pattern anomaly against completed-works category norms.
EW-001136,Uttar Pradesh,BANSGAON(SC),Kamlesh Paswan,GORAKHPUR(DISTRICT MAGISTRATE GORAKHPUR_IDA),GORAKHPUR,"Construction of roads, link roads, pathways or any other road with or without drainage system",31-Aug-2026,841576.0,Payment In-Progress,0.6753762633148408,1.6831520000000009,0,Low - Normal Pattern,No early cost-pattern anomaly against completed-works category norms.
EW-001137,Rajasthan,AJMER,Bhagirath Chaudhary,AJMER(DISTRICT COLLECTOR AJMER_IDA),AJMER,Construction of community centers and community halls,06-Aug-2026,3861.0,Payment In-Progress,-6.490650421828791,0.007768658563331364,0,Low - Normal Pattern,No early cost-pattern anomaly against completed-works category norms.
EW-001138,Uttar Pradesh,SHRAWASTI,Ram Shiromani,Shrawasti(DISTRICT MAGISTRATE SHRAVASTI_IDA),Shrawasti,Lighting of public spaces,10-Aug-2026,221972.0,Payment In-Progress,0.363541697419564,1.1070812261224328,0,Low - Normal Pattern,No early cost-pattern anomaly against completed-works category norms.
EW-001139,Rajasthan,AJMER,Bhagirath Chaudhary,AJMER(DISTRICT COLLECTOR AJMER_IDA),AJMER,Construction of community centers and community halls,06-Aug-2026,3861.0,Payment In-Progress,-6.490650421828791,0.007768658563331364,0,Low - Normal Pattern,No early cost-pattern anomaly against completed-works category norms.
EW-001140,Rajasthan,AJMER,Bhagirath Chaudhary,AJMER(DISTRICT COLLECTOR AJMER_IDA),AJMER,Construction of community centers and community halls,06-Aug-2026,15561.0,Payment In-Progress,-4.6282429043021995,0.03131004814918398,0,Low - Normal Pattern,No early cost-pattern anomaly against completed-works category norms.
EW-001141,Rajasthan,AJMER,Bhagirath Chaudhary,AJMER(DISTRICT COLLECTOR AJMER_IDA),AJMER,Construction of community centers and community halls,06-Aug-2026,3861.0,Payment In-Progress,-6.490650421828791,0.007768658563331364,0,Low - Normal Pattern,No early cost-pattern anomaly against completed-works category norms.
EW-001142,Andhra Pradesh,RAJAMPET,Midhun Reddy,Annamayya(DISTRICT COLLECTOR ANNAMAYYA_IDA),Annamayya,Providing supply pipelines for drinking water,28-Jul-2026,486736.0,Payment In-Progress,0.8783524510264867,1.9608582501430165,0,Low - Normal Pattern,No early cost-pattern anomaly against completed-works category norms.
EW-001143,Andhra Pradesh,RAJAMPET,Midhun Reddy,Annamayya(DISTRICT COLLECTOR ANNAMAYYA_IDA),Annamayya,Providing supply pipelines for drinking water,28-Jul-2026,495008.0,Payment In-Progress,0.9003340707327042,1.9941827205852747,0,Low - Normal Pattern,No early cost-pattern anomaly against completed-works category norms.
EW-001144,Uttar Pradesh,VARANASI,Shri Narendra Modi,VARANASI(DISTRICT MAGISTRAE VARANASI_IDA),VARANASI,"Construction of roads, link roads, pathways or any other road with or without drainage system",07-Aug-2026,230926.0,Payment In-Progress,-1.0020497153703913,0.46185200000000026,0,Low - Normal Pattern,No early cost-pattern anomaly against completed-works category norms.
EW-001145,Gujarat,PORBANDAR,DR. MANSUKH MANDAVIYA,PORBANDAR(DISTRICT COLLECTOR PORBANDAR_IDA),PORBANDAR,"Construction of roads, link roads, pathways or any other road with or without drainage system",02-Sep-2026,250000.0,Payment In-Progress,-0.8991045147700292,0.5000000000000003,0,Low - Normal Pattern,No early cost-pattern anomaly against completed-works category norms.
EW-001146,Uttar Pradesh,VARANASI,Shri Narendra Modi,VARANASI(DISTRICT MAGISTRAE VARANASI_IDA),VARANASI,"Construction of roads, link roads, pathways or any other road with or without drainage system",19-Aug-2026,798152.0,Payment In-Progress,0.6066576663961541,1.5963040000000008,0,Low - Normal Pattern,No early cost-pattern anomaly against completed-works category norms.
EW-001147,Uttar Pradesh,SHRAWASTI,Ram Shiromani,Shrawasti(DISTRICT MAGISTRATE SHRAVASTI_IDA),Shrawasti,Lighting of public spaces,14-Aug-2026,221972.0,Payment In-Progress,0.363541697419564,1.1070812261224328,0,Low - Normal Pattern,No early cost-pattern anomaly against completed-works category norms.
EW-001148,Uttar Pradesh,SHRAWASTI,Ram Shiromani,Shrawasti(DISTRICT MAGISTRATE SHRAVASTI_IDA),Shrawasti,Lighting of public spaces,14-Aug-2026,221972.0,Payment In-Progress,0.363541697419564,1.1070812261224328,0,Low - Normal Pattern,No early cost-pattern anomaly against completed-works category norms.
EW-001149,Uttar Pradesh,SHRAWASTI,Ram Shiromani,Shrawasti(DISTRICT MAGISTRATE SHRAVASTI_IDA),Shrawasti,Lighting of public spaces,14-Aug-2026,221972.0,Payment In-Progress,0.363541697419564,1.1070812261224328,0,Low - Normal Pattern,No early cost-pattern anomaly against completed-works category norms.
EW-001150,Uttar Pradesh,SHRAWASTI,Ram Shiromani,Shrawasti(DISTRICT MAGISTRATE SHRAVASTI_IDA),Shrawasti,Lighting of public spaces,14-Aug-2026,221972.0,Payment In-Progress,0.363541697419564,1.1070812261224328,0,Low - Normal Pattern,No early cost-pattern anomaly against completed-works category norms.
EW-001151,Uttar Pradesh,SHRAWASTI,Ram Shiromani,Shrawasti(DISTRICT MAGISTRATE SHRAVASTI_IDA),Shrawasti,Lighting of public spaces,10-Aug-2026,221972.0,Payment In-Progress,0.363541697419564,1.1070812261224328,0,Low - Normal Pattern,No early cost-pattern anomaly against completed-works category norms.
EW-001152,Uttar Pradesh,SHRAWASTI,Ram Shiromani,Shrawasti(DISTRICT MAGISTRATE SHRAVASTI_IDA),Shrawasti,Lighting of public spaces,10-Aug-2026,221972.0,Payment In-Progress,0.363541697419564,1.1070812261224328,0,Low - Normal Pattern,No early cost-pattern anomaly against completed-works category norms.
EW-001153,Uttar Pradesh,SHRAWASTI,Ram Shiromani,Shrawasti(DISTRICT MAGISTRATE SHRAVASTI_IDA),Shrawasti,Lighting of public spaces,10-Aug-2026,221972.0,Payment In-Progress,0.363541697419564,1.1070812261224328,0,Low - Normal Pattern,No early cost-pattern anomaly against completed-works category norms.
EW-001154,Uttar Pradesh,SHRAWASTI,Ram Shiromani,Shrawasti(DISTRICT MAGISTRATE SHRAVASTI_IDA),Shrawasti,Lighting of public spaces,10-Aug-2026,221972.0,Payment In-Progress,0.363541697419564,1.1070812261224328,0,Low - Normal Pattern,No early cost-pattern anomaly against completed-works category norms.
EW-001155,Uttar Pradesh,SHRAWASTI,Ram Shiromani,Shrawasti(DISTRICT MAGISTRATE SHRAVASTI_IDA),Shrawasti,Lighting of public spaces,10-Aug-2026,221972.0,Payment In-Progress,0.363541697419564,1.1070812261224328,0,Low - Normal Pattern,No early cost-pattern anomaly against completed-works category norms.
EW-001156,Uttar Pradesh,SHRAWASTI,Ram Shiromani,Shrawasti(DISTRICT MAGISTRATE SHRAVASTI_IDA),Shrawasti,Lighting of public spaces,10-Aug-2026,221972.0,Payment In-Progress,0.363541697419564,1.1070812261224328,0,Low - Normal Pattern,No early cost-pattern anomaly against completed-works category norms.
EW-001157,Uttar Pradesh,SHRAWASTI,Ram Shiromani,Shrawasti(DISTRICT MAGISTRATE SHRAVASTI_IDA),Shrawasti,Lighting of public spaces,10-Aug-2026,221972.0,Payment In-Progress,0.363541697419564,1.1070812261224328,0,Low - Normal Pattern,No early cost-pattern anomaly against completed-works category norms.
EW-001158,Uttar Pradesh,SHRAWASTI,Ram Shiromani,Shrawasti(DISTRICT MAGISTRATE SHRAVASTI_IDA),Shrawasti,Lighting of public spaces,10-Aug-2026,221972.0,Payment In-Progress,0.363541697419564,1.1070812261224328,0,Low - Normal Pattern,No early cost-pattern anomaly against completed-works category norms.
EW-001159,Uttar Pradesh,SHRAWASTI,Ram Shiromani,Shrawasti(DISTRICT MAGISTRATE SHRAVASTI_IDA),Shrawasti,Lighting of public spaces,10-Aug-2026,221972.0,Payment In-Progress,0.363541697419564,1.1070812261224328,0,Low - Normal Pattern,No early cost-pattern anomaly against completed-works category norms.
EW-001160,Uttar Pradesh,SHRAWASTI,Ram Shiromani,Shrawasti(DISTRICT MAGISTRATE SHRAVASTI_IDA),Shrawasti,Lighting of public spaces,10-Aug-2026,221972.0,Payment In-Progress,0.363541697419564,1.1070812261224328,0,Low - Normal Pattern,No early cost-pattern anomaly against completed-works category norms.
EW-001161,Uttar Pradesh,SHRAWASTI,Ram Shiromani,Shrawasti(DISTRICT MAGISTRATE SHRAVASTI_IDA),Shrawasti,Lighting of public spaces,10-Aug-2026,221972.0,Payment In-Progress,0.363541697419564,1.1070812261224328,0,Low - Normal Pattern,No early cost-pattern anomaly against completed-works category norms.
EW-001162,Uttar Pradesh,SHRAWASTI,Ram Shiromani,Shrawasti(DISTRICT MAGISTRATE SHRAVASTI_IDA),Shrawasti,Lighting of public spaces,14-Aug-2026,221972.0,Payment In-Progress,0.363541697419564,1.1070812261224328,0,Low - Normal Pattern,No early cost-pattern anomaly against completed-works category norms.
EW-001163,Uttar Pradesh,SHRAWASTI,Ram Shiromani,Shrawasti(DISTRICT MAGISTRATE SHRAVASTI_IDA),Shrawasti,Lighting of public spaces,18-Aug-2026,221972.0,Payment In-Progress,0.363541697419564,1.1070812261224328,0,Low - Normal Pattern,No early cost-pattern anomaly against completed-works category norms.
EW-001164,Uttar Pradesh,SHRAWASTI,Ram Shiromani,Shrawasti(DISTRICT MAGISTRATE SHRAVASTI_IDA),Shrawasti,Lighting of public spaces,18-Aug-2026,221972.0,Payment In-Progress,0.363541697419564,1.1070812261224328,0,Low - Normal Pattern,No early cost-pattern anomaly against completed-works category norms.
EW-001165,Uttar Pradesh,SHRAWASTI,Ram Shiromani,Shrawasti(DISTRICT MAGISTRATE SHRAVASTI_IDA),Shrawasti,Lighting of public spaces,18-Aug-2026,221972.0,Payment In-Progress,0.363541697419564,1.1070812261224328,0,Low - Normal Pattern,No early cost-pattern anomaly against completed-works category norms.
EW-001166,Uttar Pradesh,SHRAWASTI,Ram Shiromani,Shrawasti(DISTRICT MAGISTRATE SHRAVASTI_IDA),Shrawasti,Lighting of public spaces,18-Aug-2026,221972.0,Payment In-Progress,0.363541697419564,1.1070812261224328,0,Low - Normal Pattern,No early cost-pattern anomaly against completed-works category norms.
EW-001167,Uttar Pradesh,SHRAWASTI,Ram Shiromani,Shrawasti(DISTRICT MAGISTRATE SHRAVASTI_IDA),Shrawasti,Lighting of public spaces,18-Aug-2026,221972.0,Payment In-Progress,0.363541697419564,1.1070812261224328,0,Low - Normal Pattern,No early cost-pattern anomaly against completed-works category norms.
EW-001168,Uttar Pradesh,VARANASI,Shri Narendra Modi,VARANASI(DISTRICT MAGISTRAE VARANASI_IDA),VARANASI,"Construction of roads, link roads, pathways or any other road with or without drainage system",12-Aug-2026,831192.0,Payment In-Progress,0.6592716886472164,1.662384000000001,0,Low - Normal Pattern,No early cost-pattern anomaly against completed-works category norms.
EW-001169,Uttar Pradesh,VARANASI,Shri Narendra Modi,VARANASI(DISTRICT MAGISTRAE VARANASI_IDA),VARANASI,"Construction of roads, link roads, pathways or any other road with or without drainage system",12-Aug-2026,640858.0,Payment In-Progress,0.3219483128341436,1.2817160000000007,0,Low - Normal Pattern,No early cost-pattern anomaly against completed-works category norms.
EW-001170,Maharashtra,OSMANABAD,Omprakash Bhupalsinh Alias Pawan Rajenimbalkar,LATUR(DISTRICT COLLECTOR LATUR_IDA),LATUR,Construction of community centers and community halls,02-Sep-2026,666167.0,Payment In-Progress,0.39143918123538507,1.3403843483964684,0,Low - Normal Pattern,No early cost-pattern anomaly against completed-works category norms.
EW-001171,Haryana,AMBALA (SC),VARUN CHAUDHRY,YAMUNANAGAR(Deputy Commissioner YamunaNagar_IDA),YAMUNANAGAR,"Construction of roads, link roads, pathways or any other road with or without drainage system",27-Aug-2026,486703.0,Payment In-Progress,-0.034962962602117266,0.9734060000000005,0,Low - Normal Pattern,No early cost-pattern anomaly against completed-works category norms.
EW-001172,Punjab,BHATINDA,Smt Harsimrat Kaur Badal,BATHINDA(DEPUTY COMMISSIONER BHATINDA_IDA),BATHINDA,"Construction of roads, link roads, pathways or any other road with or without drainage system",21-Aug-2026,46986.0,Payment In-Progress,-3.067407652345277,0.09397200000000006,0,Low - Normal Pattern,No early cost-pattern anomaly against completed-works category norms.
EW-001173,Punjab,BHATINDA,Smt Harsimrat Kaur Badal,BATHINDA(DEPUTY COMMISSIONER BHATINDA_IDA),BATHINDA,"Construction of roads, link roads, pathways or any other road with or without drainage system",21-Aug-2026,45840.0,Payment In-Progress,-3.0994372704179285,0.09168000000000005,0,Low - Normal Pattern,No early cost-pattern anomaly against completed-works category norms.
EW-001174,Karnataka,MYSORE,YADUVEER KRISHNADATTA CHAMARAJA WADIYAR,KODAGU(Deputy Commsioner Kodagu_ida),KODAGU,Construction of additional rooms and halls in the existing public and community building,04-Sep-2026,375000.0,Payment In-Progress,-0.2799427932635791,0.7500000000000004,0,Low - Normal Pattern,No early cost-pattern anomaly against completed-works category norms.
EW-001175,Punjab,BHATINDA,Smt Harsimrat Kaur Badal,BATHINDA(DEPUTY COMMISSIONER BHATINDA_IDA),BATHINDA,"Construction of roads, link roads, pathways or any other road with or without drainage system",21-Aug-2026,40110.0,Payment In-Progress,-3.2726453297441607,0.08022000000000004,0,Low - Normal Pattern,No early cost-pattern anomaly against completed-works category norms.
EW-001176,Punjab,BHATINDA,Smt Harsimrat Kaur Badal,BATHINDA(DEPUTY COMMISSIONER BHATINDA_IDA),BATHINDA,"Construction of roads, link roads, pathways or any other road with or without drainage system",21-Aug-2026,29110.0,Payment In-Progress,-3.6884336291951363,0.058220000000000036,0,Low - Normal Pattern,No early cost-pattern anomaly against completed-works category norms.
EW-001177,Punjab,BHATINDA,Smt Harsimrat Kaur Badal,BATHINDA(DEPUTY COMMISSIONER BHATINDA_IDA),BATHINDA,"Construction of roads, link roads, pathways or any other road with or without drainage system",21-Aug-2026,22481.0,Payment In-Progress,-4.023627550227904,0.04496200000000002,0,Low - Normal Pattern,No early cost-pattern anomaly against completed-works category norms.
EW-001178,Punjab,BHATINDA,Smt Harsimrat Kaur Badal,BATHINDA(DEPUTY COMMISSIONER BHATINDA_IDA),BATHINDA,"Construction of roads, link roads, pathways or any other road with or without drainage system",21-Aug-2026,30124.0,Payment In-Progress,-3.6440192051162295,0.06024800000000004,0,Low - Normal Pattern,No early cost-pattern anomaly against completed-works category norms.
EW-001179,Punjab,BHATINDA,Smt Harsimrat Kaur Badal,BATHINDA(DEPUTY COMMISSIONER BHATINDA_IDA),BATHINDA,"Construction of roads, link roads, pathways or any other road with or without drainage system",21-Aug-2026,31143.0,Payment In-Progress,-3.6008670656644144,0.062286000000000036,0,Low - Normal Pattern,No early cost-pattern anomaly against completed-works category norms.
EW-001180,Rajasthan,UDAIPUR(ST),MANNA LAL RAWAT,UDAIPUR(DISTRICT COLLECTOR UDAIPUR_IDA),UDAIPUR,"Construction of roads, link roads, pathways or any other road with or without drainage system",09-Jul-2026,299800.0,Payment In-Progress,-0.6634741370749051,0.5996000000000004,0,Low - Normal Pattern,No early cost-pattern anomaly against completed-works category norms.
EW-001181,Maharashtra,OSMANABAD,Omprakash Bhupalsinh Alias Pawan Rajenimbalkar,LATUR(DISTRICT COLLECTOR LATUR_IDA),LATUR,Construction of community centers and community halls,25-Aug-2026,697773.0,Payment In-Progress,0.4533752051680265,1.4039782936315504,0,Low - Normal Pattern,No early cost-pattern anomaly against completed-works category norms.
EW-001182,Maharashtra,MUMBAI NORTH-CENTRAL,GAIKWAD VARSHA EKNATH,MUMBAI SUBURBAN(DISTRICT COLLECTOR MUMBAI SUBURBAN_IDA),MUMBAI SUBURBAN,Construction of community centers and community halls,03-Aug-2026,1498862.0,Payment In-Progress,1.4749665217451942,3.0158371177290793,0,Low - Normal Pattern,No early cost-pattern anomaly against completed-works category norms.
EW-001183,Gujarat,CHHOTA UDAIPUR(ST),JASHUBHAI BHILUBHAI RATHVA,CHHOTAUDEPUR(DISTRICT COLLECTOR CHHOTA UDEPUR_IDA),CHHOTAUDEPUR,Construction of culverts and bridges,05-Aug-2026,200000.0,Payment In-Progress,-2.6782315447107594,0.20047673367267357,0,Low - Normal Pattern,No early cost-pattern anomaly against completed-works category norms.
EW-001184,Chhattisgarh,RAIGARH(ST),RADHE SHYAM RATHIYA,RAIGARH(DISTRICT COLLECTOR RAIGARH_IDA),RAIGARH,Construction of additional rooms and halls in the existing public and community building,30-Jul-2026,400000.0,Payment In-Progress,-0.21714050000152496,0.8000000000000005,0,Low - Normal Pattern,No early cost-pattern anomaly against completed-works category norms.
EW-001185,Punjab,ANANDPUR SAHIB,MALVINDER SINGH KANG,RUPNAGAR(DEPUTY COMMISSIONER ROOPNAGAR_IDA),RUPNAGAR,Installation of fixed garden gym equipment,31-Aug-2026,325000.0,Payment In-Progress,0.18901991862298356,1.0833333333333337,0,Low - Normal Pattern,No early cost-pattern anomaly against completed-works category norms.
EW-001186,Punjab,ANANDPUR SAHIB,MALVINDER SINGH KANG,S.A.S Nagar(DEPUTY COMMISSIONER SAHIBZADA AJIT SINGH NAGAR MOHALI_IDA),S.A.S Nagar,Installation of fixed garden gym equipment,21-Aug-2026,325000.0,Payment In-Progress,0.18901991862298356,1.0833333333333337,0,Low - Normal Pattern,No early cost-pattern anomaly against completed-works category norms.
EW-001187,Punjab,ANANDPUR SAHIB,MALVINDER SINGH KANG,RUPNAGAR(DEPUTY COMMISSIONER ROOPNAGAR_IDA),RUPNAGAR,Construction of community centers and community halls,31-Aug-2026,30950.0,Payment In-Progress,-3.7094863165924234,0.06227401775061013,0,Low - Normal Pattern,No early cost-pattern anomaly against completed-works category norms.
EW-001188,Uttar Pradesh,SAHARANPUR,IMRAN MASOOD,SAHARANPUR(DISTRICT MAGISTRAE SAHARANPUR_IDA),SAHARANPUR,"Construction of roads, link roads, pathways or any other road with or without drainage system",01-Sep-2026,1096966.0,Payment In-Progress,1.0191518802841264,2.193932000000001,0,Low - Normal Pattern,No early cost-pattern anomaly against completed-works category norms.
EW-001189,Uttar Pradesh,SAHARANPUR,IMRAN MASOOD,SAHARANPUR(DISTRICT MAGISTRAE SAHARANPUR_IDA),SAHARANPUR,"Construction of roads, link roads, pathways or any other road with or without drainage system",01-Sep-2026,845581.0,Payment In-Progress,0.6815345875548935,1.691162000000001,0,Low - Normal Pattern,No early cost-pattern anomaly against completed-works category norms.
EW-001190,Punjab,BHATINDA,Smt Harsimrat Kaur Badal,BATHINDA(DEPUTY COMMISSIONER BHATINDA_IDA),BATHINDA,"Construction of roads, link roads, pathways or any other road with or without drainage system",21-Aug-2026,48705.0,Payment In-Progress,-3.020799034975135,0.09741000000000005,0,Low - Normal Pattern,No early cost-pattern anomaly against completed-works category norms.
EW-001191,Uttar Pradesh,VARANASI,Shri Narendra Modi,VARANASI(DISTRICT MAGISTRAE VARANASI_IDA),VARANASI,"Construction of roads, link roads, pathways or any other road with or without drainage system",25-Jul-2026,857034.0,Payment In-Progress,0.6989857382638347,1.714068000000001,0,Low - Normal Pattern,No early cost-pattern anomaly against completed-works category norms.
EW-001192,Tamil Nadu,THENI,THANGA TAMILSELVAN,THENI(District Collector Theni_5),THENI,Construction of buildings for community cultural activities,13-Jul-2026,1482499.0,Payment In-Progress,1.739899720648141,4.2357114285714275,0,Low - Normal Pattern,No early cost-pattern anomaly against completed-works category norms.
EW-001193,Rajasthan,UDAIPUR(ST),MANNA LAL RAWAT,PRATAPGARH(DISTRICT COLLECTOR PRATAPGARH_IDA),PRATAPGARH,Construction of common work sheds/ common covered sitting area,27-Aug-2026,19890.0,Payment In-Progress,-5.998470214469599,0.06743401535827497,0,Low - Normal Pattern,No early cost-pattern anomaly against completed-works category norms.
EW-001194,Uttar Pradesh,BHADOHI,VINOD KUMAR BIND,BHADOHI(DISTRICT MAGISTRATE BHADOHI_IDA),BHADOHI,Lighting of public spaces,08-Jul-2026,103263.0,Payment In-Progress,-2.371309942777715,0.5150222940419547,0,Low - Normal Pattern,No early cost-pattern anomaly against completed-works category norms.
EW-001195,Uttar Pradesh,BHADOHI,VINOD KUMAR BIND,BHADOHI(DISTRICT MAGISTRATE BHADOHI_IDA),BHADOHI,Lighting of public spaces,08-Jul-2026,103263.0,Payment In-Progress,-2.371309942777715,0.5150222940419547,0,Low - Normal Pattern,No early cost-pattern anomaly against completed-works category norms.
EW-001196,Uttar Pradesh,BHADOHI,VINOD KUMAR BIND,BHADOHI(DISTRICT MAGISTRATE BHADOHI_IDA),BHADOHI,Lighting of public spaces,08-Jul-2026,103263.0,Payment In-Progress,-2.371309942777715,0.5150222940419547,0,Low - Normal Pattern,No early cost-pattern anomaly against completed-works category norms.
EW-001197,Uttar Pradesh,BHADOHI,VINOD KUMAR BIND,BHADOHI(DISTRICT MAGISTRATE BHADOHI_IDA),BHADOHI,Lighting of public spaces,08-Jul-2026,103263.0,Payment In-Progress,-2.371309942777715,0.5150222940419547,0,Low - Normal Pattern,No early cost-pattern anomaly against completed-works category norms.
EW-001198,Uttar Pradesh,BHADOHI,VINOD KUMAR BIND,BHADOHI(DISTRICT MAGISTRATE BHADOHI_IDA),BHADOHI,Lighting of public spaces,08-Jul-2026,103263.0,Payment In-Progress,-2.371309942777715,0.5150222940419547,0,Low - Normal Pattern,No early cost-pattern anomaly against completed-works category norms.
EW-001199,Gujarat,SABARKANTHA,SHOBHANABEN MAHENDRASINH BARAIYA,SABAR KANTHA(DISTRICT COLLECTOR SABARKANTHA_IDA),SABAR KANTHA,"Construction of roads, link roads, pathways or any other road with or without drainage system",01-Sep-2026,300000.0,Payment In-Progress,-0.6626090929450127,0.6000000000000003,0,Low - Normal Pattern,No early cost-pattern anomaly against completed-works category norms.
EW-001200,Rajasthan,UDAIPUR(ST),MANNA LAL RAWAT,PRATAPGARH(DISTRICT COLLECTOR PRATAPGARH_IDA),PRATAPGARH,Construction of common work sheds/ common covered sitting area,27-Aug-2026,14820.0,Payment In-Progress,-6.652991826028954,0.05024495261989115,0,Low - Normal Pattern,No early cost-pattern anomaly against completed-works category norms.
EW-001201,Kerala,KOLLAM,Shri NK Premachandran,KOLLAM(DISTRICT COLLECTOR KOLLAM_IDA),KOLLAM,"Construction of roads, link roads, pathways or any other road with or without drainage system",03-Sep-2026,280064.0,Payment In-Progress,-0.7518056126088144,0.5601280000000003,0,Low - Normal Pattern,No early cost-pattern anomaly against completed-works category norms.
EW-001202,Karnataka,CHITRADURGA(SC),GOVIND MAKTHAPPA KARJOL,CHITRADURGA(DEPUTY COMMISSIONER CHITRADURGA_IDA),CHITRADURGA,Construction of additional rooms and halls in the existing public and community building,27-Jul-2026,571836.0,Payment In-Progress,0.13063267657829875,1.1436720000000007,0,Low - Normal Pattern,No early cost-pattern anomaly against completed-works category norms.
EW-001203,Rajasthan,UDAIPUR(ST),MANNA LAL RAWAT,PRATAPGARH(DISTRICT COLLECTOR PRATAPGARH_IDA),PRATAPGARH,Construction of common work sheds/ common covered sitting area,27-Aug-2026,19890.0,Payment In-Progress,-5.998470214469599,0.06743401535827497,0,Low - Normal Pattern,No early cost-pattern anomaly against completed-works category norms.
EW-001204,Rajasthan,UDAIPUR(ST),MANNA LAL RAWAT,PRATAPGARH(DISTRICT COLLECTOR PRATAPGARH_IDA),PRATAPGARH,Construction of common work sheds/ common covered sitting area,27-Aug-2026,19890.0,Payment In-Progress,-5.998470214469599,0.06743401535827497,0,Low - Normal Pattern,No early cost-pattern anomaly against completed-works category norms.
EW-001205,Rajasthan,UDAIPUR(ST),MANNA LAL RAWAT,PRATAPGARH(DISTRICT COLLECTOR PRATAPGARH_IDA),PRATAPGARH,Construction of common work sheds/ common covered sitting area,27-Aug-2026,14820.0,Payment In-Progress,-6.652991826028954,0.05024495261989115,0,Low - Normal Pattern,No early cost-pattern anomaly against completed-works category norms.
EW-001206,Rajasthan,UDAIPUR(ST),MANNA LAL RAWAT,PRATAPGARH(DISTRICT COLLECTOR PRATAPGARH_IDA),PRATAPGARH,Construction of common work sheds/ common covered sitting area,27-Aug-2026,14820.0,Payment In-Progress,-6.652991826028954,0.05024495261989115,0,Low - Normal Pattern,No early cost-pattern anomaly against completed-works category norms.
EW-001207,Rajasthan,UDAIPUR(ST),MANNA LAL RAWAT,PRATAPGARH(DISTRICT COLLECTOR PRATAPGARH_IDA),PRATAPGARH,Construction of common work sheds/ common covered sitting area,27-Aug-2026,14820.0,Payment In-Progress,-6.652991826028954,0.05024495261989115,0,Low - Normal Pattern,No early cost-pattern anomaly against completed-works category norms.
EW-001208,Rajasthan,UDAIPUR(ST),MANNA LAL RAWAT,PRATAPGARH(DISTRICT COLLECTOR PRATAPGARH_IDA),PRATAPGARH,Construction of common work sheds/ common covered sitting area,27-Aug-2026,19890.0,Payment In-Progress,-5.998470214469599,0.06743401535827497,0,Low - Normal Pattern,No early cost-pattern anomaly against completed-works category norms.
EW-001209,Punjab,BHATINDA,Smt Harsimrat Kaur Badal,BATHINDA(DEPUTY COMMISSIONER BHATINDA_IDA),BATHINDA,Construction of additional rooms and halls in the existing public and community building,02-Jul-2026,11109.0,Payment In-Progress,-3.7044398196239707,0.022218000000000012,0,Low - Normal Pattern,No early cost-pattern anomaly against completed-works category norms.
EW-001210,Punjab,BHATINDA,Smt Harsimrat Kaur Badal,BATHINDA(DEPUTY COMMISSIONER BHATINDA_IDA),BATHINDA,Construction of additional rooms and halls in the existing public and community building,02-Jul-2026,11109.0,Payment In-Progress,-3.7044398196239707,0.022218000000000012,0,Low - Normal Pattern,No early cost-pattern anomaly against completed-works category norms.
EW-001211,Uttar Pradesh,SAHARANPUR,IMRAN MASOOD,SAHARANPUR(DISTRICT MAGISTRAE SAHARANPUR_IDA),SAHARANPUR,"Construction of roads, link roads, pathways or any other road with or without drainage system",01-Sep-2026,1040821.0,Payment In-Progress,0.9510026038360555,2.0816420000000013,0,Low - Normal Pattern,No early cost-pattern anomaly against completed-works category norms.
EW-001212,Uttar Pradesh,SAHARANPUR,IMRAN MASOOD,SAHARANPUR(DISTRICT MAGISTRAE SAHARANPUR_IDA),SAHARANPUR,"Construction of roads, link roads, pathways or any other road with or without drainage system",01-Sep-2026,305478.0,Payment In-Progress,-0.6391370860825404,0.6109560000000004,0,Low - Normal Pattern,No early cost-pattern anomaly against completed-works category norms.
EW-001213,Punjab,BHATINDA,Smt Harsimrat Kaur Badal,BATHINDA(DEPUTY COMMISSIONER BHATINDA_IDA),BATHINDA,"Construction of roads, link roads, pathways or any other road with or without drainage system",21-Aug-2026,10056.0,Payment In-Progress,-5.067172896081167,0.020112000000000012,0,Low - Normal Pattern,No early cost-pattern anomaly against completed-works category norms.
EW-001214,Karnataka,DHARWAD,Pralhad Venkatesh Joshi,DHARWAD(DEPUTY COMMISSIONER DHARWAR_IDA),DHARWAD,Construction of buildings for community cultural activities,30-Jul-2026,495513.0,Payment In-Progress,0.41903207255496666,1.415751428571428,0,Low - Normal Pattern,No early cost-pattern anomaly against completed-works category norms.
EW-001215,Karnataka,BELLARY(ST),E. TUKARAM,Vijayanagara(DEPUTY COMMISSIONER VIJAYANAGARA_IDA),Vijayanagara,Construction of rainwater harvesting structures,28-Aug-2026,335785.0,Payment In-Progress,0.0,0.30637317518248197,0,Low - Normal Pattern,No early cost-pattern anomaly against completed-works category norms.
EW-001216,Gujarat,KACHCHH(SC),Vinod Chavda,KACHCHH(DISTRICT COLLECTOR KUTCH_IDA),KACHCHH,Construction of common work sheds/ common covered sitting area,04-Aug-2026,378983.0,Payment In-Progress,0.5576001737258552,1.2848841348680302,0,Low - Normal Pattern,No early cost-pattern anomaly against completed-works category norms.
EW-001217,Gujarat,KACHCHH(SC),Vinod Chavda,KACHCHH(DISTRICT COLLECTOR KUTCH_IDA),KACHCHH,Crematoriums/energy efficient crematoriums or structures on burial/cremation ground,04-Aug-2026,356077.0,Payment In-Progress,-0.3452954538590642,0.8917119037510491,0,Low - Normal Pattern,No early cost-pattern anomaly against completed-works category norms.
EW-001218,West Bengal,TAMLUK,ABHIJIT GANGOPADHYAY,Purba Medinipur(DISTRICT MAGISTRATE PURBA MEDINIPUR_IDA),Purba Medinipur,"Construction of roads, link roads, pathways or any other road with or without drainage system",31-Aug-2026,244119.0,Payment In-Progress,-0.9299829189031396,0.4882380000000003,0,Low - Normal Pattern,No early cost-pattern anomaly against completed-works category norms.
EW-001219,Uttar Pradesh,KAUSHAMBI(SC),PUSHPENDRA SAROJ,PRATAPGARH(DISTRICT MAGISTRAE PRATAPGARH_IDA),PRATAPGARH,"Construction of roads, link roads, pathways or any other road with or without drainage system",03-Sep-2026,836824.0,Payment In-Progress,0.6680311781683155,1.673648000000001,0,Low - Normal Pattern,No early cost-pattern anomaly against completed-works category norms.
EW-001220,Uttar Pradesh,KAUSHAMBI(SC),PUSHPENDRA SAROJ,PRATAPGARH(DISTRICT MAGISTRAE PRATAPGARH_IDA),PRATAPGARH,"Construction of roads, link roads, pathways or any other road with or without drainage system",27-Jul-2026,971506.0,Payment In-Progress,0.8616071910544572,1.943012000000001,0,Low - Normal Pattern,No early cost-pattern anomaly against completed-works category norms.
EW-001221,Gujarat,JAMNAGAR,Smt Poonamben Hematbhai Maadam,DEVBHUMI DWARKA(DISTRICT COLLECTOR DEVBHUMI DWARKA_IDA),DEVBHUMI DWARKA,Construction of community centers and community halls,06-Aug-2026,720042.0,Payment In-Progress,0.4953518927608327,1.4487854051432898,0,Low - Normal Pattern,No early cost-pattern anomaly against completed-works category norms.
EW-001222,Telangana,SECUNDERABAD,Kishan Reddy Gangapuram,HYDERABAD(DISTRICT COLLECTOR HYDERABAD_IDA),HYDERABAD,Construction of rooms and halls in school and colleges,03-Sep-2026,780258.0,Payment In-Progress,0.5848347816173087,1.560516000000001,0,Low - Normal Pattern,No early cost-pattern anomaly against completed-works category norms.
EW-001223,Telangana,SECUNDERABAD,Kishan Reddy Gangapuram,HYDERABAD(DISTRICT COLLECTOR HYDERABAD_IDA),HYDERABAD,Construction of community centers and community halls,03-Sep-2026,288414.0,Payment In-Progress,-0.7271257092780262,0.5803133620524868,0,Low - Normal Pattern,No early cost-pattern anomaly against completed-works category norms.
EW-001224,Karnataka,CHIKKODI,PRIYANKA SATISH JARKIHOLI,BELAGAVI(DEPUTY COMMISSIONER BELGAUM_IDA),BELAGAVI,Construction of community centers and community halls,01-Sep-2026,124770.0,Payment In-Progress,-1.8467347669680476,0.2510477930450283,0,Low - Normal Pattern,No early cost-pattern anomaly against completed-works category norms.
EW-001225,Karnataka,CHITRADURGA(SC),GOVIND MAKTHAPPA KARJOL,CHITRADURGA(DEPUTY COMMISSIONER CHITRADURGA_IDA),CHITRADURGA,Development of playground,18-Jul-2026,300000.0,Payment In-Progress,-1.3887064827329343,0.37037037037037024,0,Low - Normal Pattern,No early cost-pattern anomaly against completed-works category norms.
EW-001226,Madhya Pradesh,KHAJURAHO,Vishnu Dutt Sharma,CHHATARPUR(District Collector Chhatarpur_IDA),CHHATARPUR,"Construction of roads, link roads, pathways or any other road with or without drainage system",03-Sep-2026,200000.0,Payment In-Progress,-1.1885515183145698,0.40000000000000024,0,Low - Normal Pattern,No early cost-pattern anomaly against completed-works category norms.
EW-001227,Uttar Pradesh,FATEHPUR,NARESH CHANDRA UTTAM PATEL,FATEHPUR(DISTRICT MAGISTRATE FATEHPUR_IDA),FATEHPUR,"Construction of roads, link roads, pathways or any other road with or without drainage system",03-Sep-2026,1054800.0,Payment In-Progress,0.9683081184244318,2.1096000000000013,0,Low - Normal Pattern,No early cost-pattern anomaly against completed-works category norms.
EW-001228,Andhra Pradesh,VISAKHAPATNAM,Sribharat MathuKumli,Visakhapatnam(DISTRICT COLLECTOR VISAKHAPATNAM_IDA),Visakhapatnam,Construction of rooms and halls in school and colleges,03-Sep-2026,573106.0,Payment In-Progress,0.17933731454602636,1.1462120000000007,0,Low - Normal Pattern,No early cost-pattern anomaly against completed-works category norms.
EW-001229,Maharashtra,AKOLA,ANUP SANJAY DHOTRE,AKOLA(DISTRICT COLLECTOR AKOLA_IDA),AKOLA,"Construction of roads, link roads, pathways or any other road with or without drainage system",03-Sep-2026,983250.0,Payment In-Progress,0.8771935052310138,1.9665000000000012,0,Low - Normal Pattern,No early cost-pattern anomaly against completed-works category norms.
EW-001230,Rajasthan,CHURU,Rahul Kaswan,CHURU(DISTRICT COLLECTOR CHURU_IDA),CHURU,Construction of rooms and halls in school and colleges,03-Sep-2026,900000.0,Payment In-Progress,0.772461376491382,1.8000000000000012,0,Low - Normal Pattern,No early cost-pattern anomaly against completed-works category norms.
EW-001231,Maharashtra,NASHIK,RAJABHAU,NASHIK(DISTRICT COLLECTOR NASHIK_IDA),NASHIK,Construction of community centers and community halls,03-Sep-2026,987268.0,Payment In-Progress,0.9170894867422228,1.9864667191150036,0,Low - Normal Pattern,No early cost-pattern anomaly against completed-works category norms.
EW-001232,Madhya Pradesh,KHAJURAHO,Vishnu Dutt Sharma,CHHATARPUR(District Collector Chhatarpur_IDA),CHHATARPUR,"Construction of roads, link roads, pathways or any other road with or without drainage system",03-Sep-2026,200000.0,Payment In-Progress,-1.1885515183145698,0.40000000000000024,0,Low - Normal Pattern,No early cost-pattern anomaly against completed-works category norms.
EW-001233,Karnataka,DHARWAD,Pralhad Venkatesh Joshi,DHARWAD(DEPUTY COMMISSIONER DHARWAR_IDA),DHARWAD,Construction of buildings for community cultural activities,30-Jul-2026,495160.0,Payment In-Progress,0.4181731255132425,1.4147428571428566,0,Low - Normal Pattern,No early cost-pattern anomaly against completed-works category norms.
EW-001234,Punjab,BHATINDA,Smt Harsimrat Kaur Badal,BATHINDA(DEPUTY COMMISSIONER BHATINDA_IDA),BATHINDA,"Construction of roads, link roads, pathways or any other road with or without drainage system",21-Aug-2026,11592.0,Payment In-Progress,-4.882790885251826,0.023184000000000014,0,Low - Normal Pattern,No early cost-pattern anomaly against completed-works category norms.
EW-001235,Uttar Pradesh,BIJNOR,CHANDAN CHAUHAN,MUZAFFARNAGAR(DISTRICT MAGISTRATE MUZAFFARNAGAR_IDA),MUZAFFARNAGAR,"Construction of roads, link roads, pathways or any other road with or without drainage system",20-Aug-2026,605340.0,Payment In-Progress,0.24798884090038883,1.2106800000000006,0,Low - Normal Pattern,No early cost-pattern anomaly against completed-works category norms.
EW-001236,Punjab,ANANDPUR SAHIB,MALVINDER SINGH KANG,RUPNAGAR(DEPUTY COMMISSIONER ROOPNAGAR_IDA),RUPNAGAR,Installation of fixed garden gym equipment,31-Aug-2026,325000.0,Payment In-Progress,0.18901991862298356,1.0833333333333337,0,Low - Normal Pattern,No early cost-pattern anomaly against completed-works category norms.
EW-001237,Punjab,ANANDPUR SAHIB,MALVINDER SINGH KANG,RUPNAGAR(DEPUTY COMMISSIONER ROOPNAGAR_IDA),RUPNAGAR,Installation of fixed garden gym equipment,31-Aug-2026,325000.0,Payment In-Progress,0.18901991862298356,1.0833333333333337,0,Low - Normal Pattern,No early cost-pattern anomaly against completed-works category norms.
EW-001238,Punjab,ANANDPUR SAHIB,MALVINDER SINGH KANG,RUPNAGAR(DEPUTY COMMISSIONER ROOPNAGAR_IDA),RUPNAGAR,Installation of fixed garden gym equipment,31-Aug-2026,325000.0,Payment In-Progress,0.18901991862298356,1.0833333333333337,0,Low - Normal Pattern,No early cost-pattern anomaly against completed-works category norms.
EW-001239,Uttar Pradesh,MUZAFFARNAGAR,HARENDRA SINGH MALIK,MEERUT(DISTRICT MAGISTRATE MEERUT_IDA),MEERUT,Improvement of electricity distribution infrastructure,15-Jul-2026,67055.0,Payment In-Progress,-1.1924333281832877,0.4114131801922849,0,Low - Normal Pattern,No early cost-pattern anomaly against completed-works category norms.
EW-001240,Uttar Pradesh,MUZAFFARNAGAR,HARENDRA SINGH MALIK,MEERUT(DISTRICT MAGISTRATE MEERUT_IDA),MEERUT,Improvement of electricity distribution infrastructure,21-Jul-2026,144290.0,Payment In-Progress,-0.16358856495702376,0.8852853295048063,0,Low - Normal Pattern,No early cost-pattern anomaly against completed-works category norms.
EW-001241,Haryana,ROHTAK,DEEPENDER SINGH HOODA,JHAJJAR(DEPUTY COMMISSIONER cum NODAL OFFICER MPLADS JHAJJAR),JHAJJAR,Construction of community centers and community halls,03-Sep-2026,401897.0,Payment In-Progress,-0.28378640885218365,0.8086507564431974,0,Low - Normal Pattern,No early cost-pattern anomaly against completed-works category norms.
EW-001242,Uttar Pradesh,AZAMGARH,DHARMENDRA YADAV,AZAMGARH(DISTRICT MAGISTRATE AZAMGARH_IDA),AZAMGARH,Improvement of electricity distribution infrastructure,07-Aug-2026,151313.0,Payment In-Progress,-0.09978134940594852,0.9283746556473821,0,Low - Normal Pattern,No early cost-pattern anomaly against completed-works category norms.
EW-001243,Haryana,ROHTAK,DEEPENDER SINGH HOODA,JHAJJAR(DEPUTY COMMISSIONER cum NODAL OFFICER MPLADS JHAJJAR),JHAJJAR,Construction of community centers and community halls,03-Sep-2026,6145.0,Payment In-Progress,-5.869716076016396,0.012364259744022593,0,Low - Normal Pattern,No early cost-pattern anomaly against completed-works category norms.
EW-001244,Haryana,ROHTAK,DEEPENDER SINGH HOODA,JHAJJAR(DEPUTY COMMISSIONER cum NODAL OFFICER MPLADS JHAJJAR),JHAJJAR,Construction of community centers and community halls,03-Sep-2026,84252.0,Payment In-Progress,-2.371394426280026,0.1695221500330987,0,Low - Normal Pattern,No early cost-pattern anomaly against completed-works category norms.
EW-001245,Gujarat,BANASKANTHA,GENIBEN NAGAJI THAKOR,BANAS KANTHA(DISTRICT COLLECTOR BANAS KANTHA_IDA),BANAS KANTHA,Construction of common work sheds/ common covered sitting area,14-Jul-2026,300000.0,Payment In-Progress,0.037725978600351984,1.0171043040463796,0,Low - Normal Pattern,No early cost-pattern anomaly against completed-works category norms.
EW-001246,Karnataka,DAKSHINA KANNADA,CAPTAIN BRIJESH CHOWTA,DAKSHINA KANNADA(DEPUTY COMMISSIONER DAKSHIN KANNAD MANGALORE_IDA),DAKSHINA KANNADA,"Construction of roads, link roads, pathways or any other road with or without drainage system",04-Aug-2026,199857.0,Payment In-Progress,-1.189479300577929,0.39971400000000024,0,Low - Normal Pattern,No early cost-pattern anomaly against completed-works category norms.
EW-001247,Gujarat,KACHCHH(SC),Vinod Chavda,KACHCHH(DISTRICT COLLECTOR KUTCH_IDA),KACHCHH,Construction of common work sheds/ common covered sitting area,04-Aug-2026,424168.0,Payment In-Progress,0.8081585735345332,1.4380769947958156,0,Low - Normal Pattern,No early cost-pattern anomaly against completed-works category norms.
EW-001248,Gujarat,KACHCHH(SC),Vinod Chavda,KACHCHH(DISTRICT COLLECTOR KUTCH_IDA),KACHCHH,"Construction of roads, link roads, pathways or any other road with or without drainage system",04-Aug-2026,199843.0,Payment In-Progress,-1.1895701680823234,0.3996860000000002,0,Low - Normal Pattern,No early cost-pattern anomaly against completed-works category norms.
EW-001249,Uttar Pradesh,MUZAFFARNAGAR,HARENDRA SINGH MALIK,MUZAFFARNAGAR(DISTRICT MAGISTRATE MUZAFFARNAGAR_IDA),MUZAFFARNAGAR,"Construction of roads, link roads, pathways or any other road with or without drainage system",20-Aug-2026,239953.0,Payment In-Progress,-0.9523101433672931,0.4799060000000003,0,Low - Normal Pattern,No early cost-pattern anomaly against completed-works category norms.
EW-001250,Maharashtra,AMRAVATI(SC),BALWANT BASWANT WANKHADE,AMRAVATI(DISTRICT COLLECTOR AMRAVATI_IDA),AMRAVATI,"Construction of roads, link roads, pathways or any other road with or without drainage system",20-Jul-2026,397004.0,Payment In-Progress,-0.2991991017640658,0.7940080000000005,0,Low - Normal Pattern,No early cost-pattern anomaly against completed-works category norms.
EW-001251,Uttar Pradesh,RAE BARELI,RAHUL GANDHI,RAE BARELI(DISTRICT MAGISTRATE RAE BARELI_IDA),RAE BARELI,"Construction of roads, link roads, pathways or any other road with or without drainage system",23-Jul-2026,284716.0,Payment In-Progress,-0.7304365765469799,0.5694320000000004,0,Low - Normal Pattern,No early cost-pattern anomaly against completed-works category norms.
EW-001252,Uttar Pradesh,RAE BARELI,RAHUL GANDHI,RAE BARELI(DISTRICT MAGISTRATE RAE BARELI_IDA),RAE BARELI,"Construction of roads, link roads, pathways or any other road with or without drainage system",23-Jul-2026,209872.0,Payment In-Progress,-1.1260550306972037,0.41974400000000023,0,Low - Normal Pattern,No early cost-pattern anomaly against completed-works category norms.
EW-001253,Uttar Pradesh,PILIBHIT,JITIN PRASADA,PILIBHIT(DISTRICT MAGISTRAE PILIBHIT_IDA),PILIBHIT,Construction of community centers and community halls,20-Aug-2026,675635.0,Payment In-Progress,0.41029599544858153,1.3594347651997891,0,Low - Normal Pattern,No early cost-pattern anomaly against completed-works category norms.
EW-001254,Uttar Pradesh,VARANASI,Shri Narendra Modi,VARANASI(DISTRICT MAGISTRAE VARANASI_IDA),VARANASI,"Construction of roads, link roads, pathways or any other road with or without drainage system",17-Aug-2026,448400.0,Payment In-Progress,-0.14128691689371486,0.8968000000000005,0,Low - Normal Pattern,No early cost-pattern anomaly against completed-works category norms.
EW-001255,Maharashtra,NAGPUR,Nitin Jairam Gadkari,NAGPUR(DISTRICT COLLECTOR NAGPUR_IDA),NAGPUR,"Construction of roads, link roads, pathways or any other road with or without drainage system",21-Aug-2026,947858.0,Payment In-Progress,0.8296422607522033,1.895716000000001,0,Low - Normal Pattern,No early cost-pattern anomaly against completed-works category norms.
EW-001256,Rajasthan,BHILWARA,DAMODAR AGARWAL,BHILWARA(DISTRICT COLLECTOR BHILWARA_IDA),BHILWARA,"Construction of roads, link roads, pathways or any other road with or without drainage system",13-Aug-2026,3510.0,Payment In-Progress,-6.4324753468693645,0.007020000000000004,0,Low - Normal Pattern,No early cost-pattern anomaly against completed-works category norms.
EW-001257,Rajasthan,BHILWARA,DAMODAR AGARWAL,BHILWARA(DISTRICT COLLECTOR BHILWARA_IDA),BHILWARA,"Construction of roads, link roads, pathways or any other road with or without drainage system",13-Aug-2026,9120.0,Payment In-Progress,-5.193902419530461,0.01824000000000001,0,Low - Normal Pattern,No early cost-pattern anomaly against completed-works category norms.
EW-001258,Rajasthan,BHILWARA,DAMODAR AGARWAL,BHILWARA(DISTRICT COLLECTOR BHILWARA_IDA),BHILWARA,"Construction of roads, link roads, pathways or any other road with or without drainage system",13-Aug-2026,3240.0,Payment In-Progress,-6.536301434404709,0.006480000000000004,0,Low - Normal Pattern,No early cost-pattern anomaly against completed-works category norms.
EW-001259,Rajasthan,BHILWARA,DAMODAR AGARWAL,BHILWARA(DISTRICT COLLECTOR BHILWARA_IDA),BHILWARA,"Construction of roads, link roads, pathways or any other road with or without drainage system",13-Aug-2026,3510.0,Payment In-Progress,-6.4324753468693645,0.007020000000000004,0,Low - Normal Pattern,No early cost-pattern anomaly against completed-works category norms.
EW-001260,Rajasthan,BHILWARA,DAMODAR AGARWAL,BHILWARA(DISTRICT COLLECTOR BHILWARA_IDA),BHILWARA,"Construction of roads, link roads, pathways or any other road with or without drainage system",13-Aug-2026,3240.0,Payment In-Progress,-6.536301434404709,0.006480000000000004,0,Low - Normal Pattern,No early cost-pattern anomaly against completed-works category norms.
EW-001261,Rajasthan,BHILWARA,DAMODAR AGARWAL,BHILWARA(DISTRICT COLLECTOR BHILWARA_IDA),BHILWARA,"Construction of roads, link roads, pathways or any other road with or without drainage system",13-Aug-2026,3510.0,Payment In-Progress,-6.4324753468693645,0.007020000000000004,0,Low - Normal Pattern,No early cost-pattern anomaly against completed-works category norms.
EW-001262,Rajasthan,BHILWARA,DAMODAR AGARWAL,BHILWARA(DISTRICT COLLECTOR BHILWARA_IDA),BHILWARA,"Construction of roads, link roads, pathways or any other road with or without drainage system",13-Aug-2026,5320.0,Payment In-Progress,-5.893052904226252,0.010640000000000005,0,Low - Normal Pattern,No early cost-pattern anomaly against completed-works category norms.
EW-001263,Rajasthan,BHILWARA,DAMODAR AGARWAL,BHILWARA(DISTRICT COLLECTOR BHILWARA_IDA),BHILWARA,"Construction of roads, link roads, pathways or any other road with or without drainage system",13-Aug-2026,3240.0,Payment In-Progress,-6.536301434404709,0.006480000000000004,0,Low - Normal Pattern,No early cost-pattern anomaly against completed-works category norms.
EW-001264,Rajasthan,BHILWARA,DAMODAR AGARWAL,BHILWARA(DISTRICT COLLECTOR BHILWARA_IDA),BHILWARA,"Construction of roads, link roads, pathways or any other road with or without drainage system",13-Aug-2026,3510.0,Payment In-Progress,-6.4324753468693645,0.007020000000000004,0,Low - Normal Pattern,No early cost-pattern anomaly against completed-works category norms.
EW-001265,Rajasthan,BHILWARA,DAMODAR AGARWAL,BHILWARA(DISTRICT COLLECTOR BHILWARA_IDA),BHILWARA,"Construction of roads, link roads, pathways or any other road with or without drainage system",13-Aug-2026,3240.0,Payment In-Progress,-6.536301434404709,0.006480000000000004,0,Low - Normal Pattern,No early cost-pattern anomaly against completed-works category norms.
EW-001266,Rajasthan,GANGANAGAR(SC),KULDEEP INDORA,GANGANAGAR(Zilla GANGANAGAR),GANGANAGAR,Construction of rooms and halls in school and colleges,03-Sep-2026,312111.0,Payment In-Progress,-0.6193094043009534,0.6242220000000004,0,Low - Normal Pattern,No early cost-pattern anomaly against completed-works category norms.
EW-001267,Rajasthan,BHILWARA,DAMODAR AGARWAL,BHILWARA(DISTRICT COLLECTOR BHILWARA_IDA),BHILWARA,"Construction of roads, link roads, pathways or any other road with or without drainage system",13-Aug-2026,3240.0,Payment In-Progress,-6.536301434404709,0.006480000000000004,0,Low - Normal Pattern,No early cost-pattern anomaly against completed-works category norms.
EW-001268,Rajasthan,BHILWARA,DAMODAR AGARWAL,BHILWARA(DISTRICT COLLECTOR BHILWARA_IDA),BHILWARA,"Construction of roads, link roads, pathways or any other road with or without drainage system",13-Aug-2026,3510.0,Payment In-Progress,-6.4324753468693645,0.007020000000000004,0,Low - Normal Pattern,No early cost-pattern anomaly against completed-works category norms.
EW-001269,Rajasthan,BHILWARA,DAMODAR AGARWAL,BHILWARA(DISTRICT COLLECTOR BHILWARA_IDA),BHILWARA,"Construction of roads, link roads, pathways or any other road with or without drainage system",13-Aug-2026,3510.0,Payment In-Progress,-6.4324753468693645,0.007020000000000004,0,Low - Normal Pattern,No early cost-pattern anomaly against completed-works category norms.
EW-001270,Uttar Pradesh,VARANASI,Shri Narendra Modi,VARANASI(DISTRICT MAGISTRAE VARANASI_IDA),VARANASI,"Construction of roads, link roads, pathways or any other road with or without drainage system",19-Aug-2026,287212.0,Payment In-Progress,-0.7191146406307708,0.5744240000000004,0,Low - Normal Pattern,No early cost-pattern anomaly against completed-works category norms.
EW-001271,Uttar Pradesh,VARANASI,Shri Narendra Modi,VARANASI(DISTRICT MAGISTRAE VARANASI_IDA),VARANASI,"Construction of roads, link roads, pathways or any other road with or without drainage system",11-Aug-2026,300428.0,Payment In-Progress,-0.6607598344647188,0.6008560000000004,0,Low - Normal Pattern,No early cost-pattern anomaly against completed-works category norms.
EW-001272,Gujarat,JAMNAGAR,Smt Poonamben Hematbhai Maadam,DEVBHUMI DWARKA(DISTRICT COLLECTOR DEVBHUMI DWARKA_IDA),DEVBHUMI DWARKA,"Construction of roads, link roads, pathways or any other road with or without drainage system",31-Aug-2026,400000.0,Payment In-Progress,-0.2894470035445406,0.8000000000000005,0,Low - Normal Pattern,No early cost-pattern anomaly against completed-works category norms.
EW-001273,Gujarat,JAMNAGAR,Smt Poonamben Hematbhai Maadam,DEVBHUMI DWARKA(DISTRICT COLLECTOR DEVBHUMI DWARKA_IDA),DEVBHUMI DWARKA,"Construction of roads, link roads, pathways or any other road with or without drainage system",31-Aug-2026,349984.0,Payment In-Progress,-0.4627143617633164,0.6999680000000004,0,Low - Normal Pattern,No early cost-pattern anomaly against completed-works category norms.
EW-001274,Madhya Pradesh,DAMOH,RAHUL SINGH LODHI,DAMOH(DISTRICT COLLECTOR DAMOH_IDA),DAMOH,Construction of culverts and bridges,13-Aug-2026,1000000.0,Payment In-Progress,0.003967761482460211,1.0023836683633678,0,Low - Normal Pattern,No early cost-pattern anomaly against completed-works category norms.
EW-001275,Rajasthan,BHILWARA,DAMODAR AGARWAL,BHILWARA(DISTRICT COLLECTOR BHILWARA_IDA),BHILWARA,"Construction of roads, link roads, pathways or any other road with or without drainage system",13-Aug-2026,9880.0,Payment In-Progress,-5.0900763319951166,0.01976000000000001,0,Low - Normal Pattern,No early cost-pattern anomaly against completed-works category norms.
EW-001276,Rajasthan,BHILWARA,DAMODAR AGARWAL,BHILWARA(DISTRICT COLLECTOR BHILWARA_IDA),BHILWARA,"Construction of roads, link roads, pathways or any other road with or without drainage system",13-Aug-2026,5320.0,Payment In-Progress,-5.893052904226252,0.010640000000000005,0,Low - Normal Pattern,No early cost-pattern anomaly against completed-works category norms.
EW-001277,Rajasthan,BHILWARA,DAMODAR AGARWAL,BHILWARA(DISTRICT COLLECTOR BHILWARA_IDA),BHILWARA,"Construction of roads, link roads, pathways or any other road with or without drainage system",13-Aug-2026,1620.0,Payment In-Progress,-7.435405949174739,0.003240000000000002,0,Low - Normal Pattern,No early cost-pattern anomaly against completed-works category norms.
EW-001278,Rajasthan,BHILWARA,DAMODAR AGARWAL,BHILWARA(DISTRICT COLLECTOR BHILWARA_IDA),BHILWARA,"Construction of roads, link roads, pathways or any other road with or without drainage system",13-Aug-2026,3240.0,Payment In-Progress,-6.536301434404709,0.006480000000000004,0,Low - Normal Pattern,No early cost-pattern anomaly against completed-works category norms.
EW-001279,Jammu And Kashmir,SRINAGAR,AGA SYED RUHULLAH MEHDI,Budgam(Deputy Commissioner  Budgam_IDA),Budgam,Construction of community centers and community halls,18-Aug-2026,21000.0,Payment In-Progress,-4.227720109062233,0.04225377617973547,0,Low - Normal Pattern,No early cost-pattern anomaly against completed-works category norms.
EW-001280,Jammu And Kashmir,SRINAGAR,AGA SYED RUHULLAH MEHDI,Budgam(Deputy Commissioner  Budgam_IDA),Budgam,Construction of community centers and community halls,18-Aug-2026,50000.0,Payment In-Progress,-3.0685929763329987,0.10060422899937016,0,Low - Normal Pattern,No early cost-pattern anomaly against completed-works category norms.
EW-001281,Jammu And Kashmir,SRINAGAR,AGA SYED RUHULLAH MEHDI,Budgam(Deputy Commissioner  Budgam_IDA),Budgam,Construction of community centers and community halls,18-Aug-2026,50000.0,Payment In-Progress,-3.0685929763329987,0.10060422899937016,0,Low - Normal Pattern,No early cost-pattern anomaly against completed-works category norms.
EW-001282,Jammu And Kashmir,SRINAGAR,AGA SYED RUHULLAH MEHDI,Budgam(Deputy Commissioner  Budgam_IDA),Budgam,Construction of community centers and community halls,18-Aug-2026,49850.0,Payment In-Progress,-3.0726075073380583,0.10030241631237205,0,Low - Normal Pattern,No early cost-pattern anomaly against completed-works category norms.
EW-001283,Jammu And Kashmir,SRINAGAR,AGA SYED RUHULLAH MEHDI,Budgam(Deputy Commissioner  Budgam_IDA),Budgam,Construction of community centers and community halls,18-Aug-2026,36000.0,Payment In-Progress,-3.5075298386415374,0.07243504487954651,0,Low - Normal Pattern,No early cost-pattern anomaly against completed-works category norms.
EW-001284,Andhra Pradesh,MACHILIPATNAM,Balashowry Vallabbhaneni,KRISHNA(DISTRICT COLLECTOR KRISHNA_IDA),KRISHNA,Providing supply pipelines for drinking water,13-Aug-2026,587734.0,Payment In-Progress,1.1242983768237917,2.367737465052011,0,Low - Normal Pattern,No early cost-pattern anomaly against completed-works category norms.
EW-001285,Maharashtra,BHIWANDI,BALYA MAMA SURESH GOPINATH MHATRE,THANE(DISTRICT COLLECTOR THANE_IDA),THANE,Construction of community centers and community halls,26-Aug-2026,989052.0,Payment In-Progress,0.9195017738856371,1.9900562780057012,0,Low - Normal Pattern,No early cost-pattern anomaly against completed-works category norms.
EW-001286,Maharashtra,AURANGABAD_MH,BHUMARE SANDIPANRAO ASARAM,Chhatrapati Sambhajinagar(DISTRICT COLLECTOR AURANGABAD_IDA),Chhatrapati Sambhajinagar,"Construction of roads, link roads, pathways or any other road with or without drainage system",10-Aug-2026,1999000.0,Payment In-Progress,1.7975603005319378,3.9980000000000024,0,Low - Normal Pattern,No early cost-pattern anomaly against completed-works category norms.
EW-001287,Maharashtra,MUMBAI NORTH EAST,SANJAY DINA PATIL,MUMBAI SUBURBAN(DISTRICT COLLECTOR MUMBAI SUBURBAN_IDA),MUMBAI SUBURBAN,Construction of public toilets and bathrooms,07-Aug-2026,2597093.0,Payment In-Progress,1.3052483321934414,5.807276491888862,0,Low - Normal Pattern,No early cost-pattern anomaly against completed-works category norms.
EW-001288,Maharashtra,SANGLI,VISHAL,SANGLI(DISTRICT COLLECTOR SANGLI_IDA),SANGLI,Construction of buildings for community cultural activities,02-Sep-2026,795187.0,Payment In-Progress,0.9891151981176002,2.2719628571428565,0,Low - Normal Pattern,No early cost-pattern anomaly against completed-works category norms.
EW-001289,Haryana,SIRSA(SC),SELJA,JIND(DEPUTY COMMISSIONER JIND),JIND,"Construction of roads, link roads, pathways or any other road with or without drainage system",13-Aug-2026,32689.0,Payment In-Progress,-3.538022071358383,0.06537800000000003,0,Low - Normal Pattern,No early cost-pattern anomaly against completed-works category norms.
EW-001290,Haryana,SIRSA(SC),SELJA,JIND(DEPUTY COMMISSIONER JIND),JIND,"Construction of roads, link roads, pathways or any other road with or without drainage system",13-Aug-2026,178842.0,Payment In-Progress,-1.333590037298576,0.3576840000000002,0,Low - Normal Pattern,No early cost-pattern anomaly against completed-works category norms.
EW-001291,Haryana,SIRSA(SC),SELJA,JIND(DEPUTY COMMISSIONER JIND),JIND,"Construction of roads, link roads, pathways or any other road with or without drainage system",13-Aug-2026,67260.0,Payment In-Progress,-2.6021050393787863,0.13452000000000008,0,Low - Normal Pattern,No early cost-pattern anomaly against completed-works category norms.
EW-001292,Rajasthan,BARMER,UMMEDA RAM BENIWAL,Balotra(DISTRICT COLLECTOR Balotra_IDA),Balotra,Construction of common work sheds/ common covered sitting area,09-Aug-2026,420004.0,Payment In-Progress,0.7862135347526602,1.423959587055652,0,Low - Normal Pattern,No early cost-pattern anomaly against completed-works category norms.
EW-001293,Tamil Nadu,MAYILADUTHURAI,SUDHA R,THANJAVUR(DISTRICT COLLECTOR THANJAVUR_IDA),THANJAVUR,Construction of community centers and community halls,18-Aug-2026,522642.0,Payment In-Progress,0.06722629311190786,1.0515999090537764,0,Low - Normal Pattern,No early cost-pattern anomaly against completed-works category norms.
EW-001294,Tamil Nadu,MAYILADUTHURAI,SUDHA R,THANJAVUR(DISTRICT COLLECTOR THANJAVUR_IDA),THANJAVUR,Crematoriums/energy efficient crematoriums or structures on burial/cremation ground,01-Sep-2026,598286.0,Payment In-Progress,1.2180757242254574,1.4982679253296343,0,Low - Normal Pattern,No early cost-pattern anomaly against completed-works category norms.
EW-001295,Rajasthan,BHILWARA,DAMODAR AGARWAL,BHILWARA(DISTRICT COLLECTOR BHILWARA_IDA),BHILWARA,"Construction of roads, link roads, pathways or any other road with or without drainage system",13-Aug-2026,3510.0,Payment In-Progress,-6.4324753468693645,0.007020000000000004,0,Low - Normal Pattern,No early cost-pattern anomaly against completed-works category norms.
EW-001296,Tamil Nadu,ARAKKONAM,S. Jagathrakshakan,"Ranipet(District Collector, Ranipet_2)",Ranipet,"Construction of roads, link roads, pathways or any other road with or without drainage system",13-Aug-2026,399772.0,Payment In-Progress,-0.29018658051008567,0.7995440000000005,0,Low - Normal Pattern,No early cost-pattern anomaly against completed-works category norms.
EW-001297,Uttar Pradesh,KAIRANA,IQRA CHOUDHARY,SAHARANPUR(DISTRICT MAGISTRAE SAHARANPUR_IDA),SAHARANPUR,"Construction of roads, link roads, pathways or any other road with or without drainage system",11-Aug-2026,689191.0,Payment In-Progress,0.4162636022921241,1.3783820000000009,0,Low - Normal Pattern,No early cost-pattern anomaly against completed-works category norms.
EW-001298,Tamil Nadu,DINDIGUL,SACHITHANANTHAM R,DINDIGUL(DISTRICT COLLECTOR DINDIGUL_IDA),DINDIGUL,Construction of additional rooms and halls in the existing public and community building,18-Aug-2026,1300000.0,Payment In-Progress,0.929806089884641,2.6000000000000014,0,Low - Normal Pattern,No early cost-pattern anomaly against completed-works category norms.
EW-001299,Punjab,AMRITSAR,Shri Gurjeet Singh Aujla,AMRITSAR(DEPUTY COMMISSIONER AMRITSAR_IDA),AMRITSAR,Providing drains and gutters for public drainage,31-Aug-2026,200000.0,Payment In-Progress,-1.3068328494028132,0.4331164165748947,0,Low - Normal Pattern,No early cost-pattern anomaly against completed-works category norms.
EW-001300,West Bengal,ARAMBAG(SC),BAG MITALI,HOOGHLY(DISTRICT MAGISTRATE HOOGHLY_IDA),HOOGHLY,Purchase of non-conventional energy system and devices for community use,13-Aug-2026,1299000.0,Payment In-Progress,0.0,2.5980000000000016,0,Low - Normal Pattern,No early cost-pattern anomaly against completed-works category norms.
EW-001301,Karnataka,CHIKBALLAPUR,DR.K.SUDHAKAR,CHIKKABALLAPURA(DEPUTY COMMISSIONER CHICKKABALLAPUR_IDA),CHIKKABALLAPURA,Lighting of public spaces,27-Aug-2026,125000.0,Payment In-Progress,-1.6886099030689412,0.6234351777039631,0,Low - Normal Pattern,No early cost-pattern anomaly against completed-works category norms.
EW-001302,Haryana,AMBALA (SC),VARUN CHAUDHRY,AMBALA(DEPUTY COMMISSIONER AMBALA_IDA),AMBALA,"Construction of roads, link roads, pathways or any other road with or without drainage system",17-Aug-2026,465268.0,Payment In-Progress,-0.09338650590375684,0.9305360000000006,0,Low - Normal Pattern,No early cost-pattern anomaly against completed-works category norms.
EW-001303,Madhya Pradesh,HOSHANGABAD,DARSHAN SINGH CHOUDHARY,NARMADAPURAM(DISTRICT COLLECTOR NARMADAPURAM_IDA),NARMADAPURAM,Construction of common work sheds/ common covered sitting area,25-Aug-2026,50000.0,Payment In-Progress,-3.9479571229123054,0.16951738400772992,0,Low - Normal Pattern,No early cost-pattern anomaly against completed-works category norms.
EW-001304,Tamil Nadu,MAYILADUTHURAI,SUDHA R,THANJAVUR(DISTRICT COLLECTOR THANJAVUR_IDA),THANJAVUR,Construction of boundary walls of existing public and community buildings,18-Aug-2026,519506.0,Payment In-Progress,0.06414404079515777,1.0488387813203406,0,Low - Normal Pattern,No early cost-pattern anomaly against completed-works category norms.
EW-001305,Rajasthan,SIKAR,AMRARAM,SIKAR(DISTRICT COLLECTOR SIKAR_IDA),SIKAR,Construction of water tanks,15-Aug-2026,1995.0,Payment In-Progress,-6.8089366493814145,0.0020483390204767272,0,Low - Normal Pattern,No early cost-pattern anomaly against completed-works category norms.
EW-001306,Rajasthan,SIKAR,AMRARAM,SIKAR(DISTRICT COLLECTOR SIKAR_IDA),SIKAR,Construction of water tanks,15-Aug-2026,6125.0,Payment In-Progress,-5.575184664274719,0.0062887601505864435,0,Low - Normal Pattern,No early cost-pattern anomaly against completed-works category norms.
EW-001307,Gujarat,PANCHMAHAL,RAJPALSINH MAHENDRASINH JADAV,PANCH MAHALS(DISTRICT COLLECTOR PANCHMAHALS_IDA),PANCH MAHALS,Construction of water tanks,29-Aug-2026,100000.0,Payment In-Progress,-2.5035029631541876,0.1026736351116154,0,Low - Normal Pattern,No early cost-pattern anomaly against completed-works category norms.
EW-001308,West Bengal,MURSHIDABAD,Abu Taher Khan,MURSHIDABAD(DISTRICT MAGISTRATE MURSHIDABAD_IDA),MURSHIDABAD,Construction of buildings for community cultural activities,31-Aug-2026,253660.0,Payment In-Progress,-0.38802948937075815,0.7247428571428569,0,Low - Normal Pattern,No early cost-pattern anomaly against completed-works category norms.
EW-001309,Uttar Pradesh,KAIRANA,IQRA CHOUDHARY,SAHARANPUR(DISTRICT MAGISTRAE SAHARANPUR_IDA),SAHARANPUR,"Construction of roads, link roads, pathways or any other road with or without drainage system",11-Aug-2026,1040909.0,Payment In-Progress,0.9511122700838797,2.081818000000001,0,Low - Normal Pattern,No early cost-pattern anomaly against completed-works category norms.
EW-001310,Uttar Pradesh,BALLIA,SANATAN PANDEY,BALLIA(DISTRICT MAGISTRAE BALLIA_IDA),BALLIA,"Purchase of prosthetics, wheel chairs, tricycles (manual or motorized), elect scooties, hearing aids",14-Aug-2026,200000.0,Payment In-Progress,0.0,2.1052631578947354,0,Low - Normal Pattern,No early cost-pattern anomaly against completed-works category norms.
EW-001311,Punjab,PATIALA,DR DHARAMVIRA GANDHI,PATIALA(DEPUTY COMMISSIONER PATIALA_IDA),PATIALA,Construction of toilet blocks,01-Sep-2026,35300.0,Payment In-Progress,-3.7019318355815676,0.14120000000000008,0,Low - Normal Pattern,No early cost-pattern anomaly against completed-works category norms.
EW-001312,Karnataka,BIDAR,SAGAR ESHWAR KHANDRE,BIDAR(DEPUTY COMMISSIONER BIDAR_IDA),BIDAR,Lighting of public spaces,20-Aug-2026,187500.0,Payment In-Progress,-0.23959994578238544,0.9351527665559446,0,Low - Normal Pattern,No early cost-pattern anomaly against completed-works category norms.
EW-001313,Karnataka,BIDAR,SAGAR ESHWAR KHANDRE,BIDAR(DEPUTY COMMISSIONER BIDAR_IDA),BIDAR,Lighting of public spaces,20-Aug-2026,187500.0,Payment In-Progress,-0.23959994578238544,0.9351527665559446,0,Low - Normal Pattern,No early cost-pattern anomaly against completed-works category norms.
EW-001314,Punjab,PATIALA,DR DHARAMVIRA GANDHI,PATIALA(DEPUTY COMMISSIONER PATIALA_IDA),PATIALA,Construction of toilet blocks,01-Sep-2026,19002.0,Payment In-Progress,-4.873149434588464,0.07600800000000005,0,Low - Normal Pattern,No early cost-pattern anomaly against completed-works category norms.
EW-001315,Haryana,SONEPAT,SATPAL BRAHAMCHARI,JIND(DEPUTY COMMISSIONER JIND),JIND,Construction of community centers and community halls,25-Aug-2026,500000.0,Payment In-Progress,0.008049225491729397,1.0060422899937016,0,Low - Normal Pattern,No early cost-pattern anomaly against completed-works category norms.
EW-001316,Rajasthan,GANGANAGAR(SC),KULDEEP INDORA,GANGANAGAR(Zilla GANGANAGAR),GANGANAGAR,Development of playground,26-Aug-2026,3705.0,Payment In-Progress,-7.532278769958211,0.004574074074074072,0,Low - Normal Pattern,No early cost-pattern anomaly against completed-works category norms.
EW-001317,Maharashtra,NAGPUR,Nitin Jairam Gadkari,NAGPUR(DISTRICT COLLECTOR NAGPUR_IDA),NAGPUR,Construction of footpaths and pedestrian ways,24-Aug-2026,944440.0,Payment In-Progress,1.2953822526235557,3.1775782503265777,0,Low - Normal Pattern,No early cost-pattern anomaly against completed-works category norms.
EW-001318,Karnataka,BELGAUM,JAGADISH SHETTAR,BELAGAVI(DEPUTY COMMISSIONER BELGAUM_IDA),BELAGAVI,Construction of buildings for community cultural activities,13-Aug-2026,750000.0,Payment In-Progress,0.9186007189006484,2.1428571428571423,0,Low - Normal Pattern,No early cost-pattern anomaly against completed-works category norms.
EW-001319,Haryana,AMBALA (SC),VARUN CHAUDHRY,AMBALA(DEPUTY COMMISSIONER AMBALA_IDA),AMBALA,"Construction of roads, link roads, pathways or any other road with or without drainage system",17-Aug-2026,535102.0,Payment In-Progress,0.08800958834612496,1.0702040000000006,0,Low - Normal Pattern,No early cost-pattern anomaly against completed-works category norms.
EW-001320,Maharashtra,CHANDRAPUR,DHANORKAR PRATIBHA SURESH ALIAS BALUBHAU,CHANDRAPUR(DISTRICT COLLECTOR CHANDRAPUR_IDA),CHANDRAPUR,"Construction of roads, link roads, pathways or any other road with or without drainage system",02-Sep-2026,995892.0,Payment In-Progress,0.8937649147768066,1.991784000000001,0,Low - Normal Pattern,No early cost-pattern anomaly against completed-works category norms.
EW-001321,Uttar Pradesh,VARANASI,Shri Narendra Modi,VARANASI(DISTRICT MAGISTRAE VARANASI_IDA),VARANASI,"Construction of roads, link roads, pathways or any other road with or without drainage system",19-Aug-2026,194110.0,Payment In-Progress,-1.2273259008228634,0.38822000000000023,0,Low - Normal Pattern,No early cost-pattern anomaly against completed-works category norms.
EW-001322,Rajasthan,BHILWARA,DAMODAR AGARWAL,BHILWARA(DISTRICT COLLECTOR BHILWARA_IDA),BHILWARA,"Construction of roads, link roads, pathways or any other road with or without drainage system",13-Aug-2026,3240.0,Payment In-Progress,-6.536301434404709,0.006480000000000004,0,Low - Normal Pattern,No early cost-pattern anomaly against completed-works category norms.
EW-001323,Rajasthan,BHILWARA,DAMODAR AGARWAL,BHILWARA(DISTRICT COLLECTOR BHILWARA_IDA),BHILWARA,"Construction of roads, link roads, pathways or any other road with or without drainage system",13-Aug-2026,3510.0,Payment In-Progress,-6.4324753468693645,0.007020000000000004,0,Low - Normal Pattern,No early cost-pattern anomaly against completed-works category norms.
EW-001324,Uttar Pradesh,VARANASI,Shri Narendra Modi,VARANASI(DISTRICT MAGISTRAE VARANASI_IDA),VARANASI,"Construction of roads, link roads, pathways or any other road with or without drainage system",14-Aug-2026,704106.0,Payment In-Progress,0.44403583903070887,1.408212000000001,0,Low - Normal Pattern,No early cost-pattern anomaly against completed-works category norms.
EW-001325,Uttar Pradesh,VARANASI,Shri Narendra Modi,VARANASI(DISTRICT MAGISTRAE VARANASI_IDA),VARANASI,"Construction of roads, link roads, pathways or any other road with or without drainage system",19-Aug-2026,246030.0,Payment In-Progress,-0.919868301034267,0.4920600000000003,0,Low - Normal Pattern,No early cost-pattern anomaly against completed-works category norms.
EW-001326,Uttar Pradesh,VARANASI,Shri Narendra Modi,VARANASI(DISTRICT MAGISTRAE VARANASI_IDA),VARANASI,"Construction of roads, link roads, pathways or any other road with or without drainage system",19-Aug-2026,293820.0,Payment In-Progress,-0.6896091105707575,0.5876400000000004,0,Low - Normal Pattern,No early cost-pattern anomaly against completed-works category norms.
EW-001327,Odisha,DHENKANAL,RUDRA NARAYAN PANY,Anugola(DISTRICT COLLECTORANGUL_IDA),Anugola,Construction of community centers and community halls,02-Sep-2026,994184.0,Payment In-Progress,0.9264169702953474,2.0003822960701965,0,Low - Normal Pattern,No early cost-pattern anomaly against completed-works category norms.
EW-001328,Uttar Pradesh,VARANASI,Shri Narendra Modi,VARANASI(DISTRICT MAGISTRAE VARANASI_IDA),VARANASI,"Construction of roads, link roads, pathways or any other road with or without drainage system",19-Aug-2026,167914.0,Payment In-Progress,-1.4153753382523149,0.3358280000000002,0,Low - Normal Pattern,No early cost-pattern anomaly against completed-works category norms.
EW-001329,Madhya Pradesh,BALAGHAT,BHARTI PARDHI,BALAGHAT(DISTRICT COLLECTOR BALAGHAT_IDA),BALAGHAT,Construction of rooms and halls in school and colleges,18-Aug-2026,49742.0,Payment In-Progress,-3.0328253033083272,0.09948400000000006,0,Low - Normal Pattern,No early cost-pattern anomaly against completed-works category norms.
EW-001330,Madhya Pradesh,BALAGHAT,BHARTI PARDHI,BALAGHAT(DISTRICT COLLECTOR BALAGHAT_IDA),BALAGHAT,Construction of rooms and halls in school and colleges,18-Aug-2026,49000.0,Payment In-Progress,-3.0525766722265564,0.09800000000000006,0,Low - Normal Pattern,No early cost-pattern anomaly against completed-works category norms.
EW-001331,Madhya Pradesh,BALAGHAT,BHARTI PARDHI,BALAGHAT(DISTRICT COLLECTOR BALAGHAT_IDA),BALAGHAT,Construction of rooms and halls in school and colleges,18-Aug-2026,15000.0,Payment In-Progress,-4.608271507080846,0.030000000000000016,0,Low - Normal Pattern,No early cost-pattern anomaly against completed-works category norms.
EW-001332,Madhya Pradesh,BALAGHAT,BHARTI PARDHI,BALAGHAT(DISTRICT COLLECTOR BALAGHAT_IDA),BALAGHAT,Construction of rooms and halls in school and colleges,18-Aug-2026,22050.0,Payment In-Progress,-4.101964810799003,0.04410000000000003,0,Low - Normal Pattern,No early cost-pattern anomaly against completed-works category norms.
EW-001333,West Bengal,BOLPUR(SC),Asit Kumar Mal,PURBA BARDHAMAN(DISTRICT MAGISTRATE PURBA BARDHAMAN_IDA),PURBA BARDHAMAN,"Construction of roads, link roads, pathways or any other road with or without drainage system",02-Sep-2026,353795.0,Payment In-Progress,-0.4486661319569656,0.7075900000000004,0,Low - Normal Pattern,No early cost-pattern anomaly against completed-works category norms.
EW-001334,Uttarakhand,NAINITAL UDHAM SINGH NAG.,Ajay Bhatt,NAINITAL(DISTRICT MAGISTRATE NAINITAL_IDA),NAINITAL,"Construction of roads, link roads, pathways or any other road with or without drainage system",20-Aug-2026,100000.0,Payment In-Progress,-2.087656033084599,0.20000000000000012,0,Low - Normal Pattern,No early cost-pattern anomaly against completed-works category norms.
EW-001335,Gujarat,KACHCHH(SC),Vinod Chavda,KACHCHH(DISTRICT COLLECTOR KUTCH_IDA),KACHCHH,Construction of buildings for community cultural activities,12-Aug-2026,400000.0,Payment In-Progress,0.16094421613357687,1.1428571428571426,0,Low - Normal Pattern,No early cost-pattern anomaly against completed-works category norms.
EW-001336,Maharashtra,AKOLA,ANUP SANJAY DHOTRE,AKOLA(DISTRICT COLLECTOR AKOLA_IDA),AKOLA,"Construction of roads, link roads, pathways or any other road with or without drainage system",03-Sep-2026,976283.0,Payment In-Progress,0.8679697074756669,1.9525660000000011,0,Low - Normal Pattern,No early cost-pattern anomaly against completed-works category norms.
EW-001337,Odisha,BARGARH,PRADEEP PUROHIT,Baragada(DISTRICT COLLECTOR BARAGARH_IDA),Baragada,Construction of rooms and halls in school and colleges,12-Aug-2026,476000.0,Payment In-Progress,-0.06464516125740673,0.9520000000000005,0,Low - Normal Pattern,No early cost-pattern anomaly against completed-works category norms.
EW-001338,Gujarat,SABARKANTHA,SHOBHANABEN MAHENDRASINH BARAIYA,ARVALLI(DISTRICT COLLECTOR ARVALLI_IDA),ARVALLI,Construction of community centers and community halls,25-Aug-2026,500000.0,Payment In-Progress,0.008049225491729397,1.0060422899937016,0,Low - Normal Pattern,No early cost-pattern anomaly against completed-works category norms.
EW-001339,Jammu And Kashmir,SRINAGAR,AGA SYED RUHULLAH MEHDI,Budgam(Deputy Commissioner  Budgam_IDA),Budgam,Construction of community centers and community halls,18-Aug-2026,43200.0,Payment In-Progress,-3.263917475458347,0.08692205385545582,0,Low - Normal Pattern,No early cost-pattern anomaly against completed-works category norms.
EW-001340,Jammu And Kashmir,SRINAGAR,AGA SYED RUHULLAH MEHDI,Budgam(Deputy Commissioner  Budgam_IDA),Budgam,Construction of community centers and community halls,18-Aug-2026,49099.0,Payment In-Progress,-3.092890319406848,0.09879134079280151,0,Low - Normal Pattern,No early cost-pattern anomaly against completed-works category norms.
EW-001341,Punjab,BHATINDA,Smt Harsimrat Kaur Badal,BATHINDA(DEPUTY COMMISSIONER BHATINDA_IDA),BATHINDA,Purchase of ambulance to transport sick and injured animals,25-Aug-2026,1386900.0,Payment In-Progress,0.0,,0,Low - Normal Pattern,No early cost-pattern anomaly against completed-works category norms.
EW-001342,Rajasthan,BHILWARA,DAMODAR AGARWAL,BHILWARA(DISTRICT COLLECTOR BHILWARA_IDA),BHILWARA,Construction of community centers and community halls,18-Aug-2026,3408.0,Payment In-Progress,-6.657405092274497,0.00685718424859707,0,Low - Normal Pattern,No early cost-pattern anomaly against completed-works category norms.
EW-001343,Odisha,SAMBALPUR,DHARMENDRA PRADHAN,SAMBALPUR(DISTRICT COLLECTOR SAMBALPUR_IDA),SAMBALPUR,Construction of public irrigation facilities,01-Sep-2026,14265.0,Payment In-Progress,-4.796196247725754,0.029903557611995587,0,Low - Normal Pattern,No early cost-pattern anomaly against completed-works category norms.
EW-001344,Rajasthan,DAUSA(ST),MURARI LAL MEENA,DAUSA(DISTRICT COLLECTOR DAUSA_IDA),DAUSA,"Construction of roads, link roads, pathways or any other road with or without drainage system",04-Aug-2026,359000.0,Payment In-Progress,-0.4297218337377551,0.7180000000000004,0,Low - Normal Pattern,No early cost-pattern anomaly against completed-works category norms.
EW-001345,Uttar Pradesh,VARANASI,Shri Narendra Modi,VARANASI(DISTRICT MAGISTRAE VARANASI_IDA),VARANASI,"Construction of roads, link roads, pathways or any other road with or without drainage system",07-Aug-2026,697616.0,Payment In-Progress,0.432024245604398,1.395232000000001,0,Low - Normal Pattern,No early cost-pattern anomaly against completed-works category norms.
EW-001346,Karnataka,CHITRADURGA(SC),GOVIND MAKTHAPPA KARJOL,CHITRADURGA(DEPUTY COMMISSIONER CHITRADURGA_IDA),CHITRADURGA,Lighting of public spaces,01-Sep-2026,243406.0,Payment In-Progress,0.6929637149995777,1.2139829029136866,0,Low - Normal Pattern,No early cost-pattern anomaly against completed-works category norms.
EW-001347,Odisha,SAMBALPUR,DHARMENDRA PRADHAN,SAMBALPUR(DISTRICT COLLECTOR SAMBALPUR_IDA),SAMBALPUR,Construction of public irrigation facilities,01-Sep-2026,678384.0,Payment In-Progress,0.4811896386726013,1.4220886804806179,0,Low - Normal Pattern,No early cost-pattern anomaly against completed-works category norms.
EW-001348,Telangana,ZAHIRABAD,SURESH KUMAR SHETKAR,SANGAREDDY(District Collector Sangareddy_IDA),SANGAREDDY,"Purchase of prosthetics, wheel chairs, tricycles (manual or motorized), elect scooties, hearing aids",03-Sep-2026,110000.0,Payment In-Progress,0.0,1.1578947368421046,0,Low - Normal Pattern,No early cost-pattern anomaly against completed-works category norms.
EW-001349,Rajasthan,BHILWARA,DAMODAR AGARWAL,BHILWARA(DISTRICT COLLECTOR BHILWARA_IDA),BHILWARA,Construction of community centers and community halls,18-Aug-2026,3408.0,Payment In-Progress,-6.657405092274497,0.00685718424859707,0,Low - Normal Pattern,No early cost-pattern anomaly against completed-works category norms.
EW-001350,Rajasthan,BHILWARA,DAMODAR AGARWAL,BHILWARA(DISTRICT COLLECTOR BHILWARA_IDA),BHILWARA,Construction of community centers and community halls,18-Aug-2026,3408.0,Payment In-Progress,-6.657405092274497,0.00685718424859707,0,Low - Normal Pattern,No early cost-pattern anomaly against completed-works category norms.
EW-001351,Rajasthan,BHILWARA,DAMODAR AGARWAL,BHILWARA(DISTRICT COLLECTOR BHILWARA_IDA),BHILWARA,Construction of community centers and community halls,18-Aug-2026,3408.0,Payment In-Progress,-6.657405092274497,0.00685718424859707,0,Low - Normal Pattern,No early cost-pattern anomaly against completed-works category norms.
EW-001352,Uttar Pradesh,DOMARIYAGANJ,Jagdambika Pal,Siddharthnagar(DISTRICT MAGISTRATE SIDDHARTH NAGAR_IDA),Siddharthnagar,"Construction of roads, link roads, pathways or any other road with or without drainage system",03-Sep-2026,859040.0,Payment In-Progress,0.702018301237609,1.718080000000001,0,Low - Normal Pattern,No early cost-pattern anomaly against completed-works category norms.
EW-001353,Rajasthan,BHILWARA,DAMODAR AGARWAL,BHILWARA(DISTRICT COLLECTOR BHILWARA_IDA),BHILWARA,Construction of community centers and community halls,18-Aug-2026,3408.0,Payment In-Progress,-6.657405092274497,0.00685718424859707,0,Low - Normal Pattern,No early cost-pattern anomaly against completed-works category norms.
EW-001354,Rajasthan,BHILWARA,DAMODAR AGARWAL,BHILWARA(DISTRICT COLLECTOR BHILWARA_IDA),BHILWARA,Construction of community centers and community halls,18-Aug-2026,3408.0,Payment In-Progress,-6.657405092274497,0.00685718424859707,0,Low - Normal Pattern,No early cost-pattern anomaly against completed-works category norms.
EW-001355,Rajasthan,BHILWARA,DAMODAR AGARWAL,BHILWARA(DISTRICT COLLECTOR BHILWARA_IDA),BHILWARA,Construction of community centers and community halls,18-Aug-2026,3408.0,Payment In-Progress,-6.657405092274497,0.00685718424859707,0,Low - Normal Pattern,No early cost-pattern anomaly against completed-works category norms.
EW-001356,Gujarat,BHARUCH,Mansukhbhai Dhanjibhai Vasava,BHARUCH(DISTRICT COLLECTOR BROACH_IDA),BHARUCH,Construction of common work sheds/ common covered sitting area,25-Aug-2026,348538.0,Payment In-Progress,0.3713154658970703,1.1816649997457234,0,Low - Normal Pattern,No early cost-pattern anomaly against completed-works category norms.
EW-001357,Rajasthan,AJMER,Bhagirath Chaudhary,AJMER(DISTRICT COLLECTOR AJMER_IDA),AJMER,Construction of community centers and community halls,31-Aug-2026,476624.0,Payment In-Progress,-0.05592677163247357,0.9590078008519161,0,Low - Normal Pattern,No early cost-pattern anomaly against completed-works category norms.
EW-001358,Punjab,AMRITSAR,Shri Gurjeet Singh Aujla,AMRITSAR(DEPUTY COMMISSIONER AMRITSAR_IDA),AMRITSAR,"Construction of roads, link roads, pathways or any other road with or without drainage system",02-Sep-2026,35035.0,Payment In-Progress,-3.4481191252354626,0.07007000000000004,0,Low - Normal Pattern,No early cost-pattern anomaly against completed-works category norms.
EW-001359,Odisha,KORAPUT(ST),Saptagiri Sankar Ulaka,RAYAGADA(DISTRICT COLLECTOR RAYAGADA_IDA),RAYAGADA,"Construction of roads, link roads, pathways or any other road with or without drainage system",18-Aug-2026,300000.0,Payment In-Progress,-0.6626090929450127,0.6000000000000003,0,Low - Normal Pattern,No early cost-pattern anomaly against completed-works category norms.
EW-001360,Odisha,KORAPUT(ST),Saptagiri Sankar Ulaka,RAYAGADA(DISTRICT COLLECTOR RAYAGADA_IDA),RAYAGADA,"Construction of roads, link roads, pathways or any other road with or without drainage system",18-Aug-2026,250000.0,Payment In-Progress,-0.8991045147700292,0.5000000000000003,0,Low - Normal Pattern,No early cost-pattern anomaly against completed-works category norms.
EW-001361,Odisha,SAMBALPUR,DHARMENDRA PRADHAN,SAMBALPUR(DISTRICT COLLECTOR SAMBALPUR_IDA),SAMBALPUR,Construction of public irrigation facilities,01-Sep-2026,23245.0,Payment In-Progress,-4.128948360013759,0.048728229701425686,0,Low - Normal Pattern,No early cost-pattern anomaly against completed-works category norms.
EW-001362,Uttar Pradesh,JAUNPUR,BABU SINGH KUSHWAHA,JAUNPUR(DISTRICT MAGISTRATE JAUNPUR_IDA),JAUNPUR,"Construction of roads, link roads, pathways or any other road with or without drainage system",05-Aug-2026,724103.0,Payment In-Progress,0.4803617217427399,1.4482060000000008,0,Low - Normal Pattern,No early cost-pattern anomaly against completed-works category norms.
EW-001363,Rajasthan,SIKAR,AMRARAM,SIKAR(DISTRICT COLLECTOR SIKAR_IDA),SIKAR,Construction of common work sheds/ common covered sitting area,14-Aug-2026,305937.0,Payment In-Progress,0.08131795175471608,1.0372327982234575,0,Low - Normal Pattern,No early cost-pattern anomaly against completed-works category norms.
EW-001364,Maharashtra,CHANDRAPUR,DHANORKAR PRATIBHA SURESH ALIAS BALUBHAU,CHANDRAPUR(DISTRICT COLLECTOR CHANDRAPUR_IDA),CHANDRAPUR,"Construction of roads, link roads, pathways or any other road with or without drainage system",02-Sep-2026,1977971.0,Payment In-Progress,1.7838424850282002,3.9559420000000025,0,Low - Normal Pattern,No early cost-pattern anomaly against completed-works category norms.
EW-001365,Uttar Pradesh,VARANASI,Shri Narendra Modi,VARANASI(DISTRICT MAGISTRAE VARANASI_IDA),VARANASI,"Construction of roads, link roads, pathways or any other road with or without drainage system",11-Aug-2026,327450.0,Payment In-Progress,-0.5490412862962537,0.6549000000000004,0,Low - Normal Pattern,No early cost-pattern anomaly against completed-works category norms.
EW-001366,Chhattisgarh,BILASPUR,TOKHAN SAHU,BILASPUR(DISTRICT COLLECTOR BILASPUR_IDA),BILASPUR,Construction of community centers and community halls,28-Jul-2026,1000000.0,Payment In-Progress,0.9342108141666492,2.012084579987403,0,Low - Normal Pattern,No early cost-pattern anomaly against completed-works category norms.
EW-001367,West Bengal,MEDINIPUR,JUNE MALIAH,Paschim Medinipur(DISTRICT MAGISTRATE PASCHIM MEDINIPUR_IDA),Paschim Medinipur,"Construction of Government office buildings (Post office, Police station, Police chauki, etc.)",13-Aug-2026,1615346.0,Payment In-Progress,0.0,1.6153460000000006,0,Low - Normal Pattern,No early cost-pattern anomaly against completed-works category norms.
EW-001368,Maharashtra,DHULE,BACHHAV SHOBHA DINESH,NASHIK(DISTRICT COLLECTOR NASHIK_IDA),NASHIK,"Construction of roads, link roads, pathways or any other road with or without drainage system",01-Sep-2026,996000.0,Payment In-Progress,0.8939055754467664,1.992000000000001,0,Low - Normal Pattern,No early cost-pattern anomaly against completed-works category norms.
EW-001369,Odisha,KEONJHAR(ST),ANANTA NAYAK,Kendujhar(DISTRICT COLLECTOR KEONJHAR_IDA),Kendujhar,"Construction of roads, link roads, pathways or any other road with or without drainage system",03-Sep-2026,381911.0,Payment In-Progress,-0.3494743913598114,0.7638220000000004,0,Low - Normal Pattern,No early cost-pattern anomaly against completed-works category norms.
EW-001370,Gujarat,KHEDA,Devusinh Jesingbhai Chauhan,KHEDA(DISTRICT COLLECTOR KHEDA_IDA),KHEDA,Construction of common work sheds/ common covered sitting area,01-Sep-2026,200000.0,Payment In-Progress,-0.8642117297774123,0.6780695360309197,0,Low - Normal Pattern,No early cost-pattern anomaly against completed-works category norms.
EW-001371,Gujarat,KHEDA,Devusinh Jesingbhai Chauhan,KHEDA(DISTRICT COLLECTOR KHEDA_IDA),KHEDA,"Construction of roads, link roads, pathways or any other road with or without drainage system",01-Sep-2026,250000.0,Payment In-Progress,-0.8991045147700292,0.5000000000000003,0,Low - Normal Pattern,No early cost-pattern anomaly against completed-works category norms.
EW-001372,Haryana,SIRSA(SC),SELJA,FATEHABAD(Deputy Commissioner Fatehabad),FATEHABAD,Construction of public irrigation facilities,03-Sep-2026,161189.0,Payment In-Progress,-1.482691326869548,0.3378986714279675,0,Low - Normal Pattern,No early cost-pattern anomaly against completed-works category norms.
EW-001373,Rajasthan,SIKAR,AMRARAM,SIKAR(DISTRICT COLLECTOR SIKAR_IDA),SIKAR,Providing supply pipelines for drinking water,10-Aug-2026,42242.0,Payment In-Progress,-2.3099747136605844,0.17017556581502355,0,Low - Normal Pattern,No early cost-pattern anomaly against completed-works category norms.
EW-001374,Karnataka,BIJAPUR(SC),Ramesh Chandappa Jigajinagi,VIJAYAPURA(DEPUTY COMMISSIONER BIJAPUR_IDA),VIJAYAPURA,Construction of community centers and community halls,27-Aug-2026,122004.0,Payment In-Progress,-1.8766892799690191,0.24548236709678314,0,Low - Normal Pattern,No early cost-pattern anomaly against completed-works category norms.
EW-001375,Punjab,ANANDPUR SAHIB,MALVINDER SINGH KANG,RUPNAGAR(DEPUTY COMMISSIONER ROOPNAGAR_IDA),RUPNAGAR,Construction of stadiums,24-Aug-2026,78000.0,Payment In-Progress,0.0,0.1103354174488259,0,Low - Normal Pattern,No early cost-pattern anomaly against completed-works category norms.
EW-001376,Uttar Pradesh,KAUSHAMBI(SC),PUSHPENDRA SAROJ,PRATAPGARH(DISTRICT MAGISTRAE PRATAPGARH_IDA),PRATAPGARH,"Construction of roads, link roads, pathways or any other road with or without drainage system",27-Jul-2026,844098.0,Payment In-Progress,0.6792576465982099,1.688196000000001,0,Low - Normal Pattern,No early cost-pattern anomaly against completed-works category norms.
EW-001377,Madhya Pradesh,GWALIOR,BHARAT SINGH KUSHWAH,SHIVPURI(District Collector Shivpuri_IDA),SHIVPURI,"Construction of roads, link roads, pathways or any other road with or without drainage system",01-Sep-2026,250000.0,Payment In-Progress,-0.8991045147700292,0.5000000000000003,0,Low - Normal Pattern,No early cost-pattern anomaly against completed-works category norms.
EW-001378,Madhya Pradesh,GWALIOR,BHARAT SINGH KUSHWAH,SHIVPURI(District Collector Shivpuri_IDA),SHIVPURI,"Construction of roads, link roads, pathways or any other road with or without drainage system",03-Sep-2026,250000.0,Payment In-Progress,-0.8991045147700292,0.5000000000000003,0,Low - Normal Pattern,No early cost-pattern anomaly against completed-works category norms.
EW-001379,Andhra Pradesh,AMALAPURAM(SC),GM Harish Balayogi,Dr. B.R. Ambedkar Konaseema(DISTRICT COLLECTOR Dr B R AMBEDKAR KONASEEMA_IDA),Dr. B.R. Ambedkar Konaseema,Crematoriums/energy efficient crematoriums or structures on burial/cremation ground,01-Sep-2026,499142.0,Payment In-Progress,0.6722346363165315,1.2499848714241755,0,Low - Normal Pattern,No early cost-pattern anomaly against completed-works category norms.
EW-001380,Rajasthan,BANSWARA(ST),RAJ KUMAR ROAT,DUNGARPUR(DISTRICT COLLECTOR DUNGARPUR_IDA),DUNGARPUR,Purchase of sports equipment,02-Sep-2026,212000.0,Payment In-Progress,0.0,0.33927545486116095,0,Low - Normal Pattern,No early cost-pattern anomaly against completed-works category norms.
EW-001381,Uttar Pradesh,VARANASI,Shri Narendra Modi,VARANASI(DISTRICT MAGISTRAE VARANASI_IDA),VARANASI,"Construction of roads, link roads, pathways or any other road with or without drainage system",12-Aug-2026,512474.0,Payment In-Progress,0.03196381059997615,1.0249480000000006,0,Low - Normal Pattern,No early cost-pattern anomaly against completed-works category norms.
EW-001382,Punjab,AMRITSAR,Shri Gurjeet Singh Aujla,AMRITSAR(DEPUTY COMMISSIONER AMRITSAR_IDA),AMRITSAR,"Construction of roads, link roads, pathways or any other road with or without drainage system",25-Aug-2026,74520.0,Payment In-Progress,-2.469146456871904,0.1490400000000001,0,Low - Normal Pattern,No early cost-pattern anomaly against completed-works category norms.
EW-001383,Rajasthan,AJMER,Bhagirath Chaudhary,AJMER(DISTRICT COLLECTOR AJMER_IDA),AJMER,Construction of community centers and community halls,06-Aug-2026,12294.0,Payment In-Progress,-4.943119678118298,0.024736567826365134,0,Low - Normal Pattern,No early cost-pattern anomaly against completed-works category norms.
EW-001384,Andhra Pradesh,RAJAMPET,Midhun Reddy,Annamayya(DISTRICT COLLECTOR ANNAMAYYA_IDA),Annamayya,Construction of boundary walls of existing public and community buildings,11-Aug-2026,449930.0,Payment In-Progress,-0.1292774173835651,0.908370707709749,0,Low - Normal Pattern,No early cost-pattern anomaly against completed-works category norms.
EW-001385,Rajasthan,BHILWARA,DAMODAR AGARWAL,BHILWARA(DISTRICT COLLECTOR BHILWARA_IDA),BHILWARA,Construction of community centers and community halls,18-Aug-2026,3408.0,Payment In-Progress,-6.657405092274497,0.00685718424859707,0,Low - Normal Pattern,No early cost-pattern anomaly against completed-works category norms.
EW-001386,Odisha,KANDHAMAL,SUKANTA KUMAR PANIGRAHI,BOUDH(District Collector Boudh_IDA),BOUDH,"Construction of roads, link roads, pathways or any other road with or without drainage system",17-Aug-2026,268878.0,Payment In-Progress,-0.8046773023537738,0.5377560000000003,0,Low - Normal Pattern,No early cost-pattern anomaly against completed-works category norms.
EW-001387,Kerala,KOTTAYAM,ADV K FRANCIS GEORGE,ERNAKULAM(DISTRICT COLLECTOR ERNAKULAM_IDA),ERNAKULAM,"Construction of roads, link roads, pathways or any other road with or without drainage system",06-Aug-2026,1129210.0,Payment In-Progress,1.0567299529338787,2.2584200000000014,0,Low - Normal Pattern,No early cost-pattern anomaly against completed-works category norms.
EW-001388,Andhra Pradesh,SRIKAKULAM,Kinjarapu Ram Mohan Naidu,SRIKAKULAM(District Collector Srikakulam_IDA),SRIKAKULAM,Construction of night shelters for homeless,02-Sep-2026,357845.0,Payment In-Progress,0.0,0.35784500000000014,0,Low - Normal Pattern,No early cost-pattern anomaly against completed-works category norms.
EW-001389,Andhra Pradesh,SRIKAKULAM,Kinjarapu Ram Mohan Naidu,SRIKAKULAM(District Collector Srikakulam_IDA),SRIKAKULAM,Construction of night shelters for homeless,02-Sep-2026,384865.0,Payment In-Progress,0.0,0.3848650000000001,0,Low - Normal Pattern,No early cost-pattern anomaly against completed-works category norms.
EW-001390,Jharkhand,DHANBAD,DULU MAHATO,DHANBAD(DEPUTY COMMISSIONER DHANBAD_IDA),DHANBAD,"Purchase of prosthetics, wheel chairs, tricycles (manual or motorized), elect scooties, hearing aids",01-Sep-2026,138529.0,Payment In-Progress,0.0,1.458199999999999,0,Low - Normal Pattern,No early cost-pattern anomaly against completed-works category norms.
EW-001391,Jharkhand,DHANBAD,DULU MAHATO,DHANBAD(DEPUTY COMMISSIONER DHANBAD_IDA),DHANBAD,"Purchase of prosthetics, wheel chairs, tricycles (manual or motorized), elect scooties, hearing aids",01-Sep-2026,138529.0,Payment In-Progress,0.0,1.458199999999999,0,Low - Normal Pattern,No early cost-pattern anomaly against completed-works category norms.
EW-001392,Jharkhand,DHANBAD,DULU MAHATO,DHANBAD(DEPUTY COMMISSIONER DHANBAD_IDA),DHANBAD,"Purchase of prosthetics, wheel chairs, tricycles (manual or motorized), elect scooties, hearing aids",01-Sep-2026,138529.0,Payment In-Progress,0.0,1.458199999999999,0,Low - Normal Pattern,No early cost-pattern anomaly against completed-works category norms.
EW-001393,Jharkhand,DHANBAD,DULU MAHATO,DHANBAD(DEPUTY COMMISSIONER DHANBAD_IDA),DHANBAD,"Purchase of prosthetics, wheel chairs, tricycles (manual or motorized), elect scooties, hearing aids",01-Sep-2026,138529.0,Payment In-Progress,0.0,1.458199999999999,0,Low - Normal Pattern,No early cost-pattern anomaly against completed-works category norms.
EW-001394,Jharkhand,DHANBAD,DULU MAHATO,DHANBAD(DEPUTY COMMISSIONER DHANBAD_IDA),DHANBAD,"Purchase of prosthetics, wheel chairs, tricycles (manual or motorized), elect scooties, hearing aids",01-Sep-2026,138529.0,Payment In-Progress,0.0,1.458199999999999,0,Low - Normal Pattern,No early cost-pattern anomaly against completed-works category norms.
EW-001395,Odisha,ASKA,ANITA SUBHADARSHINI,GANJAM(DISTRICT COLLECTOR GANJAM_IDA),GANJAM,Construction of community centers and community halls,25-Aug-2026,200000.0,Payment In-Progress,-1.216269798983159,0.40241691599748064,0,Low - Normal Pattern,No early cost-pattern anomaly against completed-works category norms.
EW-001396,Chhattisgarh,RAIPUR,BRIJMOHAN AGRAWAL,RAIPUR(DISTRICT COLLECTOR RAIPUR_IDA),RAIPUR,Construction of rooms and halls in school and colleges,07-Aug-2026,446691.0,Payment In-Progress,-0.14816273856629703,0.8933820000000006,0,Low - Normal Pattern,No early cost-pattern anomaly against completed-works category norms.
EW-001397,Chhattisgarh,RAIPUR,BRIJMOHAN AGRAWAL,RAIPUR(DISTRICT COLLECTOR RAIPUR_IDA),RAIPUR,Construction of community centers and community halls,07-Aug-2026,250000.0,Payment In-Progress,-0.9181123631831903,0.5030211449968508,0,Low - Normal Pattern,No early cost-pattern anomaly against completed-works category norms.
EW-001398,Maharashtra,MAVAL,Shrirang Appa Barne,RAIGAD(DISTRICT COLLECTOR RAIGAD_IDA),RAIGAD,"Construction of roads, link roads, pathways or any other road with or without drainage system",01-Sep-2026,500000.0,Payment In-Progress,0.0,1.0000000000000007,0,Low - Normal Pattern,No early cost-pattern anomaly against completed-works category norms.
EW-001399,Rajasthan,AJMER,Bhagirath Chaudhary,AJMER(DISTRICT COLLECTOR AJMER_IDA),AJMER,"Construction of roads, link roads, pathways or any other road with or without drainage system",24-Aug-2026,729357.0,Payment In-Progress,0.48973957837278287,1.458714000000001,0,Low - Normal Pattern,No early cost-pattern anomaly against completed-works category norms.
EW-001400,West Bengal,BARDHAMAN PURBA(SC),DR. SHARMILA SARKAR,PURBA BARDHAMAN(DISTRICT MAGISTRATE PURBA BARDHAMAN_IDA),PURBA BARDHAMAN,"Construction of cycle tracks, cycle stand and segregated non-motorized vehicle (NMV) lanes",21-Aug-2026,479310.0,Payment In-Progress,-1.4290025476530825,0.48063318315322123,0,Low - Normal Pattern,No early cost-pattern anomaly against completed-works category norms.
EW-001401,Karnataka,CHITRADURGA(SC),GOVIND MAKTHAPPA KARJOL,CHITRADURGA(DEPUTY COMMISSIONER CHITRADURGA_IDA),CHITRADURGA,Development of playground,02-Sep-2026,398919.0,Payment In-Progress,-0.9902698425018186,0.4924925925925924,0,Low - Normal Pattern,No early cost-pattern anomaly against completed-works category norms.
EW-001402,Uttar Pradesh,KANNAUJ,AKHILESH YADAV,KANNAUJ(DISTRICT MAGISTRATE KANNAUJ_IDA),KANNAUJ,"Construction of roads, link roads, pathways or any other road with or without drainage system",13-Aug-2026,1109475.0,Payment In-Progress,1.0338597454420657,2.2189500000000013,0,Low - Normal Pattern,No early cost-pattern anomaly against completed-works category norms.
EW-001403,Rajasthan,BHILWARA,DAMODAR AGARWAL,BHILWARA(DISTRICT COLLECTOR BHILWARA_IDA),BHILWARA,Construction of community centers and community halls,18-Aug-2026,1988.0,Payment In-Progress,-7.37759536269519,0.004000024145014957,0,Low - Normal Pattern,No early cost-pattern anomaly against completed-works category norms.
EW-001404,Andhra Pradesh,ARAKU(ST),Gumma Thanuja Rani,Alluri Sitharama Raju(DISTRICT COLLECTOR ALLURI SITHARAMARAJU_IDA),Alluri Sitharama Raju,"Construction of roads, link roads, pathways or any other road with or without drainage system",18-Aug-2026,491689.0,Payment In-Progress,-0.021742158994635413,0.9833780000000005,0,Low - Normal Pattern,No early cost-pattern anomaly against completed-works category norms.
EW-001405,Maharashtra,PALGHAR(ST),DR. HEMANT VISHNU SAVARA,PALGHAR(DISTRICT COLLECTOR PALGHAR_IDA),PALGHAR,"Construction of roads, link roads, pathways or any other road with or without drainage system",01-Sep-2026,981824.0,Payment In-Progress,0.8753109167142362,1.9636480000000012,0,Low - Normal Pattern,No early cost-pattern anomaly against completed-works category norms.
EW-001406,Andhra Pradesh,ARAKU(ST),Gumma Thanuja Rani,Alluri Sitharama Raju(DISTRICT COLLECTOR ALLURI SITHARAMARAJU_IDA),Alluri Sitharama Raju,"Construction of roads, link roads, pathways or any other road with or without drainage system",18-Aug-2026,491711.0,Payment In-Progress,-0.021684121695981984,0.9834220000000006,0,Low - Normal Pattern,No early cost-pattern anomaly against completed-works category norms.
EW-001407,Rajasthan,SIKAR,AMRARAM,SIKAR(DISTRICT COLLECTOR SIKAR_IDA),SIKAR,Development of playfields and sports grounds,05-Aug-2026,11900.0,Payment In-Progress,-3.950083773864691,0.02542746652204586,0,Low - Normal Pattern,No early cost-pattern anomaly against completed-works category norms.
EW-001408,Rajasthan,SIKAR,AMRARAM,SIKAR(DISTRICT COLLECTOR SIKAR_IDA),SIKAR,Development of playfields and sports grounds,05-Aug-2026,11050.0,Payment In-Progress,-4.029805628751342,0.023611218913328298,0,Low - Normal Pattern,No early cost-pattern anomaly against completed-works category norms.
EW-001409,Rajasthan,SIKAR,AMRARAM,SIKAR(DISTRICT COLLECTOR SIKAR_IDA),SIKAR,Development of playfields and sports grounds,05-Aug-2026,3724.0,Payment In-Progress,-5.19982881814681,0.007957301288075527,0,Low - Normal Pattern,No early cost-pattern anomaly against completed-works category norms.
EW-001410,Rajasthan,SIKAR,AMRARAM,SIKAR(DISTRICT COLLECTOR SIKAR_IDA),SIKAR,Development of playfields and sports grounds,05-Aug-2026,3724.0,Payment In-Progress,-5.19982881814681,0.007957301288075527,0,Low - Normal Pattern,No early cost-pattern anomaly against completed-works category norms.
EW-001411,Rajasthan,SIKAR,AMRARAM,SIKAR(DISTRICT COLLECTOR SIKAR_IDA),SIKAR,Development of playfields and sports grounds,05-Aug-2026,11050.0,Payment In-Progress,-4.029805628751342,0.023611218913328298,0,Low - Normal Pattern,No early cost-pattern anomaly against completed-works category norms.
EW-001412,Rajasthan,SIKAR,AMRARAM,SIKAR(DISTRICT COLLECTOR SIKAR_IDA),SIKAR,Development of playfields and sports grounds,05-Aug-2026,11900.0,Payment In-Progress,-3.950083773864691,0.02542746652204586,0,Low - Normal Pattern,No early cost-pattern anomaly against completed-works category norms.
EW-001413,Rajasthan,SIKAR,AMRARAM,SIKAR(DISTRICT COLLECTOR SIKAR_IDA),SIKAR,Development of playfields and sports grounds,05-Aug-2026,11900.0,Payment In-Progress,-3.950083773864691,0.02542746652204586,0,Low - Normal Pattern,No early cost-pattern anomaly against completed-works category norms.
EW-001414,Rajasthan,SIKAR,AMRARAM,SIKAR(DISTRICT COLLECTOR SIKAR_IDA),SIKAR,Development of playfields and sports grounds,05-Aug-2026,3724.0,Payment In-Progress,-5.19982881814681,0.007957301288075527,0,Low - Normal Pattern,No early cost-pattern anomaly against completed-works category norms.
EW-001415,Rajasthan,SIKAR,AMRARAM,SIKAR(DISTRICT COLLECTOR SIKAR_IDA),SIKAR,Development of playfields and sports grounds,05-Aug-2026,3458.0,Payment In-Progress,-5.279550673033462,0.007388922624641562,0,Low - Normal Pattern,No early cost-pattern anomaly against completed-works category norms.
EW-001416,Rajasthan,SIKAR,AMRARAM,SIKAR(DISTRICT COLLECTOR SIKAR_IDA),SIKAR,Development of playfields and sports grounds,05-Aug-2026,11050.0,Payment In-Progress,-4.029805628751342,0.023611218913328298,0,Low - Normal Pattern,No early cost-pattern anomaly against completed-works category norms.
EW-001417,Rajasthan,NAGAUR,Shri Hanuman Beniwal,Didwana-Kuchaman(DISTRICT COLLECTOR Didwana Kuchaman_IDA),Didwana-Kuchaman,Construction of rooms and halls in school and colleges,03-Sep-2026,649412.0,Payment In-Progress,0.34360623714836064,1.2988240000000009,0,Low - Normal Pattern,No early cost-pattern anomaly against completed-works category norms.
EW-001418,Punjab,ANANDPUR SAHIB,MALVINDER SINGH KANG,RUPNAGAR(DEPUTY COMMISSIONER ROOPNAGAR_IDA),RUPNAGAR,Construction of stadiums,31-Aug-2026,17850.0,Payment In-Progress,0.0,0.025249835916173618,0,Low - Normal Pattern,No early cost-pattern anomaly against completed-works category norms.
EW-001419,Punjab,ANANDPUR SAHIB,MALVINDER SINGH KANG,RUPNAGAR(DEPUTY COMMISSIONER ROOPNAGAR_IDA),RUPNAGAR,Construction of stadiums,31-Aug-2026,97708.0,Payment In-Progress,0.0,0.1382134995908959,0,Low - Normal Pattern,No early cost-pattern anomaly against completed-works category norms.
EW-001420,Punjab,ANANDPUR SAHIB,MALVINDER SINGH KANG,RUPNAGAR(DEPUTY COMMISSIONER ROOPNAGAR_IDA),RUPNAGAR,Construction of stadiums,31-Aug-2026,24744.0,Payment In-Progress,0.0,0.03500178935068907,0,Low - Normal Pattern,No early cost-pattern anomaly against completed-works category norms.
EW-001421,Gujarat,PANCHMAHAL,RAJPALSINH MAHENDRASINH JADAV,PANCH MAHALS(DISTRICT COLLECTOR PANCHMAHALS_IDA),PANCH MAHALS,Construction of public toilets and bathrooms,29-Aug-2026,100000.0,Payment In-Progress,-1.1114059887174796,0.223606797749979,0,Low - Normal Pattern,No early cost-pattern anomaly against completed-works category norms.
EW-001422,Maharashtra,BHIWANDI,BALYA MAMA SURESH GOPINATH MHATRE,THANE(DISTRICT COLLECTOR THANE_IDA),THANE,Construction of buildings for multi-gym,13-Aug-2026,2447691.0,Payment In-Progress,0.0,6.319910986441195,0,Low - Normal Pattern,No early cost-pattern anomaly against completed-works category norms.
EW-001423,Karnataka,DHARWAD,Pralhad Venkatesh Joshi,DHARWAD(DEPUTY COMMISSIONER DHARWAR_IDA),DHARWAD,Construction of buildings for community cultural activities,05-Aug-2026,397413.0,Payment In-Progress,0.1531236781058489,1.1354657142857139,0,Low - Normal Pattern,No early cost-pattern anomaly against completed-works category norms.
EW-001424,Maharashtra,AKOLA,ANUP SANJAY DHOTRE,AKOLA(DISTRICT COLLECTOR AKOLA_IDA),AKOLA,"Construction of roads, link roads, pathways or any other road with or without drainage system",17-Aug-2026,984839.0,Payment In-Progress,0.8792880708502622,1.9696780000000012,0,Low - Normal Pattern,No early cost-pattern anomaly against completed-works category norms.
EW-001425,Uttar Pradesh,GHAZIABAD,ATUL GARG,GHAZIABAD(DISTRICT MAGISTRAE GHAZIABAD_IDA),GHAZIABAD,"Construction of roads, link roads, pathways or any other road with or without drainage system",03-Aug-2026,973076.0,Payment In-Progress,0.8637017288350959,1.9461520000000012,0,Low - Normal Pattern,No early cost-pattern anomaly against completed-works category norms.
EW-001426,Rajasthan,BHARATPUR(SC),SANJNA JATAV,BHARATPUR(DISTRICT COLLECTOR BHARATPUR_IDA),BHARATPUR,"Construction of roads, link roads, pathways or any other road with or without drainage system",30-Aug-2026,53056.0,Payment In-Progress,-2.909808155127626,0.10611200000000007,0,Low - Normal Pattern,No early cost-pattern anomaly against completed-works category norms.
EW-001427,Uttar Pradesh,NAGINA(SC),CHANDRA SHEKHAR,BIJNOR(DISTRICT MAGISTRATE BIJNOR_IDA),BIJNOR,Lighting of public spaces,24-Mar-2026,26819.0,Payment In-Progress,-7.189257529414017,0.13375926424674067,0,Low - Normal Pattern,No early cost-pattern anomaly against completed-works category norms.
EW-001428,Uttar Pradesh,NAGINA(SC),CHANDRA SHEKHAR,BIJNOR(DISTRICT MAGISTRATE BIJNOR_IDA),BIJNOR,Lighting of public spaces,24-Mar-2026,26819.0,Payment In-Progress,-7.189257529414017,0.13375926424674067,0,Low - Normal Pattern,No early cost-pattern anomaly against completed-works category norms.
EW-001429,Uttar Pradesh,NAGINA(SC),CHANDRA SHEKHAR,BIJNOR(DISTRICT MAGISTRATE BIJNOR_IDA),BIJNOR,Lighting of public spaces,24-Mar-2026,26819.0,Payment In-Progress,-7.189257529414017,0.13375926424674067,0,Low - Normal Pattern,No early cost-pattern anomaly against completed-works category norms.
EW-001430,Uttar Pradesh,NAGINA(SC),CHANDRA SHEKHAR,BIJNOR(DISTRICT MAGISTRATE BIJNOR_IDA),BIJNOR,Lighting of public spaces,24-Mar-2026,26819.0,Payment In-Progress,-7.189257529414017,0.13375926424674067,0,Low - Normal Pattern,No early cost-pattern anomaly against completed-works category norms.
EW-001431,Uttar Pradesh,NAGINA(SC),CHANDRA SHEKHAR,BIJNOR(DISTRICT MAGISTRATE BIJNOR_IDA),BIJNOR,Lighting of public spaces,24-Mar-2026,26819.0,Payment In-Progress,-7.189257529414017,0.13375926424674067,0,Low - Normal Pattern,No early cost-pattern anomaly against completed-works category norms.
EW-001432,Uttar Pradesh,NAGINA(SC),CHANDRA SHEKHAR,BIJNOR(DISTRICT MAGISTRATE BIJNOR_IDA),BIJNOR,Lighting of public spaces,24-Mar-2026,26819.0,Payment In-Progress,-7.189257529414017,0.13375926424674067,0,Low - Normal Pattern,No early cost-pattern anomaly against completed-works category norms.
EW-001433,Uttar Pradesh,NAGINA(SC),CHANDRA SHEKHAR,BIJNOR(DISTRICT MAGISTRATE BIJNOR_IDA),BIJNOR,Lighting of public spaces,24-Mar-2026,26819.0,Payment In-Progress,-7.189257529414017,0.13375926424674067,0,Low - Normal Pattern,No early cost-pattern anomaly against completed-works category norms.
EW-001434,Uttar Pradesh,NAGINA(SC),CHANDRA SHEKHAR,BIJNOR(DISTRICT MAGISTRATE BIJNOR_IDA),BIJNOR,Lighting of public spaces,24-Mar-2026,26819.0,Payment In-Progress,-7.189257529414017,0.13375926424674067,0,Low - Normal Pattern,No early cost-pattern anomaly against completed-works category norms.
EW-001435,Uttar Pradesh,NAGINA(SC),CHANDRA SHEKHAR,BIJNOR(DISTRICT MAGISTRATE BIJNOR_IDA),BIJNOR,Lighting of public spaces,24-Mar-2026,26819.0,Payment In-Progress,-7.189257529414017,0.13375926424674067,0,Low - Normal Pattern,No early cost-pattern anomaly against completed-works category norms.
EW-001436,Uttar Pradesh,NAGINA(SC),CHANDRA SHEKHAR,BIJNOR(DISTRICT MAGISTRATE BIJNOR_IDA),BIJNOR,Lighting of public spaces,24-Mar-2026,26819.0,Payment In-Progress,-7.189257529414017,0.13375926424674067,0,Low - Normal Pattern,No early cost-pattern anomaly against completed-works category norms.
EW-001437,Uttar Pradesh,NAGINA(SC),CHANDRA SHEKHAR,BIJNOR(DISTRICT MAGISTRATE BIJNOR_IDA),BIJNOR,Lighting of public spaces,24-Mar-2026,26819.0,Payment In-Progress,-7.189257529414017,0.13375926424674067,0,Low - Normal Pattern,No early cost-pattern anomaly against completed-works category norms.
EW-001438,Uttar Pradesh,NAGINA(SC),CHANDRA SHEKHAR,BIJNOR(DISTRICT MAGISTRATE BIJNOR_IDA),BIJNOR,Lighting of public spaces,24-Mar-2026,26819.0,Payment In-Progress,-7.189257529414017,0.13375926424674067,0,Low - Normal Pattern,No early cost-pattern anomaly against completed-works category norms.
EW-001439,Uttar Pradesh,NAGINA(SC),CHANDRA SHEKHAR,BIJNOR(DISTRICT MAGISTRATE BIJNOR_IDA),BIJNOR,Lighting of public spaces,24-Mar-2026,26819.0,Payment In-Progress,-7.189257529414017,0.13375926424674067,0,Low - Normal Pattern,No early cost-pattern anomaly against completed-works category norms.
EW-001440,Uttar Pradesh,NAGINA(SC),CHANDRA SHEKHAR,BIJNOR(DISTRICT MAGISTRATE BIJNOR_IDA),BIJNOR,Lighting of public spaces,24-Mar-2026,26819.0,Payment In-Progress,-7.189257529414017,0.13375926424674067,0,Low - Normal Pattern,No early cost-pattern anomaly against completed-works category norms.
EW-001441,Uttar Pradesh,NAGINA(SC),CHANDRA SHEKHAR,BIJNOR(DISTRICT MAGISTRATE BIJNOR_IDA),BIJNOR,Lighting of public spaces,24-Mar-2026,26819.0,Payment In-Progress,-7.189257529414017,0.13375926424674067,0,Low - Normal Pattern,No early cost-pattern anomaly against completed-works category norms.
EW-001442,Jharkhand,KODARMA,Annpurna Devi,HAZARIBAGH(DEPUTY COMMISSIONER HAZARIBAGH_IDA),HAZARIBAGH,Construction of platforms and passenger sheds at railway stations,22-Jun-2026,199862.0,Payment In-Progress,0.0,,0,Low - Normal Pattern,No early cost-pattern anomaly against completed-works category norms.
EW-001443,Tamil Nadu,VILUPPURAM(SC),D Ravikumar,KALLAKURICHI(District Collector Kallakurichi_IDA),KALLAKURICHI,Lighting of public spaces,01-Sep-2026,247148.0,Payment In-Progress,0.7474859014728368,1.2326460583934324,0,Low - Normal Pattern,No early cost-pattern anomaly against completed-works category norms.
EW-001444,Tamil Nadu,VILUPPURAM(SC),D Ravikumar,KALLAKURICHI(District Collector Kallakurichi_IDA),KALLAKURICHI,Lighting of public spaces,01-Sep-2026,247138.0,Payment In-Progress,0.7473413010481721,1.232596183579216,0,Low - Normal Pattern,No early cost-pattern anomaly against completed-works category norms.
EW-001445,Uttar Pradesh,MUZAFFARNAGAR,HARENDRA SINGH MALIK,MUZAFFARNAGAR(DISTRICT MAGISTRATE MUZAFFARNAGAR_IDA),MUZAFFARNAGAR,Construction of boundary walls of existing public and community buildings,23-Aug-2026,75442.0,Payment In-Progress,-2.5314393745475656,0.15231103267405793,0,Low - Normal Pattern,No early cost-pattern anomaly against completed-works category norms.
EW-001446,Uttar Pradesh,NAGINA(SC),CHANDRA SHEKHAR,BIJNOR(DISTRICT MAGISTRATE BIJNOR_IDA),BIJNOR,Lighting of public spaces,24-Mar-2026,26819.0,Payment In-Progress,-7.189257529414017,0.13375926424674067,0,Low - Normal Pattern,No early cost-pattern anomaly against completed-works category norms.
EW-001447,Uttar Pradesh,NAGINA(SC),CHANDRA SHEKHAR,BIJNOR(DISTRICT MAGISTRATE BIJNOR_IDA),BIJNOR,Lighting of public spaces,24-Mar-2026,26819.0,Payment In-Progress,-7.189257529414017,0.13375926424674067,0,Low - Normal Pattern,No early cost-pattern anomaly against completed-works category norms.
EW-001448,Odisha,JAGATSINGHPUR(SC),BIBHU PRASAD TARAI,JAGATSINGHAPUR(DISTRICT COLLECTOR JAGATSINGHPUR_IDA),JAGATSINGHAPUR,Construction of community centers and community halls,01-Sep-2026,337.0,Payment In-Progress,-9.749029573166908,0.0006780725034557549,0,Low - Normal Pattern,No early cost-pattern anomaly against completed-works category norms.
EW-001449,Uttar Pradesh,NAGINA(SC),CHANDRA SHEKHAR,BIJNOR(DISTRICT MAGISTRATE BIJNOR_IDA),BIJNOR,Lighting of public spaces,24-Mar-2026,26819.0,Payment In-Progress,-7.189257529414017,0.13375926424674067,0,Low - Normal Pattern,No early cost-pattern anomaly against completed-works category norms.
EW-001450,Uttar Pradesh,NAGINA(SC),CHANDRA SHEKHAR,BIJNOR(DISTRICT MAGISTRATE BIJNOR_IDA),BIJNOR,Lighting of public spaces,24-Mar-2026,26819.0,Payment In-Progress,-7.189257529414017,0.13375926424674067,0,Low - Normal Pattern,No early cost-pattern anomaly against completed-works category norms.
EW-001451,Uttar Pradesh,NAGINA(SC),CHANDRA SHEKHAR,BIJNOR(DISTRICT MAGISTRATE BIJNOR_IDA),BIJNOR,Lighting of public spaces,24-Mar-2026,26819.0,Payment In-Progress,-7.189257529414017,0.13375926424674067,0,Low - Normal Pattern,No early cost-pattern anomaly against completed-works category norms.
EW-001452,Uttar Pradesh,NAGINA(SC),CHANDRA SHEKHAR,BIJNOR(DISTRICT MAGISTRATE BIJNOR_IDA),BIJNOR,Lighting of public spaces,24-Mar-2026,26819.0,Payment In-Progress,-7.189257529414017,0.13375926424674067,0,Low - Normal Pattern,No early cost-pattern anomaly against completed-works category norms.
EW-001453,Uttar Pradesh,NAGINA(SC),CHANDRA SHEKHAR,BIJNOR(DISTRICT MAGISTRATE BIJNOR_IDA),BIJNOR,Lighting of public spaces,24-Mar-2026,26819.0,Payment In-Progress,-7.189257529414017,0.13375926424674067,0,Low - Normal Pattern,No early cost-pattern anomaly against completed-works category norms.
EW-001454,Uttar Pradesh,NAGINA(SC),CHANDRA SHEKHAR,BIJNOR(DISTRICT MAGISTRATE BIJNOR_IDA),BIJNOR,Lighting of public spaces,24-Mar-2026,26819.0,Payment In-Progress,-7.189257529414017,0.13375926424674067,0,Low - Normal Pattern,No early cost-pattern anomaly against completed-works category norms.
EW-001455,Uttar Pradesh,NAGINA(SC),CHANDRA SHEKHAR,BIJNOR(DISTRICT MAGISTRATE BIJNOR_IDA),BIJNOR,Lighting of public spaces,24-Mar-2026,26819.0,Payment In-Progress,-7.189257529414017,0.13375926424674067,0,Low - Normal Pattern,No early cost-pattern anomaly against completed-works category norms.
EW-001456,Uttar Pradesh,NAGINA(SC),CHANDRA SHEKHAR,BIJNOR(DISTRICT MAGISTRATE BIJNOR_IDA),BIJNOR,Lighting of public spaces,24-Mar-2026,26819.0,Payment In-Progress,-7.189257529414017,0.13375926424674067,0,Low - Normal Pattern,No early cost-pattern anomaly against completed-works category norms.
EW-001457,Uttar Pradesh,NAGINA(SC),CHANDRA SHEKHAR,BIJNOR(DISTRICT MAGISTRATE BIJNOR_IDA),BIJNOR,Lighting of public spaces,24-Mar-2026,26819.0,Payment In-Progress,-7.189257529414017,0.13375926424674067,0,Low - Normal Pattern,No early cost-pattern anomaly against completed-works category norms.
EW-001458,Uttar Pradesh,NAGINA(SC),CHANDRA SHEKHAR,BIJNOR(DISTRICT MAGISTRATE BIJNOR_IDA),BIJNOR,Lighting of public spaces,24-Mar-2026,26819.0,Payment In-Progress,-7.189257529414017,0.13375926424674067,0,Low - Normal Pattern,No early cost-pattern anomaly against completed-works category norms.
EW-001459,Uttar Pradesh,NAGINA(SC),CHANDRA SHEKHAR,BIJNOR(DISTRICT MAGISTRATE BIJNOR_IDA),BIJNOR,Lighting of public spaces,24-Mar-2026,26819.0,Payment In-Progress,-7.189257529414017,0.13375926424674067,0,Low - Normal Pattern,No early cost-pattern anomaly against completed-works category norms.
EW-001460,Uttar Pradesh,NAGINA(SC),CHANDRA SHEKHAR,BIJNOR(DISTRICT MAGISTRATE BIJNOR_IDA),BIJNOR,Lighting of public spaces,24-Mar-2026,26819.0,Payment In-Progress,-7.189257529414017,0.13375926424674067,0,Low - Normal Pattern,No early cost-pattern anomaly against completed-works category norms.
EW-001461,Uttar Pradesh,NAGINA(SC),CHANDRA SHEKHAR,BIJNOR(DISTRICT MAGISTRATE BIJNOR_IDA),BIJNOR,Lighting of public spaces,24-Mar-2026,26819.0,Payment In-Progress,-7.189257529414017,0.13375926424674067,0,Low - Normal Pattern,No early cost-pattern anomaly against completed-works category norms.
EW-001462,Uttar Pradesh,NAGINA(SC),CHANDRA SHEKHAR,BIJNOR(DISTRICT MAGISTRATE BIJNOR_IDA),BIJNOR,Lighting of public spaces,24-Mar-2026,26819.0,Payment In-Progress,-7.189257529414017,0.13375926424674067,0,Low - Normal Pattern,No early cost-pattern anomaly against completed-works category norms.
EW-001463,Uttar Pradesh,NAGINA(SC),CHANDRA SHEKHAR,BIJNOR(DISTRICT MAGISTRATE BIJNOR_IDA),BIJNOR,Lighting of public spaces,24-Mar-2026,26819.0,Payment In-Progress,-7.189257529414017,0.13375926424674067,0,Low - Normal Pattern,No early cost-pattern anomaly against completed-works category norms.
EW-001464,Uttar Pradesh,NAGINA(SC),CHANDRA SHEKHAR,BIJNOR(DISTRICT MAGISTRATE BIJNOR_IDA),BIJNOR,Lighting of public spaces,24-Mar-2026,26819.0,Payment In-Progress,-7.189257529414017,0.13375926424674067,0,Low - Normal Pattern,No early cost-pattern anomaly against completed-works category norms.
EW-001465,Uttar Pradesh,NAGINA(SC),CHANDRA SHEKHAR,BIJNOR(DISTRICT MAGISTRATE BIJNOR_IDA),BIJNOR,Lighting of public spaces,24-Mar-2026,26819.0,Payment In-Progress,-7.189257529414017,0.13375926424674067,0,Low - Normal Pattern,No early cost-pattern anomaly against completed-works category norms.
EW-001466,Uttar Pradesh,NAGINA(SC),CHANDRA SHEKHAR,BIJNOR(DISTRICT MAGISTRATE BIJNOR_IDA),BIJNOR,Lighting of public spaces,24-Mar-2026,26819.0,Payment In-Progress,-7.189257529414017,0.13375926424674067,0,Low - Normal Pattern,No early cost-pattern anomaly against completed-works category norms.
EW-001467,Uttar Pradesh,NAGINA(SC),CHANDRA SHEKHAR,BIJNOR(DISTRICT MAGISTRATE BIJNOR_IDA),BIJNOR,Lighting of public spaces,24-Mar-2026,26819.0,Payment In-Progress,-7.189257529414017,0.13375926424674067,0,Low - Normal Pattern,No early cost-pattern anomaly against completed-works category norms.
EW-001468,Kerala,MAVELIKKARA(SC),Shri Suresh Kodikunnil,KOLLAM(DISTRICT COLLECTOR KOLLAM_IDA),KOLLAM,Street lights,03-Sep-2026,212802.0,Payment In-Progress,-0.03927856517742951,0.954607237541551,0,Low - Normal Pattern,No early cost-pattern anomaly against completed-works category norms.
EW-001469,Chhattisgarh,KORBA,Jyotsna Charandas Mahant,Gaurela-Pendra-Marwahi(Collector GPM_IDA),Gaurela-Pendra-Marwahi,Construction of common work sheds/ common covered sitting area,11-Aug-2026,180000.0,Payment In-Progress,-1.0985811493541262,0.6102625824278277,0,Low - Normal Pattern,No early cost-pattern anomaly against completed-works category norms.
EW-001470,Bihar,NAWADA,VIVEK THAKUR,SHEIKHPURA(DISTRICT PLANNING OFFICER SHEIKHPURA_IDA),SHEIKHPURA,"Construction of roads, link roads, pathways or any other road with or without drainage system",30-Aug-2026,418162.0,Payment In-Progress,-0.23184860194782292,0.8363240000000005,0,Low - Normal Pattern,No early cost-pattern anomaly against completed-works category norms.
EW-001471,Kerala,KASARAGOD,Shri Rajmohan Unnithan,KANNUR(DISTRICT COLLECTOR KANNUR_IDA),KANNUR,"Purchase of prosthetics, wheel chairs, tricycles (manual or motorized), elect scooties, hearing aids",19-Aug-2026,110000.0,Payment In-Progress,0.0,1.1578947368421046,0,Low - Normal Pattern,No early cost-pattern anomaly against completed-works category norms.
EW-001472,Kerala,KANNUR,Shri Kumbakudi Sudhakaran,KANNUR(DISTRICT COLLECTOR KANNUR_IDA),KANNUR,"Purchase of prosthetics, wheel chairs, tricycles (manual or motorized), elect scooties, hearing aids",19-Aug-2026,110000.0,Payment In-Progress,0.0,1.1578947368421046,0,Low - Normal Pattern,No early cost-pattern anomaly against completed-works category norms.
EW-001473,Kerala,KANNUR,Shri Kumbakudi Sudhakaran,KANNUR(DISTRICT COLLECTOR KANNUR_IDA),KANNUR,"Purchase of prosthetics, wheel chairs, tricycles (manual or motorized), elect scooties, hearing aids",19-Aug-2026,110000.0,Payment In-Progress,0.0,1.1578947368421046,0,Low - Normal Pattern,No early cost-pattern anomaly against completed-works category norms.
EW-001474,Kerala,KANNUR,Shri Kumbakudi Sudhakaran,KANNUR(DISTRICT COLLECTOR KANNUR_IDA),KANNUR,"Purchase of prosthetics, wheel chairs, tricycles (manual or motorized), elect scooties, hearing aids",19-Aug-2026,110000.0,Payment In-Progress,0.0,1.1578947368421046,0,Low - Normal Pattern,No early cost-pattern anomaly against completed-works category norms.
EW-001475,Kerala,KANNUR,Shri Kumbakudi Sudhakaran,KANNUR(DISTRICT COLLECTOR KANNUR_IDA),KANNUR,"Purchase of prosthetics, wheel chairs, tricycles (manual or motorized), elect scooties, hearing aids",19-Aug-2026,110000.0,Payment In-Progress,0.0,1.1578947368421046,0,Low - Normal Pattern,No early cost-pattern anomaly against completed-works category norms.
EW-001476,Kerala,KANNUR,Shri Kumbakudi Sudhakaran,KANNUR(DISTRICT COLLECTOR KANNUR_IDA),KANNUR,"Purchase of prosthetics, wheel chairs, tricycles (manual or motorized), elect scooties, hearing aids",19-Aug-2026,110000.0,Payment In-Progress,0.0,1.1578947368421046,0,Low - Normal Pattern,No early cost-pattern anomaly against completed-works category norms.
EW-001477,Kerala,KASARAGOD,Shri Rajmohan Unnithan,KANNUR(DISTRICT COLLECTOR KANNUR_IDA),KANNUR,"Purchase of prosthetics, wheel chairs, tricycles (manual or motorized), elect scooties, hearing aids",19-Aug-2026,110000.0,Payment In-Progress,0.0,1.1578947368421046,0,Low - Normal Pattern,No early cost-pattern anomaly against completed-works category norms.
EW-001478,Kerala,KASARAGOD,Shri Rajmohan Unnithan,KANNUR(DISTRICT COLLECTOR KANNUR_IDA),KANNUR,"Purchase of prosthetics, wheel chairs, tricycles (manual or motorized), elect scooties, hearing aids",19-Aug-2026,110000.0,Payment In-Progress,0.0,1.1578947368421046,0,Low - Normal Pattern,No early cost-pattern anomaly against completed-works category norms.
EW-001479,Kerala,KASARAGOD,Shri Rajmohan Unnithan,KANNUR(DISTRICT COLLECTOR KANNUR_IDA),KANNUR,"Purchase of prosthetics, wheel chairs, tricycles (manual or motorized), elect scooties, hearing aids",19-Aug-2026,220000.0,Payment In-Progress,0.0,2.3157894736842093,0,Low - Normal Pattern,No early cost-pattern anomaly against completed-works category norms.
EW-001480,Kerala,KASARAGOD,Shri Rajmohan Unnithan,KANNUR(DISTRICT COLLECTOR KANNUR_IDA),KANNUR,"Purchase of prosthetics, wheel chairs, tricycles (manual or motorized), elect scooties, hearing aids",19-Aug-2026,110000.0,Payment In-Progress,0.0,1.1578947368421046,0,Low - Normal Pattern,No early cost-pattern anomaly against completed-works category norms.
EW-001481,Madhya Pradesh,SIDHI,DR. RAJESH MISHRA,SIDHI(DISTRICT COLLECTOR SIDHI_IDA),SIDHI,Lighting of public spaces,18-Aug-2026,70330.0,Payment In-Progress,-3.743898411896349,0.35076956838335777,0,Low - Normal Pattern,No early cost-pattern anomaly against completed-works category norms.
EW-001482,Kerala,KASARAGOD,Shri Rajmohan Unnithan,KANNUR(DISTRICT COLLECTOR KANNUR_IDA),KANNUR,"Purchase of prosthetics, wheel chairs, tricycles (manual or motorized), elect scooties, hearing aids",19-Aug-2026,110000.0,Payment In-Progress,0.0,1.1578947368421046,0,Low - Normal Pattern,No early cost-pattern anomaly against completed-works category norms.
EW-001483,Kerala,KASARAGOD,Shri Rajmohan Unnithan,KANNUR(DISTRICT COLLECTOR KANNUR_IDA),KANNUR,"Purchase of prosthetics, wheel chairs, tricycles (manual or motorized), elect scooties, hearing aids",19-Aug-2026,110000.0,Payment In-Progress,0.0,1.1578947368421046,0,Low - Normal Pattern,No early cost-pattern anomaly against completed-works category norms.
EW-001484,Kerala,KASARAGOD,Shri Rajmohan Unnithan,KANNUR(DISTRICT COLLECTOR KANNUR_IDA),KANNUR,"Purchase of prosthetics, wheel chairs, tricycles (manual or motorized), elect scooties, hearing aids",19-Aug-2026,110000.0,Payment In-Progress,0.0,1.1578947368421046,0,Low - Normal Pattern,No early cost-pattern anomaly against completed-works category norms.
EW-001485,Kerala,KASARAGOD,Shri Rajmohan Unnithan,KANNUR(DISTRICT COLLECTOR KANNUR_IDA),KANNUR,"Purchase of prosthetics, wheel chairs, tricycles (manual or motorized), elect scooties, hearing aids",19-Aug-2026,110000.0,Payment In-Progress,0.0,1.1578947368421046,0,Low - Normal Pattern,No early cost-pattern anomaly against completed-works category norms.
EW-001486,Jharkhand,GIRIDIH,Shri Chandra Prakash Choudhary,GIRIDIH(Deputy Commissioner Giridh_IDA),GIRIDIH,Construction of public staircase/ stair ghat for public convenience,20-Jun-2026,349924.0,Payment In-Progress,0.0,0.34473405191296574,0,Low - Normal Pattern,No early cost-pattern anomaly against completed-works category norms.
EW-001487,Jharkhand,GIRIDIH,Shri Chandra Prakash Choudhary,GIRIDIH(Deputy Commissioner Giridh_IDA),GIRIDIH,"Construction of roads, link roads, pathways or any other road with or without drainage system",27-Jun-2026,399490.0,Payment In-Progress,-0.2911019041394938,0.7989800000000005,0,Low - Normal Pattern,No early cost-pattern anomaly against completed-works category norms.
EW-001488,Jharkhand,GIRIDIH,Shri Chandra Prakash Choudhary,GIRIDIH(Deputy Commissioner Giridh_IDA),GIRIDIH,Lighting of public spaces,29-Jun-2026,299420.0,Payment In-Progress,1.4331353756800085,1.493351687264965,0,Low - Normal Pattern,No early cost-pattern anomaly against completed-works category norms.
EW-001489,Jharkhand,GIRIDIH,Shri Chandra Prakash Choudhary,GIRIDIH(Deputy Commissioner Giridh_IDA),GIRIDIH,Lighting of public spaces,29-Jun-2026,299420.0,Payment In-Progress,1.4331353756800085,1.493351687264965,0,Low - Normal Pattern,No early cost-pattern anomaly against completed-works category norms.
EW-001490,Kerala,KANNUR,Shri Kumbakudi Sudhakaran,KANNUR(DISTRICT COLLECTOR KANNUR_IDA),KANNUR,"Purchase of prosthetics, wheel chairs, tricycles (manual or motorized), elect scooties, hearing aids",19-Aug-2026,110000.0,Payment In-Progress,0.0,1.1578947368421046,0,Low - Normal Pattern,No early cost-pattern anomaly against completed-works category norms.
EW-001491,Gujarat,ANAND,Mitesh Rameshbhai Bakabhai Patel,ANAND(District Collector ANAND_IDA),ANAND,"Construction of roads, link roads, pathways or any other road with or without drainage system",25-Aug-2026,1099108.0,Payment In-Progress,1.0216822696109098,2.1982160000000013,0,Low - Normal Pattern,No early cost-pattern anomaly against completed-works category norms.
EW-001492,Andhra Pradesh,ANAKAPALLE,C.M.RAMESH,Anakapalli(DISTRICT COLLECTOR ANAKAPALLI_IDA),Anakapalli,Construction of rooms and halls in school and colleges,19-Aug-2026,1595622.0,Payment In-Progress,1.5249963714260928,3.191244000000002,0,Low - Normal Pattern,No early cost-pattern anomaly against completed-works category norms.
EW-001493,Andhra Pradesh,ANAKAPALLE,C.M.RAMESH,Anakapalli(DISTRICT COLLECTOR ANAKAPALLI_IDA),Anakapalli,Construction of rooms and halls in school and colleges,19-Aug-2026,1526370.0,Payment In-Progress,1.4666842528712785,3.052740000000002,0,Low - Normal Pattern,No early cost-pattern anomaly against completed-works category norms.
EW-001494,Madhya Pradesh,SIDHI,DR. RAJESH MISHRA,SIDHI(DISTRICT COLLECTOR SIDHI_IDA),SIDHI,Lighting of public spaces,18-Aug-2026,154652.0,Payment In-Progress,-0.9278992864614284,0.7713239768181863,0,Low - Normal Pattern,No early cost-pattern anomaly against completed-works category norms.
EW-001495,Madhya Pradesh,SIDHI,DR. RAJESH MISHRA,SIDHI(DISTRICT COLLECTOR SIDHI_IDA),SIDHI,Lighting of public spaces,18-Aug-2026,80296.0,Payment In-Progress,-3.2703070699171,0.40047480823133935,0,Low - Normal Pattern,No early cost-pattern anomaly against completed-works category norms.
EW-001496,Madhya Pradesh,SIDHI,DR. RAJESH MISHRA,SIDHI(DISTRICT COLLECTOR SIDHI_IDA),SIDHI,Lighting of public spaces,18-Aug-2026,29584.0,Payment In-Progress,-6.838595236654901,0.14754965037755235,0,Low - Normal Pattern,No early cost-pattern anomaly against completed-works category norms.
EW-001497,Madhya Pradesh,SIDHI,DR. RAJESH MISHRA,SIDHI(DISTRICT COLLECTOR SIDHI_IDA),SIDHI,Lighting of public spaces,25-Aug-2026,39132.0,Payment In-Progress,-5.839007270951318,0.19517012299129186,0,Low - Normal Pattern,No early cost-pattern anomaly against completed-works category norms.
EW-001498,Uttar Pradesh,JHANSI,Anurag Sharma,JHANSI(DISTRICT MAGISTRAE JHANSI_IDA),JHANSI,"Construction of roads, link roads, pathways or any other road with or without drainage system",21-Aug-2026,124740.0,Payment In-Progress,-1.8009098773359011,0.24948000000000015,0,Low - Normal Pattern,No early cost-pattern anomaly against completed-works category norms.
EW-001499,Uttar Pradesh,JHANSI,Anurag Sharma,JHANSI(DISTRICT MAGISTRAE JHANSI_IDA),JHANSI,"Construction of roads, link roads, pathways or any other road with or without drainage system",21-Aug-2026,124876.0,Payment In-Progress,-1.7994964247494099,0.24975200000000014,0,Low - Normal Pattern,No early cost-pattern anomaly against completed-works category norms.
EW-001500,Uttar Pradesh,JHANSI,Anurag Sharma,JHANSI(DISTRICT MAGISTRAE JHANSI_IDA),JHANSI,"Construction of roads, link roads, pathways or any other road with or without drainage system",21-Aug-2026,124876.0,Payment In-Progress,-1.7994964247494099,0.24975200000000014,0,Low - Normal Pattern,No early cost-pattern anomaly against completed-works category norms.
EW-001501,Chhattisgarh,KORBA,Jyotsna Charandas Mahant,Gaurela-Pendra-Marwahi(Collector GPM_IDA),Gaurela-Pendra-Marwahi,Construction of common work sheds/ common covered sitting area,02-Sep-2026,155375.0,Payment In-Progress,-1.425832088710824,0.5267752708040208,0,Low - Normal Pattern,No early cost-pattern anomaly against completed-works category norms.
EW-001502,Jharkhand,GIRIDIH,Shri Chandra Prakash Choudhary,GIRIDIH(Deputy Commissioner Giridh_IDA),GIRIDIH,Lighting of public spaces,17-Mar-2026,149710.0,Payment In-Progress,-1.043963507582041,0.7466758436324825,0,Low - Normal Pattern,No early cost-pattern anomaly against completed-works category norms.
EW-001503,Jharkhand,GIRIDIH,Shri Chandra Prakash Choudhary,GIRIDIH(Deputy Commissioner Giridh_IDA),GIRIDIH,Lighting of public spaces,29-Jun-2026,149711.0,Payment In-Progress,-1.0439396368563791,0.7466808311139042,0,Low - Normal Pattern,No early cost-pattern anomaly against completed-works category norms.
EW-001504,Jharkhand,GIRIDIH,Shri Chandra Prakash Choudhary,GIRIDIH(Deputy Commissioner Giridh_IDA),GIRIDIH,Lighting of public spaces,29-Jun-2026,149710.0,Payment In-Progress,-1.043963507582041,0.7466758436324825,0,Low - Normal Pattern,No early cost-pattern anomaly against completed-works category norms.
EW-001505,Jharkhand,GIRIDIH,Shri Chandra Prakash Choudhary,GIRIDIH(Deputy Commissioner Giridh_IDA),GIRIDIH,Lighting of public spaces,29-Jun-2026,149711.0,Payment In-Progress,-1.0439396368563791,0.7466808311139042,0,Low - Normal Pattern,No early cost-pattern anomaly against completed-works category norms.
EW-001506,Jharkhand,GIRIDIH,Shri Chandra Prakash Choudhary,GIRIDIH(Deputy Commissioner Giridh_IDA),GIRIDIH,Lighting of public spaces,29-Jun-2026,149709.0,Payment In-Progress,-1.0439873784671563,0.7466708561510609,0,Low - Normal Pattern,No early cost-pattern anomaly against completed-works category norms.
EW-001507,Jharkhand,GIRIDIH,Shri Chandra Prakash Choudhary,GIRIDIH(Deputy Commissioner Giridh_IDA),GIRIDIH,Lighting of public spaces,29-Jun-2026,149710.0,Payment In-Progress,-1.043963507582041,0.7466758436324825,0,Low - Normal Pattern,No early cost-pattern anomaly against completed-works category norms.
EW-001508,Jharkhand,GIRIDIH,Shri Chandra Prakash Choudhary,GIRIDIH(Deputy Commissioner Giridh_IDA),GIRIDIH,Lighting of public spaces,29-Jun-2026,149711.0,Payment In-Progress,-1.0439396368563791,0.7466808311139042,0,Low - Normal Pattern,No early cost-pattern anomaly against completed-works category norms.
EW-001509,Jharkhand,GIRIDIH,Shri Chandra Prakash Choudhary,GIRIDIH(Deputy Commissioner Giridh_IDA),GIRIDIH,Lighting of public spaces,02-Jul-2026,149711.0,Payment In-Progress,-1.0439396368563791,0.7466808311139042,0,Low - Normal Pattern,No early cost-pattern anomaly against completed-works category norms.
EW-001510,Jharkhand,GIRIDIH,Shri Chandra Prakash Choudhary,GIRIDIH(Deputy Commissioner Giridh_IDA),GIRIDIH,Lighting of public spaces,02-Jul-2026,149710.0,Payment In-Progress,-1.043963507582041,0.7466758436324825,0,Low - Normal Pattern,No early cost-pattern anomaly against completed-works category norms.
EW-001511,Uttar Pradesh,NAGINA(SC),CHANDRA SHEKHAR,BIJNOR(DISTRICT MAGISTRATE BIJNOR_IDA),BIJNOR,Lighting of public spaces,24-Mar-2026,26819.0,Payment In-Progress,-7.189257529414017,0.13375926424674067,0,Low - Normal Pattern,No early cost-pattern anomaly against completed-works category norms.
EW-001512,Uttar Pradesh,NAGINA(SC),CHANDRA SHEKHAR,BIJNOR(DISTRICT MAGISTRATE BIJNOR_IDA),BIJNOR,Lighting of public spaces,24-Mar-2026,26819.0,Payment In-Progress,-7.189257529414017,0.13375926424674067,0,Low - Normal Pattern,No early cost-pattern anomaly against completed-works category norms.
EW-001513,Uttar Pradesh,NAGINA(SC),CHANDRA SHEKHAR,BIJNOR(DISTRICT MAGISTRATE BIJNOR_IDA),BIJNOR,Lighting of public spaces,24-Mar-2026,26819.0,Payment In-Progress,-7.189257529414017,0.13375926424674067,0,Low - Normal Pattern,No early cost-pattern anomaly against completed-works category norms.
EW-001514,Uttar Pradesh,NAGINA(SC),CHANDRA SHEKHAR,BIJNOR(DISTRICT MAGISTRATE BIJNOR_IDA),BIJNOR,Lighting of public spaces,24-Mar-2026,26819.0,Payment In-Progress,-7.189257529414017,0.13375926424674067,0,Low - Normal Pattern,No early cost-pattern anomaly against completed-works category norms.
EW-001515,Uttar Pradesh,NAGINA(SC),CHANDRA SHEKHAR,BIJNOR(DISTRICT MAGISTRATE BIJNOR_IDA),BIJNOR,Lighting of public spaces,24-Mar-2026,26819.0,Payment In-Progress,-7.189257529414017,0.13375926424674067,0,Low - Normal Pattern,No early cost-pattern anomaly against completed-works category norms.
EW-001516,Uttar Pradesh,NAGINA(SC),CHANDRA SHEKHAR,BIJNOR(DISTRICT MAGISTRATE BIJNOR_IDA),BIJNOR,Lighting of public spaces,24-Mar-2026,26819.0,Payment In-Progress,-7.189257529414017,0.13375926424674067,0,Low - Normal Pattern,No early cost-pattern anomaly against completed-works category norms.
EW-001517,Uttar Pradesh,NAGINA(SC),CHANDRA SHEKHAR,BIJNOR(DISTRICT MAGISTRATE BIJNOR_IDA),BIJNOR,Lighting of public spaces,24-Mar-2026,26819.0,Payment In-Progress,-7.189257529414017,0.13375926424674067,0,Low - Normal Pattern,No early cost-pattern anomaly against completed-works category norms.
EW-001518,Uttar Pradesh,NAGINA(SC),CHANDRA SHEKHAR,BIJNOR(DISTRICT MAGISTRATE BIJNOR_IDA),BIJNOR,Lighting of public spaces,24-Mar-2026,26819.0,Payment In-Progress,-7.189257529414017,0.13375926424674067,0,Low - Normal Pattern,No early cost-pattern anomaly against completed-works category norms.
EW-001519,Uttar Pradesh,NAGINA(SC),CHANDRA SHEKHAR,BIJNOR(DISTRICT MAGISTRATE BIJNOR_IDA),BIJNOR,Lighting of public spaces,24-Mar-2026,26819.0,Payment In-Progress,-7.189257529414017,0.13375926424674067,0,Low - Normal Pattern,No early cost-pattern anomaly against completed-works category norms.
EW-001520,Uttar Pradesh,NAGINA(SC),CHANDRA SHEKHAR,BIJNOR(DISTRICT MAGISTRATE BIJNOR_IDA),BIJNOR,Lighting of public spaces,24-Mar-2026,26819.0,Payment In-Progress,-7.189257529414017,0.13375926424674067,0,Low - Normal Pattern,No early cost-pattern anomaly against completed-works category norms.
EW-001521,Uttar Pradesh,NAGINA(SC),CHANDRA SHEKHAR,BIJNOR(DISTRICT MAGISTRATE BIJNOR_IDA),BIJNOR,Lighting of public spaces,24-Mar-2026,26819.0,Payment In-Progress,-7.189257529414017,0.13375926424674067,0,Low - Normal Pattern,No early cost-pattern anomaly against completed-works category norms.
EW-001522,Uttar Pradesh,NAGINA(SC),CHANDRA SHEKHAR,BIJNOR(DISTRICT MAGISTRATE BIJNOR_IDA),BIJNOR,Lighting of public spaces,24-Mar-2026,26819.0,Payment In-Progress,-7.189257529414017,0.13375926424674067,0,Low - Normal Pattern,No early cost-pattern anomaly against completed-works category norms.
EW-001523,Uttar Pradesh,NAGINA(SC),CHANDRA SHEKHAR,BIJNOR(DISTRICT MAGISTRATE BIJNOR_IDA),BIJNOR,Lighting of public spaces,24-Mar-2026,26819.0,Payment In-Progress,-7.189257529414017,0.13375926424674067,0,Low - Normal Pattern,No early cost-pattern anomaly against completed-works category norms.
EW-001524,Uttar Pradesh,NAGINA(SC),CHANDRA SHEKHAR,BIJNOR(DISTRICT MAGISTRATE BIJNOR_IDA),BIJNOR,Lighting of public spaces,24-Mar-2026,26819.0,Payment In-Progress,-7.189257529414017,0.13375926424674067,0,Low - Normal Pattern,No early cost-pattern anomaly against completed-works category norms.
EW-001525,Uttar Pradesh,NAGINA(SC),CHANDRA SHEKHAR,BIJNOR(DISTRICT MAGISTRATE BIJNOR_IDA),BIJNOR,Lighting of public spaces,24-Mar-2026,26819.0,Payment In-Progress,-7.189257529414017,0.13375926424674067,0,Low - Normal Pattern,No early cost-pattern anomaly against completed-works category norms.
EW-001526,Uttar Pradesh,NAGINA(SC),CHANDRA SHEKHAR,BIJNOR(DISTRICT MAGISTRATE BIJNOR_IDA),BIJNOR,Lighting of public spaces,24-Mar-2026,26819.0,Payment In-Progress,-7.189257529414017,0.13375926424674067,0,Low - Normal Pattern,No early cost-pattern anomaly against completed-works category norms.
EW-001527,Uttar Pradesh,NAGINA(SC),CHANDRA SHEKHAR,BIJNOR(DISTRICT MAGISTRATE BIJNOR_IDA),BIJNOR,Lighting of public spaces,24-Mar-2026,26819.0,Payment In-Progress,-7.189257529414017,0.13375926424674067,0,Low - Normal Pattern,No early cost-pattern anomaly against completed-works category norms.
EW-001528,Uttar Pradesh,NAGINA(SC),CHANDRA SHEKHAR,BIJNOR(DISTRICT MAGISTRATE BIJNOR_IDA),BIJNOR,Lighting of public spaces,24-Mar-2026,26819.0,Payment In-Progress,-7.189257529414017,0.13375926424674067,0,Low - Normal Pattern,No early cost-pattern anomaly against completed-works category norms.
EW-001529,Uttar Pradesh,NAGINA(SC),CHANDRA SHEKHAR,BIJNOR(DISTRICT MAGISTRATE BIJNOR_IDA),BIJNOR,Lighting of public spaces,24-Mar-2026,26819.0,Payment In-Progress,-7.189257529414017,0.13375926424674067,0,Low - Normal Pattern,No early cost-pattern anomaly against completed-works category norms.
EW-001530,Uttar Pradesh,NAGINA(SC),CHANDRA SHEKHAR,BIJNOR(DISTRICT MAGISTRATE BIJNOR_IDA),BIJNOR,Lighting of public spaces,24-Mar-2026,26819.0,Payment In-Progress,-7.189257529414017,0.13375926424674067,0,Low - Normal Pattern,No early cost-pattern anomaly against completed-works category norms.
EW-001531,Uttar Pradesh,NAGINA(SC),CHANDRA SHEKHAR,BIJNOR(DISTRICT MAGISTRATE BIJNOR_IDA),BIJNOR,Lighting of public spaces,24-Mar-2026,26819.0,Payment In-Progress,-7.189257529414017,0.13375926424674067,0,Low - Normal Pattern,No early cost-pattern anomaly against completed-works category norms.
EW-001532,Uttar Pradesh,NAGINA(SC),CHANDRA SHEKHAR,BIJNOR(DISTRICT MAGISTRATE BIJNOR_IDA),BIJNOR,Lighting of public spaces,24-Mar-2026,26819.0,Payment In-Progress,-7.189257529414017,0.13375926424674067,0,Low - Normal Pattern,No early cost-pattern anomaly against completed-works category norms.
EW-001533,Uttar Pradesh,NAGINA(SC),CHANDRA SHEKHAR,BIJNOR(DISTRICT MAGISTRATE BIJNOR_IDA),BIJNOR,Lighting of public spaces,24-Mar-2026,26819.0,Payment In-Progress,-7.189257529414017,0.13375926424674067,0,Low - Normal Pattern,No early cost-pattern anomaly against completed-works category norms.
EW-001534,Uttar Pradesh,NAGINA(SC),CHANDRA SHEKHAR,BIJNOR(DISTRICT MAGISTRATE BIJNOR_IDA),BIJNOR,Lighting of public spaces,24-Mar-2026,26819.0,Payment In-Progress,-7.189257529414017,0.13375926424674067,0,Low - Normal Pattern,No early cost-pattern anomaly against completed-works category norms.
EW-001535,Uttar Pradesh,NAGINA(SC),CHANDRA SHEKHAR,BIJNOR(DISTRICT MAGISTRATE BIJNOR_IDA),BIJNOR,Lighting of public spaces,24-Mar-2026,26819.0,Payment In-Progress,-7.189257529414017,0.13375926424674067,0,Low - Normal Pattern,No early cost-pattern anomaly against completed-works category norms.
EW-001536,Uttar Pradesh,NAGINA(SC),CHANDRA SHEKHAR,BIJNOR(DISTRICT MAGISTRATE BIJNOR_IDA),BIJNOR,Lighting of public spaces,24-Mar-2026,26819.0,Payment In-Progress,-7.189257529414017,0.13375926424674067,0,Low - Normal Pattern,No early cost-pattern anomaly against completed-works category norms.
EW-001537,Madhya Pradesh,RATLAM(ST),ANITA NAGARSINGH CHOUHAN,RATLAM(District Collector Ratlam_IDA),RATLAM,"Construction of roads, link roads, pathways or any other road with or without drainage system",03-Jul-2026,120000.0,Payment In-Progress,-1.8511606112595826,0.24000000000000013,0,Low - Normal Pattern,No early cost-pattern anomaly against completed-works category norms.
EW-001538,Jharkhand,KODARMA,Annpurna Devi,GIRIDIH(Deputy Commissioner Giridh_IDA),GIRIDIH,Construction of common work sheds/ common covered sitting area,02-Jul-2026,300000.0,Payment In-Progress,0.037725978600351984,1.0171043040463796,0,Low - Normal Pattern,No early cost-pattern anomaly against completed-works category norms.
EW-001539,Uttar Pradesh,BANSGAON(SC),Kamlesh Paswan,GORAKHPUR(DISTRICT MAGISTRATE GORAKHPUR_IDA),GORAKHPUR,"Construction of roads, link roads, pathways or any other road with or without drainage system",31-Aug-2026,844172.0,Payment In-Progress,0.6793713581352129,1.688344000000001,0,Low - Normal Pattern,No early cost-pattern anomaly against completed-works category norms.
EW-001540,Uttar Pradesh,BANSGAON(SC),Kamlesh Paswan,GORAKHPUR(DISTRICT MAGISTRATE GORAKHPUR_IDA),GORAKHPUR,"Construction of roads, link roads, pathways or any other road with or without drainage system",31-Aug-2026,840278.0,Payment In-Progress,0.6733740921642655,1.680556000000001,0,Low - Normal Pattern,No early cost-pattern anomaly against completed-works category norms.
EW-001541,Uttar Pradesh,BANSGAON(SC),Kamlesh Paswan,GORAKHPUR(DISTRICT MAGISTRATE GORAKHPUR_IDA),GORAKHPUR,"Construction of roads, link roads, pathways or any other road with or without drainage system",03-Sep-2026,841576.0,Payment In-Progress,0.6753762633148408,1.6831520000000009,0,Low - Normal Pattern,No early cost-pattern anomaly against completed-works category norms.
EW-001542,Gujarat,VADODARA,DR. HEMANG JOSHI,VADODARA(DISTRICT COLLECTOR VADODARA_IDA),VADODARA,Construction of common work sheds/ common covered sitting area,02-Sep-2026,426302.0,Payment In-Progress,0.8193217908826176,1.4453119967452657,0,Low - Normal Pattern,No early cost-pattern anomaly against completed-works category norms.
EW-001543,Uttar Pradesh,JHANSI,Anurag Sharma,JHANSI(DISTRICT MAGISTRAE JHANSI_IDA),JHANSI,"Construction of roads, link roads, pathways or any other road with or without drainage system",21-Aug-2026,62256.0,Payment In-Progress,-2.7023874647305774,0.12451200000000007,0,Low - Normal Pattern,No early cost-pattern anomaly against completed-works category norms.
EW-001544,Uttar Pradesh,JHANSI,Anurag Sharma,JHANSI(DISTRICT MAGISTRAE JHANSI_IDA),JHANSI,"Construction of roads, link roads, pathways or any other road with or without drainage system",21-Aug-2026,124752.0,Payment In-Progress,-1.8007850989581693,0.24950400000000014,0,Low - Normal Pattern,No early cost-pattern anomaly against completed-works category norms.
EW-001545,Uttar Pradesh,JHANSI,Anurag Sharma,JHANSI(DISTRICT MAGISTRAE JHANSI_IDA),JHANSI,"Construction of roads, link roads, pathways or any other road with or without drainage system",21-Aug-2026,124851.0,Payment In-Progress,-1.7997561350788962,0.24970200000000015,0,Low - Normal Pattern,No early cost-pattern anomaly against completed-works category norms.
EW-001546,Madhya Pradesh,SIDHI,DR. RAJESH MISHRA,SIDHI(DISTRICT COLLECTOR SIDHI_IDA),SIDHI,Lighting of public spaces,10-Aug-2026,308487.0,Payment In-Progress,1.5397474902063548,1.5385731813148995,0,Low - Normal Pattern,No early cost-pattern anomaly against completed-works category norms.
EW-001547,Madhya Pradesh,SIDHI,DR. RAJESH MISHRA,SIDHI(DISTRICT COLLECTOR SIDHI_IDA),SIDHI,Lighting of public spaces,11-Aug-2026,345085.0,Payment In-Progress,1.9403985934144976,1.7211050263837768,0,Low - Normal Pattern,No early cost-pattern anomaly against completed-works category norms.
EW-001548,Madhya Pradesh,SIDHI,DR. RAJESH MISHRA,SIDHI(DISTRICT COLLECTOR SIDHI_IDA),SIDHI,Lighting of public spaces,14-Aug-2026,290193.0,Payment In-Progress,1.3212748631605304,1.4473321961875691,0,Low - Normal Pattern,No early cost-pattern anomaly against completed-works category norms.
EW-001549,Madhya Pradesh,SIDHI,DR. RAJESH MISHRA,SIDHI(DISTRICT COLLECTOR SIDHI_IDA),SIDHI,Lighting of public spaces,14-Aug-2026,97276.0,Payment In-Progress,-2.5847556226581943,0.4851622427706457,0,Low - Normal Pattern,No early cost-pattern anomaly against completed-works category norms.
EW-001550,Uttar Pradesh,NAGINA(SC),CHANDRA SHEKHAR,BIJNOR(DISTRICT MAGISTRATE BIJNOR_IDA),BIJNOR,Lighting of public spaces,24-Mar-2026,26819.0,Payment In-Progress,-7.189257529414017,0.13375926424674067,0,Low - Normal Pattern,No early cost-pattern anomaly against completed-works category norms.
EW-001551,Uttar Pradesh,NAGINA(SC),CHANDRA SHEKHAR,BIJNOR(DISTRICT MAGISTRATE BIJNOR_IDA),BIJNOR,Lighting of public spaces,24-Mar-2026,26819.0,Payment In-Progress,-7.189257529414017,0.13375926424674067,0,Low - Normal Pattern,No early cost-pattern anomaly against completed-works category norms.
EW-001552,Uttar Pradesh,NAGINA(SC),CHANDRA SHEKHAR,BIJNOR(DISTRICT MAGISTRATE BIJNOR_IDA),BIJNOR,Lighting of public spaces,24-Mar-2026,26819.0,Payment In-Progress,-7.189257529414017,0.13375926424674067,0,Low - Normal Pattern,No early cost-pattern anomaly against completed-works category norms.
EW-001553,Uttar Pradesh,NAGINA(SC),CHANDRA SHEKHAR,BIJNOR(DISTRICT MAGISTRATE BIJNOR_IDA),BIJNOR,Lighting of public spaces,24-Mar-2026,26819.0,Payment In-Progress,-7.189257529414017,0.13375926424674067,0,Low - Normal Pattern,No early cost-pattern anomaly against completed-works category norms.
EW-001554,Uttar Pradesh,NAGINA(SC),CHANDRA SHEKHAR,BIJNOR(DISTRICT MAGISTRATE BIJNOR_IDA),BIJNOR,Lighting of public spaces,24-Mar-2026,26819.0,Payment In-Progress,-7.189257529414017,0.13375926424674067,0,Low - Normal Pattern,No early cost-pattern anomaly against completed-works category norms.
EW-001555,Uttar Pradesh,NAGINA(SC),CHANDRA SHEKHAR,BIJNOR(DISTRICT MAGISTRATE BIJNOR_IDA),BIJNOR,Lighting of public spaces,24-Mar-2026,26819.0,Payment In-Progress,-7.189257529414017,0.13375926424674067,0,Low - Normal Pattern,No early cost-pattern anomaly against completed-works category norms.
EW-001556,Uttar Pradesh,NAGINA(SC),CHANDRA SHEKHAR,BIJNOR(DISTRICT MAGISTRATE BIJNOR_IDA),BIJNOR,Lighting of public spaces,24-Mar-2026,26819.0,Payment In-Progress,-7.189257529414017,0.13375926424674067,0,Low - Normal Pattern,No early cost-pattern anomaly against completed-works category norms.
EW-001557,Uttar Pradesh,NAGINA(SC),CHANDRA SHEKHAR,BIJNOR(DISTRICT MAGISTRATE BIJNOR_IDA),BIJNOR,Lighting of public spaces,23-Mar-2026,26819.0,Payment In-Progress,-7.189257529414017,0.13375926424674067,0,Low - Normal Pattern,No early cost-pattern anomaly against completed-works category norms.
EW-001558,Uttar Pradesh,NAGINA(SC),CHANDRA SHEKHAR,BIJNOR(DISTRICT MAGISTRATE BIJNOR_IDA),BIJNOR,Lighting of public spaces,23-Mar-2026,26819.0,Payment In-Progress,-7.189257529414017,0.13375926424674067,0,Low - Normal Pattern,No early cost-pattern anomaly against completed-works category norms.
EW-001559,Uttar Pradesh,NAGINA(SC),CHANDRA SHEKHAR,BIJNOR(DISTRICT MAGISTRATE BIJNOR_IDA),BIJNOR,Lighting of public spaces,23-Mar-2026,26819.0,Payment In-Progress,-7.189257529414017,0.13375926424674067,0,Low - Normal Pattern,No early cost-pattern anomaly against completed-works category norms.
EW-001560,Uttar Pradesh,NAGINA(SC),CHANDRA SHEKHAR,BIJNOR(DISTRICT MAGISTRATE BIJNOR_IDA),BIJNOR,Lighting of public spaces,23-Mar-2026,26819.0,Payment In-Progress,-7.189257529414017,0.13375926424674067,0,Low - Normal Pattern,No early cost-pattern anomaly against completed-works category norms.
EW-001561,Uttar Pradesh,NAGINA(SC),CHANDRA SHEKHAR,BIJNOR(DISTRICT MAGISTRATE BIJNOR_IDA),BIJNOR,Lighting of public spaces,23-Mar-2026,26819.0,Payment In-Progress,-7.189257529414017,0.13375926424674067,0,Low - Normal Pattern,No early cost-pattern anomaly against completed-works category norms.
EW-001562,Uttar Pradesh,NAGINA(SC),CHANDRA SHEKHAR,BIJNOR(DISTRICT MAGISTRATE BIJNOR_IDA),BIJNOR,Lighting of public spaces,23-Mar-2026,26819.0,Payment In-Progress,-7.189257529414017,0.13375926424674067,0,Low - Normal Pattern,No early cost-pattern anomaly against completed-works category norms.
EW-001563,Uttar Pradesh,NAGINA(SC),CHANDRA SHEKHAR,BIJNOR(DISTRICT MAGISTRATE BIJNOR_IDA),BIJNOR,Lighting of public spaces,23-Mar-2026,26819.0,Payment In-Progress,-7.189257529414017,0.13375926424674067,0,Low - Normal Pattern,No early cost-pattern anomaly against completed-works category norms.
EW-001564,Uttar Pradesh,NAGINA(SC),CHANDRA SHEKHAR,BIJNOR(DISTRICT MAGISTRATE BIJNOR_IDA),BIJNOR,Lighting of public spaces,23-Mar-2026,26819.0,Payment In-Progress,-7.189257529414017,0.13375926424674067,0,Low - Normal Pattern,No early cost-pattern anomaly against completed-works category norms.
EW-001565,Uttar Pradesh,NAGINA(SC),CHANDRA SHEKHAR,BIJNOR(DISTRICT MAGISTRATE BIJNOR_IDA),BIJNOR,Lighting of public spaces,23-Mar-2026,26819.0,Payment In-Progress,-7.189257529414017,0.13375926424674067,0,Low - Normal Pattern,No early cost-pattern anomaly against completed-works category norms.
EW-001566,Uttar Pradesh,NAGINA(SC),CHANDRA SHEKHAR,BIJNOR(DISTRICT MAGISTRATE BIJNOR_IDA),BIJNOR,Lighting of public spaces,23-Mar-2026,26819.0,Payment In-Progress,-7.189257529414017,0.13375926424674067,0,Low - Normal Pattern,No early cost-pattern anomaly against completed-works category norms.
EW-001567,Uttar Pradesh,NAGINA(SC),CHANDRA SHEKHAR,BIJNOR(DISTRICT MAGISTRATE BIJNOR_IDA),BIJNOR,Lighting of public spaces,24-Mar-2026,26819.0,Payment In-Progress,-7.189257529414017,0.13375926424674067,0,Low - Normal Pattern,No early cost-pattern anomaly against completed-works category norms.
EW-001568,Uttar Pradesh,NAGINA(SC),CHANDRA SHEKHAR,BIJNOR(DISTRICT MAGISTRATE BIJNOR_IDA),BIJNOR,Lighting of public spaces,24-Mar-2026,26819.0,Payment In-Progress,-7.189257529414017,0.13375926424674067,0,Low - Normal Pattern,No early cost-pattern anomaly against completed-works category norms.
EW-001569,Uttar Pradesh,NAGINA(SC),CHANDRA SHEKHAR,BIJNOR(DISTRICT MAGISTRATE BIJNOR_IDA),BIJNOR,Lighting of public spaces,24-Mar-2026,26819.0,Payment In-Progress,-7.189257529414017,0.13375926424674067,0,Low - Normal Pattern,No early cost-pattern anomaly against completed-works category norms.
EW-001570,Uttar Pradesh,NAGINA(SC),CHANDRA SHEKHAR,BIJNOR(DISTRICT MAGISTRATE BIJNOR_IDA),BIJNOR,Lighting of public spaces,24-Mar-2026,26819.0,Payment In-Progress,-7.189257529414017,0.13375926424674067,0,Low - Normal Pattern,No early cost-pattern anomaly against completed-works category norms.
EW-001571,Uttar Pradesh,NAGINA(SC),CHANDRA SHEKHAR,BIJNOR(DISTRICT MAGISTRATE BIJNOR_IDA),BIJNOR,Lighting of public spaces,24-Mar-2026,26819.0,Payment In-Progress,-7.189257529414017,0.13375926424674067,0,Low - Normal Pattern,No early cost-pattern anomaly against completed-works category norms.
EW-001572,Uttar Pradesh,NAGINA(SC),CHANDRA SHEKHAR,BIJNOR(DISTRICT MAGISTRATE BIJNOR_IDA),BIJNOR,Lighting of public spaces,24-Mar-2026,26819.0,Payment In-Progress,-7.189257529414017,0.13375926424674067,0,Low - Normal Pattern,No early cost-pattern anomaly against completed-works category norms.
EW-001573,Uttar Pradesh,NAGINA(SC),CHANDRA SHEKHAR,BIJNOR(DISTRICT MAGISTRATE BIJNOR_IDA),BIJNOR,Lighting of public spaces,24-Mar-2026,26819.0,Payment In-Progress,-7.189257529414017,0.13375926424674067,0,Low - Normal Pattern,No early cost-pattern anomaly against completed-works category norms.
EW-001574,Uttar Pradesh,NAGINA(SC),CHANDRA SHEKHAR,BIJNOR(DISTRICT MAGISTRATE BIJNOR_IDA),BIJNOR,Lighting of public spaces,24-Mar-2026,26819.0,Payment In-Progress,-7.189257529414017,0.13375926424674067,0,Low - Normal Pattern,No early cost-pattern anomaly against completed-works category norms.
EW-001575,Uttar Pradesh,NAGINA(SC),CHANDRA SHEKHAR,BIJNOR(DISTRICT MAGISTRATE BIJNOR_IDA),BIJNOR,Lighting of public spaces,24-Mar-2026,26819.0,Payment In-Progress,-7.189257529414017,0.13375926424674067,0,Low - Normal Pattern,No early cost-pattern anomaly against completed-works category norms.
EW-001576,Uttar Pradesh,NAGINA(SC),CHANDRA SHEKHAR,BIJNOR(DISTRICT MAGISTRATE BIJNOR_IDA),BIJNOR,Lighting of public spaces,23-Mar-2026,26819.0,Payment In-Progress,-7.189257529414017,0.13375926424674067,0,Low - Normal Pattern,No early cost-pattern anomaly against completed-works category norms.
EW-001577,Uttar Pradesh,NAGINA(SC),CHANDRA SHEKHAR,BIJNOR(DISTRICT MAGISTRATE BIJNOR_IDA),BIJNOR,Lighting of public spaces,23-Mar-2026,26819.0,Payment In-Progress,-7.189257529414017,0.13375926424674067,0,Low - Normal Pattern,No early cost-pattern anomaly against completed-works category norms.
EW-001578,Uttar Pradesh,NAGINA(SC),CHANDRA SHEKHAR,BIJNOR(DISTRICT MAGISTRATE BIJNOR_IDA),BIJNOR,Lighting of public spaces,23-Mar-2026,26819.0,Payment In-Progress,-7.189257529414017,0.13375926424674067,0,Low - Normal Pattern,No early cost-pattern anomaly against completed-works category norms.
EW-001579,Uttar Pradesh,NAGINA(SC),CHANDRA SHEKHAR,BIJNOR(DISTRICT MAGISTRATE BIJNOR_IDA),BIJNOR,Lighting of public spaces,23-Mar-2026,26819.0,Payment In-Progress,-7.189257529414017,0.13375926424674067,0,Low - Normal Pattern,No early cost-pattern anomaly against completed-works category norms.
EW-001580,Uttar Pradesh,NAGINA(SC),CHANDRA SHEKHAR,BIJNOR(DISTRICT MAGISTRATE BIJNOR_IDA),BIJNOR,Lighting of public spaces,24-Mar-2026,26819.0,Payment In-Progress,-7.189257529414017,0.13375926424674067,0,Low - Normal Pattern,No early cost-pattern anomaly against completed-works category norms.
EW-001581,Uttar Pradesh,NAGINA(SC),CHANDRA SHEKHAR,BIJNOR(DISTRICT MAGISTRATE BIJNOR_IDA),BIJNOR,Lighting of public spaces,24-Mar-2026,26819.0,Payment In-Progress,-7.189257529414017,0.13375926424674067,0,Low - Normal Pattern,No early cost-pattern anomaly against completed-works category norms.
EW-001582,Uttar Pradesh,NAGINA(SC),CHANDRA SHEKHAR,BIJNOR(DISTRICT MAGISTRATE BIJNOR_IDA),BIJNOR,Lighting of public spaces,24-Mar-2026,26819.0,Payment In-Progress,-7.189257529414017,0.13375926424674067,0,Low - Normal Pattern,No early cost-pattern anomaly against completed-works category norms.
EW-001583,Uttar Pradesh,NAGINA(SC),CHANDRA SHEKHAR,BIJNOR(DISTRICT MAGISTRATE BIJNOR_IDA),BIJNOR,Lighting of public spaces,24-Mar-2026,26819.0,Payment In-Progress,-7.189257529414017,0.13375926424674067,0,Low - Normal Pattern,No early cost-pattern anomaly against completed-works category norms.
EW-001584,Uttar Pradesh,NAGINA(SC),CHANDRA SHEKHAR,BIJNOR(DISTRICT MAGISTRATE BIJNOR_IDA),BIJNOR,Lighting of public spaces,24-Mar-2026,26819.0,Payment In-Progress,-7.189257529414017,0.13375926424674067,0,Low - Normal Pattern,No early cost-pattern anomaly against completed-works category norms.
EW-001585,Uttar Pradesh,NAGINA(SC),CHANDRA SHEKHAR,BIJNOR(DISTRICT MAGISTRATE BIJNOR_IDA),BIJNOR,Lighting of public spaces,24-Mar-2026,26819.0,Payment In-Progress,-7.189257529414017,0.13375926424674067,0,Low - Normal Pattern,No early cost-pattern anomaly against completed-works category norms.
EW-001586,Uttar Pradesh,NAGINA(SC),CHANDRA SHEKHAR,BIJNOR(DISTRICT MAGISTRATE BIJNOR_IDA),BIJNOR,Lighting of public spaces,24-Mar-2026,26819.0,Payment In-Progress,-7.189257529414017,0.13375926424674067,0,Low - Normal Pattern,No early cost-pattern anomaly against completed-works category norms.
EW-001587,Uttar Pradesh,NAGINA(SC),CHANDRA SHEKHAR,BIJNOR(DISTRICT MAGISTRATE BIJNOR_IDA),BIJNOR,Lighting of public spaces,24-Mar-2026,26819.0,Payment In-Progress,-7.189257529414017,0.13375926424674067,0,Low - Normal Pattern,No early cost-pattern anomaly against completed-works category norms.
EW-001588,Uttar Pradesh,NAGINA(SC),CHANDRA SHEKHAR,BIJNOR(DISTRICT MAGISTRATE BIJNOR_IDA),BIJNOR,Lighting of public spaces,23-Mar-2026,26819.0,Payment In-Progress,-7.189257529414017,0.13375926424674067,0,Low - Normal Pattern,No early cost-pattern anomaly against completed-works category norms.
EW-001589,Uttar Pradesh,NAGINA(SC),CHANDRA SHEKHAR,BIJNOR(DISTRICT MAGISTRATE BIJNOR_IDA),BIJNOR,Lighting of public spaces,23-Mar-2026,26819.0,Payment In-Progress,-7.189257529414017,0.13375926424674067,0,Low - Normal Pattern,No early cost-pattern anomaly against completed-works category norms.
EW-001590,Uttar Pradesh,NAGINA(SC),CHANDRA SHEKHAR,BIJNOR(DISTRICT MAGISTRATE BIJNOR_IDA),BIJNOR,Lighting of public spaces,23-Mar-2026,26819.0,Payment In-Progress,-7.189257529414017,0.13375926424674067,0,Low - Normal Pattern,No early cost-pattern anomaly against completed-works category norms.
EW-001591,Uttar Pradesh,NAGINA(SC),CHANDRA SHEKHAR,BIJNOR(DISTRICT MAGISTRATE BIJNOR_IDA),BIJNOR,Lighting of public spaces,23-Mar-2026,26819.0,Payment In-Progress,-7.189257529414017,0.13375926424674067,0,Low - Normal Pattern,No early cost-pattern anomaly against completed-works category norms.
EW-001592,Uttar Pradesh,NAGINA(SC),CHANDRA SHEKHAR,BIJNOR(DISTRICT MAGISTRATE BIJNOR_IDA),BIJNOR,Lighting of public spaces,23-Mar-2026,26819.0,Payment In-Progress,-7.189257529414017,0.13375926424674067,0,Low - Normal Pattern,No early cost-pattern anomaly against completed-works category norms.
EW-001593,Uttar Pradesh,NAGINA(SC),CHANDRA SHEKHAR,BIJNOR(DISTRICT MAGISTRATE BIJNOR_IDA),BIJNOR,Lighting of public spaces,23-Mar-2026,26819.0,Payment In-Progress,-7.189257529414017,0.13375926424674067,0,Low - Normal Pattern,No early cost-pattern anomaly against completed-works category norms.
EW-001594,Uttar Pradesh,NAGINA(SC),CHANDRA SHEKHAR,BIJNOR(DISTRICT MAGISTRATE BIJNOR_IDA),BIJNOR,Lighting of public spaces,23-Mar-2026,26819.0,Payment In-Progress,-7.189257529414017,0.13375926424674067,0,Low - Normal Pattern,No early cost-pattern anomaly against completed-works category norms.
EW-001595,Uttar Pradesh,NAGINA(SC),CHANDRA SHEKHAR,BIJNOR(DISTRICT MAGISTRATE BIJNOR_IDA),BIJNOR,Lighting of public spaces,23-Mar-2026,26819.0,Payment In-Progress,-7.189257529414017,0.13375926424674067,0,Low - Normal Pattern,No early cost-pattern anomaly against completed-works category norms.
EW-001596,Uttar Pradesh,NAGINA(SC),CHANDRA SHEKHAR,BIJNOR(DISTRICT MAGISTRATE BIJNOR_IDA),BIJNOR,Lighting of public spaces,23-Mar-2026,26819.0,Payment In-Progress,-7.189257529414017,0.13375926424674067,0,Low - Normal Pattern,No early cost-pattern anomaly against completed-works category norms.
EW-001597,Jharkhand,GIRIDIH,Shri Chandra Prakash Choudhary,GIRIDIH(Deputy Commissioner Giridh_IDA),GIRIDIH,Lighting of public spaces,29-Jun-2026,149710.0,Payment In-Progress,-1.043963507582041,0.7466758436324825,0,Low - Normal Pattern,No early cost-pattern anomaly against completed-works category norms.
EW-001598,Jharkhand,GIRIDIH,Shri Chandra Prakash Choudhary,GIRIDIH(Deputy Commissioner Giridh_IDA),GIRIDIH,Lighting of public spaces,29-Jun-2026,149710.0,Payment In-Progress,-1.043963507582041,0.7466758436324825,0,Low - Normal Pattern,No early cost-pattern anomaly against completed-works category norms.
EW-001599,Jharkhand,GIRIDIH,Shri Chandra Prakash Choudhary,GIRIDIH(Deputy Commissioner Giridh_IDA),GIRIDIH,Lighting of public spaces,29-Jun-2026,149709.0,Payment In-Progress,-1.0439873784671563,0.7466708561510609,0,Low - Normal Pattern,No early cost-pattern anomaly against completed-works category norms.
EW-001600,Gujarat,RAJKOT,PARSHOTTAMBHAI RUPALA,RAJKOT(DISTRICT COLLECTOR RAJKOT_IDA),RAJKOT,"Construction of roads, link roads, pathways or any other road with or without drainage system",02-Sep-2026,499969.0,Payment In-Progress,-8.042477792374247e-05,0.9999380000000005,0,Low - Normal Pattern,No early cost-pattern anomaly against completed-works category norms.
EW-001601,Gujarat,KACHCHH(SC),Vinod Chavda,KACHCHH(DISTRICT COLLECTOR KUTCH_IDA),KACHCHH,Construction of buildings for community cultural activities,17-Aug-2026,400000.0,Payment In-Progress,0.16094421613357687,1.1428571428571426,0,Low - Normal Pattern,No early cost-pattern anomaly against completed-works category norms.
EW-001602,Kerala,KASARAGOD,Shri Rajmohan Unnithan,KASARAGOD(DISTRICT COLLECTOR KASARAGOD_IDA),KASARAGOD,"Purchase of IT systems, including hardware and software for educational purposes",01-Sep-2026,199784.0,Payment In-Progress,-1.2417609250336308,0.4162166666666664,0,Low - Normal Pattern,No early cost-pattern anomaly against completed-works category norms.
EW-001603,Kerala,MALAPPURAM,E.T. MOHAMMED BASHEER,MALAPPURAM(DISTRICT COLLECTOR MALAPPURAM_IDA),MALAPPURAM,"Construction of roads, link roads, pathways or any other road with or without drainage system",02-Sep-2026,179351.0,Payment In-Progress,-1.3299035249469602,0.3587020000000002,0,Low - Normal Pattern,No early cost-pattern anomaly against completed-works category norms.
EW-001604,Punjab,ANANDPUR SAHIB,MALVINDER SINGH KANG,RUPNAGAR(DEPUTY COMMISSIONER ROOPNAGAR_IDA),RUPNAGAR,Construction of community centers and community halls,28-Aug-2026,234500.0,Payment In-Progress,-1.003634283717102,0.47183383400704604,0,Low - Normal Pattern,No early cost-pattern anomaly against completed-works category norms.
EW-001605,Uttar Pradesh,BANSGAON(SC),Kamlesh Paswan,GORAKHPUR(DISTRICT MAGISTRATE GORAKHPUR_IDA),GORAKHPUR,Improvement of electricity distribution infrastructure,02-Sep-2026,608000.0,Payment In-Progress,1.7675290534706452,3.7303588629767983,0,Low - Normal Pattern,No early cost-pattern anomaly against completed-works category norms.
EW-001606,Odisha,SAMBALPUR,DHARMENDRA PRADHAN,SAMBALPUR(DISTRICT COLLECTOR SAMBALPUR_IDA),SAMBALPUR,Construction of public irrigation facilities,01-Sep-2026,234.0,Payment In-Progress,-10.412942880970153,0.0004905315444239023,0,Low - Normal Pattern,No early cost-pattern anomaly against completed-works category norms.
EW-001607,Odisha,SAMBALPUR,DHARMENDRA PRADHAN,SAMBALPUR(DISTRICT COLLECTOR SAMBALPUR_IDA),SAMBALPUR,Construction of public irrigation facilities,01-Sep-2026,518.0,Payment In-Progress,-9.327028804639566,0.0010858775214170147,0,Low - Normal Pattern,No early cost-pattern anomaly against completed-works category norms.
EW-001608,Gujarat,RAJKOT,PARSHOTTAMBHAI RUPALA,RAJKOT(DISTRICT COLLECTOR RAJKOT_IDA),RAJKOT,"Construction of roads, link roads, pathways or any other road with or without drainage system",02-Sep-2026,400000.0,Payment In-Progress,-0.2894470035445406,0.8000000000000005,0,Low - Normal Pattern,No early cost-pattern anomaly against completed-works category norms.
EW-001609,Kerala,KOZHIKODE,Shri M K Raghavan,KOZHIKODE(DISTRICT COLLECTOR KOZHIKODE_IDA),KOZHIKODE,"Construction of roads, link roads, pathways or any other road with or without drainage system",03-Sep-2026,497831.0,Payment In-Progress,-0.005639205964245225,0.9956620000000006,0,Low - Normal Pattern,No early cost-pattern anomaly against completed-works category norms.
EW-001610,Haryana,HISAR,JAI PARKASH,HISAR(DEPUTY COMMISSIONER HISSAR_IDA),HISAR,Improvement of electricity distribution infrastructure,31-Aug-2026,118848.0,Payment In-Progress,-0.4240243962884042,0.7291869903734647,0,Low - Normal Pattern,No early cost-pattern anomaly against completed-works category norms.
EW-001611,Kerala,KOZHIKODE,Shri M K Raghavan,KOZHIKODE(DISTRICT COLLECTOR KOZHIKODE_IDA),KOZHIKODE,"Construction of roads, link roads, pathways or any other road with or without drainage system",03-Sep-2026,358202.0,Payment In-Progress,-0.4326083651742797,0.7164040000000004,0,Low - Normal Pattern,No early cost-pattern anomaly against completed-works category norms.
EW-001612,Odisha,CUTTACK,Shri Bhartruhari Mahtab,Kataka(DISTRICT COLLECTOR CUTTACK_IDA),Kataka,Lighting of public spaces,03-Sep-2026,1000.0,Payment In-Progress,-18.94354637564973,0.004987481421631705,0,Low - Normal Pattern,No early cost-pattern anomaly against completed-works category norms.
EW-001613,Odisha,CUTTACK,Shri Bhartruhari Mahtab,Kataka(DISTRICT COLLECTOR CUTTACK_IDA),Kataka,Lighting of public spaces,03-Sep-2026,1000.0,Payment In-Progress,-18.94354637564973,0.004987481421631705,0,Low - Normal Pattern,No early cost-pattern anomaly against completed-works category norms.
EW-001614,Odisha,CUTTACK,Shri Bhartruhari Mahtab,Kataka(DISTRICT COLLECTOR CUTTACK_IDA),Kataka,Lighting of public spaces,03-Sep-2026,1000.0,Payment In-Progress,-18.94354637564973,0.004987481421631705,0,Low - Normal Pattern,No early cost-pattern anomaly against completed-works category norms.
EW-001615,Karnataka,UDUPI CHIKMAGALUR,KOTA SRINIVAS POOJARY,UDUPI(DEPUTY COMMISSIONER UDUPI_IDA),UDUPI,"Construction of roads, link roads, pathways or any other road with or without drainage system",31-Aug-2026,500000.0,Payment In-Progress,0.0,1.0000000000000007,0,Low - Normal Pattern,No early cost-pattern anomaly against completed-works category norms.
EW-001616,Haryana,HISAR,JAI PARKASH,HISAR(DEPUTY COMMISSIONER HISSAR_IDA),HISAR,Improvement of electricity distribution infrastructure,31-Aug-2026,262170.0,Payment In-Progress,0.6381647235743001,1.608533195899058,0,Low - Normal Pattern,No early cost-pattern anomaly against completed-works category norms.
EW-001617,Haryana,HISAR,JAI PARKASH,HISAR(DEPUTY COMMISSIONER HISSAR_IDA),HISAR,Improvement of electricity distribution infrastructure,31-Aug-2026,89690.0,Payment In-Progress,-0.8019455181088881,0.5502892868756399,0,Low - Normal Pattern,No early cost-pattern anomaly against completed-works category norms.
EW-001618,Haryana,HISAR,JAI PARKASH,HISAR(DEPUTY COMMISSIONER HISSAR_IDA),HISAR,Improvement of electricity distribution infrastructure,31-Aug-2026,125153.0,Payment In-Progress,-0.3546236081569814,0.7678710572008803,0,Low - Normal Pattern,No early cost-pattern anomaly against completed-works category norms.
EW-001619,West Bengal,JANGIPUR,Khalilur Rahaman,MURSHIDABAD(DISTRICT MAGISTRATE MURSHIDABAD_IDA),MURSHIDABAD,Purchase of non-conventional energy system and devices for community use,06-Aug-2026,887155.0,Payment In-Progress,0.0,1.774310000000001,0,Low - Normal Pattern,No early cost-pattern anomaly against completed-works category norms.
EW-001620,Kerala,WAYANAD,Priyanka Gandhi Vadra,MALAPPURAM(DISTRICT COLLECTOR MALAPPURAM_IDA),MALAPPURAM,"Construction of roads, link roads, pathways or any other road with or without drainage system",03-Sep-2026,357247.0,Payment In-Progress,-0.4360712628715735,0.7144940000000004,0,Low - Normal Pattern,No early cost-pattern anomaly against completed-works category norms.
EW-001621,Gujarat,ANAND,Mitesh Rameshbhai Bakabhai Patel,ANAND(District Collector ANAND_IDA),ANAND,Construction of common work sheds/ common covered sitting area,27-Aug-2026,50000.0,Payment In-Progress,-3.9479571229123054,0.16951738400772992,0,Low - Normal Pattern,No early cost-pattern anomaly against completed-works category norms.
EW-001622,Gujarat,ANAND,Mitesh Rameshbhai Bakabhai Patel,ANAND(District Collector ANAND_IDA),ANAND,"Construction of roads, link roads, pathways or any other road with or without drainage system",27-Aug-2026,490000.0,Payment In-Progress,-0.026205610971519175,0.9800000000000005,0,Low - Normal Pattern,No early cost-pattern anomaly against completed-works category norms.
EW-001623,Karnataka,MANDYA,H.D. KUMARASWAMY,MANDYA(DEPUTY COMMISSIONER MANDYA_IDA),MANDYA,Construction of community centers and community halls,04-Sep-2026,375000.0,Payment In-Progress,-0.37634256420002904,0.7545317174952761,0,Low - Normal Pattern,No early cost-pattern anomaly against completed-works category norms.
EW-001624,Karnataka,MANDYA,H.D. KUMARASWAMY,MANDYA(DEPUTY COMMISSIONER MANDYA_IDA),MANDYA,Construction of community centers and community halls,04-Sep-2026,300000.0,Payment In-Progress,-0.6745,0.603625373996221,0,Low - Normal Pattern,No early cost-pattern anomaly against completed-works category norms.
EW-001625,Karnataka,MANDYA,H.D. KUMARASWAMY,MANDYA(DEPUTY COMMISSIONER MANDYA_IDA),MANDYA,Construction of community centers and community halls,04-Sep-2026,300000.0,Payment In-Progress,-0.6745,0.603625373996221,0,Low - Normal Pattern,No early cost-pattern anomaly against completed-works category norms.
EW-001626,Karnataka,MANDYA,H.D. KUMARASWAMY,MANDYA(DEPUTY COMMISSIONER MANDYA_IDA),MANDYA,Construction of community centers and community halls,04-Sep-2026,375000.0,Payment In-Progress,-0.37634256420002904,0.7545317174952761,0,Low - Normal Pattern,No early cost-pattern anomaly against completed-works category norms.
EW-001627,Karnataka,MANDYA,H.D. KUMARASWAMY,MANDYA(DEPUTY COMMISSIONER MANDYA_IDA),MANDYA,Construction of community centers and community halls,04-Sep-2026,375000.0,Payment In-Progress,-0.37634256420002904,0.7545317174952761,0,Low - Normal Pattern,No early cost-pattern anomaly against completed-works category norms.
EW-001628,Karnataka,MANDYA,H.D. KUMARASWAMY,MANDYA(DEPUTY COMMISSIONER MANDYA_IDA),MANDYA,Construction of community centers and community halls,04-Sep-2026,375000.0,Payment In-Progress,-0.37634256420002904,0.7545317174952761,0,Low - Normal Pattern,No early cost-pattern anomaly against completed-works category norms.
EW-001629,Karnataka,MANDYA,H.D. KUMARASWAMY,MANDYA(DEPUTY COMMISSIONER MANDYA_IDA),MANDYA,Construction of community centers and community halls,04-Sep-2026,375000.0,Payment In-Progress,-0.37634256420002904,0.7545317174952761,0,Low - Normal Pattern,No early cost-pattern anomaly against completed-works category norms.
EW-001630,Karnataka,MANDYA,H.D. KUMARASWAMY,MANDYA(DEPUTY COMMISSIONER MANDYA_IDA),MANDYA,"Construction of Government office buildings (Post office, Police station, Police chauki, etc.)",04-Sep-2026,375000.0,Payment In-Progress,0.0,0.3750000000000001,0,Low - Normal Pattern,No early cost-pattern anomaly against completed-works category norms.
EW-001631,Karnataka,MANDYA,H.D. KUMARASWAMY,MANDYA(DEPUTY COMMISSIONER MANDYA_IDA),MANDYA,Construction of community centers and community halls,04-Sep-2026,375000.0,Payment In-Progress,-0.37634256420002904,0.7545317174952761,0,Low - Normal Pattern,No early cost-pattern anomaly against completed-works category norms.
EW-001632,Karnataka,MANDYA,H.D. KUMARASWAMY,MANDYA(DEPUTY COMMISSIONER MANDYA_IDA),MANDYA,Construction of community centers and community halls,22-Jun-2026,375000.0,Payment In-Progress,-0.37634256420002904,0.7545317174952761,0,Low - Normal Pattern,No early cost-pattern anomaly against completed-works category norms.
EW-001633,Karnataka,MANDYA,H.D. KUMARASWAMY,MANDYA(DEPUTY COMMISSIONER MANDYA_IDA),MANDYA,Construction of community centers and community halls,22-Jun-2026,750000.0,Payment In-Progress,0.5498190244748907,1.5090634349905523,0,Low - Normal Pattern,No early cost-pattern anomaly against completed-works category norms.
EW-001634,Karnataka,MANDYA,H.D. KUMARASWAMY,MANDYA(DEPUTY COMMISSIONER MANDYA_IDA),MANDYA,Construction of community centers and community halls,14-Jul-2026,250000.0,Payment In-Progress,-0.9181123631831903,0.5030211449968508,0,Low - Normal Pattern,No early cost-pattern anomaly against completed-works category norms.
EW-001635,Karnataka,MANDYA,H.D. KUMARASWAMY,MANDYA(DEPUTY COMMISSIONER MANDYA_IDA),MANDYA,Construction of community centers and community halls,22-Jul-2026,125000.0,Payment In-Progress,-1.8442739518581102,0.2515105724984254,0,Low - Normal Pattern,No early cost-pattern anomaly against completed-works category norms.
EW-001636,Karnataka,MANDYA,H.D. KUMARASWAMY,MANDYA(DEPUTY COMMISSIONER MANDYA_IDA),MANDYA,Construction of community centers and community halls,20-Jul-2026,250000.0,Payment In-Progress,-0.9181123631831903,0.5030211449968508,0,Low - Normal Pattern,No early cost-pattern anomaly against completed-works category norms.
EW-001637,Karnataka,MANDYA,H.D. KUMARASWAMY,MANDYA(DEPUTY COMMISSIONER MANDYA_IDA),MANDYA,Construction of community centers and community halls,22-May-2026,125000.0,Payment In-Progress,-1.8442739518581102,0.2515105724984254,0,Low - Normal Pattern,No early cost-pattern anomaly against completed-works category norms.
EW-001638,Karnataka,MANDYA,H.D. KUMARASWAMY,MANDYA(DEPUTY COMMISSIONER MANDYA_IDA),MANDYA,Construction of common work sheds/ common covered sitting area,29-Apr-2026,125000.0,Payment In-Progress,-1.9097122865800629,0.42379346001932483,0,Low - Normal Pattern,No early cost-pattern anomaly against completed-works category norms.
EW-001639,Karnataka,MANDYA,H.D. KUMARASWAMY,MANDYA(DEPUTY COMMISSIONER MANDYA_IDA),MANDYA,Construction of community centers and community halls,06-Mar-2026,125000.0,Payment In-Progress,-1.8442739518581102,0.2515105724984254,0,Low - Normal Pattern,No early cost-pattern anomaly against completed-works category norms.
EW-001640,Haryana,HISAR,JAI PARKASH,HISAR(DEPUTY COMMISSIONER HISSAR_IDA),HISAR,Improvement of electricity distribution infrastructure,31-Aug-2026,140685.0,Payment In-Progress,-0.19755859288087083,0.8631670010491627,0,Low - Normal Pattern,No early cost-pattern anomaly against completed-works category norms.
EW-001641,Haryana,HISAR,JAI PARKASH,HISAR(DEPUTY COMMISSIONER HISSAR_IDA),HISAR,Improvement of electricity distribution infrastructure,31-Aug-2026,177575.0,Payment In-Progress,0.11509054015940928,1.0895040708768173,0,Low - Normal Pattern,No early cost-pattern anomaly against completed-works category norms.
EW-001642,Karnataka,MANDYA,H.D. KUMARASWAMY,MANDYA(DEPUTY COMMISSIONER MANDYA_IDA),MANDYA,Construction of community centers and community halls,01-Sep-2026,750000.0,Payment In-Progress,0.5498190244748907,1.5090634349905523,0,Low - Normal Pattern,No early cost-pattern anomaly against completed-works category norms.
EW-001643,Karnataka,BIDAR,SAGAR ESHWAR KHANDRE,BIDAR(DEPUTY COMMISSIONER BIDAR_IDA),BIDAR,Construction of community centers and community halls,03-Sep-2026,374250.0,Payment In-Progress,-0.3790175775680479,0.7530226540602857,0,Low - Normal Pattern,No early cost-pattern anomaly against completed-works category norms.
EW-001644,Maharashtra,OSMANABAD,Omprakash Bhupalsinh Alias Pawan Rajenimbalkar,Dharashiv(DISTRICT COLLECTOR OSMANABAD_IDA),Dharashiv,Construction of community centers and community halls,04-Sep-2026,695930.0,Payment In-Progress,0.44984136703074495,1.4002700217506334,0,Low - Normal Pattern,No early cost-pattern anomaly against completed-works category norms.
EW-001645,Uttar Pradesh,VARANASI,Shri Narendra Modi,VARANASI(DISTRICT MAGISTRAE VARANASI_IDA),VARANASI,"Construction of roads, link roads, pathways or any other road with or without drainage system",12-Aug-2026,738562.0,Payment In-Progress,0.5060078759081826,1.4771240000000008,0,Low - Normal Pattern,No early cost-pattern anomaly against completed-works category norms.
EW-001646,Tamil Nadu,SRIPERUMBUDUR,Thalikkottai Rajuthevar Baalu,CHENGALPATTU(District Collector Chengalpattu_IDA),CHENGALPATTU,Street lights,03-Sep-2026,398710.0,Payment In-Progress,0.49159567769767554,1.7885708389967754,0,Low - Normal Pattern,No early cost-pattern anomaly against completed-works category norms.
EW-001647,Tamil Nadu,SRIPERUMBUDUR,Thalikkottai Rajuthevar Baalu,CHENGALPATTU(District Collector Chengalpattu_IDA),CHENGALPATTU,Street lights,03-Sep-2026,398710.0,Payment In-Progress,0.49159567769767554,1.7885708389967754,0,Low - Normal Pattern,No early cost-pattern anomaly against completed-works category norms.
EW-001648,Tamil Nadu,SRIPERUMBUDUR,Thalikkottai Rajuthevar Baalu,CHENGALPATTU(District Collector Chengalpattu_IDA),CHENGALPATTU,Street lights,03-Sep-2026,398710.0,Payment In-Progress,0.49159567769767554,1.7885708389967754,0,Low - Normal Pattern,No early cost-pattern anomaly against completed-works category norms.
EW-001649,Tamil Nadu,SRIPERUMBUDUR,Thalikkottai Rajuthevar Baalu,CHENGALPATTU(District Collector Chengalpattu_IDA),CHENGALPATTU,Street lights,03-Sep-2026,398710.0,Payment In-Progress,0.49159567769767554,1.7885708389967754,0,Low - Normal Pattern,No early cost-pattern anomaly against completed-works category norms.
EW-001650,Karnataka,DHARWAD,Pralhad Venkatesh Joshi,DHARWAD(DEPUTY COMMISSIONER DHARWAR_IDA),DHARWAD,Construction of buildings for community cultural activities,05-Aug-2026,498497.0,Payment In-Progress,0.4262686191231337,1.4242771428571424,0,Low - Normal Pattern,No early cost-pattern anomaly against completed-works category norms.
EW-001651,Karnataka,BIDAR,SAGAR ESHWAR KHANDRE,BIDAR(DEPUTY COMMISSIONER BIDAR_IDA),BIDAR,Construction of community centers and community halls,03-Sep-2026,300000.0,Payment In-Progress,-0.6745,0.603625373996221,0,Low - Normal Pattern,No early cost-pattern anomaly against completed-works category norms.
EW-001652,Karnataka,UDUPI CHIKMAGALUR,KOTA SRINIVAS POOJARY,UDUPI(DEPUTY COMMISSIONER UDUPI_IDA),UDUPI,Construction of public irrigation facilities,01-Sep-2026,299885.0,Payment In-Progress,-0.6343237675089474,0.6286455222203502,0,Low - Normal Pattern,No early cost-pattern anomaly against completed-works category norms.
EW-001653,Haryana,HISAR,JAI PARKASH,HISAR(DEPUTY COMMISSIONER HISSAR_IDA),HISAR,Improvement of electricity distribution infrastructure,31-Aug-2026,140366.0,Payment In-Progress,-0.20060634725841675,0.8612097897378311,0,Low - Normal Pattern,No early cost-pattern anomaly against completed-works category norms.
EW-001654,Karnataka,UDUPI CHIKMAGALUR,KOTA SRINIVAS POOJARY,UDUPI(DEPUTY COMMISSIONER UDUPI_IDA),UDUPI,"Construction of roads, link roads, pathways or any other road with or without drainage system",31-Aug-2026,400000.0,Payment In-Progress,-0.2894470035445406,0.8000000000000005,0,Low - Normal Pattern,No early cost-pattern anomaly against completed-works category norms.
EW-001655,Assam,Darrang-Udalguri,Dilip Saikia,UDALGURI(DEPUTY COMMISSIONER Udalguri_IDA),UDALGURI,Construction of boundary walls of existing public and community buildings,27-Aug-2026,184294.0,Payment In-Progress,-1.3299491504418375,0.3720740364204665,0,Low - Normal Pattern,No early cost-pattern anomaly against completed-works category norms.
EW-001656,Chhattisgarh,JANJGIR CHAMPA(SC),KAMLESH JANGDE,SAKTI(COLLECTOR SAKTI_IDA),SAKTI,Street lights,21-Jul-2026,300000.0,Payment In-Progress,0.2510878622594456,1.3457682317951207,0,Low - Normal Pattern,No early cost-pattern anomaly against completed-works category norms.
EW-001657,Chhattisgarh,JANJGIR CHAMPA(SC),KAMLESH JANGDE,SAKTI(COLLECTOR SAKTI_IDA),SAKTI,Construction of water tanks,31-Jul-2026,150000.0,Payment In-Progress,-2.0575478016489375,0.1540104526674231,0,Low - Normal Pattern,No early cost-pattern anomaly against completed-works category norms.
EW-001658,Telangana,ADILABAD(ST),GODAM NAGESH,KUMURAM BHEEM ASIFABAD(District Collector KB Asifabad_IDA),KUMURAM BHEEM ASIFABAD,"Construction of roads, link roads, pathways or any other road with or without drainage system",03-Sep-2026,499597.0,Payment In-Progress,-0.001045911260388706,0.9991940000000006,0,Low - Normal Pattern,No early cost-pattern anomaly against completed-works category norms.
EW-001659,Himachal Pradesh,KANGRA,RAJEEV BHARDWAJ,KANGRA(DEPUTY COMMISSIONER KANGRA_IDA),KANGRA,"Construction of roads, link roads, pathways or any other road with or without drainage system",14-Aug-2026,199521.0,Payment In-Progress,-1.1916618794917773,0.39904200000000023,0,Low - Normal Pattern,No early cost-pattern anomaly against completed-works category norms.
EW-001660,Gujarat,BHARUCH,Mansukhbhai Dhanjibhai Vasava,BHARUCH(DISTRICT COLLECTOR BROACH_IDA),BHARUCH,"Construction of roads, link roads, pathways or any other road with or without drainage system",19-Aug-2026,200000.0,Payment In-Progress,-1.1885515183145698,0.40000000000000024,0,Low - Normal Pattern,No early cost-pattern anomaly against completed-works category norms.
EW-001661,Karnataka,BIJAPUR(SC),Ramesh Chandappa Jigajinagi,VIJAYAPURA(DEPUTY COMMISSIONER BIJAPUR_IDA),VIJAYAPURA,Construction of community centers and community halls,27-Aug-2026,61749.0,Payment In-Progress,-2.786588184616466,0.12424421072964216,0,Low - Normal Pattern,No early cost-pattern anomaly against completed-works category norms.
EW-001662,Rajasthan,UDAIPUR(ST),MANNA LAL RAWAT,PRATAPGARH(DISTRICT COLLECTOR PRATAPGARH_IDA),PRATAPGARH,Installing hand pumps,24-Aug-2026,73331.0,Payment In-Progress,-67.15582104248095,0.991951410870329,0,Low - Normal Pattern,No early cost-pattern anomaly against completed-works category norms.
EW-001663,Maharashtra,NANDED,Ravindra Vasantrao Chavan,NANDED(DISTRICT COLLECTOR NANDED_IDA),NANDED,"Construction of roads, link roads, pathways or any other road with or without drainage system",02-Sep-2026,994388.0,Payment In-Progress,0.8918044978074416,1.9887760000000012,0,Low - Normal Pattern,No early cost-pattern anomaly against completed-works category norms.
EW-001664,Maharashtra,OSMANABAD,Omprakash Bhupalsinh Alias Pawan Rajenimbalkar,SOLAPUR(DISTRICT COLLECTOR SOLAPUR_IDA),SOLAPUR,"Construction of roads, link roads, pathways or any other road with or without drainage system",14-Aug-2026,993405.0,Payment In-Progress,0.8905215850926672,1.986810000000001,0,Low - Normal Pattern,No early cost-pattern anomaly against completed-works category norms.
EW-001665,Andhra Pradesh,BAPATLA,Krishna Prasad Tenneti,Bapatla(DISTRICT COLLECTOR BAPATLA_IDA),Bapatla,Construction of community centers and community halls,02-Sep-2026,999201.0,Payment In-Progress,0.9331427886174984,2.0104769244079934,0,Low - Normal Pattern,No early cost-pattern anomaly against completed-works category norms.
EW-001666,Bihar,BUXAR,SUDHAKAR SINGH,BUXAR(DISTRICT PLANNING OFFICER BUXAR_IDA),BUXAR,"Construction of roads, link roads, pathways or any other road with or without drainage system",03-Sep-2026,997985.0,Payment In-Progress,0.896488153646283,1.9959700000000011,0,Low - Normal Pattern,No early cost-pattern anomaly against completed-works category norms.
EW-001667,Bihar,BUXAR,SUDHAKAR SINGH,BUXAR(DISTRICT PLANNING OFFICER BUXAR_IDA),BUXAR,Construction of additional rooms and halls in the existing public and community building,02-Sep-2026,542316.0,Payment In-Progress,0.07905520422131965,1.0846320000000007,0,Low - Normal Pattern,No early cost-pattern anomaly against completed-works category norms.
EW-001668,Karnataka,UDUPI CHIKMAGALUR,KOTA SRINIVAS POOJARY,UDUPI(DEPUTY COMMISSIONER UDUPI_IDA),UDUPI,"Construction of roads, link roads, pathways or any other road with or without drainage system",31-Aug-2026,500000.0,Payment In-Progress,0.0,1.0000000000000007,0,Low - Normal Pattern,No early cost-pattern anomaly against completed-works category norms.
EW-001669,Karnataka,DHARWAD,Pralhad Venkatesh Joshi,DHARWAD(DEPUTY COMMISSIONER DHARWAR_IDA),DHARWAD,Construction of buildings for community cultural activities,28-Aug-2026,495246.0,Payment In-Progress,0.41838244380458856,1.414988571428571,0,Low - Normal Pattern,No early cost-pattern anomaly against completed-works category norms.
EW-001670,Karnataka,HAVERI,BASAVARAJ BOMMAI,GADAG(Deputy Commsioner Gadag_ida),GADAG,Construction of buildings for community cultural activities,01-Sep-2026,375000.0,Payment In-Progress,0.08315650276707154,1.0714285714285712,0,Low - Normal Pattern,No early cost-pattern anomaly against completed-works category norms.
EW-001671,Karnataka,HAVERI,BASAVARAJ BOMMAI,GADAG(Deputy Commsioner Gadag_ida),GADAG,Construction of buildings for community cultural activities,01-Sep-2026,375000.0,Payment In-Progress,0.08315650276707154,1.0714285714285712,0,Low - Normal Pattern,No early cost-pattern anomaly against completed-works category norms.
EW-001672,Karnataka,HAVERI,BASAVARAJ BOMMAI,GADAG(Deputy Commsioner Gadag_ida),GADAG,Construction of buildings for community cultural activities,01-Sep-2026,375000.0,Payment In-Progress,0.08315650276707154,1.0714285714285712,0,Low - Normal Pattern,No early cost-pattern anomaly against completed-works category norms.
EW-001673,Karnataka,HAVERI,BASAVARAJ BOMMAI,GADAG(Deputy Commsioner Gadag_ida),GADAG,Construction of buildings for community cultural activities,01-Sep-2026,750000.0,Payment In-Progress,0.9186007189006484,2.1428571428571423,0,Low - Normal Pattern,No early cost-pattern anomaly against completed-works category norms.
EW-001674,Karnataka,HAVERI,BASAVARAJ BOMMAI,GADAG(Deputy Commsioner Gadag_ida),GADAG,Construction of buildings for community cultural activities,01-Sep-2026,750000.0,Payment In-Progress,0.9186007189006484,2.1428571428571423,0,Low - Normal Pattern,No early cost-pattern anomaly against completed-works category norms.
EW-001675,Karnataka,HAVERI,BASAVARAJ BOMMAI,GADAG(Deputy Commsioner Gadag_ida),GADAG,Construction of buildings for community cultural activities,21-Aug-2026,125000.0,Payment In-Progress,-1.2409912512490298,0.35714285714285704,0,Low - Normal Pattern,No early cost-pattern anomaly against completed-works category norms.
EW-001676,Karnataka,BAGALKOT,Parvatagouda Chandanagouda Gaddigoudar,GADAG(Deputy Commsioner Gadag_ida),GADAG,Construction of community centers and community halls,04-Sep-2026,125000.0,Payment In-Progress,-1.8442739518581102,0.2515105724984254,0,Low - Normal Pattern,No early cost-pattern anomaly against completed-works category norms.
EW-001677,Gujarat,KHEDA,Devusinh Jesingbhai Chauhan,KHEDA(DISTRICT COLLECTOR KHEDA_IDA),KHEDA,"Construction of roads, link roads, pathways or any other road with or without drainage system",01-Sep-2026,99739.0,Payment In-Progress,-2.091045977649624,0.19947800000000013,0,Low - Normal Pattern,No early cost-pattern anomaly against completed-works category norms.
EW-001678,Gujarat,KHEDA,Devusinh Jesingbhai Chauhan,KHEDA(DISTRICT COLLECTOR KHEDA_IDA),KHEDA,"Construction of roads, link roads, pathways or any other road with or without drainage system",01-Sep-2026,150000.0,Payment In-Progress,-1.561713607715042,0.30000000000000016,0,Low - Normal Pattern,No early cost-pattern anomaly against completed-works category norms.
EW-001679,Odisha,SUNDARGARH (ST),Shri Jual Oram,Sundaragada(DISTRICT COLLECTOR SUNDARGARH_IDA),Sundaragada,Construction of community centers and community halls,31-Aug-2026,127.0,Payment In-Progress,-11.05299108453273,0.0002555347416584002,0,Low - Normal Pattern,No early cost-pattern anomaly against completed-works category norms.
EW-001680,Rajasthan,BHARATPUR(SC),SANJNA JATAV,ALWAR(DISTRICT COLLECTOR ALWAR_IDA),ALWAR,"Construction of roads, link roads, pathways or any other road with or without drainage system",17-Aug-2026,999737.0,Payment In-Progress,0.8987633237581477,1.999474000000001,0,Low - Normal Pattern,No early cost-pattern anomaly against completed-works category norms.
EW-001681,Rajasthan,BHARATPUR(SC),SANJNA JATAV,ALWAR(DISTRICT COLLECTOR ALWAR_IDA),ALWAR,"Construction of roads, link roads, pathways or any other road with or without drainage system",31-Aug-2026,199833.0,Payment In-Progress,-1.1896350773400717,0.39966600000000024,0,Low - Normal Pattern,No early cost-pattern anomaly against completed-works category norms.
EW-001682,Andhra Pradesh,BAPATLA,Krishna Prasad Tenneti,Bapatla(DISTRICT COLLECTOR BAPATLA_IDA),Bapatla,"Construction of Government office buildings (Post office, Police station, Police chauki, etc.)",02-Sep-2026,589011.0,Payment In-Progress,0.0,0.5890110000000002,0,Low - Normal Pattern,No early cost-pattern anomaly against completed-works category norms.
EW-001683,Karnataka,MANDYA,H.D. KUMARASWAMY,MANDYA(DEPUTY COMMISSIONER MANDYA_IDA),MANDYA,Construction of community centers and community halls,04-Sep-2026,375000.0,Payment In-Progress,-0.37634256420002904,0.7545317174952761,0,Low - Normal Pattern,No early cost-pattern anomaly against completed-works category norms.
EW-001684,Karnataka,MANDYA,H.D. KUMARASWAMY,MANDYA(DEPUTY COMMISSIONER MANDYA_IDA),MANDYA,Construction of community centers and community halls,01-Sep-2026,750000.0,Payment In-Progress,0.5498190244748907,1.5090634349905523,0,Low - Normal Pattern,No early cost-pattern anomaly against completed-works category norms.
EW-001685,Jharkhand,GIRIDIH,Shri Chandra Prakash Choudhary,GIRIDIH(Deputy Commissioner Giridh_IDA),GIRIDIH,Lighting of public spaces,29-Jun-2026,299420.0,Payment In-Progress,1.4331353756800085,1.493351687264965,0,Low - Normal Pattern,No early cost-pattern anomaly against completed-works category norms.
EW-001686,Haryana,HISAR,JAI PARKASH,JIND(DEPUTY COMMISSIONER JIND),JIND,Construction of boundary walls of existing public and community buildings,02-Sep-2026,1069054.0,Payment In-Progress,1.034909388526,2.1583298258838886,0,Low - Normal Pattern,No early cost-pattern anomaly against completed-works category norms.
EW-001687,Uttar Pradesh,DOMARIYAGANJ,Jagdambika Pal,Siddharthnagar(DISTRICT MAGISTRATE SIDDHARTH NAGAR_IDA),Siddharthnagar,"Construction of roads, link roads, pathways or any other road with or without drainage system",03-Sep-2026,1195340.0,Payment In-Progress,1.1305529283899947,2.3906800000000015,0,Low - Normal Pattern,No early cost-pattern anomaly against completed-works category norms.
EW-001688,Uttar Pradesh,DOMARIYAGANJ,Jagdambika Pal,Siddharthnagar(DISTRICT MAGISTRATE SIDDHARTH NAGAR_IDA),Siddharthnagar,"Construction of roads, link roads, pathways or any other road with or without drainage system",03-Sep-2026,605340.0,Payment In-Progress,0.24798884090038883,1.2106800000000006,0,Low - Normal Pattern,No early cost-pattern anomaly against completed-works category norms.
EW-001689,Uttar Pradesh,DOMARIYAGANJ,Jagdambika Pal,Siddharthnagar(DISTRICT MAGISTRATE SIDDHARTH NAGAR_IDA),Siddharthnagar,"Construction of roads, link roads, pathways or any other road with or without drainage system",03-Sep-2026,1373520.0,Payment In-Progress,1.3107846179074625,2.7470400000000015,0,Low - Normal Pattern,No early cost-pattern anomaly against completed-works category norms.
EW-001690,Uttar Pradesh,DOMARIYAGANJ,Jagdambika Pal,Siddharthnagar(DISTRICT MAGISTRATE SIDDHARTH NAGAR_IDA),Siddharthnagar,Setting up public non-conventional energy plants,03-Sep-2026,349280.0,Payment In-Progress,0.0,0.38016275404597943,0,Low - Normal Pattern,No early cost-pattern anomaly against completed-works category norms.
EW-001691,Gujarat,PANCHMAHAL,RAJPALSINH MAHENDRASINH JADAV,Mahisagar(COLLECTOR MAHISAGAR_IDA),Mahisagar,Construction of footpaths and pedestrian ways,19-Aug-2026,100000.0,Payment In-Progress,-1.2205169695557376,0.33645104509832047,0,Low - Normal Pattern,No early cost-pattern anomaly against completed-works category norms.
EW-001692,Gujarat,PANCHMAHAL,RAJPALSINH MAHENDRASINH JADAV,Mahisagar(COLLECTOR MAHISAGAR_IDA),Mahisagar,Installing tube-wells and borewells,19-Aug-2026,100000.0,Payment In-Progress,-2.694072339128853,0.4565657844361855,0,Low - Normal Pattern,No early cost-pattern anomaly against completed-works category norms.
EW-001693,Gujarat,PANCHMAHAL,RAJPALSINH MAHENDRASINH JADAV,Mahisagar(COLLECTOR MAHISAGAR_IDA),Mahisagar,"Construction of roads, link roads, pathways or any other road with or without drainage system",02-Sep-2026,99851.0,Payment In-Progress,-2.0895902035004665,0.19970200000000013,0,Low - Normal Pattern,No early cost-pattern anomaly against completed-works category norms.
EW-001694,Andhra Pradesh,ONGOLE,Magunta Sreenivasulu Reddy,Sri Potti Sriramulu Nellore(DISTRICT COLLECTOR NELLORE_IDA),Sri Potti Sriramulu Nellore,"Construction of roads, link roads, pathways or any other road with or without drainage system",02-Sep-2026,497139.0,Payment In-Progress,-0.007443514864058265,0.9942780000000006,0,Low - Normal Pattern,No early cost-pattern anomaly against completed-works category norms.
EW-001695,Rajasthan,GANGANAGAR(SC),KULDEEP INDORA,GANGANAGAR(Zilla GANGANAGAR),GANGANAGAR,Construction of boundary walls of existing public and community buildings,25-May-2026,39550.0,Payment In-Progress,-3.4001677568952173,0.07984811301740398,0,Low - Normal Pattern,No early cost-pattern anomaly against completed-works category norms.
EW-001696,Gujarat,PANCHMAHAL,RAJPALSINH MAHENDRASINH JADAV,Mahisagar(COLLECTOR MAHISAGAR_IDA),Mahisagar,Installing tube-wells and borewells,02-Sep-2026,100000.0,Payment In-Progress,-2.694072339128853,0.4565657844361855,0,Low - Normal Pattern,No early cost-pattern anomaly against completed-works category norms.
EW-001697,Punjab,JALANDHAR(SC),CHARANJIT SINGH CHANNI,JALANDHAR(DEPUTY COMMISSIONER JALANDHAR_IDA),JALANDHAR,Construction of footpaths and pedestrian ways,28-Aug-2026,114700.0,Payment In-Progress,-1.0668464456071485,0.38590934872777355,0,Low - Normal Pattern,No early cost-pattern anomaly against completed-works category norms.
EW-001698,Uttar Pradesh,VARANASI,Shri Narendra Modi,VARANASI(DISTRICT MAGISTRAE VARANASI_IDA),VARANASI,"Construction of roads, link roads, pathways or any other road with or without drainage system",22-Aug-2026,231634.0,Payment In-Progress,-0.9980788950510093,0.4632680000000003,0,Low - Normal Pattern,No early cost-pattern anomaly against completed-works category norms.
EW-001699,Uttar Pradesh,MAINPURI,Smt Dimple Yadav,MAINPURI(DISTRICT MAGISTRATE MAINPURI_IDA),MAINPURI,"Construction of roads, link roads, pathways or any other road with or without drainage system",29-Aug-2026,195258.0,Payment In-Progress,-1.2196770251265732,0.39051600000000025,0,Low - Normal Pattern,No early cost-pattern anomaly against completed-works category norms.
EW-001700,Gujarat,BHARUCH,Mansukhbhai Dhanjibhai Vasava,BHARUCH(DISTRICT COLLECTOR BROACH_IDA),BHARUCH,"Construction of roads, link roads, pathways or any other road with or without drainage system",19-Aug-2026,200000.0,Payment In-Progress,-1.1885515183145698,0.40000000000000024,0,Low - Normal Pattern,No early cost-pattern anomaly against completed-works category norms.
EW-001701,Gujarat,NAVSARI,C R Patil,NAVSARI(DISTRICT COLLECTOR NAVSARI_IDA),NAVSARI,"Construction of roads, link roads, pathways or any other road with or without drainage system",09-Jul-2026,500000.0,Payment In-Progress,0.0,1.0000000000000007,0,Low - Normal Pattern,No early cost-pattern anomaly against completed-works category norms.
EW-001702,Gujarat,PANCHMAHAL,RAJPALSINH MAHENDRASINH JADAV,KHEDA(DISTRICT COLLECTOR KHEDA_IDA),KHEDA,Construction of footpaths and pedestrian ways,21-Aug-2026,194075.0,Payment In-Progress,-0.4775703745000291,0.6529673657745654,0,Low - Normal Pattern,No early cost-pattern anomaly against completed-works category norms.
EW-001703,Uttar Pradesh,DOMARIYAGANJ,Jagdambika Pal,Siddharthnagar(DISTRICT MAGISTRATE SIDDHARTH NAGAR_IDA),Siddharthnagar,"Construction of roads, link roads, pathways or any other road with or without drainage system",03-Sep-2026,605340.0,Payment In-Progress,0.24798884090038883,1.2106800000000006,0,Low - Normal Pattern,No early cost-pattern anomaly against completed-works category norms.
EW-001704,Gujarat,PANCHMAHAL,RAJPALSINH MAHENDRASINH JADAV,Mahisagar(COLLECTOR MAHISAGAR_IDA),Mahisagar,Installing tube-wells and borewells,19-Aug-2026,100000.0,Payment In-Progress,-2.694072339128853,0.4565657844361855,0,Low - Normal Pattern,No early cost-pattern anomaly against completed-works category norms.
EW-001705,Jharkhand,GIRIDIH,Shri Chandra Prakash Choudhary,GIRIDIH(Deputy Commissioner Giridh_IDA),GIRIDIH,Lighting of public spaces,02-Jul-2026,149709.0,Payment In-Progress,-1.0439873784671563,0.7466708561510609,0,Low - Normal Pattern,No early cost-pattern anomaly against completed-works category norms.
EW-001706,Jharkhand,GIRIDIH,Shri Chandra Prakash Choudhary,GIRIDIH(Deputy Commissioner Giridh_IDA),GIRIDIH,Lighting of public spaces,19-Mar-2026,149710.0,Payment In-Progress,-1.043963507582041,0.7466758436324825,0,Low - Normal Pattern,No early cost-pattern anomaly against completed-works category norms.
EW-001707,Jharkhand,GIRIDIH,Shri Chandra Prakash Choudhary,GIRIDIH(Deputy Commissioner Giridh_IDA),GIRIDIH,Lighting of public spaces,19-Mar-2026,149710.0,Payment In-Progress,-1.043963507582041,0.7466758436324825,0,Low - Normal Pattern,No early cost-pattern anomaly against completed-works category norms.
EW-001708,Uttar Pradesh,VARANASI,Shri Narendra Modi,VARANASI(DISTRICT MAGISTRAE VARANASI_IDA),VARANASI,"Construction of roads, link roads, pathways or any other road with or without drainage system",07-Aug-2026,620444.0,Payment In-Progress,0.27995678615121916,1.2408880000000007,0,Low - Normal Pattern,No early cost-pattern anomaly against completed-works category norms.
EW-001709,Jharkhand,GIRIDIH,Shri Chandra Prakash Choudhary,GIRIDIH(Deputy Commissioner Giridh_IDA),GIRIDIH,Lighting of public spaces,29-Jun-2026,149711.0,Payment In-Progress,-1.0439396368563791,0.7466808311139042,0,Low - Normal Pattern,No early cost-pattern anomaly against completed-works category norms.
EW-001710,Jharkhand,GIRIDIH,Shri Chandra Prakash Choudhary,GIRIDIH(Deputy Commissioner Giridh_IDA),GIRIDIH,Lighting of public spaces,29-Jun-2026,149709.0,Payment In-Progress,-1.0439873784671563,0.7466708561510609,0,Low - Normal Pattern,No early cost-pattern anomaly against completed-works category norms.
EW-001711,Jharkhand,GIRIDIH,Shri Chandra Prakash Choudhary,GIRIDIH(Deputy Commissioner Giridh_IDA),GIRIDIH,Lighting of public spaces,29-Jun-2026,149752.0,Payment In-Progress,-1.0429610743616622,0.746885317852191,0,Low - Normal Pattern,No early cost-pattern anomaly against completed-works category norms.
EW-001712,Jharkhand,GIRIDIH,Shri Chandra Prakash Choudhary,GIRIDIH(Deputy Commissioner Giridh_IDA),GIRIDIH,Lighting of public spaces,29-Jun-2026,149711.0,Payment In-Progress,-1.0439396368563791,0.7466808311139042,0,Low - Normal Pattern,No early cost-pattern anomaly against completed-works category norms.
EW-001713,Jharkhand,GIRIDIH,Shri Chandra Prakash Choudhary,GIRIDIH(Deputy Commissioner Giridh_IDA),GIRIDIH,Lighting of public spaces,29-Jun-2026,149710.0,Payment In-Progress,-1.043963507582041,0.7466758436324825,0,Low - Normal Pattern,No early cost-pattern anomaly against completed-works category norms.
EW-001714,Jharkhand,GIRIDIH,Shri Chandra Prakash Choudhary,GIRIDIH(Deputy Commissioner Giridh_IDA),GIRIDIH,Lighting of public spaces,29-Jun-2026,149711.0,Payment In-Progress,-1.0439396368563791,0.7466808311139042,0,Low - Normal Pattern,No early cost-pattern anomaly against completed-works category norms.
EW-001715,Jharkhand,GIRIDIH,Shri Chandra Prakash Choudhary,GIRIDIH(Deputy Commissioner Giridh_IDA),GIRIDIH,Lighting of public spaces,29-Jun-2026,149710.0,Payment In-Progress,-1.043963507582041,0.7466758436324825,0,Low - Normal Pattern,No early cost-pattern anomaly against completed-works category norms.
EW-001716,Jharkhand,GIRIDIH,Shri Chandra Prakash Choudhary,GIRIDIH(Deputy Commissioner Giridh_IDA),GIRIDIH,Lighting of public spaces,29-Jun-2026,149711.0,Payment In-Progress,-1.0439396368563791,0.7466808311139042,0,Low - Normal Pattern,No early cost-pattern anomaly against completed-works category norms.
EW-001717,Jharkhand,GIRIDIH,Shri Chandra Prakash Choudhary,GIRIDIH(Deputy Commissioner Giridh_IDA),GIRIDIH,Lighting of public spaces,29-Jun-2026,149709.0,Payment In-Progress,-1.0439873784671563,0.7466708561510609,0,Low - Normal Pattern,No early cost-pattern anomaly against completed-works category norms.
EW-001718,Jharkhand,GIRIDIH,Shri Chandra Prakash Choudhary,GIRIDIH(Deputy Commissioner Giridh_IDA),GIRIDIH,Lighting of public spaces,29-Jun-2026,149709.0,Payment In-Progress,-1.0439873784671563,0.7466708561510609,0,Low - Normal Pattern,No early cost-pattern anomaly against completed-works category norms.
EW-001719,Jharkhand,GIRIDIH,Shri Chandra Prakash Choudhary,GIRIDIH(Deputy Commissioner Giridh_IDA),GIRIDIH,Lighting of public spaces,29-Jun-2026,149709.0,Payment In-Progress,-1.0439873784671563,0.7466708561510609,0,Low - Normal Pattern,No early cost-pattern anomaly against completed-works category norms.
EW-001720,Bihar,SAMASTIPUR(SC),SHAMBHAVI,SAMASTIPUR(DISTRICT PLANNING OFFICER SAMASTIPUR_IDA),SAMASTIPUR,Construction of public staircase/ stair ghat for public convenience,01-Sep-2026,797774.0,Payment In-Progress,0.0,0.7859417002858173,0,Low - Normal Pattern,No early cost-pattern anomaly against completed-works category norms.
EW-001721,Uttarakhand,ALMORA(SC),Ajay Tamta,ALMORA(DISTRICT MAGISTRATE ALMORA_IDA),ALMORA,Construction of footpaths and pedestrian ways,02-Sep-2026,8022.0,Payment In-Progress,-4.047410791838691,0.026990102837787265,0,Low - Normal Pattern,No early cost-pattern anomaly against completed-works category norms.
EW-001722,Bihar,JAHANABAD,SURENDRA PRASAD YADAV,ARWAL(District Planning Officer Arwal_IDA),ARWAL,Installing hand pumps,01-Sep-2026,69848.0,Payment In-Progress,-471.5455538637045,0.9448367286205117,0,Low - Normal Pattern,No early cost-pattern anomaly against completed-works category norms.
EW-001723,Uttarakhand,ALMORA(SC),Ajay Tamta,BAGESHWAR(DISTRICT MAGISTRATE BAGESHWAR_IDA),BAGESHWAR,Construction of footpaths and pedestrian ways,03-Sep-2026,1000.0,Payment In-Progress,-6.3804130723385875,0.0033645104509832046,0,Low - Normal Pattern,No early cost-pattern anomaly against completed-works category norms.
EW-001724,Uttarakhand,ALMORA(SC),Ajay Tamta,BAGESHWAR(DISTRICT MAGISTRATE BAGESHWAR_IDA),BAGESHWAR,Construction of footpaths and pedestrian ways,03-Sep-2026,1000.0,Payment In-Progress,-6.3804130723385875,0.0033645104509832046,0,Low - Normal Pattern,No early cost-pattern anomaly against completed-works category norms.
EW-001725,Bihar,JAHANABAD,SURENDRA PRASAD YADAV,ARWAL(District Planning Officer Arwal_IDA),ARWAL,Installing hand pumps,01-Sep-2026,72538.0,Payment In-Progress,-157.51135206388386,0.9812244677109534,0,Low - Normal Pattern,No early cost-pattern anomaly against completed-works category norms.
EW-001726,Tamil Nadu,MADURAI,S Venkatesan,MADURAI(DISTRICT COLLECTOR MADURAI_IDA),MADURAI,Construction of community centers and community halls,03-Sep-2026,899900.0,Payment In-Progress,0.7932829162171762,1.8106749135306641,0,Low - Normal Pattern,No early cost-pattern anomaly against completed-works category norms.
EW-001727,Odisha,SUNDARGARH (ST),Shri Jual Oram,Sundaragada(DISTRICT COLLECTOR SUNDARGARH_IDA),Sundaragada,Construction of community centers and community halls,31-Aug-2026,2730.0,Payment In-Progress,-6.9537993845623625,0.00549299090336561,0,Low - Normal Pattern,No early cost-pattern anomaly against completed-works category norms.
EW-001728,Karnataka,MANDYA,H.D. KUMARASWAMY,MANDYA(DEPUTY COMMISSIONER MANDYA_IDA),MANDYA,Construction of community centers and community halls,01-Sep-2026,125000.0,Payment In-Progress,-1.8442739518581102,0.2515105724984254,0,Low - Normal Pattern,No early cost-pattern anomaly against completed-works category norms.
EW-001729,Uttar Pradesh,MAINPURI,Smt Dimple Yadav,MAINPURI(DISTRICT MAGISTRATE MAINPURI_IDA),MAINPURI,Lighting of public spaces,21-Feb-2026,15364.0,Payment In-Progress,-9.180105804552374,0.07662766456194951,0,Low - Normal Pattern,No early cost-pattern anomaly against completed-works category norms.
EW-001730,Uttar Pradesh,MAINPURI,Smt Dimple Yadav,MAINPURI(DISTRICT MAGISTRATE MAINPURI_IDA),MAINPURI,Lighting of public spaces,21-Feb-2026,15364.0,Payment In-Progress,-9.180105804552374,0.07662766456194951,0,Low - Normal Pattern,No early cost-pattern anomaly against completed-works category norms.
EW-001731,Uttar Pradesh,MAINPURI,Smt Dimple Yadav,MAINPURI(DISTRICT MAGISTRATE MAINPURI_IDA),MAINPURI,Lighting of public spaces,21-Feb-2026,15364.0,Payment In-Progress,-9.180105804552374,0.07662766456194951,0,Low - Normal Pattern,No early cost-pattern anomaly against completed-works category norms.
EW-001732,Uttar Pradesh,MAINPURI,Smt Dimple Yadav,MAINPURI(DISTRICT MAGISTRATE MAINPURI_IDA),MAINPURI,Lighting of public spaces,21-Feb-2026,15364.0,Payment In-Progress,-9.180105804552374,0.07662766456194951,0,Low - Normal Pattern,No early cost-pattern anomaly against completed-works category norms.
EW-001733,Uttar Pradesh,MAINPURI,Smt Dimple Yadav,MAINPURI(DISTRICT MAGISTRATE MAINPURI_IDA),MAINPURI,Lighting of public spaces,21-Feb-2026,15364.0,Payment In-Progress,-9.180105804552374,0.07662766456194951,0,Low - Normal Pattern,No early cost-pattern anomaly against completed-works category norms.
EW-001734,Uttar Pradesh,MAINPURI,Smt Dimple Yadav,MAINPURI(DISTRICT MAGISTRATE MAINPURI_IDA),MAINPURI,Lighting of public spaces,21-Feb-2026,15364.0,Payment In-Progress,-9.180105804552374,0.07662766456194951,0,Low - Normal Pattern,No early cost-pattern anomaly against completed-works category norms.
EW-001735,Uttar Pradesh,MAINPURI,Smt Dimple Yadav,MAINPURI(DISTRICT MAGISTRATE MAINPURI_IDA),MAINPURI,Lighting of public spaces,21-Feb-2026,15364.0,Payment In-Progress,-9.180105804552374,0.07662766456194951,0,Low - Normal Pattern,No early cost-pattern anomaly against completed-works category norms.
EW-001736,Uttar Pradesh,MAINPURI,Smt Dimple Yadav,MAINPURI(DISTRICT MAGISTRATE MAINPURI_IDA),MAINPURI,Lighting of public spaces,21-Feb-2026,15364.0,Payment In-Progress,-9.180105804552374,0.07662766456194951,0,Low - Normal Pattern,No early cost-pattern anomaly against completed-works category norms.
EW-001737,Uttar Pradesh,MAINPURI,Smt Dimple Yadav,MAINPURI(DISTRICT MAGISTRATE MAINPURI_IDA),MAINPURI,Lighting of public spaces,21-Feb-2026,15364.0,Payment In-Progress,-9.180105804552374,0.07662766456194951,0,Low - Normal Pattern,No early cost-pattern anomaly against completed-works category norms.
EW-001738,Uttar Pradesh,MAINPURI,Smt Dimple Yadav,MAINPURI(DISTRICT MAGISTRATE MAINPURI_IDA),MAINPURI,Lighting of public spaces,21-Feb-2026,15364.0,Payment In-Progress,-9.180105804552374,0.07662766456194951,0,Low - Normal Pattern,No early cost-pattern anomaly against completed-works category norms.
EW-001739,Uttarakhand,ALMORA(SC),Ajay Tamta,BAGESHWAR(DISTRICT MAGISTRATE BAGESHWAR_IDA),BAGESHWAR,Construction of footpaths and pedestrian ways,03-Sep-2026,24720.0,Payment In-Progress,-2.786420395912807,0.08317069834830482,0,Low - Normal Pattern,No early cost-pattern anomaly against completed-works category norms.
EW-001740,Uttar Pradesh,MAINPURI,Smt Dimple Yadav,MAINPURI(DISTRICT MAGISTRATE MAINPURI_IDA),MAINPURI,Lighting of public spaces,21-Feb-2026,15364.0,Payment In-Progress,-9.180105804552374,0.07662766456194951,0,Low - Normal Pattern,No early cost-pattern anomaly against completed-works category norms.
EW-001741,Uttar Pradesh,MAINPURI,Smt Dimple Yadav,MAINPURI(DISTRICT MAGISTRATE MAINPURI_IDA),MAINPURI,Lighting of public spaces,21-Feb-2026,15364.0,Payment In-Progress,-9.180105804552374,0.07662766456194951,0,Low - Normal Pattern,No early cost-pattern anomaly against completed-works category norms.
EW-001742,Uttar Pradesh,MAINPURI,Smt Dimple Yadav,MAINPURI(DISTRICT MAGISTRATE MAINPURI_IDA),MAINPURI,Lighting of public spaces,21-Feb-2026,15364.0,Payment In-Progress,-9.180105804552374,0.07662766456194951,0,Low - Normal Pattern,No early cost-pattern anomaly against completed-works category norms.
EW-001743,Uttar Pradesh,MAINPURI,Smt Dimple Yadav,ETAWAH(DISTRICT MAGISTRATE ETAWAH_IDA),ETAWAH,Lighting of public spaces,30-May-2026,15364.0,Payment In-Progress,-9.180105804552374,0.07662766456194951,0,Low - Normal Pattern,No early cost-pattern anomaly against completed-works category norms.
EW-001744,Uttar Pradesh,MAINPURI,Smt Dimple Yadav,ETAWAH(DISTRICT MAGISTRATE ETAWAH_IDA),ETAWAH,Lighting of public spaces,30-May-2026,15364.0,Payment In-Progress,-9.180105804552374,0.07662766456194951,0,Low - Normal Pattern,No early cost-pattern anomaly against completed-works category norms.
EW-001745,Uttar Pradesh,MAINPURI,Smt Dimple Yadav,ETAWAH(DISTRICT MAGISTRATE ETAWAH_IDA),ETAWAH,Lighting of public spaces,30-May-2026,15364.0,Payment In-Progress,-9.180105804552374,0.07662766456194951,0,Low - Normal Pattern,No early cost-pattern anomaly against completed-works category norms.
EW-001746,West Bengal,TAMLUK,ABHIJIT GANGOPADHYAY,Purba Medinipur(DISTRICT MAGISTRATE PURBA MEDINIPUR_IDA),Purba Medinipur,"Construction of roads, link roads, pathways or any other road with or without drainage system",25-Aug-2026,448508.0,Payment In-Progress,-0.14097453160526854,0.8970160000000005,0,Low - Normal Pattern,No early cost-pattern anomaly against completed-works category norms.
EW-001747,Karnataka,MANDYA,H.D. KUMARASWAMY,MANDYA(DEPUTY COMMISSIONER MANDYA_IDA),MANDYA,Construction of rooms and halls in school and colleges,19-Aug-2026,125000.0,Payment In-Progress,-1.8218495150638263,0.25000000000000017,0,Low - Normal Pattern,No early cost-pattern anomaly against completed-works category norms.
EW-001748,Uttar Pradesh,MAINPURI,Smt Dimple Yadav,MAINPURI(DISTRICT MAGISTRATE MAINPURI_IDA),MAINPURI,Lighting of public spaces,21-Feb-2026,15364.0,Payment In-Progress,-9.180105804552374,0.07662766456194951,0,Low - Normal Pattern,No early cost-pattern anomaly against completed-works category norms.
EW-001749,Uttar Pradesh,MAINPURI,Smt Dimple Yadav,MAINPURI(DISTRICT MAGISTRATE MAINPURI_IDA),MAINPURI,Lighting of public spaces,21-Feb-2026,15364.0,Payment In-Progress,-9.180105804552374,0.07662766456194951,0,Low - Normal Pattern,No early cost-pattern anomaly against completed-works category norms.
EW-001750,Uttar Pradesh,MAINPURI,Smt Dimple Yadav,MAINPURI(DISTRICT MAGISTRATE MAINPURI_IDA),MAINPURI,Lighting of public spaces,21-Feb-2026,15364.0,Payment In-Progress,-9.180105804552374,0.07662766456194951,0,Low - Normal Pattern,No early cost-pattern anomaly against completed-works category norms.
EW-001751,Uttar Pradesh,MAINPURI,Smt Dimple Yadav,MAINPURI(DISTRICT MAGISTRATE MAINPURI_IDA),MAINPURI,Lighting of public spaces,21-Feb-2026,15364.0,Payment In-Progress,-9.180105804552374,0.07662766456194951,0,Low - Normal Pattern,No early cost-pattern anomaly against completed-works category norms.
EW-001752,Uttarakhand,ALMORA(SC),Ajay Tamta,"PITHORAGARH(NRLM , pithoragarh)",PITHORAGARH,Construction of footpaths and pedestrian ways,03-Sep-2026,149550.0,Payment In-Progress,-0.769577092659189,0.5031625379445382,0,Low - Normal Pattern,No early cost-pattern anomaly against completed-works category norms.
EW-001753,Bihar,GAYA (SC),JITAN RAM MANJHI,GAYA(DISTRICT PLANNING OFFICER GAYA_IDA),GAYA,"Construction of roads, link roads, pathways or any other road with or without drainage system",01-Sep-2026,497885.0,Payment In-Progress,-0.005498512803139602,0.9957700000000006,0,Low - Normal Pattern,No early cost-pattern anomaly against completed-works category norms.
EW-001754,Bihar,KARAKAT,RAJA RAM SINGH,AURANGABAD(DISTRICT PLANNING OFFICER AURANGABAD_IDA),AURANGABAD,Crematoriums/energy efficient crematoriums or structures on burial/cremation ground,02-Sep-2026,487538.0,Payment In-Progress,0.6013680495938403,1.2209253564003824,0,Low - Normal Pattern,No early cost-pattern anomaly against completed-works category norms.
EW-001755,Gujarat,ANAND,Mitesh Rameshbhai Bakabhai Patel,ANAND(District Collector ANAND_IDA),ANAND,"Construction of roads, link roads, pathways or any other road with or without drainage system",27-Aug-2026,499787.0,Payment In-Progress,-0.0005526966568702018,0.9995740000000006,0,Low - Normal Pattern,No early cost-pattern anomaly against completed-works category norms.
EW-001756,Uttar Pradesh,VARANASI,Shri Narendra Modi,VARANASI(DISTRICT MAGISTRAE VARANASI_IDA),VARANASI,"Construction of roads, link roads, pathways or any other road with or without drainage system",12-Aug-2026,880398.0,Payment In-Progress,0.733874075763165,1.760796000000001,0,Low - Normal Pattern,No early cost-pattern anomaly against completed-works category norms.
EW-001757,Gujarat,ANAND,Mitesh Rameshbhai Bakabhai Patel,ANAND(District Collector ANAND_IDA),ANAND,"Construction of roads, link roads, pathways or any other road with or without drainage system",27-Aug-2026,149829.0,Payment In-Progress,-1.5631931835657624,0.2996580000000002,0,Low - Normal Pattern,No early cost-pattern anomaly against completed-works category norms.
EW-001758,Gujarat,ANAND,Mitesh Rameshbhai Bakabhai Patel,ANAND(District Collector ANAND_IDA),ANAND,"Construction of roads, link roads, pathways or any other road with or without drainage system",27-Aug-2026,50000.0,Payment In-Progress,-2.986760547854628,0.10000000000000006,0,Low - Normal Pattern,No early cost-pattern anomaly against completed-works category norms.
EW-001759,Gujarat,PATAN,Bharatsinhji Shankarji Dabhi,BANAS KANTHA(DISTRICT COLLECTOR BANAS KANTHA_IDA),BANAS KANTHA,"Construction of roads, link roads, pathways or any other road with or without drainage system",31-Aug-2026,500000.0,Payment In-Progress,0.0,1.0000000000000007,0,Low - Normal Pattern,No early cost-pattern anomaly against completed-works category norms.
EW-001760,Tamil Nadu,THOOTHUKKUDI,Kanimozhi Karunanidhi,Thoothukkudi(DISTRICT COLLECTOR THOOTHUKUDI_IDA),Thoothukkudi,Construction of water tanks,29-May-2026,3000000.0,Payment In-Progress,1.2373405701585651,3.080209053348462,0,Low - Normal Pattern,No early cost-pattern anomaly against completed-works category norms.
EW-001761,Meghalaya,SHILLONG,ANDREW J. SYNGKON,EAST JAINTIA HILLS(DEPUTY COMMISSIONER EAST JAINTIA HILLS KHLIEHRIAT_IDA),EAST JAINTIA HILLS,Construction of rooms and halls in school and colleges,01-Sep-2026,200000.0,Payment In-Progress,-1.2041770293098932,0.40000000000000024,0,Low - Normal Pattern,No early cost-pattern anomaly against completed-works category norms.
EW-001762,Maharashtra,NAGPUR,Nitin Jairam Gadkari,NAGPUR(DISTRICT COLLECTOR NAGPUR_IDA),NAGPUR,"Purchase of IT systems, including hardware and software for educational purposes",31-Jul-2026,150000.0,Payment In-Progress,-1.647774051017173,0.31249999999999983,0,Low - Normal Pattern,No early cost-pattern anomaly against completed-works category norms.
EW-001763,Uttar Pradesh,CHANDAULI,VIRENDRA SINGH,VARANASI(DISTRICT MAGISTRAE VARANASI_IDA),VARANASI,"Construction of roads, link roads, pathways or any other road with or without drainage system",22-Aug-2026,906543.0,Payment In-Progress,0.7718338952457656,1.813086000000001,0,Low - Normal Pattern,No early cost-pattern anomaly against completed-works category norms.
EW-001764,Himachal Pradesh,MANDI,Kangana Ranaut,MANDI(DEPUTY COMMISSIONER MANDI_IDA),MANDI,"Construction of roads, link roads, pathways or any other road with or without drainage system",03-Sep-2026,120000.0,Payment In-Progress,-1.8511606112595826,0.24000000000000013,0,Low - Normal Pattern,No early cost-pattern anomaly against completed-works category norms.
EW-001765,Maharashtra,PALGHAR(ST),DR. HEMANT VISHNU SAVARA,PALGHAR(DISTRICT COLLECTOR PALGHAR_IDA),PALGHAR,Fitting of Sitting RCC Benches in Public Places,01-Sep-2026,992591.0,Payment In-Progress,0.0,6.617273333333336,0,Low - Normal Pattern,No early cost-pattern anomaly against completed-works category norms.
EW-001766,Uttar Pradesh,MAINPURI,Smt Dimple Yadav,MAINPURI(DISTRICT MAGISTRATE MAINPURI_IDA),MAINPURI,Lighting of public spaces,21-Feb-2026,15364.0,Payment In-Progress,-9.180105804552374,0.07662766456194951,0,Low - Normal Pattern,No early cost-pattern anomaly against completed-works category norms.
EW-001767,Uttar Pradesh,MAINPURI,Smt Dimple Yadav,MAINPURI(DISTRICT MAGISTRATE MAINPURI_IDA),MAINPURI,Lighting of public spaces,21-Feb-2026,15364.0,Payment In-Progress,-9.180105804552374,0.07662766456194951,0,Low - Normal Pattern,No early cost-pattern anomaly against completed-works category norms.
EW-001768,Uttar Pradesh,MAINPURI,Smt Dimple Yadav,MAINPURI(DISTRICT MAGISTRATE MAINPURI_IDA),MAINPURI,Lighting of public spaces,21-Feb-2026,15364.0,Payment In-Progress,-9.180105804552374,0.07662766456194951,0,Low - Normal Pattern,No early cost-pattern anomaly against completed-works category norms.
EW-001769,Punjab,ANANDPUR SAHIB,MALVINDER SINGH KANG,S.A.S Nagar(DEPUTY COMMISSIONER SAHIBZADA AJIT SINGH NAGAR MOHALI_IDA),S.A.S Nagar,Installation of multi-gym equipment,15-Jul-2026,300000.0,Payment In-Progress,-0.5024246597173256,0.600040802774589,0,Low - Normal Pattern,No early cost-pattern anomaly against completed-works category norms.
EW-001770,Jharkhand,KODARMA,Annpurna Devi,GIRIDIH(Deputy Commissioner Giridh_IDA),GIRIDIH,Crematoriums/energy efficient crematoriums or structures on burial/cremation ground,17-Jul-2026,300000.0,Payment In-Progress,-0.8615703668699566,0.7512801195396354,0,Low - Normal Pattern,No early cost-pattern anomaly against completed-works category norms.
EW-001771,Jharkhand,KODARMA,Annpurna Devi,GIRIDIH(Deputy Commissioner Giridh_IDA),GIRIDIH,"Construction of roads, link roads, pathways or any other road with or without drainage system",17-Jul-2026,250000.0,Payment In-Progress,-0.8991045147700292,0.5000000000000003,0,Low - Normal Pattern,No early cost-pattern anomaly against completed-works category norms.
EW-001772,Uttar Pradesh,JAUNPUR,BABU SINGH KUSHWAHA,JAUNPUR(DISTRICT MAGISTRATE JAUNPUR_IDA),JAUNPUR,Street lights,22-Jul-2026,19992.0,Payment In-Progress,-2.038942718672355,0.08968199496682684,0,Low - Normal Pattern,No early cost-pattern anomaly against completed-works category norms.
EW-001773,Uttar Pradesh,JAUNPUR,BABU SINGH KUSHWAHA,JAUNPUR(DISTRICT MAGISTRATE JAUNPUR_IDA),JAUNPUR,Street lights,22-Jul-2026,19992.0,Payment In-Progress,-2.038942718672355,0.08968199496682684,0,Low - Normal Pattern,No early cost-pattern anomaly against completed-works category norms.
EW-001774,Uttar Pradesh,JAUNPUR,BABU SINGH KUSHWAHA,JAUNPUR(DISTRICT MAGISTRATE JAUNPUR_IDA),JAUNPUR,Street lights,22-Jul-2026,19992.0,Payment In-Progress,-2.038942718672355,0.08968199496682684,0,Low - Normal Pattern,No early cost-pattern anomaly against completed-works category norms.
EW-001775,Uttar Pradesh,JAUNPUR,BABU SINGH KUSHWAHA,JAUNPUR(DISTRICT MAGISTRATE JAUNPUR_IDA),JAUNPUR,Street lights,22-Jul-2026,19992.0,Payment In-Progress,-2.038942718672355,0.08968199496682684,0,Low - Normal Pattern,No early cost-pattern anomaly against completed-works category norms.
EW-001776,Uttar Pradesh,JAUNPUR,BABU SINGH KUSHWAHA,JAUNPUR(DISTRICT MAGISTRATE JAUNPUR_IDA),JAUNPUR,Street lights,22-Jul-2026,19992.0,Payment In-Progress,-2.038942718672355,0.08968199496682684,0,Low - Normal Pattern,No early cost-pattern anomaly against completed-works category norms.
EW-001777,Uttar Pradesh,JAUNPUR,BABU SINGH KUSHWAHA,JAUNPUR(DISTRICT MAGISTRATE JAUNPUR_IDA),JAUNPUR,Street lights,22-Jul-2026,19992.0,Payment In-Progress,-2.038942718672355,0.08968199496682684,0,Low - Normal Pattern,No early cost-pattern anomaly against completed-works category norms.
EW-001778,Uttar Pradesh,JAUNPUR,BABU SINGH KUSHWAHA,JAUNPUR(DISTRICT MAGISTRATE JAUNPUR_IDA),JAUNPUR,Street lights,22-Jul-2026,19992.0,Payment In-Progress,-2.038942718672355,0.08968199496682684,0,Low - Normal Pattern,No early cost-pattern anomaly against completed-works category norms.
EW-001779,Uttar Pradesh,JAUNPUR,BABU SINGH KUSHWAHA,JAUNPUR(DISTRICT MAGISTRATE JAUNPUR_IDA),JAUNPUR,Street lights,22-Jul-2026,19992.0,Payment In-Progress,-2.038942718672355,0.08968199496682684,0,Low - Normal Pattern,No early cost-pattern anomaly against completed-works category norms.
EW-001780,Uttar Pradesh,JAUNPUR,BABU SINGH KUSHWAHA,JAUNPUR(DISTRICT MAGISTRATE JAUNPUR_IDA),JAUNPUR,Street lights,22-Jul-2026,19992.0,Payment In-Progress,-2.038942718672355,0.08968199496682684,0,Low - Normal Pattern,No early cost-pattern anomaly against completed-works category norms.
EW-001781,Uttar Pradesh,JAUNPUR,BABU SINGH KUSHWAHA,JAUNPUR(DISTRICT MAGISTRATE JAUNPUR_IDA),JAUNPUR,Street lights,22-Jul-2026,19992.0,Payment In-Progress,-2.038942718672355,0.08968199496682684,0,Low - Normal Pattern,No early cost-pattern anomaly against completed-works category norms.
EW-001782,Odisha,JAGATSINGHPUR(SC),BIBHU PRASAD TARAI,JAGATSINGHAPUR(DISTRICT COLLECTOR JAGATSINGHPUR_IDA),JAGATSINGHAPUR,Construction of community centers and community halls,01-Sep-2026,5000.0,Payment In-Progress,-6.145235178157726,0.010060422899937017,0,Low - Normal Pattern,No early cost-pattern anomaly against completed-works category norms.
EW-001783,Uttar Pradesh,JAUNPUR,BABU SINGH KUSHWAHA,JAUNPUR(DISTRICT MAGISTRATE JAUNPUR_IDA),JAUNPUR,Street lights,22-Jul-2026,19992.0,Payment In-Progress,-2.038942718672355,0.08968199496682684,0,Low - Normal Pattern,No early cost-pattern anomaly against completed-works category norms.
EW-001784,Uttar Pradesh,JAUNPUR,BABU SINGH KUSHWAHA,JAUNPUR(DISTRICT MAGISTRATE JAUNPUR_IDA),JAUNPUR,Street lights,22-Jul-2026,19992.0,Payment In-Progress,-2.038942718672355,0.08968199496682684,0,Low - Normal Pattern,No early cost-pattern anomaly against completed-works category norms.
EW-001785,Uttar Pradesh,JAUNPUR,BABU SINGH KUSHWAHA,JAUNPUR(DISTRICT MAGISTRATE JAUNPUR_IDA),JAUNPUR,Street lights,22-Jul-2026,19992.0,Payment In-Progress,-2.038942718672355,0.08968199496682684,0,Low - Normal Pattern,No early cost-pattern anomaly against completed-works category norms.
EW-001786,Uttar Pradesh,JAUNPUR,BABU SINGH KUSHWAHA,JAUNPUR(DISTRICT MAGISTRATE JAUNPUR_IDA),JAUNPUR,Street lights,22-Jul-2026,19992.0,Payment In-Progress,-2.038942718672355,0.08968199496682684,0,Low - Normal Pattern,No early cost-pattern anomaly against completed-works category norms.
EW-001787,Uttar Pradesh,JAUNPUR,BABU SINGH KUSHWAHA,JAUNPUR(DISTRICT MAGISTRATE JAUNPUR_IDA),JAUNPUR,Street lights,22-Jul-2026,19992.0,Payment In-Progress,-2.038942718672355,0.08968199496682684,0,Low - Normal Pattern,No early cost-pattern anomaly against completed-works category norms.
EW-001788,Uttar Pradesh,JAUNPUR,BABU SINGH KUSHWAHA,JAUNPUR(DISTRICT MAGISTRATE JAUNPUR_IDA),JAUNPUR,Street lights,22-Jul-2026,19992.0,Payment In-Progress,-2.038942718672355,0.08968199496682684,0,Low - Normal Pattern,No early cost-pattern anomaly against completed-works category norms.
EW-001789,Uttar Pradesh,JAUNPUR,BABU SINGH KUSHWAHA,JAUNPUR(DISTRICT MAGISTRATE JAUNPUR_IDA),JAUNPUR,Street lights,22-Jul-2026,19992.0,Payment In-Progress,-2.038942718672355,0.08968199496682684,0,Low - Normal Pattern,No early cost-pattern anomaly against completed-works category norms.
EW-001790,Odisha,SAMBALPUR,DHARMENDRA PRADHAN,SAMBALPUR(DISTRICT COLLECTOR SAMBALPUR_IDA),SAMBALPUR,Construction of public irrigation facilities,01-Sep-2026,7000.0,Payment In-Progress,-5.769023217776795,0.014674020559689386,0,Low - Normal Pattern,No early cost-pattern anomaly against completed-works category norms.
EW-001791,Uttar Pradesh,JAUNPUR,BABU SINGH KUSHWAHA,JAUNPUR(DISTRICT MAGISTRATE JAUNPUR_IDA),JAUNPUR,Street lights,22-Jul-2026,19992.0,Payment In-Progress,-2.038942718672355,0.08968199496682684,0,Low - Normal Pattern,No early cost-pattern anomaly against completed-works category norms.
EW-001792,Uttar Pradesh,JAUNPUR,BABU SINGH KUSHWAHA,JAUNPUR(DISTRICT MAGISTRATE JAUNPUR_IDA),JAUNPUR,Street lights,22-Jul-2026,19992.0,Payment In-Progress,-2.038942718672355,0.08968199496682684,0,Low - Normal Pattern,No early cost-pattern anomaly against completed-works category norms.
EW-001793,Uttar Pradesh,JAUNPUR,BABU SINGH KUSHWAHA,JAUNPUR(DISTRICT MAGISTRATE JAUNPUR_IDA),JAUNPUR,Street lights,22-Jul-2026,19992.0,Payment In-Progress,-2.038942718672355,0.08968199496682684,0,Low - Normal Pattern,No early cost-pattern anomaly against completed-works category norms.
EW-001794,Uttar Pradesh,JAUNPUR,BABU SINGH KUSHWAHA,JAUNPUR(DISTRICT MAGISTRATE JAUNPUR_IDA),JAUNPUR,Street lights,22-Jul-2026,19992.0,Payment In-Progress,-2.038942718672355,0.08968199496682684,0,Low - Normal Pattern,No early cost-pattern anomaly against completed-works category norms.
EW-001795,Uttar Pradesh,JAUNPUR,BABU SINGH KUSHWAHA,JAUNPUR(DISTRICT MAGISTRATE JAUNPUR_IDA),JAUNPUR,Street lights,22-Jul-2026,19992.0,Payment In-Progress,-2.038942718672355,0.08968199496682684,0,Low - Normal Pattern,No early cost-pattern anomaly against completed-works category norms.
EW-001796,Uttar Pradesh,JAUNPUR,BABU SINGH KUSHWAHA,JAUNPUR(DISTRICT MAGISTRATE JAUNPUR_IDA),JAUNPUR,Street lights,22-Jul-2026,19992.0,Payment In-Progress,-2.038942718672355,0.08968199496682684,0,Low - Normal Pattern,No early cost-pattern anomaly against completed-works category norms.
EW-001797,Uttar Pradesh,JAUNPUR,BABU SINGH KUSHWAHA,JAUNPUR(DISTRICT MAGISTRATE JAUNPUR_IDA),JAUNPUR,Street lights,22-Jul-2026,19992.0,Payment In-Progress,-2.038942718672355,0.08968199496682684,0,Low - Normal Pattern,No early cost-pattern anomaly against completed-works category norms.
EW-001798,Uttar Pradesh,JAUNPUR,BABU SINGH KUSHWAHA,JAUNPUR(DISTRICT MAGISTRATE JAUNPUR_IDA),JAUNPUR,Street lights,22-Jul-2026,19992.0,Payment In-Progress,-2.038942718672355,0.08968199496682684,0,Low - Normal Pattern,No early cost-pattern anomaly against completed-works category norms.
EW-001799,Uttar Pradesh,JAUNPUR,BABU SINGH KUSHWAHA,JAUNPUR(DISTRICT MAGISTRATE JAUNPUR_IDA),JAUNPUR,Street lights,22-Jul-2026,19992.0,Payment In-Progress,-2.038942718672355,0.08968199496682684,0,Low - Normal Pattern,No early cost-pattern anomaly against completed-works category norms.
EW-001800,Uttar Pradesh,JAUNPUR,BABU SINGH KUSHWAHA,JAUNPUR(DISTRICT MAGISTRATE JAUNPUR_IDA),JAUNPUR,Street lights,22-Jul-2026,19992.0,Payment In-Progress,-2.038942718672355,0.08968199496682684,0,Low - Normal Pattern,No early cost-pattern anomaly against completed-works category norms.
EW-001801,Uttar Pradesh,JAUNPUR,BABU SINGH KUSHWAHA,JAUNPUR(DISTRICT MAGISTRATE JAUNPUR_IDA),JAUNPUR,Street lights,22-Jul-2026,19992.0,Payment In-Progress,-2.038942718672355,0.08968199496682684,0,Low - Normal Pattern,No early cost-pattern anomaly against completed-works category norms.
EW-001802,Uttar Pradesh,JAUNPUR,BABU SINGH KUSHWAHA,JAUNPUR(DISTRICT MAGISTRATE JAUNPUR_IDA),JAUNPUR,Street lights,22-Jul-2026,19992.0,Payment In-Progress,-2.038942718672355,0.08968199496682684,0,Low - Normal Pattern,No early cost-pattern anomaly against completed-works category norms.
EW-001803,Uttar Pradesh,JAUNPUR,BABU SINGH KUSHWAHA,JAUNPUR(DISTRICT MAGISTRATE JAUNPUR_IDA),JAUNPUR,Street lights,22-Jul-2026,19992.0,Payment In-Progress,-2.038942718672355,0.08968199496682684,0,Low - Normal Pattern,No early cost-pattern anomaly against completed-works category norms.
EW-001804,Uttar Pradesh,JAUNPUR,BABU SINGH KUSHWAHA,JAUNPUR(DISTRICT MAGISTRATE JAUNPUR_IDA),JAUNPUR,Street lights,22-Jul-2026,19992.0,Payment In-Progress,-2.038942718672355,0.08968199496682684,0,Low - Normal Pattern,No early cost-pattern anomaly against completed-works category norms.
EW-001805,Uttar Pradesh,JAUNPUR,BABU SINGH KUSHWAHA,JAUNPUR(DISTRICT MAGISTRATE JAUNPUR_IDA),JAUNPUR,Street lights,22-Jul-2026,19992.0,Payment In-Progress,-2.038942718672355,0.08968199496682684,0,Low - Normal Pattern,No early cost-pattern anomaly against completed-works category norms.
EW-001806,Uttar Pradesh,JAUNPUR,BABU SINGH KUSHWAHA,JAUNPUR(DISTRICT MAGISTRATE JAUNPUR_IDA),JAUNPUR,Street lights,22-Jul-2026,19992.0,Payment In-Progress,-2.038942718672355,0.08968199496682684,0,Low - Normal Pattern,No early cost-pattern anomaly against completed-works category norms.
EW-001807,Uttar Pradesh,JAUNPUR,BABU SINGH KUSHWAHA,JAUNPUR(DISTRICT MAGISTRATE JAUNPUR_IDA),JAUNPUR,Street lights,22-Jul-2026,19992.0,Payment In-Progress,-2.038942718672355,0.08968199496682684,0,Low - Normal Pattern,No early cost-pattern anomaly against completed-works category norms.
EW-001808,Uttar Pradesh,JAUNPUR,BABU SINGH KUSHWAHA,JAUNPUR(DISTRICT MAGISTRATE JAUNPUR_IDA),JAUNPUR,Street lights,22-Jul-2026,19992.0,Payment In-Progress,-2.038942718672355,0.08968199496682684,0,Low - Normal Pattern,No early cost-pattern anomaly against completed-works category norms.
EW-001809,Uttar Pradesh,JAUNPUR,BABU SINGH KUSHWAHA,JAUNPUR(DISTRICT MAGISTRATE JAUNPUR_IDA),JAUNPUR,Street lights,22-Jul-2026,19992.0,Payment In-Progress,-2.038942718672355,0.08968199496682684,0,Low - Normal Pattern,No early cost-pattern anomaly against completed-works category norms.
EW-001810,Uttar Pradesh,JAUNPUR,BABU SINGH KUSHWAHA,JAUNPUR(DISTRICT MAGISTRATE JAUNPUR_IDA),JAUNPUR,Street lights,22-Jul-2026,19992.0,Payment In-Progress,-2.038942718672355,0.08968199496682684,0,Low - Normal Pattern,No early cost-pattern anomaly against completed-works category norms.
EW-001811,Uttar Pradesh,JAUNPUR,BABU SINGH KUSHWAHA,JAUNPUR(DISTRICT MAGISTRATE JAUNPUR_IDA),JAUNPUR,Street lights,22-Jul-2026,19992.0,Payment In-Progress,-2.038942718672355,0.08968199496682684,0,Low - Normal Pattern,No early cost-pattern anomaly against completed-works category norms.
EW-001812,Odisha,SAMBALPUR,DHARMENDRA PRADHAN,SAMBALPUR(DISTRICT COLLECTOR SAMBALPUR_IDA),SAMBALPUR,Construction of public irrigation facilities,01-Sep-2026,7000.0,Payment In-Progress,-5.769023217776795,0.014674020559689386,0,Low - Normal Pattern,No early cost-pattern anomaly against completed-works category norms.
EW-001813,Odisha,KANDHAMAL,SUKANTA KUMAR PANIGRAHI,BOUDH(District Collector Boudh_IDA),BOUDH,"Construction of roads, link roads, pathways or any other road with or without drainage system",17-Aug-2026,3000.0,Payment In-Progress,-6.636130188654271,0.006000000000000004,0,Low - Normal Pattern,No early cost-pattern anomaly against completed-works category norms.
EW-001814,Uttar Pradesh,JAUNPUR,BABU SINGH KUSHWAHA,JAUNPUR(DISTRICT MAGISTRATE JAUNPUR_IDA),JAUNPUR,Street lights,22-Jul-2026,19992.0,Payment In-Progress,-2.038942718672355,0.08968199496682684,0,Low - Normal Pattern,No early cost-pattern anomaly against completed-works category norms.
EW-001815,Jharkhand,DHANBAD,DULU MAHATO,DHANBAD(DEPUTY COMMISSIONER DHANBAD_IDA),DHANBAD,Providing drains and gutters for public drainage,02-Sep-2026,75000.0,Payment In-Progress,-2.8386904389543433,0.1624186562155855,0,Low - Normal Pattern,No early cost-pattern anomaly against completed-works category norms.
EW-001816,Jharkhand,DHANBAD,DULU MAHATO,DHANBAD(DEPUTY COMMISSIONER DHANBAD_IDA),DHANBAD,Construction of common work sheds/ common covered sitting area,02-Sep-2026,175000.0,Payment In-Progress,-1.1612459155849004,0.5933108440270547,0,Low - Normal Pattern,No early cost-pattern anomaly against completed-works category norms.
EW-001817,Jharkhand,DHANBAD,DULU MAHATO,DHANBAD(DEPUTY COMMISSIONER DHANBAD_IDA),DHANBAD,"Construction of roads, link roads, pathways or any other road with or without drainage system",02-Sep-2026,200000.0,Payment In-Progress,-1.1885515183145698,0.40000000000000024,0,Low - Normal Pattern,No early cost-pattern anomaly against completed-works category norms.
EW-001818,Jharkhand,DHANBAD,DULU MAHATO,DHANBAD(DEPUTY COMMISSIONER DHANBAD_IDA),DHANBAD,Construction of public staircase/ stair ghat for public convenience,02-Sep-2026,125000.0,Payment In-Progress,0.0,0.12314604453858759,0,Low - Normal Pattern,No early cost-pattern anomaly against completed-works category norms.
EW-001819,Jharkhand,DHANBAD,DULU MAHATO,DHANBAD(DEPUTY COMMISSIONER DHANBAD_IDA),DHANBAD,Construction of common work sheds/ common covered sitting area,02-Sep-2026,175000.0,Payment In-Progress,-1.1612459155849004,0.5933108440270547,0,Low - Normal Pattern,No early cost-pattern anomaly against completed-works category norms.
EW-001820,Jharkhand,DHANBAD,DULU MAHATO,DHANBAD(DEPUTY COMMISSIONER DHANBAD_IDA),DHANBAD,Construction of footpaths and pedestrian ways,02-Sep-2026,175000.0,Payment In-Progress,-0.5934914294335581,0.5887893289220608,0,Low - Normal Pattern,No early cost-pattern anomaly against completed-works category norms.
EW-001821,Jharkhand,DHANBAD,DULU MAHATO,DHANBAD(DEPUTY COMMISSIONER DHANBAD_IDA),DHANBAD,Construction of common work sheds/ common covered sitting area,02-Sep-2026,175000.0,Payment In-Progress,-1.1612459155849004,0.5933108440270547,0,Low - Normal Pattern,No early cost-pattern anomaly against completed-works category norms.
EW-001822,Jharkhand,DHANBAD,DULU MAHATO,DHANBAD(DEPUTY COMMISSIONER DHANBAD_IDA),DHANBAD,Construction of public staircase/ stair ghat for public convenience,02-Sep-2026,150000.0,Payment In-Progress,0.0,0.1477752534463051,0,Low - Normal Pattern,No early cost-pattern anomaly against completed-works category norms.
EW-001823,Jharkhand,DHANBAD,DULU MAHATO,DHANBAD(DEPUTY COMMISSIONER DHANBAD_IDA),DHANBAD,"Construction of roads, link roads, pathways or any other road with or without drainage system",02-Sep-2026,100000.0,Payment In-Progress,-2.087656033084599,0.20000000000000012,0,Low - Normal Pattern,No early cost-pattern anomaly against completed-works category norms.
EW-001824,Jharkhand,DHANBAD,DULU MAHATO,DHANBAD(DEPUTY COMMISSIONER DHANBAD_IDA),DHANBAD,Construction of common work sheds/ common covered sitting area,02-Sep-2026,225000.0,Payment In-Progress,-0.6022090095893262,0.7628282280347847,0,Low - Normal Pattern,No early cost-pattern anomaly against completed-works category norms.
EW-001825,Andhra Pradesh,ELURU,Putta Mahesh Kumar,Kakinada(DISTRICT COLLECTOR KAKINADA_IDA),Kakinada,Construction of veterinary hospitals and dispensaries,27-Aug-2026,1097173.0,Payment In-Progress,0.0,1.100905068181135,0,Low - Normal Pattern,No early cost-pattern anomaly against completed-works category norms.
EW-001826,Jharkhand,DHANBAD,DULU MAHATO,DHANBAD(DEPUTY COMMISSIONER DHANBAD_IDA),DHANBAD,"Construction of roads, link roads, pathways or any other road with or without drainage system",02-Sep-2026,200000.0,Payment In-Progress,-1.1885515183145698,0.40000000000000024,0,Low - Normal Pattern,No early cost-pattern anomaly against completed-works category norms.
EW-001827,Jharkhand,DHANBAD,DULU MAHATO,DHANBAD(DEPUTY COMMISSIONER DHANBAD_IDA),DHANBAD,"Construction of roads, link roads, pathways or any other road with or without drainage system",02-Sep-2026,150000.0,Payment In-Progress,-1.561713607715042,0.30000000000000016,0,Low - Normal Pattern,No early cost-pattern anomaly against completed-works category norms.
EW-001828,Jharkhand,DHANBAD,DULU MAHATO,DHANBAD(DEPUTY COMMISSIONER DHANBAD_IDA),DHANBAD,Construction of public staircase/ stair ghat for public convenience,02-Sep-2026,125000.0,Payment In-Progress,0.0,0.12314604453858759,0,Low - Normal Pattern,No early cost-pattern anomaly against completed-works category norms.
EW-001829,Jharkhand,DHANBAD,DULU MAHATO,DHANBAD(DEPUTY COMMISSIONER DHANBAD_IDA),DHANBAD,Providing supply pipelines for drinking water,02-Sep-2026,200000.0,Payment In-Progress,-0.2817770653636217,0.8057173704607904,0,Low - Normal Pattern,No early cost-pattern anomaly against completed-works category norms.
EW-001830,Jharkhand,DHANBAD,DULU MAHATO,DHANBAD(DEPUTY COMMISSIONER DHANBAD_IDA),DHANBAD,"Construction of roads, link roads, pathways or any other road with or without drainage system",02-Sep-2026,200000.0,Payment In-Progress,-1.1885515183145698,0.40000000000000024,0,Low - Normal Pattern,No early cost-pattern anomaly against completed-works category norms.
EW-001831,Jharkhand,DHANBAD,DULU MAHATO,DHANBAD(DEPUTY COMMISSIONER DHANBAD_IDA),DHANBAD,Construction of footpaths and pedestrian ways,02-Sep-2026,140000.0,Payment In-Progress,-0.8435142286540119,0.4710314631376486,0,Low - Normal Pattern,No early cost-pattern anomaly against completed-works category norms.
EW-001832,Jharkhand,DHANBAD,DULU MAHATO,DHANBAD(DEPUTY COMMISSIONER DHANBAD_IDA),DHANBAD,"Construction of roads, link roads, pathways or any other road with or without drainage system",02-Sep-2026,150000.0,Payment In-Progress,-1.561713607715042,0.30000000000000016,0,Low - Normal Pattern,No early cost-pattern anomaly against completed-works category norms.
EW-001833,Jharkhand,DHANBAD,DULU MAHATO,DHANBAD(DEPUTY COMMISSIONER DHANBAD_IDA),DHANBAD,"Construction of roads, link roads, pathways or any other road with or without drainage system",02-Sep-2026,150000.0,Payment In-Progress,-1.561713607715042,0.30000000000000016,0,Low - Normal Pattern,No early cost-pattern anomaly against completed-works category norms.
EW-001834,West Bengal,JHARGRAM(ST),KALIPADA SAREN,Paschim Medinipur(DISTRICT MAGISTRATE PASCHIM MEDINIPUR_IDA),Paschim Medinipur,Construction of stadiums,17-Aug-2026,4881631.0,Payment In-Progress,0.0,6.905343515591403,0,Low - Normal Pattern,No early cost-pattern anomaly against completed-works category norms.
EW-001835,Kerala,ALAPPUZHA,K. C VENUGOPAL,ALAPPUZHA(DISTRICT COLLECTOR ALAPPUZHA_IDA),ALAPPUZHA,Purchase of vans and buses for educational institutions,03-Sep-2026,1601555.0,Payment In-Progress,0.0,0.6673633209705352,0,Low - Normal Pattern,No early cost-pattern anomaly against completed-works category norms.
EW-001836,Jharkhand,DHANBAD,DULU MAHATO,BOKARO(DEPUTY COMMISSIONER BOKARO_IDA),BOKARO,Installing tube-wells and borewells,03-Sep-2026,243750.0,Payment In-Progress,0.3675050524883889,1.112879099563202,0,Low - Normal Pattern,No early cost-pattern anomaly against completed-works category norms.
EW-001837,Jharkhand,DHANBAD,DULU MAHATO,BOKARO(DEPUTY COMMISSIONER BOKARO_IDA),BOKARO,Installing tube-wells and borewells,03-Sep-2026,243750.0,Payment In-Progress,0.3675050524883889,1.112879099563202,0,Low - Normal Pattern,No early cost-pattern anomaly against completed-works category norms.
EW-001838,Jharkhand,DHANBAD,DULU MAHATO,BOKARO(DEPUTY COMMISSIONER BOKARO_IDA),BOKARO,Installing tube-wells and borewells,02-Sep-2026,243750.0,Payment In-Progress,0.3675050524883889,1.112879099563202,0,Low - Normal Pattern,No early cost-pattern anomaly against completed-works category norms.
EW-001839,Jharkhand,DHANBAD,DULU MAHATO,BOKARO(DEPUTY COMMISSIONER BOKARO_IDA),BOKARO,Construction of footpaths and pedestrian ways,02-Sep-2026,219000.0,Payment In-Progress,-0.3421888388662953,0.7368277887653217,0,Low - Normal Pattern,No early cost-pattern anomaly against completed-works category norms.
EW-001840,Jharkhand,DHANBAD,DULU MAHATO,BOKARO(DEPUTY COMMISSIONER BOKARO_IDA),BOKARO,Construction of public staircase/ stair ghat for public convenience,02-Sep-2026,243750.0,Payment In-Progress,0.0,0.24013478685024578,0,Low - Normal Pattern,No early cost-pattern anomaly against completed-works category norms.
EW-001841,Jharkhand,DHANBAD,DULU MAHATO,BOKARO(DEPUTY COMMISSIONER BOKARO_IDA),BOKARO,Installing tube-wells and borewells,02-Sep-2026,243750.0,Payment In-Progress,0.3675050524883889,1.112879099563202,0,Low - Normal Pattern,No early cost-pattern anomaly against completed-works category norms.
EW-001842,Jharkhand,DHANBAD,DULU MAHATO,BOKARO(DEPUTY COMMISSIONER BOKARO_IDA),BOKARO,Construction of public staircase/ stair ghat for public convenience,03-Sep-2026,243750.0,Payment In-Progress,0.0,0.24013478685024578,0,Low - Normal Pattern,No early cost-pattern anomaly against completed-works category norms.
EW-001843,Jharkhand,DHANBAD,DULU MAHATO,BOKARO(DEPUTY COMMISSIONER BOKARO_IDA),BOKARO,"Construction of roads, link roads, pathways or any other road with or without drainage system",03-Sep-2026,262500.0,Payment In-Progress,-0.8358171522712452,0.5250000000000004,0,Low - Normal Pattern,No early cost-pattern anomaly against completed-works category norms.
EW-001844,Jharkhand,DHANBAD,DULU MAHATO,BOKARO(DEPUTY COMMISSIONER BOKARO_IDA),BOKARO,"Construction of roads, link roads, pathways or any other road with or without drainage system",03-Sep-2026,262500.0,Payment In-Progress,-0.8358171522712452,0.5250000000000004,0,Low - Normal Pattern,No early cost-pattern anomaly against completed-works category norms.
EW-001845,Jharkhand,DHANBAD,DULU MAHATO,BOKARO(DEPUTY COMMISSIONER BOKARO_IDA),BOKARO,"Construction of roads, link roads, pathways or any other road with or without drainage system",03-Sep-2026,225000.0,Payment In-Progress,-1.0357711823454825,0.4500000000000003,0,Low - Normal Pattern,No early cost-pattern anomaly against completed-works category norms.
EW-001846,Jharkhand,DHANBAD,DULU MAHATO,BOKARO(DEPUTY COMMISSIONER BOKARO_IDA),BOKARO,"Construction of roads, link roads, pathways or any other road with or without drainage system",03-Sep-2026,225000.0,Payment In-Progress,-1.0357711823454825,0.4500000000000003,0,Low - Normal Pattern,No early cost-pattern anomaly against completed-works category norms.
EW-001847,Jharkhand,DHANBAD,DULU MAHATO,BOKARO(DEPUTY COMMISSIONER BOKARO_IDA),BOKARO,"Construction of roads, link roads, pathways or any other road with or without drainage system",03-Sep-2026,225000.0,Payment In-Progress,-1.0357711823454825,0.4500000000000003,0,Low - Normal Pattern,No early cost-pattern anomaly against completed-works category norms.
EW-001848,Jharkhand,DHANBAD,DULU MAHATO,BOKARO(DEPUTY COMMISSIONER BOKARO_IDA),BOKARO,Construction of public staircase/ stair ghat for public convenience,03-Sep-2026,225000.0,Payment In-Progress,0.0,0.22166288016945765,0,Low - Normal Pattern,No early cost-pattern anomaly against completed-works category norms.
EW-001849,Jharkhand,DHANBAD,DULU MAHATO,BOKARO(DEPUTY COMMISSIONER BOKARO_IDA),BOKARO,Construction of footpaths and pedestrian ways,03-Sep-2026,219000.0,Payment In-Progress,-0.3421888388662953,0.7368277887653217,0,Low - Normal Pattern,No early cost-pattern anomaly against completed-works category norms.
EW-001850,Jharkhand,DHANBAD,DULU MAHATO,BOKARO(DEPUTY COMMISSIONER BOKARO_IDA),BOKARO,Installing tube-wells and borewells,03-Sep-2026,243750.0,Payment In-Progress,0.3675050524883889,1.112879099563202,0,Low - Normal Pattern,No early cost-pattern anomaly against completed-works category norms.
EW-001851,Jharkhand,DHANBAD,DULU MAHATO,BOKARO(DEPUTY COMMISSIONER BOKARO_IDA),BOKARO,Installing tube-wells and borewells,03-Sep-2026,243750.0,Payment In-Progress,0.3675050524883889,1.112879099563202,0,Low - Normal Pattern,No early cost-pattern anomaly against completed-works category norms.
EW-001852,Jharkhand,DHANBAD,DULU MAHATO,BOKARO(DEPUTY COMMISSIONER BOKARO_IDA),BOKARO,Installing tube-wells and borewells,03-Sep-2026,243750.0,Payment In-Progress,0.3675050524883889,1.112879099563202,0,Low - Normal Pattern,No early cost-pattern anomaly against completed-works category norms.
EW-001853,Jharkhand,DHANBAD,DULU MAHATO,BOKARO(DEPUTY COMMISSIONER BOKARO_IDA),BOKARO,Construction of community centers and community halls,03-Sep-2026,750000.0,Payment In-Progress,0.5498190244748907,1.5090634349905523,0,Low - Normal Pattern,No early cost-pattern anomaly against completed-works category norms.
EW-001854,Jharkhand,DHANBAD,DULU MAHATO,BOKARO(DEPUTY COMMISSIONER BOKARO_IDA),BOKARO,"Construction of roads, link roads, pathways or any other road with or without drainage system",03-Sep-2026,262500.0,Payment In-Progress,-0.8358171522712452,0.5250000000000004,0,Low - Normal Pattern,No early cost-pattern anomaly against completed-works category norms.
EW-001855,Uttar Pradesh,JAUNPUR,BABU SINGH KUSHWAHA,JAUNPUR(DISTRICT MAGISTRATE JAUNPUR_IDA),JAUNPUR,Street lights,22-Jul-2026,19992.0,Payment In-Progress,-2.038942718672355,0.08968199496682684,0,Low - Normal Pattern,No early cost-pattern anomaly against completed-works category norms.
EW-001856,Uttar Pradesh,JAUNPUR,BABU SINGH KUSHWAHA,JAUNPUR(DISTRICT MAGISTRATE JAUNPUR_IDA),JAUNPUR,Street lights,22-Jul-2026,19992.0,Payment In-Progress,-2.038942718672355,0.08968199496682684,0,Low - Normal Pattern,No early cost-pattern anomaly against completed-works category norms.
EW-001857,Uttar Pradesh,LUCKNOW,Rajnath Singh,LUCKNOW(DISTRICT MAGISTRAE LUCKNOW_IDA),LUCKNOW,"Construction of roads, link roads, pathways or any other road with or without drainage system",08-Aug-2026,133800.0,Payment In-Progress,-1.7099619024514563,0.26760000000000017,0,Low - Normal Pattern,No early cost-pattern anomaly against completed-works category norms.
EW-001858,Uttar Pradesh,JAUNPUR,BABU SINGH KUSHWAHA,JAUNPUR(DISTRICT MAGISTRATE JAUNPUR_IDA),JAUNPUR,Street lights,23-Jul-2026,18044.0,Payment In-Progress,-2.1256238688456,0.08094347324837053,0,Low - Normal Pattern,No early cost-pattern anomaly against completed-works category norms.
EW-001859,Uttar Pradesh,JAUNPUR,BABU SINGH KUSHWAHA,JAUNPUR(DISTRICT MAGISTRATE JAUNPUR_IDA),JAUNPUR,Street lights,22-Jul-2026,19992.0,Payment In-Progress,-2.038942718672355,0.08968199496682684,0,Low - Normal Pattern,No early cost-pattern anomaly against completed-works category norms.
EW-001860,Uttar Pradesh,JAUNPUR,BABU SINGH KUSHWAHA,JAUNPUR(DISTRICT MAGISTRATE JAUNPUR_IDA),JAUNPUR,Street lights,23-Jul-2026,18044.0,Payment In-Progress,-2.1256238688456,0.08094347324837053,0,Low - Normal Pattern,No early cost-pattern anomaly against completed-works category norms.
EW-001861,Uttar Pradesh,JAUNPUR,BABU SINGH KUSHWAHA,JAUNPUR(DISTRICT MAGISTRATE JAUNPUR_IDA),JAUNPUR,Street lights,23-Jul-2026,18044.0,Payment In-Progress,-2.1256238688456,0.08094347324837053,0,Low - Normal Pattern,No early cost-pattern anomaly against completed-works category norms.
EW-001862,Uttar Pradesh,JAUNPUR,BABU SINGH KUSHWAHA,JAUNPUR(DISTRICT MAGISTRATE JAUNPUR_IDA),JAUNPUR,Street lights,23-Jul-2026,18044.0,Payment In-Progress,-2.1256238688456,0.08094347324837053,0,Low - Normal Pattern,No early cost-pattern anomaly against completed-works category norms.
EW-001863,Uttar Pradesh,JAUNPUR,BABU SINGH KUSHWAHA,JAUNPUR(DISTRICT MAGISTRATE JAUNPUR_IDA),JAUNPUR,Street lights,23-Jul-2026,18044.0,Payment In-Progress,-2.1256238688456,0.08094347324837053,0,Low - Normal Pattern,No early cost-pattern anomaly against completed-works category norms.
EW-001864,Uttar Pradesh,JAUNPUR,BABU SINGH KUSHWAHA,JAUNPUR(DISTRICT MAGISTRATE JAUNPUR_IDA),JAUNPUR,Street lights,23-Jul-2026,18044.0,Payment In-Progress,-2.1256238688456,0.08094347324837053,0,Low - Normal Pattern,No early cost-pattern anomaly against completed-works category norms.
EW-001865,Uttar Pradesh,JAUNPUR,BABU SINGH KUSHWAHA,JAUNPUR(DISTRICT MAGISTRATE JAUNPUR_IDA),JAUNPUR,Street lights,23-Jul-2026,18044.0,Payment In-Progress,-2.1256238688456,0.08094347324837053,0,Low - Normal Pattern,No early cost-pattern anomaly against completed-works category norms.
EW-001866,Uttar Pradesh,JAUNPUR,BABU SINGH KUSHWAHA,JAUNPUR(DISTRICT MAGISTRATE JAUNPUR_IDA),JAUNPUR,Street lights,23-Jul-2026,18044.0,Payment In-Progress,-2.1256238688456,0.08094347324837053,0,Low - Normal Pattern,No early cost-pattern anomaly against completed-works category norms.
EW-001867,Uttar Pradesh,JAUNPUR,BABU SINGH KUSHWAHA,JAUNPUR(DISTRICT MAGISTRATE JAUNPUR_IDA),JAUNPUR,Street lights,23-Jul-2026,18044.0,Payment In-Progress,-2.1256238688456,0.08094347324837053,0,Low - Normal Pattern,No early cost-pattern anomaly against completed-works category norms.
EW-001868,Uttar Pradesh,JAUNPUR,BABU SINGH KUSHWAHA,JAUNPUR(DISTRICT MAGISTRATE JAUNPUR_IDA),JAUNPUR,Street lights,23-Jul-2026,18044.0,Payment In-Progress,-2.1256238688456,0.08094347324837053,0,Low - Normal Pattern,No early cost-pattern anomaly against completed-works category norms.
EW-001869,Uttar Pradesh,JAUNPUR,BABU SINGH KUSHWAHA,JAUNPUR(DISTRICT MAGISTRATE JAUNPUR_IDA),JAUNPUR,Street lights,23-Jul-2026,18044.0,Payment In-Progress,-2.1256238688456,0.08094347324837053,0,Low - Normal Pattern,No early cost-pattern anomaly against completed-works category norms.
EW-001870,Uttar Pradesh,JAUNPUR,BABU SINGH KUSHWAHA,JAUNPUR(DISTRICT MAGISTRATE JAUNPUR_IDA),JAUNPUR,Street lights,23-Jul-2026,18044.0,Payment In-Progress,-2.1256238688456,0.08094347324837053,0,Low - Normal Pattern,No early cost-pattern anomaly against completed-works category norms.
EW-001871,Uttar Pradesh,JAUNPUR,BABU SINGH KUSHWAHA,JAUNPUR(DISTRICT MAGISTRATE JAUNPUR_IDA),JAUNPUR,Street lights,23-Jul-2026,18044.0,Payment In-Progress,-2.1256238688456,0.08094347324837053,0,Low - Normal Pattern,No early cost-pattern anomaly against completed-works category norms.
EW-001872,Uttar Pradesh,JAUNPUR,BABU SINGH KUSHWAHA,JAUNPUR(DISTRICT MAGISTRATE JAUNPUR_IDA),JAUNPUR,Street lights,23-Jul-2026,18044.0,Payment In-Progress,-2.1256238688456,0.08094347324837053,0,Low - Normal Pattern,No early cost-pattern anomaly against completed-works category norms.
EW-001873,Uttar Pradesh,JAUNPUR,BABU SINGH KUSHWAHA,JAUNPUR(DISTRICT MAGISTRATE JAUNPUR_IDA),JAUNPUR,Street lights,23-Jul-2026,18044.0,Payment In-Progress,-2.1256238688456,0.08094347324837053,0,Low - Normal Pattern,No early cost-pattern anomaly against completed-works category norms.
EW-001874,Uttar Pradesh,JAUNPUR,BABU SINGH KUSHWAHA,JAUNPUR(DISTRICT MAGISTRATE JAUNPUR_IDA),JAUNPUR,Street lights,23-Jul-2026,18044.0,Payment In-Progress,-2.1256238688456,0.08094347324837053,0,Low - Normal Pattern,No early cost-pattern anomaly against completed-works category norms.
EW-001875,Uttar Pradesh,JAUNPUR,BABU SINGH KUSHWAHA,JAUNPUR(DISTRICT MAGISTRATE JAUNPUR_IDA),JAUNPUR,Street lights,23-Jul-2026,18044.0,Payment In-Progress,-2.1256238688456,0.08094347324837053,0,Low - Normal Pattern,No early cost-pattern anomaly against completed-works category norms.
EW-001876,Uttar Pradesh,JAUNPUR,BABU SINGH KUSHWAHA,JAUNPUR(DISTRICT MAGISTRATE JAUNPUR_IDA),JAUNPUR,Street lights,23-Jul-2026,18044.0,Payment In-Progress,-2.1256238688456,0.08094347324837053,0,Low - Normal Pattern,No early cost-pattern anomaly against completed-works category norms.
EW-001877,Uttar Pradesh,JAUNPUR,BABU SINGH KUSHWAHA,JAUNPUR(DISTRICT MAGISTRATE JAUNPUR_IDA),JAUNPUR,Street lights,22-Jul-2026,19992.0,Payment In-Progress,-2.038942718672355,0.08968199496682684,0,Low - Normal Pattern,No early cost-pattern anomaly against completed-works category norms.
EW-001878,Uttar Pradesh,JAUNPUR,BABU SINGH KUSHWAHA,JAUNPUR(DISTRICT MAGISTRATE JAUNPUR_IDA),JAUNPUR,Street lights,22-Jul-2026,19992.0,Payment In-Progress,-2.038942718672355,0.08968199496682684,0,Low - Normal Pattern,No early cost-pattern anomaly against completed-works category norms.
EW-001879,Uttar Pradesh,JAUNPUR,BABU SINGH KUSHWAHA,JAUNPUR(DISTRICT MAGISTRATE JAUNPUR_IDA),JAUNPUR,Street lights,22-Jul-2026,19992.0,Payment In-Progress,-2.038942718672355,0.08968199496682684,0,Low - Normal Pattern,No early cost-pattern anomaly against completed-works category norms.
EW-001880,Uttar Pradesh,JAUNPUR,BABU SINGH KUSHWAHA,JAUNPUR(DISTRICT MAGISTRATE JAUNPUR_IDA),JAUNPUR,Street lights,22-Jul-2026,19992.0,Payment In-Progress,-2.038942718672355,0.08968199496682684,0,Low - Normal Pattern,No early cost-pattern anomaly against completed-works category norms.
EW-001881,Uttar Pradesh,GHAZIABAD,ATUL GARG,GHAZIABAD(DISTRICT MAGISTRAE GHAZIABAD_IDA),GHAZIABAD,"Construction of roads, link roads, pathways or any other road with or without drainage system",04-Aug-2026,498309.0,Payment In-Progress,-0.004394340944881518,0.9966180000000006,0,Low - Normal Pattern,No early cost-pattern anomaly against completed-works category norms.
EW-001882,Karnataka,CHITRADURGA(SC),GOVIND MAKTHAPPA KARJOL,CHITRADURGA(DEPUTY COMMISSIONER CHITRADURGA_IDA),CHITRADURGA,Construction of additional rooms and halls in the existing public and community building,31-Aug-2026,375000.0,Payment In-Progress,-0.2799427932635791,0.7500000000000004,0,Low - Normal Pattern,No early cost-pattern anomaly against completed-works category norms.
EW-001883,Madhya Pradesh,KHARGONE(ST),Gajendra Singh Patel,BARWANI(DISTRICT COLLECTOR BADWANI_IDA),BARWANI,Construction of common work sheds/ common covered sitting area,31-Aug-2026,99254.0,Payment In-Progress,-2.4227410456857235,0.3365055686460645,0,Low - Normal Pattern,No early cost-pattern anomaly against completed-works category norms.
EW-001884,Odisha,SUNDARGARH (ST),Shri Jual Oram,Sundaragada(DISTRICT COLLECTOR SUNDARGARH_IDA),Sundaragada,Construction of community centers and community halls,31-Aug-2026,2000.0,Payment In-Progress,-7.369554202632617,0.004024169159974806,0,Low - Normal Pattern,No early cost-pattern anomaly against completed-works category norms.
EW-001885,Uttarakhand,ALMORA(SC),Ajay Tamta,ALMORA(DISTRICT MAGISTRATE ALMORA_IDA),ALMORA,Construction of footpaths and pedestrian ways,03-Sep-2026,122244.0,Payment In-Progress,-0.9954744162142884,0.4112912155699908,0,Low - Normal Pattern,No early cost-pattern anomaly against completed-works category norms.
EW-001886,Uttar Pradesh,JAUNPUR,BABU SINGH KUSHWAHA,JAUNPUR(DISTRICT MAGISTRATE JAUNPUR_IDA),JAUNPUR,Street lights,18-Aug-2026,19992.0,Payment In-Progress,-2.038942718672355,0.08968199496682684,0,Low - Normal Pattern,No early cost-pattern anomaly against completed-works category norms.
EW-001887,Uttar Pradesh,JAUNPUR,BABU SINGH KUSHWAHA,JAUNPUR(DISTRICT MAGISTRATE JAUNPUR_IDA),JAUNPUR,Street lights,18-Aug-2026,19992.0,Payment In-Progress,-2.038942718672355,0.08968199496682684,0,Low - Normal Pattern,No early cost-pattern anomaly against completed-works category norms.
EW-001888,Uttar Pradesh,JAUNPUR,BABU SINGH KUSHWAHA,JAUNPUR(DISTRICT MAGISTRATE JAUNPUR_IDA),JAUNPUR,Street lights,18-Aug-2026,19992.0,Payment In-Progress,-2.038942718672355,0.08968199496682684,0,Low - Normal Pattern,No early cost-pattern anomaly against completed-works category norms.
EW-001889,Uttar Pradesh,JAUNPUR,BABU SINGH KUSHWAHA,JAUNPUR(DISTRICT MAGISTRATE JAUNPUR_IDA),JAUNPUR,Street lights,23-Jul-2026,19992.0,Payment In-Progress,-2.038942718672355,0.08968199496682684,0,Low - Normal Pattern,No early cost-pattern anomaly against completed-works category norms.
EW-001890,Uttar Pradesh,JAUNPUR,BABU SINGH KUSHWAHA,JAUNPUR(DISTRICT MAGISTRATE JAUNPUR_IDA),JAUNPUR,Street lights,23-Jul-2026,19992.0,Payment In-Progress,-2.038942718672355,0.08968199496682684,0,Low - Normal Pattern,No early cost-pattern anomaly against completed-works category norms.
EW-001891,Uttar Pradesh,JAUNPUR,BABU SINGH KUSHWAHA,JAUNPUR(DISTRICT MAGISTRATE JAUNPUR_IDA),JAUNPUR,Street lights,23-Jul-2026,19992.0,Payment In-Progress,-2.038942718672355,0.08968199496682684,0,Low - Normal Pattern,No early cost-pattern anomaly against completed-works category norms.
EW-001892,Uttar Pradesh,JAUNPUR,BABU SINGH KUSHWAHA,JAUNPUR(DISTRICT MAGISTRATE JAUNPUR_IDA),JAUNPUR,Street lights,23-Jul-2026,19992.0,Payment In-Progress,-2.038942718672355,0.08968199496682684,0,Low - Normal Pattern,No early cost-pattern anomaly against completed-works category norms.
EW-001893,Uttar Pradesh,JAUNPUR,BABU SINGH KUSHWAHA,JAUNPUR(DISTRICT MAGISTRATE JAUNPUR_IDA),JAUNPUR,Street lights,23-Jul-2026,19992.0,Payment In-Progress,-2.038942718672355,0.08968199496682684,0,Low - Normal Pattern,No early cost-pattern anomaly against completed-works category norms.
EW-001894,Uttar Pradesh,JAUNPUR,BABU SINGH KUSHWAHA,JAUNPUR(DISTRICT MAGISTRATE JAUNPUR_IDA),JAUNPUR,Street lights,23-Jul-2026,19992.0,Payment In-Progress,-2.038942718672355,0.08968199496682684,0,Low - Normal Pattern,No early cost-pattern anomaly against completed-works category norms.
EW-001895,Uttar Pradesh,JAUNPUR,BABU SINGH KUSHWAHA,JAUNPUR(DISTRICT MAGISTRATE JAUNPUR_IDA),JAUNPUR,Street lights,23-Jul-2026,19992.0,Payment In-Progress,-2.038942718672355,0.08968199496682684,0,Low - Normal Pattern,No early cost-pattern anomaly against completed-works category norms.
EW-001896,Uttar Pradesh,JAUNPUR,BABU SINGH KUSHWAHA,JAUNPUR(DISTRICT MAGISTRATE JAUNPUR_IDA),JAUNPUR,Street lights,23-Jul-2026,19992.0,Payment In-Progress,-2.038942718672355,0.08968199496682684,0,Low - Normal Pattern,No early cost-pattern anomaly against completed-works category norms.
EW-001897,Uttar Pradesh,JAUNPUR,BABU SINGH KUSHWAHA,JAUNPUR(DISTRICT MAGISTRATE JAUNPUR_IDA),JAUNPUR,Street lights,23-Jul-2026,19992.0,Payment In-Progress,-2.038942718672355,0.08968199496682684,0,Low - Normal Pattern,No early cost-pattern anomaly against completed-works category norms.
EW-001898,Uttar Pradesh,JAUNPUR,BABU SINGH KUSHWAHA,JAUNPUR(DISTRICT MAGISTRATE JAUNPUR_IDA),JAUNPUR,Street lights,23-Jul-2026,18044.0,Payment In-Progress,-2.1256238688456,0.08094347324837053,0,Low - Normal Pattern,No early cost-pattern anomaly against completed-works category norms.
EW-001899,Uttar Pradesh,JAUNPUR,BABU SINGH KUSHWAHA,JAUNPUR(DISTRICT MAGISTRATE JAUNPUR_IDA),JAUNPUR,Street lights,23-Jul-2026,18044.0,Payment In-Progress,-2.1256238688456,0.08094347324837053,0,Low - Normal Pattern,No early cost-pattern anomaly against completed-works category norms.
EW-001900,Uttar Pradesh,JAUNPUR,BABU SINGH KUSHWAHA,JAUNPUR(DISTRICT MAGISTRATE JAUNPUR_IDA),JAUNPUR,Street lights,22-Jul-2026,19992.0,Payment In-Progress,-2.038942718672355,0.08968199496682684,0,Low - Normal Pattern,No early cost-pattern anomaly against completed-works category norms.
EW-001901,Uttar Pradesh,JAUNPUR,BABU SINGH KUSHWAHA,JAUNPUR(DISTRICT MAGISTRATE JAUNPUR_IDA),JAUNPUR,Street lights,22-Jul-2026,19992.0,Payment In-Progress,-2.038942718672355,0.08968199496682684,0,Low - Normal Pattern,No early cost-pattern anomaly against completed-works category norms.
EW-001902,Uttar Pradesh,JAUNPUR,BABU SINGH KUSHWAHA,JAUNPUR(DISTRICT MAGISTRATE JAUNPUR_IDA),JAUNPUR,Street lights,21-Jul-2026,19992.0,Payment In-Progress,-2.038942718672355,0.08968199496682684,0,Low - Normal Pattern,No early cost-pattern anomaly against completed-works category norms.
EW-001903,Uttar Pradesh,JAUNPUR,BABU SINGH KUSHWAHA,JAUNPUR(DISTRICT MAGISTRATE JAUNPUR_IDA),JAUNPUR,Street lights,21-Jul-2026,19992.0,Payment In-Progress,-2.038942718672355,0.08968199496682684,0,Low - Normal Pattern,No early cost-pattern anomaly against completed-works category norms.
EW-001904,Uttar Pradesh,JAUNPUR,BABU SINGH KUSHWAHA,JAUNPUR(DISTRICT MAGISTRATE JAUNPUR_IDA),JAUNPUR,Street lights,21-Jul-2026,19992.0,Payment In-Progress,-2.038942718672355,0.08968199496682684,0,Low - Normal Pattern,No early cost-pattern anomaly against completed-works category norms.
EW-001905,Uttar Pradesh,JAUNPUR,BABU SINGH KUSHWAHA,JAUNPUR(DISTRICT MAGISTRATE JAUNPUR_IDA),JAUNPUR,Street lights,21-Jul-2026,19992.0,Payment In-Progress,-2.038942718672355,0.08968199496682684,0,Low - Normal Pattern,No early cost-pattern anomaly against completed-works category norms.
EW-001906,Uttar Pradesh,JAUNPUR,BABU SINGH KUSHWAHA,JAUNPUR(DISTRICT MAGISTRATE JAUNPUR_IDA),JAUNPUR,Street lights,21-Jul-2026,19992.0,Payment In-Progress,-2.038942718672355,0.08968199496682684,0,Low - Normal Pattern,No early cost-pattern anomaly against completed-works category norms.
EW-001907,Uttar Pradesh,JAUNPUR,BABU SINGH KUSHWAHA,JAUNPUR(DISTRICT MAGISTRATE JAUNPUR_IDA),JAUNPUR,Street lights,21-Jul-2026,19992.0,Payment In-Progress,-2.038942718672355,0.08968199496682684,0,Low - Normal Pattern,No early cost-pattern anomaly against completed-works category norms.
EW-001908,Uttar Pradesh,JAUNPUR,BABU SINGH KUSHWAHA,JAUNPUR(DISTRICT MAGISTRATE JAUNPUR_IDA),JAUNPUR,Street lights,21-Jul-2026,19992.0,Payment In-Progress,-2.038942718672355,0.08968199496682684,0,Low - Normal Pattern,No early cost-pattern anomaly against completed-works category norms.
EW-001909,Uttar Pradesh,JAUNPUR,BABU SINGH KUSHWAHA,JAUNPUR(DISTRICT MAGISTRATE JAUNPUR_IDA),JAUNPUR,Street lights,21-Jul-2026,19992.0,Payment In-Progress,-2.038942718672355,0.08968199496682684,0,Low - Normal Pattern,No early cost-pattern anomaly against completed-works category norms.
EW-001910,Uttar Pradesh,JAUNPUR,BABU SINGH KUSHWAHA,JAUNPUR(DISTRICT MAGISTRATE JAUNPUR_IDA),JAUNPUR,Street lights,22-Jul-2026,19992.0,Payment In-Progress,-2.038942718672355,0.08968199496682684,0,Low - Normal Pattern,No early cost-pattern anomaly against completed-works category norms.
EW-001911,Uttar Pradesh,JAUNPUR,BABU SINGH KUSHWAHA,JAUNPUR(DISTRICT MAGISTRATE JAUNPUR_IDA),JAUNPUR,Street lights,23-Jul-2026,18044.0,Payment In-Progress,-2.1256238688456,0.08094347324837053,0,Low - Normal Pattern,No early cost-pattern anomaly against completed-works category norms.
EW-001912,Uttar Pradesh,JAUNPUR,BABU SINGH KUSHWAHA,JAUNPUR(DISTRICT MAGISTRATE JAUNPUR_IDA),JAUNPUR,Street lights,22-Jul-2026,19992.0,Payment In-Progress,-2.038942718672355,0.08968199496682684,0,Low - Normal Pattern,No early cost-pattern anomaly against completed-works category norms.
EW-001913,Uttar Pradesh,JAUNPUR,BABU SINGH KUSHWAHA,JAUNPUR(DISTRICT MAGISTRATE JAUNPUR_IDA),JAUNPUR,Street lights,22-Jul-2026,19992.0,Payment In-Progress,-2.038942718672355,0.08968199496682684,0,Low - Normal Pattern,No early cost-pattern anomaly against completed-works category norms.
EW-001914,Uttar Pradesh,JAUNPUR,BABU SINGH KUSHWAHA,JAUNPUR(DISTRICT MAGISTRATE JAUNPUR_IDA),JAUNPUR,Street lights,22-Jul-2026,19992.0,Payment In-Progress,-2.038942718672355,0.08968199496682684,0,Low - Normal Pattern,No early cost-pattern anomaly against completed-works category norms.
EW-001915,Uttar Pradesh,JAUNPUR,BABU SINGH KUSHWAHA,JAUNPUR(DISTRICT MAGISTRATE JAUNPUR_IDA),JAUNPUR,Street lights,22-Jul-2026,19992.0,Payment In-Progress,-2.038942718672355,0.08968199496682684,0,Low - Normal Pattern,No early cost-pattern anomaly against completed-works category norms.
EW-001916,Uttar Pradesh,JAUNPUR,BABU SINGH KUSHWAHA,JAUNPUR(DISTRICT MAGISTRATE JAUNPUR_IDA),JAUNPUR,Street lights,22-Jul-2026,19992.0,Payment In-Progress,-2.038942718672355,0.08968199496682684,0,Low - Normal Pattern,No early cost-pattern anomaly against completed-works category norms.
EW-001917,Uttar Pradesh,JAUNPUR,BABU SINGH KUSHWAHA,JAUNPUR(DISTRICT MAGISTRATE JAUNPUR_IDA),JAUNPUR,Street lights,22-Jul-2026,19992.0,Payment In-Progress,-2.038942718672355,0.08968199496682684,0,Low - Normal Pattern,No early cost-pattern anomaly against completed-works category norms.
EW-001918,Uttar Pradesh,JAUNPUR,BABU SINGH KUSHWAHA,JAUNPUR(DISTRICT MAGISTRATE JAUNPUR_IDA),JAUNPUR,Street lights,22-Jul-2026,19992.0,Payment In-Progress,-2.038942718672355,0.08968199496682684,0,Low - Normal Pattern,No early cost-pattern anomaly against completed-works category norms.
EW-001919,Uttar Pradesh,JAUNPUR,BABU SINGH KUSHWAHA,JAUNPUR(DISTRICT MAGISTRATE JAUNPUR_IDA),JAUNPUR,Street lights,22-Jul-2026,19992.0,Payment In-Progress,-2.038942718672355,0.08968199496682684,0,Low - Normal Pattern,No early cost-pattern anomaly against completed-works category norms.
EW-001920,Uttar Pradesh,JAUNPUR,BABU SINGH KUSHWAHA,JAUNPUR(DISTRICT MAGISTRATE JAUNPUR_IDA),JAUNPUR,Street lights,21-Jul-2026,19992.0,Payment In-Progress,-2.038942718672355,0.08968199496682684,0,Low - Normal Pattern,No early cost-pattern anomaly against completed-works category norms.
EW-001921,Uttar Pradesh,JAUNPUR,BABU SINGH KUSHWAHA,JAUNPUR(DISTRICT MAGISTRATE JAUNPUR_IDA),JAUNPUR,Street lights,21-Jul-2026,19992.0,Payment In-Progress,-2.038942718672355,0.08968199496682684,0,Low - Normal Pattern,No early cost-pattern anomaly against completed-works category norms.
EW-001922,Uttar Pradesh,JAUNPUR,BABU SINGH KUSHWAHA,JAUNPUR(DISTRICT MAGISTRATE JAUNPUR_IDA),JAUNPUR,Street lights,21-Jul-2026,19992.0,Payment In-Progress,-2.038942718672355,0.08968199496682684,0,Low - Normal Pattern,No early cost-pattern anomaly against completed-works category norms.
EW-001923,Uttar Pradesh,JAUNPUR,BABU SINGH KUSHWAHA,JAUNPUR(DISTRICT MAGISTRATE JAUNPUR_IDA),JAUNPUR,Street lights,21-Jul-2026,19992.0,Payment In-Progress,-2.038942718672355,0.08968199496682684,0,Low - Normal Pattern,No early cost-pattern anomaly against completed-works category norms.
EW-001924,Uttar Pradesh,JAUNPUR,BABU SINGH KUSHWAHA,JAUNPUR(DISTRICT MAGISTRATE JAUNPUR_IDA),JAUNPUR,Street lights,23-Jul-2026,18044.0,Payment In-Progress,-2.1256238688456,0.08094347324837053,0,Low - Normal Pattern,No early cost-pattern anomaly against completed-works category norms.
EW-001925,Uttar Pradesh,JAUNPUR,BABU SINGH KUSHWAHA,JAUNPUR(DISTRICT MAGISTRATE JAUNPUR_IDA),JAUNPUR,Street lights,23-Jul-2026,18044.0,Payment In-Progress,-2.1256238688456,0.08094347324837053,0,Low - Normal Pattern,No early cost-pattern anomaly against completed-works category norms.
EW-001926,Uttar Pradesh,JAUNPUR,BABU SINGH KUSHWAHA,JAUNPUR(DISTRICT MAGISTRATE JAUNPUR_IDA),JAUNPUR,Street lights,23-Jul-2026,18044.0,Payment In-Progress,-2.1256238688456,0.08094347324837053,0,Low - Normal Pattern,No early cost-pattern anomaly against completed-works category norms.
EW-001927,Uttar Pradesh,JAUNPUR,BABU SINGH KUSHWAHA,JAUNPUR(DISTRICT MAGISTRATE JAUNPUR_IDA),JAUNPUR,Street lights,23-Jul-2026,18044.0,Payment In-Progress,-2.1256238688456,0.08094347324837053,0,Low - Normal Pattern,No early cost-pattern anomaly against completed-works category norms.
EW-001928,Uttar Pradesh,JAUNPUR,BABU SINGH KUSHWAHA,JAUNPUR(DISTRICT MAGISTRATE JAUNPUR_IDA),JAUNPUR,Street lights,23-Jul-2026,18044.0,Payment In-Progress,-2.1256238688456,0.08094347324837053,0,Low - Normal Pattern,No early cost-pattern anomaly against completed-works category norms.
EW-001929,Uttar Pradesh,JAUNPUR,BABU SINGH KUSHWAHA,JAUNPUR(DISTRICT MAGISTRATE JAUNPUR_IDA),JAUNPUR,Street lights,21-Jul-2026,19992.0,Payment In-Progress,-2.038942718672355,0.08968199496682684,0,Low - Normal Pattern,No early cost-pattern anomaly against completed-works category norms.
EW-001930,Uttar Pradesh,JAUNPUR,BABU SINGH KUSHWAHA,JAUNPUR(DISTRICT MAGISTRATE JAUNPUR_IDA),JAUNPUR,Street lights,21-Jul-2026,19992.0,Payment In-Progress,-2.038942718672355,0.08968199496682684,0,Low - Normal Pattern,No early cost-pattern anomaly against completed-works category norms.
EW-001931,Uttar Pradesh,JAUNPUR,BABU SINGH KUSHWAHA,JAUNPUR(DISTRICT MAGISTRATE JAUNPUR_IDA),JAUNPUR,Street lights,21-Jul-2026,19992.0,Payment In-Progress,-2.038942718672355,0.08968199496682684,0,Low - Normal Pattern,No early cost-pattern anomaly against completed-works category norms.
EW-001932,Uttar Pradesh,JAUNPUR,BABU SINGH KUSHWAHA,JAUNPUR(DISTRICT MAGISTRATE JAUNPUR_IDA),JAUNPUR,Street lights,21-Jul-2026,19992.0,Payment In-Progress,-2.038942718672355,0.08968199496682684,0,Low - Normal Pattern,No early cost-pattern anomaly against completed-works category norms.
EW-001933,Uttar Pradesh,JAUNPUR,BABU SINGH KUSHWAHA,JAUNPUR(DISTRICT MAGISTRATE JAUNPUR_IDA),JAUNPUR,Street lights,21-Jul-2026,19992.0,Payment In-Progress,-2.038942718672355,0.08968199496682684,0,Low - Normal Pattern,No early cost-pattern anomaly against completed-works category norms.
EW-001934,Uttar Pradesh,JAUNPUR,BABU SINGH KUSHWAHA,JAUNPUR(DISTRICT MAGISTRATE JAUNPUR_IDA),JAUNPUR,Street lights,21-Jul-2026,19992.0,Payment In-Progress,-2.038942718672355,0.08968199496682684,0,Low - Normal Pattern,No early cost-pattern anomaly against completed-works category norms.
EW-001935,Uttar Pradesh,JAUNPUR,BABU SINGH KUSHWAHA,JAUNPUR(DISTRICT MAGISTRATE JAUNPUR_IDA),JAUNPUR,Street lights,21-Jul-2026,19992.0,Payment In-Progress,-2.038942718672355,0.08968199496682684,0,Low - Normal Pattern,No early cost-pattern anomaly against completed-works category norms.
EW-001936,Uttar Pradesh,JAUNPUR,BABU SINGH KUSHWAHA,JAUNPUR(DISTRICT MAGISTRATE JAUNPUR_IDA),JAUNPUR,Street lights,21-Jul-2026,19992.0,Payment In-Progress,-2.038942718672355,0.08968199496682684,0,Low - Normal Pattern,No early cost-pattern anomaly against completed-works category norms.
EW-001937,Uttar Pradesh,JAUNPUR,BABU SINGH KUSHWAHA,JAUNPUR(DISTRICT MAGISTRATE JAUNPUR_IDA),JAUNPUR,Street lights,21-Jul-2026,19992.0,Payment In-Progress,-2.038942718672355,0.08968199496682684,0,Low - Normal Pattern,No early cost-pattern anomaly against completed-works category norms.
EW-001938,Uttar Pradesh,JAUNPUR,BABU SINGH KUSHWAHA,JAUNPUR(DISTRICT MAGISTRATE JAUNPUR_IDA),JAUNPUR,Street lights,21-Jul-2026,19992.0,Payment In-Progress,-2.038942718672355,0.08968199496682684,0,Low - Normal Pattern,No early cost-pattern anomaly against completed-works category norms.
EW-001939,Uttar Pradesh,JAUNPUR,BABU SINGH KUSHWAHA,JAUNPUR(DISTRICT MAGISTRATE JAUNPUR_IDA),JAUNPUR,Street lights,21-Jul-2026,19992.0,Payment In-Progress,-2.038942718672355,0.08968199496682684,0,Low - Normal Pattern,No early cost-pattern anomaly against completed-works category norms.
EW-001940,Uttar Pradesh,JAUNPUR,BABU SINGH KUSHWAHA,JAUNPUR(DISTRICT MAGISTRATE JAUNPUR_IDA),JAUNPUR,Street lights,21-Jul-2026,19992.0,Payment In-Progress,-2.038942718672355,0.08968199496682684,0,Low - Normal Pattern,No early cost-pattern anomaly against completed-works category norms.
EW-001941,Madhya Pradesh,DEWAS(SC),Mahendra Singh Solanky,DEWAS(DISTRICT COLLECTOR DEWAS_IDA),DEWAS,Construction of common work sheds/ common covered sitting area,01-Sep-2026,600000.0,Payment In-Progress,1.5795986751677986,2.0342086080927593,0,Low - Normal Pattern,No early cost-pattern anomaly against completed-works category norms.
EW-001942,Punjab,SANGRUR,GURMEET SINGH MEET HAYER,BARNALA(DEPUTY COMMISSIONER BARNALA_IDA),BARNALA,Construction of additional rooms and halls in the existing public and community building,26-Aug-2026,44630.0,Payment In-Progress,-2.3512006874582516,0.08926000000000005,0,Low - Normal Pattern,No early cost-pattern anomaly against completed-works category norms.
EW-001943,Jharkhand,KODARMA,Annpurna Devi,GIRIDIH(Deputy Commissioner Giridh_IDA),GIRIDIH,Construction of platforms and passenger sheds at railway stations,15-Jun-2026,200000.0,Payment In-Progress,0.0,,0,Low - Normal Pattern,No early cost-pattern anomaly against completed-works category norms.
EW-001944,Kerala,KOLLAM,Shri NK Premachandran,KOLLAM(DISTRICT COLLECTOR KOLLAM_IDA),KOLLAM,Lighting of public spaces,03-Sep-2026,333633.0,Payment In-Progress,1.8197892176492176,1.6639883891432505,0,Low - Normal Pattern,No early cost-pattern anomaly against completed-works category norms.
EW-001945,Punjab,ANANDPUR SAHIB,MALVINDER SINGH KANG,RUPNAGAR(DEPUTY COMMISSIONER ROOPNAGAR_IDA),RUPNAGAR,Construction of community centers and community halls,26-Aug-2026,49700.0,Payment In-Progress,-3.0766341363955725,0.10000060362537394,0,Low - Normal Pattern,No early cost-pattern anomaly against completed-works category norms.
EW-001946,Punjab,ANANDPUR SAHIB,MALVINDER SINGH KANG,RUPNAGAR(DEPUTY COMMISSIONER ROOPNAGAR_IDA),RUPNAGAR,Construction of community centers and community halls,26-Aug-2026,48300.0,Payment In-Progress,-3.11481298319577,0.09718368521339157,0,Low - Normal Pattern,No early cost-pattern anomaly against completed-works category norms.
EW-001947,Punjab,ANANDPUR SAHIB,MALVINDER SINGH KANG,RUPNAGAR(DEPUTY COMMISSIONER ROOPNAGAR_IDA),RUPNAGAR,Construction of community centers and community halls,26-Aug-2026,49000.0,Payment In-Progress,-3.0955872021330846,0.09859214441938276,0,Low - Normal Pattern,No early cost-pattern anomaly against completed-works category norms.
EW-001948,Punjab,ANANDPUR SAHIB,MALVINDER SINGH KANG,RUPNAGAR(DEPUTY COMMISSIONER ROOPNAGAR_IDA),RUPNAGAR,Construction of community centers and community halls,26-Aug-2026,45500.0,Payment In-Progress,-3.194607957245905,0.09154984838942684,0,Low - Normal Pattern,No early cost-pattern anomaly against completed-works category norms.
EW-001949,Punjab,ANANDPUR SAHIB,MALVINDER SINGH KANG,RUPNAGAR(DEPUTY COMMISSIONER ROOPNAGAR_IDA),RUPNAGAR,Construction of community centers and community halls,26-Aug-2026,40161.0,Payment In-Progress,-3.3613831274194386,0.0808073288168741,0,Low - Normal Pattern,No early cost-pattern anomaly against completed-works category norms.
EW-001950,Punjab,ANANDPUR SAHIB,MALVINDER SINGH KANG,RUPNAGAR(DEPUTY COMMISSIONER ROOPNAGAR_IDA),RUPNAGAR,Construction of community centers and community halls,26-Aug-2026,40000.0,Payment In-Progress,-3.3667504121329697,0.08048338319949613,0,Low - Normal Pattern,No early cost-pattern anomaly against completed-works category norms.
EW-001951,Punjab,ANANDPUR SAHIB,MALVINDER SINGH KANG,RUPNAGAR(DEPUTY COMMISSIONER ROOPNAGAR_IDA),RUPNAGAR,Construction of community centers and community halls,26-Aug-2026,40000.0,Payment In-Progress,-3.3667504121329697,0.08048338319949613,0,Low - Normal Pattern,No early cost-pattern anomaly against completed-works category norms.
EW-001952,Punjab,ANANDPUR SAHIB,MALVINDER SINGH KANG,RUPNAGAR(DEPUTY COMMISSIONER ROOPNAGAR_IDA),RUPNAGAR,Construction of community centers and community halls,26-Aug-2026,30000.0,Payment In-Progress,-3.751142201824728,0.06036253739962209,0,Low - Normal Pattern,No early cost-pattern anomaly against completed-works category norms.
EW-001953,Bihar,NALANDA,Kaushalendra Kumar,NALANDA(DISTRICT PLANNING OFFICER NALANDA_IDA),NALANDA,"Construction of flood control embankments/ protection walls along riverbanks, hilltops, roadsides",31-Aug-2026,299299.0,Payment In-Progress,-0.7924556342760067,0.42540786778791556,0,Low - Normal Pattern,No early cost-pattern anomaly against completed-works category norms.
EW-001954,Madhya Pradesh,CHHINDWARA,BUNTY VIVEK SAHU,Pandhurna(District Collector Pandhurna_IDA),Pandhurna,"Construction of roads, link roads, pathways or any other road with or without drainage system",01-Sep-2026,239917.0,Payment In-Progress,-0.9525047661216922,0.47983400000000026,0,Low - Normal Pattern,No early cost-pattern anomaly against completed-works category norms.
EW-001955,Chhattisgarh,BASTAR(ST),MAHESH KASHYAP,BASTAR(DISTRICT COLLECTOR BASTAR_IDA),BASTAR,Construction of community centers and community halls,25-Sep-2025,450000.0,Payment In-Progress,-0.13273020101683863,0.9054380609943314,0,Low - Normal Pattern,No early cost-pattern anomaly against completed-works category norms.
EW-001956,Chhattisgarh,MAHASAMUND,ROOP KUMARI CHOUDHARY,MAHASAMUND(DISTRICT COLLECTOR MAHASAMUND_IDA),MAHASAMUND,Construction of boundary walls of existing public and community buildings,02-Sep-2026,249267.0,Payment In-Progress,-0.9237089643115504,0.5032490414035206,0,Low - Normal Pattern,No early cost-pattern anomaly against completed-works category norms.
EW-001957,Gujarat,PANCHMAHAL,RAJPALSINH MAHENDRASINH JADAV,KHEDA(DISTRICT COLLECTOR KHEDA_IDA),KHEDA,Construction of footpaths and pedestrian ways,24-Aug-2026,248748.0,Payment In-Progress,-0.19947776693707103,0.8369152456611701,0,Low - Normal Pattern,No early cost-pattern anomaly against completed-works category norms.
EW-001958,Gujarat,PANCHMAHAL,RAJPALSINH MAHENDRASINH JADAV,KHEDA(DISTRICT COLLECTOR KHEDA_IDA),KHEDA,Providing drains and gutters for public drainage,24-Aug-2026,497849.0,Payment In-Progress,0.1174952283239252,1.0781328743769736,0,Low - Normal Pattern,No early cost-pattern anomaly against completed-works category norms.
EW-001959,Madhya Pradesh,UJJAIN(SC),Shri Anil Firojiya,UJJAIN(DISTRICT COLLECTOR UJJAIN_IDA),UJJAIN,"Construction of roads, link roads, pathways or any other road with or without drainage system",01-Sep-2026,120000.0,Payment In-Progress,-1.8511606112595826,0.24000000000000013,0,Low - Normal Pattern,No early cost-pattern anomaly against completed-works category norms.
EW-001960,Uttar Pradesh,VARANASI,Shri Narendra Modi,VARANASI(DISTRICT MAGISTRAE VARANASI_IDA),VARANASI,"Construction of roads, link roads, pathways or any other road with or without drainage system",12-Aug-2026,433258.0,Payment In-Progress,-0.1858464373044485,0.8665160000000005,0,Low - Normal Pattern,No early cost-pattern anomaly against completed-works category norms.
EW-001961,Uttar Pradesh,VARANASI,Shri Narendra Modi,VARANASI(DISTRICT MAGISTRAE VARANASI_IDA),VARANASI,"Construction of roads, link roads, pathways or any other road with or without drainage system",12-Aug-2026,537642.0,Payment In-Progress,0.09415220124128591,1.0752840000000006,0,Low - Normal Pattern,No early cost-pattern anomaly against completed-works category norms.
EW-001962,Madhya Pradesh,CHHINDWARA,BUNTY VIVEK SAHU,Pandhurna(District Collector Pandhurna_IDA),Pandhurna,"Construction of roads, link roads, pathways or any other road with or without drainage system",01-Sep-2026,240000.0,Payment In-Progress,-0.9520560964895534,0.48000000000000026,0,Low - Normal Pattern,No early cost-pattern anomaly against completed-works category norms.
EW-001963,Punjab,ANANDPUR SAHIB,MALVINDER SINGH KANG,RUPNAGAR(DEPUTY COMMISSIONER ROOPNAGAR_IDA),RUPNAGAR,Construction of community centers and community halls,26-Aug-2026,49000.0,Payment In-Progress,-3.0955872021330846,0.09859214441938276,0,Low - Normal Pattern,No early cost-pattern anomaly against completed-works category norms.
EW-001964,Punjab,ANANDPUR SAHIB,MALVINDER SINGH KANG,RUPNAGAR(DEPUTY COMMISSIONER ROOPNAGAR_IDA),RUPNAGAR,Construction of community centers and community halls,26-Aug-2026,49700.0,Payment In-Progress,-3.0766341363955725,0.10000060362537394,0,Low - Normal Pattern,No early cost-pattern anomaly against completed-works category norms.
EW-001965,Uttar Pradesh,KAISERGANJ,KARAN BHUSHAN SINGH,BAHRAICH(DISTRICT MAGISTRAE BAHRAICH_IDA),BAHRAICH,"Construction of roads, link roads, pathways or any other road with or without drainage system",09-Jul-2026,2280018.0,Payment In-Progress,1.968180434981561,4.560036000000003,0,Low - Normal Pattern,No early cost-pattern anomaly against completed-works category norms.
EW-001966,Gujarat,KHEDA,Devusinh Jesingbhai Chauhan,KHEDA(DISTRICT COLLECTOR KHEDA_IDA),KHEDA,"Construction of roads, link roads, pathways or any other road with or without drainage system",01-Sep-2026,100000.0,Payment In-Progress,-2.087656033084599,0.20000000000000012,0,Low - Normal Pattern,No early cost-pattern anomaly against completed-works category norms.
EW-001967,Punjab,SANGRUR,GURMEET SINGH MEET HAYER,BARNALA(DEPUTY COMMISSIONER BARNALA_IDA),BARNALA,Construction of shelters for animals,03-Sep-2026,43050.0,Payment In-Progress,0.0,0.08628874734519802,0,Low - Normal Pattern,No early cost-pattern anomaly against completed-works category norms.
EW-001968,Punjab,SANGRUR,GURMEET SINGH MEET HAYER,BARNALA(DEPUTY COMMISSIONER BARNALA_IDA),BARNALA,Construction of shelters for animals,03-Sep-2026,49200.0,Payment In-Progress,0.0,0.09861571125165489,0,Low - Normal Pattern,No early cost-pattern anomaly against completed-works category norms.
EW-001969,Punjab,SANGRUR,GURMEET SINGH MEET HAYER,BARNALA(DEPUTY COMMISSIONER BARNALA_IDA),BARNALA,Construction of shelters for animals,03-Sep-2026,49200.0,Payment In-Progress,0.0,0.09861571125165489,0,Low - Normal Pattern,No early cost-pattern anomaly against completed-works category norms.
EW-001970,Punjab,SANGRUR,GURMEET SINGH MEET HAYER,BARNALA(DEPUTY COMMISSIONER BARNALA_IDA),BARNALA,Construction of shelters for animals,03-Sep-2026,49200.0,Payment In-Progress,0.0,0.09861571125165489,0,Low - Normal Pattern,No early cost-pattern anomaly against completed-works category norms.
EW-001971,Punjab,SANGRUR,GURMEET SINGH MEET HAYER,BARNALA(DEPUTY COMMISSIONER BARNALA_IDA),BARNALA,Construction of shelters for animals,03-Sep-2026,49200.0,Payment In-Progress,0.0,0.09861571125165489,0,Low - Normal Pattern,No early cost-pattern anomaly against completed-works category norms.
EW-001972,Punjab,SANGRUR,GURMEET SINGH MEET HAYER,BARNALA(DEPUTY COMMISSIONER BARNALA_IDA),BARNALA,Construction of shelters for animals,03-Sep-2026,49200.0,Payment In-Progress,0.0,0.09861571125165489,0,Low - Normal Pattern,No early cost-pattern anomaly against completed-works category norms.
EW-001973,Punjab,SANGRUR,GURMEET SINGH MEET HAYER,BARNALA(DEPUTY COMMISSIONER BARNALA_IDA),BARNALA,Construction of shelters for animals,03-Sep-2026,49200.0,Payment In-Progress,0.0,0.09861571125165489,0,Low - Normal Pattern,No early cost-pattern anomaly against completed-works category norms.
EW-001974,Bihar,SASARAM(SC),MANOJ KUMAR,KAIMUR (BHABUA)(DISTRICT PLANNING OFFICER KAIMUR BHABUA_IDA),KAIMUR ,Construction of community centers and community halls,27-Jun-2026,201465.0,Payment In-Progress,-1.206518035418204,0.40536461990716216,0,Low - Normal Pattern,No early cost-pattern anomaly against completed-works category norms.
EW-001975,Madhya Pradesh,UJJAIN(SC),Shri Anil Firojiya,UJJAIN(DISTRICT COLLECTOR UJJAIN_IDA),UJJAIN,Construction of common work sheds/ common covered sitting area,02-Sep-2026,400000.0,Payment In-Progress,0.6776609667900341,1.3561390720618394,0,Low - Normal Pattern,No early cost-pattern anomaly against completed-works category norms.
EW-001976,Uttar Pradesh,JALAUN(SC),NARAYAN DAS AHIRWAR,KANPUR DEHAT(DISTRICT MAGISTRATE KANPUR DEHAT_IDA),KANPUR DEHAT,Construction of boundary walls of existing public and community buildings,22-Aug-2026,725927.0,Payment In-Progress,0.514209238703092,1.4655853638024026,0,Low - Normal Pattern,No early cost-pattern anomaly against completed-works category norms.
EW-001977,Uttar Pradesh,JALAUN(SC),NARAYAN DAS AHIRWAR,KANPUR DEHAT(DISTRICT MAGISTRATE KANPUR DEHAT_IDA),KANPUR DEHAT,Construction of boundary walls of existing public and community buildings,22-Aug-2026,725927.0,Payment In-Progress,0.514209238703092,1.4655853638024026,0,Low - Normal Pattern,No early cost-pattern anomaly against completed-works category norms.
EW-001978,Uttar Pradesh,JALAUN(SC),NARAYAN DAS AHIRWAR,KANPUR DEHAT(DISTRICT MAGISTRATE KANPUR DEHAT_IDA),KANPUR DEHAT,Construction of boundary walls of existing public and community buildings,22-Aug-2026,725927.0,Payment In-Progress,0.514209238703092,1.4655853638024026,0,Low - Normal Pattern,No early cost-pattern anomaly against completed-works category norms.
EW-001979,Madhya Pradesh,BETUL(ST),Durga Das Uikey,BETUL(DISTRICT COLLECTOR BETUL_IDA),BETUL,Construction of community centers and community halls,20-Aug-2026,75000.0,Payment In-Progress,-2.5268231773498395,0.15090634349905524,0,Low - Normal Pattern,No early cost-pattern anomaly against completed-works category norms.
EW-001980,Bihar,SAMASTIPUR(SC),SHAMBHAVI,DARBHANGA(DISTRICT PLANNING OFFICER DARBANGA_IDA),DARBHANGA,Construction of common work sheds/ common covered sitting area,18-Aug-2026,394259.0,Payment In-Progress,0.645503189853919,1.3366750860300718,0,Low - Normal Pattern,No early cost-pattern anomaly against completed-works category norms.
EW-001981,Jammu And Kashmir,SRINAGAR,AGA SYED RUHULLAH MEHDI,PULWAMA(Deputy Commissioner  Pulwama_IDA),PULWAMA,Construction of public irrigation facilities,11-Aug-2026,340600.0,Payment In-Progress,-0.46035198401965133,0.7139959146614578,0,Low - Normal Pattern,No early cost-pattern anomaly against completed-works category norms.
EW-001982,Himachal Pradesh,HAMIRPUR_HP,Anurag Singh Thakur,KANGRA(DEPUTY COMMISSIONER KANGRA_IDA),KANGRA,"Construction of roads, link roads, pathways or any other road with or without drainage system",03-Sep-2026,50000.0,Payment In-Progress,-2.986760547854628,0.10000000000000006,0,Low - Normal Pattern,No early cost-pattern anomaly against completed-works category norms.
EW-001983,Uttarakhand,ALMORA(SC),Ajay Tamta,BAGESHWAR(DISTRICT MAGISTRATE BAGESHWAR_IDA),BAGESHWAR,Purchase of training equipment,20-Aug-2026,150000.0,Payment In-Progress,0.0,,0,Low - Normal Pattern,No early cost-pattern anomaly against completed-works category norms.
EW-001984,Madhya Pradesh,SATNA,Ganesh Singh,SATNA(DISTRICT COLLECTOR SATNA_IDA),SATNA,"Construction of roads, link roads, pathways or any other road with or without drainage system",02-Sep-2026,100000.0,Payment In-Progress,-2.087656033084599,0.20000000000000012,0,Low - Normal Pattern,No early cost-pattern anomaly against completed-works category norms.
EW-001985,Madhya Pradesh,RATLAM(ST),ANITA NAGARSINGH CHOUHAN,RATLAM(District Collector Ratlam_IDA),RATLAM,"Construction of roads, link roads, pathways or any other road with or without drainage system",13-Jul-2026,148562.0,Payment In-Progress,-1.5742087851055464,0.29712400000000017,0,Low - Normal Pattern,No early cost-pattern anomaly against completed-works category norms.
EW-001986,Madhya Pradesh,CHHINDWARA,BUNTY VIVEK SAHU,CHHINDWARA(DISTRICT COLLECTOR CHHINDWARA_IDA),CHHINDWARA,"Construction of roads, link roads, pathways or any other road with or without drainage system",03-Feb-2026,120000.0,Payment In-Progress,-1.8511606112595826,0.24000000000000013,0,Low - Normal Pattern,No early cost-pattern anomaly against completed-works category norms.
EW-001987,West Bengal,HOWRAH,Prasun Banerjee,HOWRAH(DISTRICT MAGISTRATE HOWRAH_IDA),HOWRAH,Lighting of public spaces,18-Aug-2026,148609.0,Payment In-Progress,-1.070342381641716,0.7411846265872659,0,Low - Normal Pattern,No early cost-pattern anomaly against completed-works category norms.
EW-001988,Chhattisgarh,RAJNANDGAON,Santosh Pandey,RAJNANDGAON(DISTRICT COLLECTOR RAJNANDGAON_IDA),RAJNANDGAON,Construction of common work sheds/ common covered sitting area,03-Sep-2026,250000.0,Payment In-Progress,-0.36783959001261635,0.8475869200386497,0,Low - Normal Pattern,No early cost-pattern anomaly against completed-works category norms.
EW-001989,Uttarakhand,ALMORA(SC),Ajay Tamta,BAGESHWAR(DISTRICT MAGISTRATE BAGESHWAR_IDA),BAGESHWAR,Purchase of training equipment,19-Aug-2026,187900.0,Payment In-Progress,0.0,,0,Low - Normal Pattern,No early cost-pattern anomaly against completed-works category norms.
EW-001990,Uttarakhand,ALMORA(SC),Ajay Tamta,BAGESHWAR(DISTRICT MAGISTRATE BAGESHWAR_IDA),BAGESHWAR,Purchase of training equipment,19-Aug-2026,79200.0,Payment In-Progress,0.0,,0,Low - Normal Pattern,No early cost-pattern anomaly against completed-works category norms.
EW-001991,Madhya Pradesh,DHAR(ST),SAVITRI THAKUR,DHAR(DISTRICT COLLECTOR DHAR_IDA),DHAR,Construction of public toilets and bathrooms,02-Sep-2026,250000.0,Payment In-Progress,-0.4315248018695563,0.5590169943749475,0,Low - Normal Pattern,No early cost-pattern anomaly against completed-works category norms.
EW-001992,West Bengal,HOWRAH,Prasun Banerjee,HOWRAH(DISTRICT MAGISTRATE HOWRAH_IDA),HOWRAH,Lighting of public spaces,18-Aug-2026,147378.0,Payment In-Progress,-1.1000683354223901,0.7350450369572373,0,Low - Normal Pattern,No early cost-pattern anomaly against completed-works category norms.
EW-001993,West Bengal,HOWRAH,Prasun Banerjee,HOWRAH(DISTRICT MAGISTRATE HOWRAH_IDA),HOWRAH,Lighting of public spaces,18-Aug-2026,148184.0,Payment In-Progress,-1.0805772780501746,0.7390649469830725,0,Low - Normal Pattern,No early cost-pattern anomaly against completed-works category norms.
EW-001994,West Bengal,HOWRAH,Prasun Banerjee,HOWRAH(DISTRICT MAGISTRATE HOWRAH_IDA),HOWRAH,Lighting of public spaces,18-Aug-2026,148770.0,Payment In-Progress,-1.0664728045805423,0.7419876110961486,0,Low - Normal Pattern,No early cost-pattern anomaly against completed-works category norms.
EW-001995,West Bengal,HOWRAH,Prasun Banerjee,HOWRAH(DISTRICT MAGISTRATE HOWRAH_IDA),HOWRAH,Lighting of public spaces,18-Aug-2026,147378.0,Payment In-Progress,-1.1000683354223901,0.7350450369572373,0,Low - Normal Pattern,No early cost-pattern anomaly against completed-works category norms.
EW-001996,West Bengal,HOWRAH,Prasun Banerjee,HOWRAH(DISTRICT MAGISTRATE HOWRAH_IDA),HOWRAH,Lighting of public spaces,18-Aug-2026,149253.0,Payment In-Progress,-1.0548891497758632,0.7443965646227968,0,Low - Normal Pattern,No early cost-pattern anomaly against completed-works category norms.
EW-001997,Bihar,SHEOHAR,LOVELY ANAND,SHEOHAR(DISTRICT PLANNING OFFICER SEOHAR_IDA),SHEOHAR,Construction of community centers and community halls,03-Sep-2026,398000.0,Payment In-Progress,-0.29680581195590594,0.8008096628349864,0,Low - Normal Pattern,No early cost-pattern anomaly against completed-works category norms.
EW-001998,West Bengal,HOWRAH,Prasun Banerjee,HOWRAH(DISTRICT MAGISTRATE HOWRAH_IDA),HOWRAH,Lighting of public spaces,18-Aug-2026,147378.0,Payment In-Progress,-1.1000683354223901,0.7350450369572373,0,Low - Normal Pattern,No early cost-pattern anomaly against completed-works category norms.
EW-001999,West Bengal,HOWRAH,Prasun Banerjee,HOWRAH(DISTRICT MAGISTRATE HOWRAH_IDA),HOWRAH,Lighting of public spaces,18-Aug-2026,147103.0,Payment In-Progress,-1.10674290737247,0.7336734795662886,0,Low - Normal Pattern,No early cost-pattern anomaly against completed-works category norms.
EW-002000,West Bengal,HOWRAH,Prasun Banerjee,HOWRAH(DISTRICT MAGISTRATE HOWRAH_IDA),HOWRAH,Lighting of public spaces,18-Aug-2026,148609.0,Payment In-Progress,-1.070342381641716,0.7411846265872659,0,Low - Normal Pattern,No early cost-pattern anomaly against completed-works category norms.
EW-002001,West Bengal,HOWRAH,Prasun Banerjee,HOWRAH(DISTRICT MAGISTRATE HOWRAH_IDA),HOWRAH,Lighting of public spaces,18-Aug-2026,149574.0,Payment In-Progress,-1.047211412574017,0.7459975461591406,0,Low - Normal Pattern,No early cost-pattern anomaly against completed-works category norms.
EW-002002,Gujarat,ANAND,Mitesh Rameshbhai Bakabhai Patel,ANAND(District Collector ANAND_IDA),ANAND,"Construction of roads, link roads, pathways or any other road with or without drainage system",31-Aug-2026,100000.0,Payment In-Progress,-2.087656033084599,0.20000000000000012,0,Low - Normal Pattern,No early cost-pattern anomaly against completed-works category norms.
EW-002003,Jharkhand,KODARMA,Annpurna Devi,GIRIDIH(Deputy Commissioner Giridh_IDA),GIRIDIH,Crematoriums/energy efficient crematoriums or structures on burial/cremation ground,19-Jun-2026,300000.0,Payment In-Progress,-0.8615703668699566,0.7512801195396354,0,Low - Normal Pattern,No early cost-pattern anomaly against completed-works category norms.
EW-002004,Jharkhand,KODARMA,Annpurna Devi,GIRIDIH(Deputy Commissioner Giridh_IDA),GIRIDIH,"Construction of roads, link roads, pathways or any other road with or without drainage system",19-Jun-2026,299221.0,Payment In-Progress,-0.6659816972525714,0.5984420000000004,0,Low - Normal Pattern,No early cost-pattern anomaly against completed-works category norms.
EW-002005,Jharkhand,KODARMA,Annpurna Devi,GIRIDIH(Deputy Commissioner Giridh_IDA),GIRIDIH,"Construction of roads, link roads, pathways or any other road with or without drainage system",15-Jun-2026,299050.0,Payment In-Progress,-0.6667232002031206,0.5981000000000003,0,Low - Normal Pattern,No early cost-pattern anomaly against completed-works category norms.
EW-002006,Uttar Pradesh,JHANSI,Anurag Sharma,JHANSI(DISTRICT MAGISTRAE JHANSI_IDA),JHANSI,"Construction of roads, link roads, pathways or any other road with or without drainage system",21-Aug-2026,124826.0,Payment In-Progress,-1.8000158974176435,0.24965200000000015,0,Low - Normal Pattern,No early cost-pattern anomaly against completed-works category norms.
EW-002007,Gujarat,PANCHMAHAL,RAJPALSINH MAHENDRASINH JADAV,KHEDA(DISTRICT COLLECTOR KHEDA_IDA),KHEDA,"Construction of roads, link roads, pathways or any other road with or without drainage system",21-Aug-2026,197883.0,Payment In-Progress,-1.202354861492261,0.39576600000000023,0,Low - Normal Pattern,No early cost-pattern anomaly against completed-works category norms.
EW-002008,Madhya Pradesh,KHAJURAHO,Vishnu Dutt Sharma,CHHATARPUR(District Collector Chhatarpur_IDA),CHHATARPUR,"Construction of roads, link roads, pathways or any other road with or without drainage system",03-Sep-2026,300000.0,Payment In-Progress,-0.6626090929450127,0.6000000000000003,0,Low - Normal Pattern,No early cost-pattern anomaly against completed-works category norms.
EW-002009,Arunachal Pradesh,ARUNACHAL WEST,Kiren Rijiju,LOWER SUBANSIRI(Deputy Commissioner Lower Subansir_IDA),LOWER SUBANSIRI,"Construction of roads, link roads, pathways or any other road with or without drainage system",26-Mar-2026,250000.0,Payment In-Progress,-0.8991045147700292,0.5000000000000003,0,Low - Normal Pattern,No early cost-pattern anomaly against completed-works category norms.
EW-002010,Odisha,SUNDARGARH (ST),Shri Jual Oram,Sundaragada(DISTRICT COLLECTOR SUNDARGARH_IDA),Sundaragada,Construction of community centers and community halls,31-Aug-2026,64.0,Payment In-Progress,-11.968672864732204,0.0001287734131191938,0,Low - Normal Pattern,No early cost-pattern anomaly against completed-works category norms.
EW-002011,Madhya Pradesh,TIKAMGARH(SC),Virendra Kumar,CHHATARPUR(District Collector Chhatarpur_IDA),CHHATARPUR,Construction of boundary walls of existing public and community buildings,02-Sep-2026,180000.0,Payment In-Progress,-1.3616628670406887,0.36340481272143405,0,Low - Normal Pattern,No early cost-pattern anomaly against completed-works category norms.
EW-002012,Odisha,KANDHAMAL,SUKANTA KUMAR PANIGRAHI,BOUDH(District Collector Boudh_IDA),BOUDH,"Construction of roads, link roads, pathways or any other road with or without drainage system",17-Aug-2026,383.0,Payment In-Progress,-9.306062587001815,0.0007660000000000004,0,Low - Normal Pattern,No early cost-pattern anomaly against completed-works category norms.
EW-002013,Uttar Pradesh,GAUTAM BUDDHA NAGAR,Mahesh Sharma,GAUTAM BUDDHA NAGAR(DISTRICT MAGISTRATE GAUTAMBUDHNAGAR),GAUTAM BUDDHA NAGAR,"Construction of roads, link roads, pathways or any other road with or without drainage system",06-Aug-2026,868500.0,Payment In-Progress,0.7162246371204981,1.737000000000001,0,Low - Normal Pattern,No early cost-pattern anomaly against completed-works category norms.
EW-002014,Madhya Pradesh,SAGAR,DR. LATA WANKHEDE,VIDISHA(District Collector Vidisha_IDA),VIDISHA,Construction of common work sheds/ common covered sitting area,02-Sep-2026,80000.0,Payment In-Progress,-2.902456566109659,0.2712278144123679,0,Low - Normal Pattern,No early cost-pattern anomaly against completed-works category norms.
EW-002015,Jharkhand,KODARMA,Annpurna Devi,GIRIDIH(Deputy Commissioner Giridh_IDA),GIRIDIH,Construction of buildings for community cultural activities,06-Jul-2026,498197.0,Payment In-Progress,0.4255430456187551,1.4234199999999995,0,Low - Normal Pattern,No early cost-pattern anomaly against completed-works category norms.
EW-002016,Odisha,SAMBALPUR,DHARMENDRA PRADHAN,SAMBALPUR(DISTRICT COLLECTOR SAMBALPUR_IDA),SAMBALPUR,Construction of public irrigation facilities,01-Sep-2026,259.0,Payment In-Progress,-10.274231184715969,0.0005429387607085073,0,Low - Normal Pattern,No early cost-pattern anomaly against completed-works category norms.
EW-002017,Odisha,SAMBALPUR,DHARMENDRA PRADHAN,SAMBALPUR(DISTRICT COLLECTOR SAMBALPUR_IDA),SAMBALPUR,Construction of public irrigation facilities,01-Sep-2026,117.0,Payment In-Progress,-11.360145261046556,0.00024526577221195117,0,Low - Normal Pattern,No early cost-pattern anomaly against completed-works category norms.
EW-002018,Bihar,GOPALGANJ (SC),Alok Kumar Suman,GOPALGANJ(DISTRICT PLANNING OFFICER GOPALGANJ_IDA),GOPALGANJ,"Construction of roads, link roads, pathways or any other road with or without drainage system",02-Sep-2026,942280.0,Payment In-Progress,0.8219862775772546,1.8845600000000011,0,Low - Normal Pattern,No early cost-pattern anomaly against completed-works category norms.
EW-002019,Karnataka,TUMKUR,V. SOMANNA,TUMAKURU(DEPUTY COMMISSIONER TUMKUR_IDA),TUMAKURU,Construction of community centers and community halls,02-Jul-2026,750000.0,Payment In-Progress,0.5498190244748907,1.5090634349905523,0,Low - Normal Pattern,No early cost-pattern anomaly against completed-works category norms.
EW-002020,Odisha,JAGATSINGHPUR(SC),BIBHU PRASAD TARAI,JAGATSINGHAPUR(DISTRICT COLLECTOR JAGATSINGHPUR_IDA),JAGATSINGHAPUR,Construction of community centers and community halls,01-Sep-2026,168.0,Payment In-Progress,-10.67916194851166,0.0003380302094378837,0,Low - Normal Pattern,No early cost-pattern anomaly against completed-works category norms.
EW-002021,Gujarat,ANAND,Mitesh Rameshbhai Bakabhai Patel,ANAND(District Collector ANAND_IDA),ANAND,"Construction of roads, link roads, pathways or any other road with or without drainage system",31-Aug-2026,50000.0,Payment In-Progress,-2.986760547854628,0.10000000000000006,0,Low - Normal Pattern,No early cost-pattern anomaly against completed-works category norms.
EW-002022,Arunachal Pradesh,ARUNACHAL WEST,Kiren Rijiju,LOWER SUBANSIRI(Deputy Commissioner Lower Subansir_IDA),LOWER SUBANSIRI,"Construction of roads, link roads, pathways or any other road with or without drainage system",26-Mar-2026,500000.0,Payment In-Progress,0.0,1.0000000000000007,0,Low - Normal Pattern,No early cost-pattern anomaly against completed-works category norms.
EW-002023,Arunachal Pradesh,ARUNACHAL WEST,Kiren Rijiju,LOWER SUBANSIRI(Deputy Commissioner Lower Subansir_IDA),LOWER SUBANSIRI,"Construction of roads, link roads, pathways or any other road with or without drainage system",26-Mar-2026,500000.0,Payment In-Progress,0.0,1.0000000000000007,0,Low - Normal Pattern,No early cost-pattern anomaly against completed-works category norms.
EW-002024,Arunachal Pradesh,ARUNACHAL WEST,Kiren Rijiju,LOWER SUBANSIRI(Deputy Commissioner Lower Subansir_IDA),LOWER SUBANSIRI,"Construction of roads, link roads, pathways or any other road with or without drainage system",26-Mar-2026,500000.0,Payment In-Progress,0.0,1.0000000000000007,0,Low - Normal Pattern,No early cost-pattern anomaly against completed-works category norms.
EW-002025,Arunachal Pradesh,ARUNACHAL WEST,Kiren Rijiju,LOWER SUBANSIRI(Deputy Commissioner Lower Subansir_IDA),LOWER SUBANSIRI,"Construction of roads, link roads, pathways or any other road with or without drainage system",26-Mar-2026,500000.0,Payment In-Progress,0.0,1.0000000000000007,0,Low - Normal Pattern,No early cost-pattern anomaly against completed-works category norms.
EW-002026,Arunachal Pradesh,ARUNACHAL WEST,Kiren Rijiju,LOWER SUBANSIRI(Deputy Commissioner Lower Subansir_IDA),LOWER SUBANSIRI,"Construction of roads, link roads, pathways or any other road with or without drainage system",26-Mar-2026,250000.0,Payment In-Progress,-0.8991045147700292,0.5000000000000003,0,Low - Normal Pattern,No early cost-pattern anomaly against completed-works category norms.
EW-002027,Madhya Pradesh,HOSHANGABAD,DARSHAN SINGH CHOUDHARY,NARMADAPURAM(DISTRICT COLLECTOR NARMADAPURAM_IDA),NARMADAPURAM,Construction of rooms and halls in school and colleges,22-Jan-2026,25000.0,Payment In-Progress,-3.936951301905633,0.05000000000000003,0,Low - Normal Pattern,No early cost-pattern anomaly against completed-works category norms.
EW-002028,Madhya Pradesh,HOSHANGABAD,DARSHAN SINGH CHOUDHARY,NARMADAPURAM(DISTRICT COLLECTOR NARMADAPURAM_IDA),NARMADAPURAM,Construction of common work sheds/ common covered sitting area,06-Jan-2026,75000.0,Payment In-Progress,-3.0460194145345407,0.2542760760115949,0,Low - Normal Pattern,No early cost-pattern anomaly against completed-works category norms.
EW-002029,Punjab,SANGRUR,GURMEET SINGH MEET HAYER,BARNALA(DEPUTY COMMISSIONER BARNALA_IDA),BARNALA,Construction of additional rooms and halls in the existing public and community building,26-Aug-2026,17920.0,Payment In-Progress,-3.2391416050797743,0.03584000000000002,0,Low - Normal Pattern,No early cost-pattern anomaly against completed-works category norms.
EW-002030,Madhya Pradesh,DHAR(ST),SAVITRI THAKUR,DHAR(DISTRICT COLLECTOR DHAR_IDA),DHAR,Purchase of mobile water tankers,03-Sep-2026,80000.0,Payment In-Progress,-2.8159652983515566,0.4818522400106009,0,Low - Normal Pattern,No early cost-pattern anomaly against completed-works category norms.
EW-002031,Madhya Pradesh,DHAR(ST),SAVITRI THAKUR,DHAR(DISTRICT COLLECTOR DHAR_IDA),DHAR,Purchase of mobile water tankers,03-Sep-2026,80000.0,Payment In-Progress,-2.8159652983515566,0.4818522400106009,0,Low - Normal Pattern,No early cost-pattern anomaly against completed-works category norms.
EW-002032,Madhya Pradesh,DHAR(ST),SAVITRI THAKUR,DHAR(DISTRICT COLLECTOR DHAR_IDA),DHAR,Purchase of mobile water tankers,03-Sep-2026,80000.0,Payment In-Progress,-2.8159652983515566,0.4818522400106009,0,Low - Normal Pattern,No early cost-pattern anomaly against completed-works category norms.
EW-002033,Madhya Pradesh,DHAR(ST),SAVITRI THAKUR,DHAR(DISTRICT COLLECTOR DHAR_IDA),DHAR,Purchase of mobile water tankers,03-Sep-2026,80000.0,Payment In-Progress,-2.8159652983515566,0.4818522400106009,0,Low - Normal Pattern,No early cost-pattern anomaly against completed-works category norms.
EW-002034,Madhya Pradesh,DHAR(ST),SAVITRI THAKUR,DHAR(DISTRICT COLLECTOR DHAR_IDA),DHAR,Purchase of mobile water tankers,03-Sep-2026,80000.0,Payment In-Progress,-2.8159652983515566,0.4818522400106009,0,Low - Normal Pattern,No early cost-pattern anomaly against completed-works category norms.
EW-002035,Madhya Pradesh,DHAR(ST),SAVITRI THAKUR,DHAR(DISTRICT COLLECTOR DHAR_IDA),DHAR,Purchase of mobile water tankers,03-Sep-2026,80000.0,Payment In-Progress,-2.8159652983515566,0.4818522400106009,0,Low - Normal Pattern,No early cost-pattern anomaly against completed-works category norms.
EW-002036,Madhya Pradesh,DHAR(ST),SAVITRI THAKUR,DHAR(DISTRICT COLLECTOR DHAR_IDA),DHAR,Purchase of mobile water tankers,03-Sep-2026,80000.0,Payment In-Progress,-2.8159652983515566,0.4818522400106009,0,Low - Normal Pattern,No early cost-pattern anomaly against completed-works category norms.
EW-002037,Madhya Pradesh,DHAR(ST),SAVITRI THAKUR,DHAR(DISTRICT COLLECTOR DHAR_IDA),DHAR,Purchase of mobile water tankers,03-Sep-2026,80000.0,Payment In-Progress,-2.8159652983515566,0.4818522400106009,0,Low - Normal Pattern,No early cost-pattern anomaly against completed-works category norms.
EW-002038,Madhya Pradesh,DHAR(ST),SAVITRI THAKUR,DHAR(DISTRICT COLLECTOR DHAR_IDA),DHAR,Purchase of mobile water tankers,03-Sep-2026,80000.0,Payment In-Progress,-2.8159652983515566,0.4818522400106009,0,Low - Normal Pattern,No early cost-pattern anomaly against completed-works category norms.
EW-002039,Madhya Pradesh,DHAR(ST),SAVITRI THAKUR,DHAR(DISTRICT COLLECTOR DHAR_IDA),DHAR,Purchase of mobile water tankers,03-Sep-2026,80000.0,Payment In-Progress,-2.8159652983515566,0.4818522400106009,0,Low - Normal Pattern,No early cost-pattern anomaly against completed-works category norms.
EW-002040,Punjab,BHATINDA,Smt Harsimrat Kaur Badal,BATHINDA(DEPUTY COMMISSIONER BHATINDA_IDA),BATHINDA,"Construction of roads, link roads, pathways or any other road with or without drainage system",21-Aug-2026,38104.0,Payment In-Progress,-3.339196607468198,0.07620800000000004,0,Low - Normal Pattern,No early cost-pattern anomaly against completed-works category norms.
EW-002041,Madhya Pradesh,DHAR(ST),SAVITRI THAKUR,DHAR(DISTRICT COLLECTOR DHAR_IDA),DHAR,Purchase of mobile water tankers,03-Sep-2026,80000.0,Payment In-Progress,-2.8159652983515566,0.4818522400106009,0,Low - Normal Pattern,No early cost-pattern anomaly against completed-works category norms.
EW-002042,Madhya Pradesh,DHAR(ST),SAVITRI THAKUR,DHAR(DISTRICT COLLECTOR DHAR_IDA),DHAR,Purchase of mobile water tankers,03-Sep-2026,80000.0,Payment In-Progress,-2.8159652983515566,0.4818522400106009,0,Low - Normal Pattern,No early cost-pattern anomaly against completed-works category norms.
EW-002043,Madhya Pradesh,DHAR(ST),SAVITRI THAKUR,DHAR(DISTRICT COLLECTOR DHAR_IDA),DHAR,Purchase of mobile water tankers,03-Sep-2026,80000.0,Payment In-Progress,-2.8159652983515566,0.4818522400106009,0,Low - Normal Pattern,No early cost-pattern anomaly against completed-works category norms.
EW-002044,Madhya Pradesh,DHAR(ST),SAVITRI THAKUR,DHAR(DISTRICT COLLECTOR DHAR_IDA),DHAR,Purchase of mobile water tankers,03-Sep-2026,80000.0,Payment In-Progress,-2.8159652983515566,0.4818522400106009,0,Low - Normal Pattern,No early cost-pattern anomaly against completed-works category norms.
EW-002045,Madhya Pradesh,DHAR(ST),SAVITRI THAKUR,DHAR(DISTRICT COLLECTOR DHAR_IDA),DHAR,Purchase of mobile water tankers,03-Sep-2026,80000.0,Payment In-Progress,-2.8159652983515566,0.4818522400106009,0,Low - Normal Pattern,No early cost-pattern anomaly against completed-works category norms.
EW-002046,Madhya Pradesh,DHAR(ST),SAVITRI THAKUR,DHAR(DISTRICT COLLECTOR DHAR_IDA),DHAR,Purchase of mobile water tankers,03-Sep-2026,80000.0,Payment In-Progress,-2.8159652983515566,0.4818522400106009,0,Low - Normal Pattern,No early cost-pattern anomaly against completed-works category norms.
EW-002047,Punjab,SANGRUR,GURMEET SINGH MEET HAYER,BARNALA(DEPUTY COMMISSIONER BARNALA_IDA),BARNALA,Construction of additional rooms and halls in the existing public and community building,26-Aug-2026,240226.0,Payment In-Progress,-0.7133078906700052,0.48045200000000027,0,Low - Normal Pattern,No early cost-pattern anomaly against completed-works category norms.
EW-002048,Punjab,BHATINDA,Smt Harsimrat Kaur Badal,BATHINDA(DEPUTY COMMISSIONER BHATINDA_IDA),BATHINDA,"Construction of roads, link roads, pathways or any other road with or without drainage system",21-Aug-2026,30492.0,Payment In-Progress,-3.6282692038446913,0.06098400000000004,0,Low - Normal Pattern,No early cost-pattern anomaly against completed-works category norms.
EW-002049,Andhra Pradesh,SRIKAKULAM,Kinjarapu Ram Mohan Naidu,SRIKAKULAM(District Collector Srikakulam_IDA),SRIKAKULAM,Setting up public non-conventional energy plants,31-Aug-2026,888865.0,Payment In-Progress,0.0,0.9674569582428983,0,Low - Normal Pattern,No early cost-pattern anomaly against completed-works category norms.
EW-002050,Tamil Nadu,ERODE,K E PRAKASH,TIRUPPUR(DISTRICT COLLECTOR TIRUPPUR_IDA),TIRUPPUR,Street lights,16-Apr-2026,400000.0,Payment In-Progress,0.4943268643160485,1.7943576423934944,0,Low - Normal Pattern,No early cost-pattern anomaly against completed-works category norms.
EW-002051,Bihar,NALANDA,Kaushalendra Kumar,NALANDA(DISTRICT PLANNING OFFICER NALANDA_IDA),NALANDA,"Construction of roads, link roads, pathways or any other road with or without drainage system",29-Aug-2026,296919.0,Payment In-Progress,-0.6759995334852192,0.5938380000000003,0,Low - Normal Pattern,No early cost-pattern anomaly against completed-works category norms.
EW-002052,Jharkhand,DHANBAD,DULU MAHATO,DHANBAD(DEPUTY COMMISSIONER DHANBAD_IDA),DHANBAD,Construction of public staircase/ stair ghat for public convenience,31-Aug-2026,165000.0,Payment In-Progress,0.0,0.1625527787909356,0,Low - Normal Pattern,No early cost-pattern anomaly against completed-works category norms.
EW-002053,Gujarat,AMRELI,BHARATBHAI MANUBHAI SUTARIYA,AMRELI(DISTRICT COLLECTOR AMRELI_IDA),AMRELI,"Construction of roads, link roads, pathways or any other road with or without drainage system",02-Sep-2026,300000.0,Payment In-Progress,-0.6626090929450127,0.6000000000000003,0,Low - Normal Pattern,No early cost-pattern anomaly against completed-works category norms.
EW-002054,Punjab,SANGRUR,GURMEET SINGH MEET HAYER,BARNALA(DEPUTY COMMISSIONER BARNALA_IDA),BARNALA,Construction of additional rooms and halls in the existing public and community building,26-Aug-2026,6560.0,Payment In-Progress,-4.21703367289273,0.013120000000000008,0,Low - Normal Pattern,No early cost-pattern anomaly against completed-works category norms.
EW-002055,Karnataka,BELLARY(ST),E. TUKARAM,BALLARI(DEPUTY COMMISSIONER BELLARY_IDA),BALLARI,Development of public parks,02-Sep-2026,750000.0,Payment In-Progress,0.658558038336458,1.8749999999999991,0,Low - Normal Pattern,No early cost-pattern anomaly against completed-works category norms.
EW-002056,Tamil Nadu,RAMANATHAPURAM,Kani K Navas,RAMANATHAPURAM(DISTRICT COLLECTOR RAMANATHAPURAM_IDA),RAMANATHAPURAM,Purchase of books and periodicals for libraries/digitization of library books,01-Apr-2026,500000.0,Payment In-Progress,0.7074894646128718,1.0552396871425374,0,Low - Normal Pattern,No early cost-pattern anomaly against completed-works category norms.
EW-002057,Tamil Nadu,KARUR,Smt S Jothimani,PUDUKKOTTAI(DISTRICT COLLECTOR PUDUKKOTTAI_IDA),PUDUKKOTTAI,Purchase of books and periodicals for libraries/digitization of library books,02-Sep-2026,89550.0,Payment In-Progress,-21.922135306177285,0.18899342796722846,0,Low - Normal Pattern,No early cost-pattern anomaly against completed-works category norms.
EW-002058,Jharkhand,DHANBAD,DULU MAHATO,DHANBAD(DEPUTY COMMISSIONER DHANBAD_IDA),DHANBAD,Construction of community centers and community halls,31-Aug-2026,375000.0,Payment In-Progress,-0.37634256420002904,0.7545317174952761,0,Low - Normal Pattern,No early cost-pattern anomaly against completed-works category norms.
EW-002059,Jharkhand,DHANBAD,DULU MAHATO,DHANBAD(DEPUTY COMMISSIONER DHANBAD_IDA),DHANBAD,Construction of footpaths and pedestrian ways,31-Aug-2026,190000.0,Payment In-Progress,-0.5013471599591433,0.6392569856868089,0,Low - Normal Pattern,No early cost-pattern anomaly against completed-works category norms.
EW-002060,Jharkhand,DHANBAD,DULU MAHATO,DHANBAD(DEPUTY COMMISSIONER DHANBAD_IDA),DHANBAD,Construction of common work sheds/ common covered sitting area,31-Aug-2026,175000.0,Payment In-Progress,-1.1612459155849004,0.5933108440270547,0,Low - Normal Pattern,No early cost-pattern anomaly against completed-works category norms.
EW-002061,Jharkhand,DHANBAD,DULU MAHATO,DHANBAD(DEPUTY COMMISSIONER DHANBAD_IDA),DHANBAD,Construction of common work sheds/ common covered sitting area,31-Aug-2026,225000.0,Payment In-Progress,-0.6022090095893262,0.7628282280347847,0,Low - Normal Pattern,No early cost-pattern anomaly against completed-works category norms.
EW-002062,Jharkhand,DHANBAD,DULU MAHATO,DHANBAD(DEPUTY COMMISSIONER DHANBAD_IDA),DHANBAD,Construction of footpaths and pedestrian ways,31-Aug-2026,85000.0,Payment In-Progress,-1.4026124746242619,0.2859833883335724,0,Low - Normal Pattern,No early cost-pattern anomaly against completed-works category norms.
EW-002063,Jharkhand,DHANBAD,DULU MAHATO,DHANBAD(DEPUTY COMMISSIONER DHANBAD_IDA),DHANBAD,Construction of community centers and community halls,31-Aug-2026,375000.0,Payment In-Progress,-0.37634256420002904,0.7545317174952761,0,Low - Normal Pattern,No early cost-pattern anomaly against completed-works category norms.
EW-002064,Jharkhand,DHANBAD,DULU MAHATO,DHANBAD(DEPUTY COMMISSIONER DHANBAD_IDA),DHANBAD,Construction of footpaths and pedestrian ways,31-Aug-2026,140000.0,Payment In-Progress,-0.8435142286540119,0.4710314631376486,0,Low - Normal Pattern,No early cost-pattern anomaly against completed-works category norms.
EW-002065,Jharkhand,DHANBAD,DULU MAHATO,DHANBAD(DEPUTY COMMISSIONER DHANBAD_IDA),DHANBAD,Construction of public staircase/ stair ghat for public convenience,31-Aug-2026,165000.0,Payment In-Progress,0.0,0.1625527787909356,0,Low - Normal Pattern,No early cost-pattern anomaly against completed-works category norms.
EW-002066,Jharkhand,DHANBAD,DULU MAHATO,DHANBAD(DEPUTY COMMISSIONER DHANBAD_IDA),DHANBAD,"Construction of roads, link roads, pathways or any other road with or without drainage system",31-Aug-2026,150000.0,Payment In-Progress,-1.561713607715042,0.30000000000000016,0,Low - Normal Pattern,No early cost-pattern anomaly against completed-works category norms.
EW-002067,Jharkhand,DHANBAD,DULU MAHATO,DHANBAD(DEPUTY COMMISSIONER DHANBAD_IDA),DHANBAD,"Construction of roads, link roads, pathways or any other road with or without drainage system",31-Aug-2026,200000.0,Payment In-Progress,-1.1885515183145698,0.40000000000000024,0,Low - Normal Pattern,No early cost-pattern anomaly against completed-works category norms.
EW-002068,Jharkhand,DHANBAD,DULU MAHATO,DHANBAD(DEPUTY COMMISSIONER DHANBAD_IDA),DHANBAD,Providing drains and gutters for public drainage,31-Aug-2026,125000.0,Payment In-Progress,-2.040883780659282,0.27069776035930915,0,Low - Normal Pattern,No early cost-pattern anomaly against completed-works category norms.
EW-002069,Jharkhand,DHANBAD,DULU MAHATO,DHANBAD(DEPUTY COMMISSIONER DHANBAD_IDA),DHANBAD,Construction of public staircase/ stair ghat for public convenience,31-Aug-2026,165000.0,Payment In-Progress,0.0,0.1625527787909356,0,Low - Normal Pattern,No early cost-pattern anomaly against completed-works category norms.
EW-002070,Punjab,BHATINDA,Smt Harsimrat Kaur Badal,BATHINDA(DEPUTY COMMISSIONER BHATINDA_IDA),BATHINDA,"Construction of roads, link roads, pathways or any other road with or without drainage system",21-Aug-2026,40356.0,Payment In-Progress,-3.264714132323799,0.08071200000000005,0,Low - Normal Pattern,No early cost-pattern anomaly against completed-works category norms.
EW-002071,Punjab,BHATINDA,Smt Harsimrat Kaur Badal,BATHINDA(DEPUTY COMMISSIONER BHATINDA_IDA),BATHINDA,"Construction of roads, link roads, pathways or any other road with or without drainage system",21-Aug-2026,38104.0,Payment In-Progress,-3.339196607468198,0.07620800000000004,0,Low - Normal Pattern,No early cost-pattern anomaly against completed-works category norms.
EW-002072,Andhra Pradesh,MACHILIPATNAM,Balashowry Vallabbhaneni,KRISHNA(DISTRICT COLLECTOR KRISHNA_IDA),KRISHNA,Improvement of electricity distribution infrastructure,06-Jul-2026,380097.0,Payment In-Progress,1.136848352443877,2.3320694288501516,0,Low - Normal Pattern,No early cost-pattern anomaly against completed-works category norms.
EW-002073,Uttar Pradesh,JALAUN(SC),NARAYAN DAS AHIRWAR,JALAUN(DISTRICT MAGISTRATE JALAUN_IDA),JALAUN,Lighting of public spaces,03-Sep-2026,97173.0,Payment In-Progress,-2.5885416123698213,0.4846485321842176,0,Low - Normal Pattern,No early cost-pattern anomaly against completed-works category norms.
EW-002074,Uttar Pradesh,JALAUN(SC),NARAYAN DAS AHIRWAR,JALAUN(DISTRICT MAGISTRATE JALAUN_IDA),JALAUN,Lighting of public spaces,03-Sep-2026,97173.0,Payment In-Progress,-2.5885416123698213,0.4846485321842176,0,Low - Normal Pattern,No early cost-pattern anomaly against completed-works category norms.
EW-002075,Uttar Pradesh,JALAUN(SC),NARAYAN DAS AHIRWAR,JALAUN(DISTRICT MAGISTRATE JALAUN_IDA),JALAUN,Lighting of public spaces,03-Sep-2026,97173.0,Payment In-Progress,-2.5885416123698213,0.4846485321842176,0,Low - Normal Pattern,No early cost-pattern anomaly against completed-works category norms.
EW-002076,Uttar Pradesh,JALAUN(SC),NARAYAN DAS AHIRWAR,JALAUN(DISTRICT MAGISTRATE JALAUN_IDA),JALAUN,Lighting of public spaces,03-Sep-2026,97173.0,Payment In-Progress,-2.5885416123698213,0.4846485321842176,0,Low - Normal Pattern,No early cost-pattern anomaly against completed-works category norms.
EW-002077,Uttar Pradesh,JALAUN(SC),NARAYAN DAS AHIRWAR,JALAUN(DISTRICT MAGISTRATE JALAUN_IDA),JALAUN,Lighting of public spaces,03-Sep-2026,97173.0,Payment In-Progress,-2.5885416123698213,0.4846485321842176,0,Low - Normal Pattern,No early cost-pattern anomaly against completed-works category norms.
EW-002078,Uttar Pradesh,JALAUN(SC),NARAYAN DAS AHIRWAR,JALAUN(DISTRICT MAGISTRATE JALAUN_IDA),JALAUN,Lighting of public spaces,03-Sep-2026,97173.0,Payment In-Progress,-2.5885416123698213,0.4846485321842176,0,Low - Normal Pattern,No early cost-pattern anomaly against completed-works category norms.
EW-002079,Uttar Pradesh,JALAUN(SC),NARAYAN DAS AHIRWAR,JALAUN(DISTRICT MAGISTRATE JALAUN_IDA),JALAUN,Lighting of public spaces,03-Sep-2026,97173.0,Payment In-Progress,-2.5885416123698213,0.4846485321842176,0,Low - Normal Pattern,No early cost-pattern anomaly against completed-works category norms.
EW-002080,Uttar Pradesh,JALAUN(SC),NARAYAN DAS AHIRWAR,JALAUN(DISTRICT MAGISTRATE JALAUN_IDA),JALAUN,Lighting of public spaces,03-Sep-2026,97173.0,Payment In-Progress,-2.5885416123698213,0.4846485321842176,0,Low - Normal Pattern,No early cost-pattern anomaly against completed-works category norms.
EW-002081,Uttar Pradesh,JALAUN(SC),NARAYAN DAS AHIRWAR,JALAUN(DISTRICT MAGISTRATE JALAUN_IDA),JALAUN,Lighting of public spaces,03-Sep-2026,97173.0,Payment In-Progress,-2.5885416123698213,0.4846485321842176,0,Low - Normal Pattern,No early cost-pattern anomaly against completed-works category norms.
EW-002082,Uttar Pradesh,JALAUN(SC),NARAYAN DAS AHIRWAR,JALAUN(DISTRICT MAGISTRATE JALAUN_IDA),JALAUN,Lighting of public spaces,03-Sep-2026,97173.0,Payment In-Progress,-2.5885416123698213,0.4846485321842176,0,Low - Normal Pattern,No early cost-pattern anomaly against completed-works category norms.
EW-002083,Punjab,BHATINDA,Smt Harsimrat Kaur Badal,BATHINDA(DEPUTY COMMISSIONER BHATINDA_IDA),BATHINDA,"Construction of roads, link roads, pathways or any other road with or without drainage system",21-Aug-2026,49488.0,Payment In-Progress,-3.0001116711881384,0.09897600000000006,0,Low - Normal Pattern,No early cost-pattern anomaly against completed-works category norms.
EW-002084,Uttar Pradesh,JALAUN(SC),NARAYAN DAS AHIRWAR,JALAUN(DISTRICT MAGISTRATE JALAUN_IDA),JALAUN,Lighting of public spaces,03-Sep-2026,97173.0,Payment In-Progress,-2.5885416123698213,0.4846485321842176,0,Low - Normal Pattern,No early cost-pattern anomaly against completed-works category norms.
EW-002085,Uttar Pradesh,JALAUN(SC),NARAYAN DAS AHIRWAR,JALAUN(DISTRICT MAGISTRATE JALAUN_IDA),JALAUN,Lighting of public spaces,03-Sep-2026,97173.0,Payment In-Progress,-2.5885416123698213,0.4846485321842176,0,Low - Normal Pattern,No early cost-pattern anomaly against completed-works category norms.
EW-002086,Uttar Pradesh,JALAUN(SC),NARAYAN DAS AHIRWAR,JALAUN(DISTRICT MAGISTRATE JALAUN_IDA),JALAUN,Lighting of public spaces,03-Sep-2026,97173.0,Payment In-Progress,-2.5885416123698213,0.4846485321842176,0,Low - Normal Pattern,No early cost-pattern anomaly against completed-works category norms.
EW-002087,Uttar Pradesh,JALAUN(SC),NARAYAN DAS AHIRWAR,JALAUN(DISTRICT MAGISTRATE JALAUN_IDA),JALAUN,Lighting of public spaces,03-Sep-2026,97173.0,Payment In-Progress,-2.5885416123698213,0.4846485321842176,0,Low - Normal Pattern,No early cost-pattern anomaly against completed-works category norms.
EW-002088,Uttar Pradesh,JALAUN(SC),NARAYAN DAS AHIRWAR,JALAUN(DISTRICT MAGISTRATE JALAUN_IDA),JALAUN,Lighting of public spaces,03-Sep-2026,97173.0,Payment In-Progress,-2.5885416123698213,0.4846485321842176,0,Low - Normal Pattern,No early cost-pattern anomaly against completed-works category norms.
EW-002089,Uttar Pradesh,JALAUN(SC),NARAYAN DAS AHIRWAR,JALAUN(DISTRICT MAGISTRATE JALAUN_IDA),JALAUN,Lighting of public spaces,03-Sep-2026,97173.0,Payment In-Progress,-2.5885416123698213,0.4846485321842176,0,Low - Normal Pattern,No early cost-pattern anomaly against completed-works category norms.
EW-002090,Uttar Pradesh,JALAUN(SC),NARAYAN DAS AHIRWAR,JALAUN(DISTRICT MAGISTRATE JALAUN_IDA),JALAUN,Lighting of public spaces,03-Sep-2026,97173.0,Payment In-Progress,-2.5885416123698213,0.4846485321842176,0,Low - Normal Pattern,No early cost-pattern anomaly against completed-works category norms.
EW-002091,Uttar Pradesh,JALAUN(SC),NARAYAN DAS AHIRWAR,JALAUN(DISTRICT MAGISTRATE JALAUN_IDA),JALAUN,Lighting of public spaces,03-Sep-2026,97173.0,Payment In-Progress,-2.5885416123698213,0.4846485321842176,0,Low - Normal Pattern,No early cost-pattern anomaly against completed-works category norms.
EW-002092,Uttar Pradesh,JALAUN(SC),NARAYAN DAS AHIRWAR,JALAUN(DISTRICT MAGISTRATE JALAUN_IDA),JALAUN,Lighting of public spaces,03-Sep-2026,97173.0,Payment In-Progress,-2.5885416123698213,0.4846485321842176,0,Low - Normal Pattern,No early cost-pattern anomaly against completed-works category norms.
EW-002093,Uttar Pradesh,JALAUN(SC),NARAYAN DAS AHIRWAR,JALAUN(DISTRICT MAGISTRATE JALAUN_IDA),JALAUN,Lighting of public spaces,03-Sep-2026,97173.0,Payment In-Progress,-2.5885416123698213,0.4846485321842176,0,Low - Normal Pattern,No early cost-pattern anomaly against completed-works category norms.
EW-002094,Uttar Pradesh,JALAUN(SC),NARAYAN DAS AHIRWAR,JALAUN(DISTRICT MAGISTRATE JALAUN_IDA),JALAUN,Lighting of public spaces,03-Sep-2026,97173.0,Payment In-Progress,-2.5885416123698213,0.4846485321842176,0,Low - Normal Pattern,No early cost-pattern anomaly against completed-works category norms.
EW-002095,Uttar Pradesh,JALAUN(SC),NARAYAN DAS AHIRWAR,JALAUN(DISTRICT MAGISTRATE JALAUN_IDA),JALAUN,Lighting of public spaces,03-Sep-2026,97173.0,Payment In-Progress,-2.5885416123698213,0.4846485321842176,0,Low - Normal Pattern,No early cost-pattern anomaly against completed-works category norms.
EW-002096,Uttarakhand,ALMORA(SC),Ajay Tamta,ALMORA(DISTRICT MAGISTRATE ALMORA_IDA),ALMORA,Construction of footpaths and pedestrian ways,03-Sep-2026,8481.0,Payment In-Progress,-3.985067880791967,0.028534413134788557,0,Low - Normal Pattern,No early cost-pattern anomaly against completed-works category norms.
EW-002097,Uttarakhand,ALMORA(SC),Ajay Tamta,ALMORA(DISTRICT MAGISTRATE ALMORA_IDA),ALMORA,Construction of footpaths and pedestrian ways,27-Aug-2026,11058.0,Payment In-Progress,-3.687781699030002,0.03720475656697227,0,Low - Normal Pattern,No early cost-pattern anomaly against completed-works category norms.
EW-002098,Odisha,KORAPUT(ST),Saptagiri Sankar Ulaka,KORAPUT(District Collector Koraput_IDA),KORAPUT,"Construction of roads, link roads, pathways or any other road with or without drainage system",30-Aug-2026,200000.0,Payment In-Progress,-1.1885515183145698,0.40000000000000024,0,Low - Normal Pattern,No early cost-pattern anomaly against completed-works category norms.
EW-002099,Uttar Pradesh,RAE BARELI,RAHUL GANDHI,RAE BARELI(DISTRICT MAGISTRATE RAE BARELI_IDA),RAE BARELI,Lighting of public spaces,23-Jan-2026,158500.0,Payment In-Progress,-0.8400679255909554,0.7905158053286252,0,Low - Normal Pattern,No early cost-pattern anomaly against completed-works category norms.
EW-002100,Tamil Nadu,MADURAI,S Venkatesan,MADURAI(DISTRICT COLLECTOR MADURAI_IDA),MADURAI,Lighting of public spaces,03-Sep-2026,343614.0,Payment In-Progress,1.92513236489876,1.7137684412125564,0,Low - Normal Pattern,No early cost-pattern anomaly against completed-works category norms.
EW-002101,Madhya Pradesh,KHARGONE(ST),Gajendra Singh Patel,Khargone (West Nimar)(DISTRICT COLLECTOR KHARGONE_IDA),Khargone ,Construction of community centers and community halls,24-Apr-2026,150000.0,Payment In-Progress,-1.6006615886749198,0.3018126869981105,0,Low - Normal Pattern,No early cost-pattern anomaly against completed-works category norms.
EW-002102,Uttar Pradesh,KUSHI NAGAR,Vijay Kumar Dubey,Kushinagar(DISTRICT MAGISTRATE KUSHINAGAR PADRAUNA_IDA),Kushinagar,Lighting of public spaces,03-Sep-2026,344922.0,Payment In-Progress,1.9387101675590894,1.7202920669120507,0,Low - Normal Pattern,No early cost-pattern anomaly against completed-works category norms.
EW-002103,Uttar Pradesh,KUSHI NAGAR,Vijay Kumar Dubey,Kushinagar(DISTRICT MAGISTRATE KUSHINAGAR PADRAUNA_IDA),Kushinagar,"Construction of roads, link roads, pathways or any other road with or without drainage system",03-Sep-2026,523396.0,Payment In-Progress,0.05931824404083324,1.0467920000000006,0,Low - Normal Pattern,No early cost-pattern anomaly against completed-works category norms.
EW-002104,Bihar,NALANDA,Kaushalendra Kumar,NALANDA(DISTRICT PLANNING OFFICER NALANDA_IDA),NALANDA,"Construction of roads, link roads, pathways or any other road with or without drainage system",27-Aug-2026,395705.0,Payment In-Progress,-0.303450291259083,0.7914100000000005,0,Low - Normal Pattern,No early cost-pattern anomaly against completed-works category norms.
EW-002105,Karnataka,CHITRADURGA(SC),GOVIND MAKTHAPPA KARJOL,TUMAKURU(DEPUTY COMMISSIONER TUMKUR_IDA),TUMAKURU,"Construction of roads, link roads, pathways or any other road with or without drainage system",10-Aug-2026,250000.0,Payment In-Progress,-0.8991045147700292,0.5000000000000003,0,Low - Normal Pattern,No early cost-pattern anomaly against completed-works category norms.
EW-002106,Karnataka,TUMKUR,V. SOMANNA,TUMAKURU(DEPUTY COMMISSIONER TUMKUR_IDA),TUMAKURU,Construction of buildings for training institutions,05-Aug-2026,750000.0,Payment In-Progress,0.0,,0,Low - Normal Pattern,No early cost-pattern anomaly against completed-works category norms.
EW-002107,Karnataka,TUMKUR,V. SOMANNA,TUMAKURU(DEPUTY COMMISSIONER TUMKUR_IDA),TUMAKURU,Installing tube-wells and borewells,27-Jul-2026,375000.0,Payment In-Progress,1.847769156189292,1.7121216916356956,0,Low - Normal Pattern,No early cost-pattern anomaly against completed-works category norms.
EW-002108,Chhattisgarh,DURG,Vijay Baghel,DURG(DISTRICT COLLECTOR DURG_IDA),DURG,"Construction of roads, link roads, pathways or any other road with or without drainage system",03-Sep-2026,250000.0,Payment In-Progress,-0.8991045147700292,0.5000000000000003,0,Low - Normal Pattern,No early cost-pattern anomaly against completed-works category norms.
EW-002109,Punjab,SANGRUR,GURMEET SINGH MEET HAYER,BARNALA(DEPUTY COMMISSIONER BARNALA_IDA),BARNALA,Construction of additional rooms and halls in the existing public and community building,26-Aug-2026,34380.0,Payment In-Progress,-2.6051123420246762,0.06876000000000004,0,Low - Normal Pattern,No early cost-pattern anomaly against completed-works category norms.
EW-002110,Punjab,SANGRUR,GURMEET SINGH MEET HAYER,BARNALA(DEPUTY COMMISSIONER BARNALA_IDA),BARNALA,Construction of additional rooms and halls in the existing public and community building,26-Aug-2026,21201.0,Payment In-Progress,-3.075533753645895,0.04240200000000002,0,Low - Normal Pattern,No early cost-pattern anomaly against completed-works category norms.
EW-002111,Tamil Nadu,MAYILADUTHURAI,SUDHA R,THANJAVUR(DISTRICT COLLECTOR THANJAVUR_IDA),THANJAVUR,Purchase of furniture and fixtures for educational purposes,02-Sep-2026,400000.0,Payment In-Progress,-1.3220665261882396,0.40000000000000013,0,Low - Normal Pattern,No early cost-pattern anomaly against completed-works category norms.
EW-002112,Punjab,HOSHIARPUR(SC),DR. RAJ KUMAR CHABBEWAL,HOSHIARPUR(DEPUTY COMMISSIONER HOSHIARPUR_IDA),HOSHIARPUR,"Construction of roads, link roads, pathways or any other road with or without drainage system",02-Sep-2026,27000.0,Payment In-Progress,-3.7860363083750967,0.054000000000000034,0,Low - Normal Pattern,No early cost-pattern anomaly against completed-works category norms.
EW-002113,Karnataka,DHARWAD,Pralhad Venkatesh Joshi,DHARWAD(DEPUTY COMMISSIONER DHARWAR_IDA),DHARWAD,Construction of buildings for community cultural activities,18-Aug-2026,398213.0,Payment In-Progress,0.15554751369442796,1.1377514285714283,0,Low - Normal Pattern,No early cost-pattern anomaly against completed-works category norms.
EW-002114,Odisha,BHADRAK(SC),AVIMANYU SETHI,Baleshwar(DISTRICT COLLECTOR BALESHWAR_IDA),Baleshwar,Street lights,29-Aug-2026,33000.0,Payment In-Progress,-1.6151923079754638,0.14803450549746328,0,Low - Normal Pattern,No early cost-pattern anomaly against completed-works category norms.
EW-002115,Uttar Pradesh,BAREILLY,CHHATRA PAL SINGH GANGWAR,BAREILLY(DISTRICT MAGISTRAE BAREILLY_IDA),BAREILLY,Crematoriums/energy efficient crematoriums or structures on burial/cremation ground,02-Sep-2026,91014.0,Payment In-Progress,-4.455060799090428,0.22792336266593458,0,Low - Normal Pattern,No early cost-pattern anomaly against completed-works category norms.
EW-002116,Gujarat,NAVSARI,C R Patil,NAVSARI(DISTRICT COLLECTOR NAVSARI_IDA),NAVSARI,"Construction of roads, link roads, pathways or any other road with or without drainage system",11-Aug-2026,300000.0,Payment In-Progress,-0.6626090929450127,0.6000000000000003,0,Low - Normal Pattern,No early cost-pattern anomaly against completed-works category norms.
EW-002117,Uttar Pradesh,BIJNOR,CHANDAN CHAUHAN,MEERUT(DISTRICT MAGISTRATE MEERUT_IDA),MEERUT,"Construction of roads, link roads, pathways or any other road with or without drainage system",29-Aug-2026,241266.0,Payment In-Progress,-0.9452317001816991,0.4825320000000003,0,Low - Normal Pattern,No early cost-pattern anomaly against completed-works category norms.
EW-002118,Uttar Pradesh,BIJNOR,CHANDAN CHAUHAN,MEERUT(DISTRICT MAGISTRATE MEERUT_IDA),MEERUT,"Construction of roads, link roads, pathways or any other road with or without drainage system",29-Aug-2026,248423.0,Payment In-Progress,-0.9073127497516839,0.4968460000000003,0,Low - Normal Pattern,No early cost-pattern anomaly against completed-works category norms.
EW-002119,Uttar Pradesh,BIJNOR,CHANDAN CHAUHAN,MEERUT(DISTRICT MAGISTRATE MEERUT_IDA),MEERUT,"Construction of roads, link roads, pathways or any other road with or without drainage system",29-Aug-2026,241072.0,Payment In-Progress,-0.9462751341917133,0.4821440000000003,0,Low - Normal Pattern,No early cost-pattern anomaly against completed-works category norms.
EW-002120,Madhya Pradesh,HOSHANGABAD,DARSHAN SINGH CHOUDHARY,NARMADAPURAM(DISTRICT COLLECTOR NARMADAPURAM_IDA),NARMADAPURAM,"Construction of flood control embankments/ protection walls along riverbanks, hilltops, roadsides",20-Jul-2026,150000.0,Payment In-Progress,-1.432949503123293,0.21320211617207988,0,Low - Normal Pattern,No early cost-pattern anomaly against completed-works category norms.
EW-002121,Uttar Pradesh,AMETHI,KISHORI LAL,SULTANPUR(DISTRICT MAGISTRATE SULTANPUR_IDA),SULTANPUR,Setting up public non-conventional energy plants,21-May-2026,322353.0,Payment In-Progress,0.0,0.35085491369383764,0,Low - Normal Pattern,No early cost-pattern anomaly against completed-works category norms.
EW-002122,Odisha,CUTTACK,Shri Bhartruhari Mahtab,Kataka(DISTRICT COLLECTOR CUTTACK_IDA),Kataka,Lighting of public spaces,03-Sep-2026,19000.0,Payment In-Progress,-8.42100987592049,0.09476214701100238,0,Low - Normal Pattern,No early cost-pattern anomaly against completed-works category norms.
EW-002123,Maharashtra,DHULE,BACHHAV SHOBHA DINESH,DHULE(DISTRICT COLLECTOR DHULE_IDA),DHULE,"Construction of roads, link roads, pathways or any other road with or without drainage system",03-Sep-2026,992586.0,Payment In-Progress,0.8894517388558483,1.985172000000001,0,Low - Normal Pattern,No early cost-pattern anomaly against completed-works category norms.
EW-002124,Maharashtra,DHULE,BACHHAV SHOBHA DINESH,DHULE(DISTRICT COLLECTOR DHULE_IDA),DHULE,Construction of community centers and community halls,03-Sep-2026,987617.0,Payment In-Progress,0.9175617399539159,1.987168936633419,0,Low - Normal Pattern,No early cost-pattern anomaly against completed-works category norms.
EW-002125,Odisha,CUTTACK,Shri Bhartruhari Mahtab,Kataka(DISTRICT COLLECTOR CUTTACK_IDA),Kataka,Lighting of public spaces,03-Sep-2026,29000.0,Payment In-Progress,-6.909847077710959,0.14463696122731942,0,Low - Normal Pattern,No early cost-pattern anomaly against completed-works category norms.
EW-002126,Rajasthan,AJMER,Bhagirath Chaudhary,AJMER(DISTRICT COLLECTOR AJMER_IDA),AJMER,Construction of community centers and community halls,27-Aug-2026,99540.0,Payment In-Progress,-2.1485919439886114,0.2002828990919461,0,Low - Normal Pattern,No early cost-pattern anomaly against completed-works category norms.
EW-002127,Odisha,CUTTACK,Shri Bhartruhari Mahtab,Kataka(DISTRICT COLLECTOR CUTTACK_IDA),Kataka,Lighting of public spaces,03-Sep-2026,29000.0,Payment In-Progress,-6.909847077710959,0.14463696122731942,0,Low - Normal Pattern,No early cost-pattern anomaly against completed-works category norms.
EW-002128,Gujarat,NAVSARI,C R Patil,NAVSARI(DISTRICT COLLECTOR NAVSARI_IDA),NAVSARI,"Construction of roads, link roads, pathways or any other road with or without drainage system",11-Aug-2026,500000.0,Payment In-Progress,0.0,1.0000000000000007,0,Low - Normal Pattern,No early cost-pattern anomaly against completed-works category norms.
EW-002129,Karnataka,DAKSHINA KANNADA,CAPTAIN BRIJESH CHOWTA,DAKSHINA KANNADA(DEPUTY COMMISSIONER DAKSHIN KANNAD MANGALORE_IDA),DAKSHINA KANNADA,"Construction of roads, link roads, pathways or any other road with or without drainage system",04-Aug-2026,499485.0,Payment In-Progress,-0.0013367361708069652,0.9989700000000006,0,Low - Normal Pattern,No early cost-pattern anomaly against completed-works category norms.
EW-002130,Maharashtra,MUMBAI NORTH WEST,RAVINDRA DATTARAM WAIKAR,MUMBAI SUBURBAN(DISTRICT COLLECTOR MUMBAI SUBURBAN_IDA),MUMBAI SUBURBAN,Construction of community centers and community halls,04-Aug-2026,1998481.0,Payment In-Progress,1.8593571971171499,4.021112803497806,0,Low - Normal Pattern,No early cost-pattern anomaly against completed-works category norms.
EW-002131,Uttar Pradesh,BADAUN,ADITYA YADAV,SAMBHAL(DISTRICT MAGISTRAE BHIMNAGAR SAMBHAL_IDA),SAMBHAL,"Construction of roads, link roads, pathways or any other road with or without drainage system",27-Aug-2026,594101.0,Payment In-Progress,0.22367933089176592,1.1882020000000006,0,Low - Normal Pattern,No early cost-pattern anomaly against completed-works category norms.
EW-002132,Uttar Pradesh,BADAUN,ADITYA YADAV,SAMBHAL(DISTRICT MAGISTRAE BHIMNAGAR SAMBHAL_IDA),SAMBHAL,"Construction of roads, link roads, pathways or any other road with or without drainage system",27-Aug-2026,585665.0,Payment In-Progress,0.20512852375747376,1.1713300000000006,0,Low - Normal Pattern,No early cost-pattern anomaly against completed-works category norms.
EW-002133,Uttar Pradesh,BADAUN,ADITYA YADAV,SAMBHAL(DISTRICT MAGISTRAE BHIMNAGAR SAMBHAL_IDA),SAMBHAL,"Construction of roads, link roads, pathways or any other road with or without drainage system",27-Aug-2026,226053.0,Payment In-Progress,-1.0297147579864947,0.4521060000000003,0,Low - Normal Pattern,No early cost-pattern anomaly against completed-works category norms.
EW-002134,Gujarat,NAVSARI,C R Patil,NAVSARI(DISTRICT COLLECTOR NAVSARI_IDA),NAVSARI,Construction of rooms and halls in school and colleges,11-Aug-2026,150000.0,Payment In-Progress,-1.5822449627071267,0.30000000000000016,0,Low - Normal Pattern,No early cost-pattern anomaly against completed-works category norms.
EW-002135,Rajasthan,BARMER,UMMEDA RAM BENIWAL,Balotra(DISTRICT COLLECTOR Balotra_IDA),Balotra,Construction of rooms and halls in school and colleges,01-Sep-2026,247370.0,Payment In-Progress,-0.9248232357361006,0.4947400000000003,0,Low - Normal Pattern,No early cost-pattern anomaly against completed-works category norms.
EW-002136,Chhattisgarh,RAIPUR,BRIJMOHAN AGRAWAL,Balodabazar-Bhatapara(Collector Baloda Bazar_IDA),Balodabazar-Bhatapara,Construction of buildings for community cultural activities,17-Aug-2026,105317.0,Payment In-Progress,-1.4475045095307406,0.30090571428571417,0,Low - Normal Pattern,No early cost-pattern anomaly against completed-works category norms.
EW-002137,Karnataka,DAKSHINA KANNADA,CAPTAIN BRIJESH CHOWTA,DAKSHINA KANNADA(DEPUTY COMMISSIONER DAKSHIN KANNAD MANGALORE_IDA),DAKSHINA KANNADA,Construction of public toilets and bathrooms,26-Aug-2026,1800000.0,Payment In-Progress,1.0332292376705305,4.024922359499621,0,Low - Normal Pattern,No early cost-pattern anomaly against completed-works category norms.
EW-002138,Maharashtra,MUMBAI NORTH,Piyush Vedprakash Goyal,MUMBAI SUBURBAN(DISTRICT COLLECTOR MUMBAI SUBURBAN_IDA),MUMBAI SUBURBAN,"Construction of roads, link roads, pathways or any other road with or without drainage system",19-Aug-2026,1998482.0,Payment In-Progress,1.7972241313027322,3.9969640000000024,0,Low - Normal Pattern,No early cost-pattern anomaly against completed-works category norms.
EW-002139,Andhra Pradesh,RAJAMPET,Midhun Reddy,Annamayya(DISTRICT COLLECTOR ANNAMAYYA_IDA),Annamayya,Construction of public toilets and bathrooms,25-Aug-2026,199846.0,Payment In-Progress,-0.5976672797725702,0.446869241031423,0,Low - Normal Pattern,No early cost-pattern anomaly against completed-works category norms.
EW-002140,Uttar Pradesh,MEERUT,ARUN GOVIL,MEERUT(DISTRICT MAGISTRATE MEERUT_IDA),MEERUT,"Construction of roads, link roads, pathways or any other road with or without drainage system",11-Aug-2026,667636.0,Payment In-Progress,0.3750467518729589,1.3352720000000007,0,Low - Normal Pattern,No early cost-pattern anomaly against completed-works category norms.
EW-002141,Assam,JORHAT,GAURAV GOGOI,"MAJULI(District Commissioner, Majuli)",MAJULI,Construction of community centers and community halls,30-Dec-2025,146750.0,Payment In-Progress,-1.629930144779079,0.2952734121131514,0,Low - Normal Pattern,No early cost-pattern anomaly against completed-works category norms.
EW-002142,Uttar Pradesh,BIJNOR,CHANDAN CHAUHAN,MUZAFFARNAGAR(DISTRICT MAGISTRATE MUZAFFARNAGAR_IDA),MUZAFFARNAGAR,"Construction of roads, link roads, pathways or any other road with or without drainage system",25-Aug-2026,556512.0,Payment In-Progress,0.13889789273574213,1.1130240000000007,0,Low - Normal Pattern,No early cost-pattern anomaly against completed-works category norms.
EW-002143,Uttar Pradesh,BIJNOR,CHANDAN CHAUHAN,MUZAFFARNAGAR(DISTRICT MAGISTRATE MUZAFFARNAGAR_IDA),MUZAFFARNAGAR,"Construction of roads, link roads, pathways or any other road with or without drainage system",25-Aug-2026,428280.0,Payment In-Progress,-0.20083638097235,0.8565600000000005,0,Low - Normal Pattern,No early cost-pattern anomaly against completed-works category norms.
EW-002144,Uttar Pradesh,BIJNOR,CHANDAN CHAUHAN,MUZAFFARNAGAR(DISTRICT MAGISTRATE MUZAFFARNAGAR_IDA),MUZAFFARNAGAR,"Construction of roads, link roads, pathways or any other road with or without drainage system",25-Aug-2026,505870.0,Payment In-Progress,0.0151396518727715,1.0117400000000005,0,Low - Normal Pattern,No early cost-pattern anomaly against completed-works category norms.
EW-002145,Chhattisgarh,BILASPUR,TOKHAN SAHU,MUNGELI(Collector Mungeli_IDA),MUNGELI,Construction of community centers and community halls,19-May-2026,400000.0,Payment In-Progress,-0.29010821030823913,0.8048338319949613,0,Low - Normal Pattern,No early cost-pattern anomaly against completed-works category norms.
EW-002146,Karnataka,BIDAR,SAGAR ESHWAR KHANDRE,BIDAR(DEPUTY COMMISSIONER BIDAR_IDA),BIDAR,Lighting of public spaces,20-Aug-2026,187500.0,Payment In-Progress,-0.23959994578238544,0.9351527665559446,0,Low - Normal Pattern,No early cost-pattern anomaly against completed-works category norms.
EW-002147,Uttar Pradesh,GAUTAM BUDDHA NAGAR,Mahesh Sharma,GAUTAM BUDDHA NAGAR(DISTRICT MAGISTRATE GAUTAMBUDHNAGAR),GAUTAM BUDDHA NAGAR,"Construction of roads, link roads, pathways or any other road with or without drainage system",24-Aug-2026,852459.0,Payment In-Progress,0.6920428604622266,1.704918000000001,0,Low - Normal Pattern,No early cost-pattern anomaly against completed-works category norms.
EW-002148,Karnataka,DAKSHINA KANNADA,CAPTAIN BRIJESH CHOWTA,DAKSHINA KANNADA(DEPUTY COMMISSIONER DAKSHIN KANNAD MANGALORE_IDA),DAKSHINA KANNADA,"Construction of roads, link roads, pathways or any other road with or without drainage system",01-Sep-2026,499985.0,Payment In-Progress,-3.8914592462367124e-05,0.9999700000000006,0,Low - Normal Pattern,No early cost-pattern anomaly against completed-works category norms.
EW-002149,Gujarat,NAVSARI,C R Patil,NAVSARI(DISTRICT COLLECTOR NAVSARI_IDA),NAVSARI,"Construction of roads, link roads, pathways or any other road with or without drainage system",09-Jul-2026,300000.0,Payment In-Progress,-0.6626090929450127,0.6000000000000003,0,Low - Normal Pattern,No early cost-pattern anomaly against completed-works category norms.
EW-002150,Gujarat,NAVSARI,C R Patil,NAVSARI(DISTRICT COLLECTOR NAVSARI_IDA),NAVSARI,"Construction of roads, link roads, pathways or any other road with or without drainage system",09-Jul-2026,450000.0,Payment In-Progress,-0.13666666757545337,0.9000000000000006,0,Low - Normal Pattern,No early cost-pattern anomaly against completed-works category norms.
EW-002151,Rajasthan,CHITTORGARH,Chandra Prakash Joshi,CHITTORGARH(DISTRICT COLLECTOR CHITTORGARH_IDA),CHITTORGARH,Construction of community centers and community halls,02-Sep-2026,319626.0,Payment In-Progress,-0.5898282066118823,0.6431145459630537,0,Low - Normal Pattern,No early cost-pattern anomaly against completed-works category norms.
EW-002152,Uttar Pradesh,KANNAUJ,AKHILESH YADAV,KANNAUJ(DISTRICT MAGISTRATE KANNAUJ_IDA),KANNAUJ,"Construction of roads, link roads, pathways or any other road with or without drainage system",03-Sep-2026,152076.0,Payment In-Progress,-1.5438843740061454,0.3041520000000002,0,Low - Normal Pattern,No early cost-pattern anomaly against completed-works category norms.
EW-002153,Uttar Pradesh,KANNAUJ,AKHILESH YADAV,KANNAUJ(DISTRICT MAGISTRATE KANNAUJ_IDA),KANNAUJ,"Construction of roads, link roads, pathways or any other road with or without drainage system",03-Sep-2026,404663.0,Payment In-Progress,-0.27441312774799564,0.8093260000000004,0,Low - Normal Pattern,No early cost-pattern anomaly against completed-works category norms.
EW-002154,Gujarat,MAHESANA,HARIBHAI PATEL,MAHESANA(DISTRICT COLLECTOR MAHESANA_IDA),MAHESANA,"Construction of roads, link roads, pathways or any other road with or without drainage system",24-Aug-2026,50000.0,Payment In-Progress,-2.986760547854628,0.10000000000000006,0,Low - Normal Pattern,No early cost-pattern anomaly against completed-works category norms.
EW-002155,Karnataka,DAKSHINA KANNADA,CAPTAIN BRIJESH CHOWTA,DAKSHINA KANNADA(DEPUTY COMMISSIONER DAKSHIN KANNAD MANGALORE_IDA),DAKSHINA KANNADA,"Construction of roads, link roads, pathways or any other road with or without drainage system",02-Sep-2026,499985.0,Payment In-Progress,-3.8914592462367124e-05,0.9999700000000006,0,Low - Normal Pattern,No early cost-pattern anomaly against completed-works category norms.
EW-002156,Karnataka,DAKSHINA KANNADA,CAPTAIN BRIJESH CHOWTA,DAKSHINA KANNADA(DEPUTY COMMISSIONER DAKSHIN KANNAD MANGALORE_IDA),DAKSHINA KANNADA,"Construction of roads, link roads, pathways or any other road with or without drainage system",01-Sep-2026,499985.0,Payment In-Progress,-3.8914592462367124e-05,0.9999700000000006,0,Low - Normal Pattern,No early cost-pattern anomaly against completed-works category norms.
EW-002157,West Bengal,BOLPUR(SC),Asit Kumar Mal,BIRBHUM(DISTRICT MAGISTRATE BIRBHUM_IDA),BIRBHUM,Development of public parks,01-Sep-2026,2685218.0,Payment In-Progress,1.9947691750475396,6.7130449999999975,0,Low - Normal Pattern,No early cost-pattern anomaly against completed-works category norms.
EW-002158,Chhattisgarh,BASTAR(ST),MAHESH KASHYAP,BIJAPUR(Collector Bijapur_IDA),BIJAPUR,"Construction of roads, link roads, pathways or any other road with or without drainage system",18-Jun-2026,425000.0,Payment In-Progress,-0.21080876810174762,0.8500000000000005,0,Low - Normal Pattern,No early cost-pattern anomaly against completed-works category norms.
EW-002159,Uttar Pradesh,SAHARANPUR,IMRAN MASOOD,SAHARANPUR(DISTRICT MAGISTRAE SAHARANPUR_IDA),SAHARANPUR,"Construction of roads, link roads, pathways or any other road with or without drainage system",01-Sep-2026,2306774.0,Payment In-Progress,1.9833136701137832,4.613548000000002,0,Low - Normal Pattern,No early cost-pattern anomaly against completed-works category norms.
EW-002160,Uttar Pradesh,SALEMPUR,RAMASHANKAR RAJBHAR,DEORIA(DISTRICT MAGISTRATE DEORIA),DEORIA,Street lights,09-Jul-2026,78679.0,Payment In-Progress,-0.8805522967979647,0.3529456623646944,0,Low - Normal Pattern,No early cost-pattern anomaly against completed-works category norms.
EW-002161,Uttar Pradesh,MUZAFFARNAGAR,HARENDRA SINGH MALIK,MUZAFFARNAGAR(DISTRICT MAGISTRATE MUZAFFARNAGAR_IDA),MUZAFFARNAGAR,"Construction of roads, link roads, pathways or any other road with or without drainage system",05-Aug-2026,55273.0,Payment In-Progress,-2.85670793573115,0.11054600000000006,0,Low - Normal Pattern,No early cost-pattern anomaly against completed-works category norms.
EW-002162,Assam,Sonitpur,RANJIT DUTTA,"SONITPUR(Deputy Commissioner Sonitpur, Tezpur)",SONITPUR,Construction of community centers and community halls,28-Aug-2026,113400.0,Payment In-Progress,-1.9744065592378015,0.22817039137057152,0,Low - Normal Pattern,No early cost-pattern anomaly against completed-works category norms.
EW-002163,Karnataka,RAICHUR(ST),G. KUMAR NAIK,RAICHUR(DEPUTY COMMISSIONER RAICHUR_IDA),RAICHUR,Construction of community centers and community halls,21-Aug-2026,113649.0,Payment In-Progress,-1.9714758601604023,0.22867140043098838,0,Low - Normal Pattern,No early cost-pattern anomaly against completed-works category norms.
EW-002164,Assam,Diphu (ST),AMARSING TISSO,KARBI ANGLONG(DEPUTY COMMISSIONER KARBI ANGLONG_IDA),KARBI ANGLONG,Installing tube-wells and borewells,16-Jun-2026,91560.0,Payment In-Progress,-2.997063254478425,0.41803163222977147,0,Low - Normal Pattern,No early cost-pattern anomaly against completed-works category norms.
EW-002165,Assam,Diphu (ST),AMARSING TISSO,KARBI ANGLONG(DEPUTY COMMISSIONER KARBI ANGLONG_IDA),KARBI ANGLONG,Installing tube-wells and borewells,16-Jul-2026,49500.0,Payment In-Progress,-5.110412454935699,0.22600006329591182,0,Low - Normal Pattern,No early cost-pattern anomaly against completed-works category norms.
EW-002166,Punjab,PATIALA,DR DHARAMVIRA GANDHI,PATIALA(DEPUTY COMMISSIONER PATIALA_IDA),PATIALA,Crematoriums/energy efficient crematoriums or structures on burial/cremation ground,18-Nov-2025,34500.0,Payment In-Progress,-7.377570888657302,0.08639721374705807,0,Low - Normal Pattern,No early cost-pattern anomaly against completed-works category norms.
EW-002167,Punjab,PATIALA,DR DHARAMVIRA GANDHI,PATIALA(DEPUTY COMMISSIONER PATIALA_IDA),PATIALA,Crematoriums/energy efficient crematoriums or structures on burial/cremation ground,18-Nov-2025,34500.0,Payment In-Progress,-7.377570888657302,0.08639721374705807,0,Low - Normal Pattern,No early cost-pattern anomaly against completed-works category norms.
EW-002168,Uttar Pradesh,SALEMPUR,RAMASHANKAR RAJBHAR,DEORIA(DISTRICT MAGISTRATE DEORIA),DEORIA,Street lights,09-Jul-2026,78679.0,Payment In-Progress,-0.8805522967979647,0.3529456623646944,0,Low - Normal Pattern,No early cost-pattern anomaly against completed-works category norms.
EW-002169,Uttar Pradesh,SALEMPUR,RAMASHANKAR RAJBHAR,DEORIA(DISTRICT MAGISTRATE DEORIA),DEORIA,Street lights,09-Jul-2026,78679.0,Payment In-Progress,-0.8805522967979647,0.3529456623646944,0,Low - Normal Pattern,No early cost-pattern anomaly against completed-works category norms.
EW-002170,Uttar Pradesh,SAHARANPUR,IMRAN MASOOD,SAHARANPUR(DISTRICT MAGISTRAE SAHARANPUR_IDA),SAHARANPUR,"Construction of roads, link roads, pathways or any other road with or without drainage system",20-Jul-2026,683136.0,Payment In-Progress,0.40481706649512816,1.3662720000000008,0,Low - Normal Pattern,No early cost-pattern anomaly against completed-works category norms.
EW-002171,Uttar Pradesh,SALEMPUR,RAMASHANKAR RAJBHAR,DEORIA(DISTRICT MAGISTRATE DEORIA),DEORIA,Street lights,09-Jul-2026,78679.0,Payment In-Progress,-0.8805522967979647,0.3529456623646944,0,Low - Normal Pattern,No early cost-pattern anomaly against completed-works category norms.
EW-002172,Uttar Pradesh,SALEMPUR,RAMASHANKAR RAJBHAR,DEORIA(DISTRICT MAGISTRATE DEORIA),DEORIA,Street lights,09-Jul-2026,78679.0,Payment In-Progress,-0.8805522967979647,0.3529456623646944,0,Low - Normal Pattern,No early cost-pattern anomaly against completed-works category norms.
EW-002173,Uttar Pradesh,SALEMPUR,RAMASHANKAR RAJBHAR,DEORIA(DISTRICT MAGISTRATE DEORIA),DEORIA,Street lights,09-Jul-2026,78679.0,Payment In-Progress,-0.8805522967979647,0.3529456623646944,0,Low - Normal Pattern,No early cost-pattern anomaly against completed-works category norms.
EW-002174,Uttar Pradesh,SALEMPUR,RAMASHANKAR RAJBHAR,DEORIA(DISTRICT MAGISTRATE DEORIA),DEORIA,Street lights,09-Jul-2026,78679.0,Payment In-Progress,-0.8805522967979647,0.3529456623646944,0,Low - Normal Pattern,No early cost-pattern anomaly against completed-works category norms.
EW-002175,Uttar Pradesh,SALEMPUR,RAMASHANKAR RAJBHAR,DEORIA(DISTRICT MAGISTRATE DEORIA),DEORIA,Street lights,09-Jul-2026,78679.0,Payment In-Progress,-0.8805522967979647,0.3529456623646944,0,Low - Normal Pattern,No early cost-pattern anomaly against completed-works category norms.
EW-002176,Uttar Pradesh,SALEMPUR,RAMASHANKAR RAJBHAR,DEORIA(DISTRICT MAGISTRATE DEORIA),DEORIA,Street lights,09-Jul-2026,78679.0,Payment In-Progress,-0.8805522967979647,0.3529456623646944,0,Low - Normal Pattern,No early cost-pattern anomaly against completed-works category norms.
EW-002177,Uttar Pradesh,SALEMPUR,RAMASHANKAR RAJBHAR,DEORIA(DISTRICT MAGISTRATE DEORIA),DEORIA,Street lights,09-Jul-2026,78679.0,Payment In-Progress,-0.8805522967979647,0.3529456623646944,0,Low - Normal Pattern,No early cost-pattern anomaly against completed-works category norms.
EW-002178,Uttar Pradesh,SALEMPUR,RAMASHANKAR RAJBHAR,DEORIA(DISTRICT MAGISTRATE DEORIA),DEORIA,Street lights,09-Jul-2026,78679.0,Payment In-Progress,-0.8805522967979647,0.3529456623646944,0,Low - Normal Pattern,No early cost-pattern anomaly against completed-works category norms.
EW-002179,Uttar Pradesh,VARANASI,Shri Narendra Modi,VARANASI(DISTRICT MAGISTRAE VARANASI_IDA),VARANASI,"Construction of roads, link roads, pathways or any other road with or without drainage system",17-Jul-2026,511139.0,Payment In-Progress,0.028580355386327902,1.0222780000000007,0,Low - Normal Pattern,No early cost-pattern anomaly against completed-works category norms.
EW-002180,Punjab,BHATINDA,Smt Harsimrat Kaur Badal,BATHINDA(DEPUTY COMMISSIONER BHATINDA_IDA),BATHINDA,"Construction of roads, link roads, pathways or any other road with or without drainage system",02-Sep-2026,17613.0,Payment In-Progress,-4.340171274323008,0.03522600000000002,0,Low - Normal Pattern,No early cost-pattern anomaly against completed-works category norms.
EW-002181,Punjab,BHATINDA,Smt Harsimrat Kaur Badal,BATHINDA(DEPUTY COMMISSIONER BHATINDA_IDA),BATHINDA,"Construction of roads, link roads, pathways or any other road with or without drainage system",02-Sep-2026,121053.0,Payment In-Progress,-1.839827913512765,0.24210600000000015,0,Low - Normal Pattern,No early cost-pattern anomaly against completed-works category norms.
EW-002182,Punjab,BHATINDA,Smt Harsimrat Kaur Badal,BATHINDA(DEPUTY COMMISSIONER BHATINDA_IDA),BATHINDA,Crematoriums/energy efficient crematoriums or structures on burial/cremation ground,02-Sep-2026,179584.0,Payment In-Progress,-2.407520464478461,0.4497262966246862,0,Low - Normal Pattern,No early cost-pattern anomaly against completed-works category norms.
EW-002183,Uttar Pradesh,SAHARANPUR,IMRAN MASOOD,SAHARANPUR(DISTRICT MAGISTRAE SAHARANPUR_IDA),SAHARANPUR,"Construction of roads, link roads, pathways or any other road with or without drainage system",24-Jul-2026,1104376.0,Payment In-Progress,1.027884550139439,2.2087520000000014,0,Low - Normal Pattern,No early cost-pattern anomaly against completed-works category norms.
EW-002184,Tamil Nadu,MAYILADUTHURAI,SUDHA R,Mayiladuthurai(District Collector Mayiladuthurai_IDA),Mayiladuthurai,Purchase of furniture and fixtures for educational purposes,08-Jul-2026,400000.0,Payment In-Progress,-1.3220665261882396,0.40000000000000013,0,Low - Normal Pattern,No early cost-pattern anomaly against completed-works category norms.
EW-002185,Tamil Nadu,MAYILADUTHURAI,SUDHA R,Mayiladuthurai(District Collector Mayiladuthurai_IDA),Mayiladuthurai,Purchase of furniture and fixtures for educational purposes,09-Jul-2026,500000.0,Payment In-Progress,-1.0001047192365562,0.5000000000000002,0,Low - Normal Pattern,No early cost-pattern anomaly against completed-works category norms.
EW-002186,Tamil Nadu,MAYILADUTHURAI,SUDHA R,Mayiladuthurai(District Collector Mayiladuthurai_IDA),Mayiladuthurai,Purchase of furniture and fixtures for educational purposes,09-Jul-2026,800000.0,Payment In-Progress,-0.3219618069516836,0.8000000000000003,0,Low - Normal Pattern,No early cost-pattern anomaly against completed-works category norms.
EW-002187,Tamil Nadu,MAYILADUTHURAI,SUDHA R,Mayiladuthurai(District Collector Mayiladuthurai_IDA),Mayiladuthurai,Purchase of furniture and fixtures for educational purposes,09-Jul-2026,500000.0,Payment In-Progress,-1.0001047192365562,0.5000000000000002,0,Low - Normal Pattern,No early cost-pattern anomaly against completed-works category norms.
EW-002188,Tamil Nadu,MAYILADUTHURAI,SUDHA R,Mayiladuthurai(District Collector Mayiladuthurai_IDA),Mayiladuthurai,Purchase of furniture and fixtures for educational purposes,09-Jul-2026,800000.0,Payment In-Progress,-0.3219618069516836,0.8000000000000003,0,Low - Normal Pattern,No early cost-pattern anomaly against completed-works category norms.
EW-002189,West Bengal,BISHNUPUR(SC),Saumitra khan,BANKURA(DISTRICT MAGISTRATE BANKURA_IDA),BANKURA,Construction of community centers and community halls,01-Sep-2026,447996.0,Payment In-Progress,-0.1386938948020075,0.9014058434960367,0,Low - Normal Pattern,No early cost-pattern anomaly against completed-works category norms.
EW-002190,Maharashtra,MUMBAI NORTH,Piyush Vedprakash Goyal,MUMBAI SUBURBAN(DISTRICT COLLECTOR MUMBAI SUBURBAN_IDA),MUMBAI SUBURBAN,"Construction of roads, link roads, pathways or any other road with or without drainage system",19-Aug-2026,1498861.0,Payment In-Progress,1.4240616091958898,2.9977220000000018,0,Low - Normal Pattern,No early cost-pattern anomaly against completed-works category norms.
EW-002191,Assam,Diphu (ST),AMARSING TISSO,KARBI ANGLONG(DEPUTY COMMISSIONER KARBI ANGLONG_IDA),KARBI ANGLONG,"Construction of roads, link roads, pathways or any other road with or without drainage system",27-Aug-2026,96869.0,Payment In-Progress,-2.128918678295583,0.1937380000000001,0,Low - Normal Pattern,No early cost-pattern anomaly against completed-works category norms.
EW-002192,Assam,Diphu (ST),AMARSING TISSO,KARBI ANGLONG(DEPUTY COMMISSIONER KARBI ANGLONG_IDA),KARBI ANGLONG,Installing tube-wells and borewells,17-Aug-2026,200000.0,Payment In-Progress,-0.312267370465314,0.913131568872371,0,Low - Normal Pattern,No early cost-pattern anomaly against completed-works category norms.
EW-002193,Uttar Pradesh,AZAMGARH,DHARMENDRA YADAV,AZAMGARH(DISTRICT MAGISTRATE AZAMGARH_IDA),AZAMGARH,"Construction of roads, link roads, pathways or any other road with or without drainage system",22-Aug-2026,1217984.0,Payment In-Progress,1.15489541685173,2.4359680000000012,0,Low - Normal Pattern,No early cost-pattern anomaly against completed-works category norms.
EW-002194,Gujarat,SURENDRANAGAR,CHANDUBHAI CHHAGANBHAI SHIHORA,SURENDRANAGAR(DISTRICT COLLECTOR SURENDRANAGAR_IDA),SURENDRANAGAR,"Construction of roads, link roads, pathways or any other road with or without drainage system",29-Aug-2026,499535.0,Payment In-Progress,-0.0012068955644352992,0.9990700000000006,0,Low - Normal Pattern,No early cost-pattern anomaly against completed-works category norms.
EW-002195,Gujarat,NAVSARI,C R Patil,NAVSARI(DISTRICT COLLECTOR NAVSARI_IDA),NAVSARI,"Construction of roads, link roads, pathways or any other road with or without drainage system",23-Aug-2026,450000.0,Payment In-Progress,-0.13666666757545337,0.9000000000000006,0,Low - Normal Pattern,No early cost-pattern anomaly against completed-works category norms.
EW-002196,Gujarat,NAVSARI,C R Patil,NAVSARI(DISTRICT COLLECTOR NAVSARI_IDA),NAVSARI,"Construction of roads, link roads, pathways or any other road with or without drainage system",23-Aug-2026,500000.0,Payment In-Progress,0.0,1.0000000000000007,0,Low - Normal Pattern,No early cost-pattern anomaly against completed-works category norms.
EW-002197,Chhattisgarh,BASTAR(ST),MAHESH KASHYAP,BIJAPUR(Collector Bijapur_IDA),BIJAPUR,Construction of boundary walls of existing public and community buildings,18-Jun-2026,455140.0,Payment In-Progress,-0.11379005874486808,0.9188892581224083,0,Low - Normal Pattern,No early cost-pattern anomaly against completed-works category norms.
EW-002198,Gujarat,PANCHMAHAL,RAJPALSINH MAHENDRASINH JADAV,PANCH MAHALS(DISTRICT COLLECTOR PANCHMAHALS_IDA),PANCH MAHALS,Construction of footpaths and pedestrian ways,03-Sep-2026,200000.0,Payment In-Progress,-0.44387521883208025,0.6729020901966409,0,Low - Normal Pattern,No early cost-pattern anomaly against completed-works category norms.
EW-002199,Uttar Pradesh,BIJNOR,CHANDAN CHAUHAN,MUZAFFARNAGAR(DISTRICT MAGISTRATE MUZAFFARNAGAR_IDA),MUZAFFARNAGAR,"Construction of roads, link roads, pathways or any other road with or without drainage system",18-Jul-2026,17104.0,Payment In-Progress,-4.378209603028801,0.03420800000000002,0,Low - Normal Pattern,No early cost-pattern anomaly against completed-works category norms.
EW-002200,Chhattisgarh,SARGUJA(ST),CHINTAMANI MAHARAJ,SURGUJA(Collector Surguja_IDA),SURGUJA,Construction of culverts and bridges,14-Aug-2026,249749.0,Payment In-Progress,-2.308027019854935,0.25034431879008273,0,Low - Normal Pattern,No early cost-pattern anomaly against completed-works category norms.
EW-002201,West Bengal,BAHARAMPUR,PATHAN YUSUF,MURSHIDABAD(DISTRICT MAGISTRATE MURSHIDABAD_IDA),MURSHIDABAD,Construction of water tanks,23-Aug-2026,2199000.0,Payment In-Progress,0.8957132849773629,2.2577932361044226,0,Low - Normal Pattern,No early cost-pattern anomaly against completed-works category norms.
EW-002202,Rajasthan,BIKANER(SC),Shri Arjun Ram Meghwal,BIKANER(DISTRICT COLLECTOR BIKANER_IDA),BIKANER,Construction of additional rooms and halls in the existing public and community building,25-Aug-2026,999841.0,Payment In-Progress,0.6743452651472459,1.999682000000001,0,Low - Normal Pattern,No early cost-pattern anomaly against completed-works category norms.
EW-002203,Uttar Pradesh,HAMIRPUR_UP,AJENDRA SINGH LODHI,MAHOBA(DISTRICT MAGISTRAE MAHOBA_IDA),MAHOBA,Construction of common work sheds/ common covered sitting area,21-Apr-2026,416318.0,Payment In-Progress,0.7666053371769126,1.411462765506602,0,Low - Normal Pattern,No early cost-pattern anomaly against completed-works category norms.
EW-002204,Uttar Pradesh,HAMIRPUR_UP,AJENDRA SINGH LODHI,MAHOBA(DISTRICT MAGISTRAE MAHOBA_IDA),MAHOBA,Construction of common work sheds/ common covered sitting area,12-Mar-2026,297530.0,Payment In-Progress,0.01933551129341939,1.0087301452763977,0,Low - Normal Pattern,No early cost-pattern anomaly against completed-works category norms.
EW-002205,Uttar Pradesh,HAMIRPUR_UP,AJENDRA SINGH LODHI,MAHOBA(DISTRICT MAGISTRAE MAHOBA_IDA),MAHOBA,Construction of common work sheds/ common covered sitting area,12-Mar-2026,297530.0,Payment In-Progress,0.01933551129341939,1.0087301452763977,0,Low - Normal Pattern,No early cost-pattern anomaly against completed-works category norms.
EW-002206,Uttar Pradesh,HAMIRPUR_UP,AJENDRA SINGH LODHI,MAHOBA(DISTRICT MAGISTRAE MAHOBA_IDA),MAHOBA,Construction of common work sheds/ common covered sitting area,12-Mar-2026,297530.0,Payment In-Progress,0.01933551129341939,1.0087301452763977,0,Low - Normal Pattern,No early cost-pattern anomaly against completed-works category norms.
EW-002207,Uttar Pradesh,HAMIRPUR_UP,AJENDRA SINGH LODHI,MAHOBA(DISTRICT MAGISTRAE MAHOBA_IDA),MAHOBA,"Construction of roads, link roads, pathways or any other road with or without drainage system",12-Mar-2026,92367.0,Payment In-Progress,-2.1906489798838837,0.18473400000000012,0,Low - Normal Pattern,No early cost-pattern anomaly against completed-works category norms.
EW-002208,Uttar Pradesh,HAMIRPUR_UP,AJENDRA SINGH LODHI,MAHOBA(DISTRICT MAGISTRAE MAHOBA_IDA),MAHOBA,Construction of common work sheds/ common covered sitting area,21-Apr-2026,416318.0,Payment In-Progress,0.7666053371769126,1.411462765506602,0,Low - Normal Pattern,No early cost-pattern anomaly against completed-works category norms.
EW-002209,Uttar Pradesh,HAMIRPUR_UP,AJENDRA SINGH LODHI,MAHOBA(DISTRICT MAGISTRAE MAHOBA_IDA),MAHOBA,Construction of common work sheds/ common covered sitting area,21-Apr-2026,416318.0,Payment In-Progress,0.7666053371769126,1.411462765506602,0,Low - Normal Pattern,No early cost-pattern anomaly against completed-works category norms.
EW-002210,Uttar Pradesh,HAMIRPUR_UP,AJENDRA SINGH LODHI,MAHOBA(DISTRICT MAGISTRAE MAHOBA_IDA),MAHOBA,Construction of common work sheds/ common covered sitting area,21-Apr-2026,416318.0,Payment In-Progress,0.7666053371769126,1.411462765506602,0,Low - Normal Pattern,No early cost-pattern anomaly against completed-works category norms.
EW-002211,Uttar Pradesh,HAMIRPUR_UP,AJENDRA SINGH LODHI,MAHOBA(DISTRICT MAGISTRAE MAHOBA_IDA),MAHOBA,Construction of common work sheds/ common covered sitting area,21-Apr-2026,416318.0,Payment In-Progress,0.7666053371769126,1.411462765506602,0,Low - Normal Pattern,No early cost-pattern anomaly against completed-works category norms.
EW-002212,Uttar Pradesh,HAMIRPUR_UP,AJENDRA SINGH LODHI,MAHOBA(DISTRICT MAGISTRAE MAHOBA_IDA),MAHOBA,Construction of common work sheds/ common covered sitting area,17-Jul-2026,416318.0,Payment In-Progress,0.7666053371769126,1.411462765506602,0,Low - Normal Pattern,No early cost-pattern anomaly against completed-works category norms.
EW-002213,Uttar Pradesh,BANDA,KRISHNA DEVI SHIVSHANKER PATEL,CHITRAKOOT(DISTRICT MAGISTRATE CHITRAKOOT_IDA),CHITRAKOOT,Lighting of public spaces,02-Sep-2026,86957.0,Payment In-Progress,-2.985504984449803,0.43369642198082814,0,Low - Normal Pattern,No early cost-pattern anomaly against completed-works category norms.
EW-002214,Uttar Pradesh,HAMIRPUR_UP,AJENDRA SINGH LODHI,MAHOBA(DISTRICT MAGISTRAE MAHOBA_IDA),MAHOBA,Construction of common work sheds/ common covered sitting area,17-Jul-2026,416318.0,Payment In-Progress,0.7666053371769126,1.411462765506602,0,Low - Normal Pattern,No early cost-pattern anomaly against completed-works category norms.
EW-002215,Uttar Pradesh,HAMIRPUR_UP,AJENDRA SINGH LODHI,MAHOBA(DISTRICT MAGISTRAE MAHOBA_IDA),MAHOBA,Construction of common work sheds/ common covered sitting area,17-Jul-2026,416318.0,Payment In-Progress,0.7666053371769126,1.411462765506602,0,Low - Normal Pattern,No early cost-pattern anomaly against completed-works category norms.
EW-002216,Uttar Pradesh,HAMIRPUR_UP,AJENDRA SINGH LODHI,MAHOBA(DISTRICT MAGISTRAE MAHOBA_IDA),MAHOBA,Construction of common work sheds/ common covered sitting area,17-Jul-2026,416318.0,Payment In-Progress,0.7666053371769126,1.411462765506602,0,Low - Normal Pattern,No early cost-pattern anomaly against completed-works category norms.
EW-002217,Uttar Pradesh,BANDA,KRISHNA DEVI SHIVSHANKER PATEL,CHITRAKOOT(DISTRICT MAGISTRATE CHITRAKOOT_IDA),CHITRAKOOT,Lighting of public spaces,02-Sep-2026,86957.0,Payment In-Progress,-2.985504984449803,0.43369642198082814,0,Low - Normal Pattern,No early cost-pattern anomaly against completed-works category norms.
EW-002218,Uttar Pradesh,BANDA,KRISHNA DEVI SHIVSHANKER PATEL,CHITRAKOOT(DISTRICT MAGISTRATE CHITRAKOOT_IDA),CHITRAKOOT,Lighting of public spaces,02-Sep-2026,86957.0,Payment In-Progress,-2.985504984449803,0.43369642198082814,0,Low - Normal Pattern,No early cost-pattern anomaly against completed-works category norms.
EW-002219,Uttar Pradesh,BANDA,KRISHNA DEVI SHIVSHANKER PATEL,CHITRAKOOT(DISTRICT MAGISTRATE CHITRAKOOT_IDA),CHITRAKOOT,Lighting of public spaces,02-Sep-2026,86957.0,Payment In-Progress,-2.985504984449803,0.43369642198082814,0,Low - Normal Pattern,No early cost-pattern anomaly against completed-works category norms.
EW-002220,Uttar Pradesh,BANDA,KRISHNA DEVI SHIVSHANKER PATEL,CHITRAKOOT(DISTRICT MAGISTRATE CHITRAKOOT_IDA),CHITRAKOOT,Lighting of public spaces,02-Sep-2026,86957.0,Payment In-Progress,-2.985504984449803,0.43369642198082814,0,Low - Normal Pattern,No early cost-pattern anomaly against completed-works category norms.
EW-002221,Uttar Pradesh,BANDA,KRISHNA DEVI SHIVSHANKER PATEL,CHITRAKOOT(DISTRICT MAGISTRATE CHITRAKOOT_IDA),CHITRAKOOT,Lighting of public spaces,02-Sep-2026,86957.0,Payment In-Progress,-2.985504984449803,0.43369642198082814,0,Low - Normal Pattern,No early cost-pattern anomaly against completed-works category norms.
EW-002222,Uttar Pradesh,HAMIRPUR_UP,AJENDRA SINGH LODHI,MAHOBA(DISTRICT MAGISTRAE MAHOBA_IDA),MAHOBA,Construction of common work sheds/ common covered sitting area,12-Mar-2026,297530.0,Payment In-Progress,0.01933551129341939,1.0087301452763977,0,Low - Normal Pattern,No early cost-pattern anomaly against completed-works category norms.
EW-002223,Uttar Pradesh,HAMIRPUR_UP,AJENDRA SINGH LODHI,MAHOBA(DISTRICT MAGISTRAE MAHOBA_IDA),MAHOBA,Construction of common work sheds/ common covered sitting area,12-Mar-2026,297530.0,Payment In-Progress,0.01933551129341939,1.0087301452763977,0,Low - Normal Pattern,No early cost-pattern anomaly against completed-works category norms.
EW-002224,Jharkhand,PALAMU(SC),Vishnu Dayal Ram,GARHWA(Deputy Commissioner garhwa_IDA),GARHWA,Installing tube-wells and borewells,07-Jul-2026,270000.0,Payment In-Progress,0.7189574970145326,1.232727617977701,0,Low - Normal Pattern,No early cost-pattern anomaly against completed-works category norms.
EW-002225,Chhattisgarh,BILASPUR,TOKHAN SAHU,MUNGELI(Collector Mungeli_IDA),MUNGELI,Construction of common work sheds/ common covered sitting area,27-Aug-2026,299467.0,Payment In-Progress,0.033770353760254564,1.015297248732857,0,Low - Normal Pattern,No early cost-pattern anomaly against completed-works category norms.
EW-002226,Madhya Pradesh,SHAHDOL (ST),Smt Himadri Singh,UMARIA(District Collector Umariya_IDA),UMARIA,Street lights,29-Aug-2026,122510.0,Payment In-Progress,-0.5061451869926352,0.5495668869240675,0,Low - Normal Pattern,No early cost-pattern anomaly against completed-works category norms.
EW-002227,Madhya Pradesh,SHAHDOL (ST),Smt Himadri Singh,UMARIA(District Collector Umariya_IDA),UMARIA,Street lights,29-Aug-2026,122510.0,Payment In-Progress,-0.5061451869926352,0.5495668869240675,0,Low - Normal Pattern,No early cost-pattern anomaly against completed-works category norms.
EW-002228,Madhya Pradesh,SHAHDOL (ST),Smt Himadri Singh,UMARIA(District Collector Umariya_IDA),UMARIA,Street lights,29-Aug-2026,122510.0,Payment In-Progress,-0.5061451869926352,0.5495668869240675,0,Low - Normal Pattern,No early cost-pattern anomaly against completed-works category norms.
EW-002229,Madhya Pradesh,SHAHDOL (ST),Smt Himadri Singh,UMARIA(District Collector Umariya_IDA),UMARIA,Street lights,29-Aug-2026,122510.0,Payment In-Progress,-0.5061451869926352,0.5495668869240675,0,Low - Normal Pattern,No early cost-pattern anomaly against completed-works category norms.
EW-002230,Madhya Pradesh,SHAHDOL (ST),Smt Himadri Singh,UMARIA(District Collector Umariya_IDA),UMARIA,Street lights,29-Aug-2026,122510.0,Payment In-Progress,-0.5061451869926352,0.5495668869240675,0,Low - Normal Pattern,No early cost-pattern anomaly against completed-works category norms.
EW-002231,Madhya Pradesh,SHAHDOL (ST),Smt Himadri Singh,UMARIA(District Collector Umariya_IDA),UMARIA,Street lights,29-Aug-2026,122510.0,Payment In-Progress,-0.5061451869926352,0.5495668869240675,0,Low - Normal Pattern,No early cost-pattern anomaly against completed-works category norms.
EW-002232,Chandigarh,CHANDIGARH,MANISH TEWARI,CHANDIGARH(DEPUTY COMMISSIONER ZILLA PARISHAD CHANDIGARH_IDA),CHANDIGARH,Providing CCTV camera system for security of public areas,31-Aug-2026,499423.0,Payment In-Progress,1.1426741859912972,1.9976920000000011,0,Low - Normal Pattern,No early cost-pattern anomaly against completed-works category norms.
EW-002233,Assam,Sonitpur,RANJIT DUTTA,"SONITPUR(Deputy Commissioner Sonitpur, Tezpur)",SONITPUR,Construction of rooms and halls in school and colleges,28-Aug-2026,140499.0,Payment In-Progress,-1.668238663387486,0.28099800000000014,0,Low - Normal Pattern,No early cost-pattern anomaly against completed-works category norms.
EW-002234,Madhya Pradesh,CHHINDWARA,BUNTY VIVEK SAHU,Pandhurna(District Collector Pandhurna_IDA),Pandhurna,Construction of additional rooms and halls in the existing public and community building,02-Sep-2026,1000000.0,Payment In-Progress,0.6745,2.0000000000000013,0,Low - Normal Pattern,No early cost-pattern anomaly against completed-works category norms.
EW-002235,Madhya Pradesh,HOSHANGABAD,DARSHAN SINGH CHOUDHARY,NARMADAPURAM(DISTRICT COLLECTOR NARMADAPURAM_IDA),NARMADAPURAM,"Construction of roads, link roads, pathways or any other road with or without drainage system",02-Sep-2026,80000.0,Payment In-Progress,-2.377103036629142,0.1600000000000001,0,Low - Normal Pattern,No early cost-pattern anomaly against completed-works category norms.
EW-002236,Uttar Pradesh,BIJNOR,CHANDAN CHAUHAN,MUZAFFARNAGAR(DISTRICT MAGISTRATE MUZAFFARNAGAR_IDA),MUZAFFARNAGAR,"Construction of roads, link roads, pathways or any other road with or without drainage system",02-Sep-2026,149967.0,Payment In-Progress,-1.5619990085077144,0.2999340000000002,0,Low - Normal Pattern,No early cost-pattern anomaly against completed-works category norms.
EW-002237,Karnataka,BANGALORE RURAL,DR C N MANJUNATH,Bengaluru South(DEPUTY COMMISSIONER RAMANAGARA_IDA),Bengaluru South,Installing tube-wells and borewells,05-Nov-2025,149597.0,Payment In-Progress,-1.3100501452459483,0.6830087165430004,0,Low - Normal Pattern,No early cost-pattern anomaly against completed-works category norms.
EW-002238,Maharashtra,AMRAVATI(SC),BALWANT BASWANT WANKHADE,AMRAVATI(DISTRICT COLLECTOR AMRAVATI_IDA),AMRAVATI,Construction of community centers and community halls,24-Aug-2026,970281.0,Payment In-Progress,0.8938991931818776,1.9522874383547575,0,Low - Normal Pattern,No early cost-pattern anomaly against completed-works category norms.
EW-002239,Assam,Sonitpur,RANJIT DUTTA,"SONITPUR(Deputy Commissioner Sonitpur, Tezpur)",SONITPUR,Construction of community centers and community halls,28-Aug-2026,64350.0,Payment In-Progress,-2.7314589945123315,0.1294776427221894,0,Low - Normal Pattern,No early cost-pattern anomaly against completed-works category norms.
EW-002240,Uttar Pradesh,RAE BARELI,RAHUL GANDHI,RAE BARELI(DISTRICT MAGISTRATE RAE BARELI_IDA),RAE BARELI,Setting up public non-conventional energy plants,07-Aug-2026,802300.0,Payment In-Progress,0.0,0.8732380255699992,0,Low - Normal Pattern,No early cost-pattern anomaly against completed-works category norms.
EW-002241,Uttar Pradesh,RAE BARELI,RAHUL GANDHI,RAE BARELI(DISTRICT MAGISTRATE RAE BARELI_IDA),RAE BARELI,Setting up public non-conventional energy plants,07-Aug-2026,1795625.0,Payment In-Progress,0.0,1.9543911624880093,0,Low - Normal Pattern,No early cost-pattern anomaly against completed-works category norms.
EW-002242,Uttar Pradesh,AMETHI,KISHORI LAL,RAE BARELI(DISTRICT MAGISTRATE RAE BARELI_IDA),RAE BARELI,Setting up public non-conventional energy plants,07-Aug-2026,783355.0,Payment In-Progress,0.0,0.8526179403220575,0,Low - Normal Pattern,No early cost-pattern anomaly against completed-works category norms.
EW-002243,Uttar Pradesh,BANDA,KRISHNA DEVI SHIVSHANKER PATEL,CHITRAKOOT(DISTRICT MAGISTRATE CHITRAKOOT_IDA),CHITRAKOOT,Lighting of public spaces,02-Sep-2026,86957.0,Payment In-Progress,-2.985504984449803,0.43369642198082814,0,Low - Normal Pattern,No early cost-pattern anomaly against completed-works category norms.
EW-002244,Uttar Pradesh,BANDA,KRISHNA DEVI SHIVSHANKER PATEL,CHITRAKOOT(DISTRICT MAGISTRATE CHITRAKOOT_IDA),CHITRAKOOT,Lighting of public spaces,02-Sep-2026,86957.0,Payment In-Progress,-2.985504984449803,0.43369642198082814,0,Low - Normal Pattern,No early cost-pattern anomaly against completed-works category norms.
EW-002245,Jharkhand,CHATRA,KALI CHARAN SINGH,CHATRA(DEPUTY COMMISSIONER CHATRA_IDA),CHATRA,Construction of public irrigation facilities,20-Aug-2026,150000.0,Payment In-Progress,-1.5810022128904764,0.3144432977076297,0,Low - Normal Pattern,No early cost-pattern anomaly against completed-works category norms.
EW-002246,Jharkhand,CHATRA,KALI CHARAN SINGH,CHATRA(DEPUTY COMMISSIONER CHATRA_IDA),CHATRA,Renovation of ponds and lakes,15-Jul-2026,100000.0,Payment In-Progress,-2.4099558530632352,0.21749106655444136,0,Low - Normal Pattern,No early cost-pattern anomaly against completed-works category norms.
EW-002247,Jharkhand,CHATRA,KALI CHARAN SINGH,CHATRA(DEPUTY COMMISSIONER CHATRA_IDA),CHATRA,Construction of public irrigation facilities,15-Jul-2026,299937.0,Payment In-Progress,-0.6340868330272056,0.6287545292302222,0,Low - Normal Pattern,No early cost-pattern anomaly against completed-works category norms.
EW-002248,Jharkhand,CHATRA,KALI CHARAN SINGH,CHATRA(DEPUTY COMMISSIONER CHATRA_IDA),CHATRA,Construction of public irrigation facilities,15-Jul-2026,200000.0,Payment In-Progress,-1.1878777057525962,0.4192577302768396,0,Low - Normal Pattern,No early cost-pattern anomaly against completed-works category norms.
EW-002249,Jharkhand,CHATRA,KALI CHARAN SINGH,CHATRA(DEPUTY COMMISSIONER CHATRA_IDA),CHATRA,Construction of public irrigation facilities,15-Jul-2026,299938.0,Payment In-Progress,-0.6340822769974438,0.6287566255188736,0,Low - Normal Pattern,No early cost-pattern anomaly against completed-works category norms.
EW-002250,Jharkhand,CHATRA,KALI CHARAN SINGH,CHATRA(DEPUTY COMMISSIONER CHATRA_IDA),CHATRA,Construction of public irrigation facilities,15-Jul-2026,299938.0,Payment In-Progress,-0.6340822769974438,0.6287566255188736,0,Low - Normal Pattern,No early cost-pattern anomaly against completed-works category norms.
EW-002251,Jharkhand,CHATRA,KALI CHARAN SINGH,CHATRA(DEPUTY COMMISSIONER CHATRA_IDA),CHATRA,Construction of public irrigation facilities,15-Jul-2026,250000.0,Payment In-Progress,-0.8829466480618257,0.5240721628460495,0,Low - Normal Pattern,No early cost-pattern anomaly against completed-works category norms.
EW-002252,Jharkhand,CHATRA,KALI CHARAN SINGH,CHATRA(DEPUTY COMMISSIONER CHATRA_IDA),CHATRA,Construction of public irrigation facilities,15-Jul-2026,250000.0,Payment In-Progress,-0.8829466480618257,0.5240721628460495,0,Low - Normal Pattern,No early cost-pattern anomaly against completed-works category norms.
EW-002253,Jharkhand,CHATRA,KALI CHARAN SINGH,CHATRA(DEPUTY COMMISSIONER CHATRA_IDA),CHATRA,Construction of public irrigation facilities,15-Jul-2026,300000.0,Payment In-Progress,-0.6337998328140731,0.6288865954152594,0,Low - Normal Pattern,No early cost-pattern anomaly against completed-works category norms.
EW-002254,Jharkhand,CHATRA,KALI CHARAN SINGH,CHATRA(DEPUTY COMMISSIONER CHATRA_IDA),CHATRA,Construction of public irrigation facilities,15-Jul-2026,250000.0,Payment In-Progress,-0.8829466480618257,0.5240721628460495,0,Low - Normal Pattern,No early cost-pattern anomaly against completed-works category norms.
EW-002255,Jharkhand,CHATRA,KALI CHARAN SINGH,CHATRA(DEPUTY COMMISSIONER CHATRA_IDA),CHATRA,Construction of public irrigation facilities,15-Jul-2026,350000.0,Payment In-Progress,-0.4231492020132345,0.7337010279844693,0,Low - Normal Pattern,No early cost-pattern anomaly against completed-works category norms.
EW-002256,Uttar Pradesh,BANDA,KRISHNA DEVI SHIVSHANKER PATEL,CHITRAKOOT(DISTRICT MAGISTRATE CHITRAKOOT_IDA),CHITRAKOOT,Lighting of public spaces,02-Sep-2026,86957.0,Payment In-Progress,-2.985504984449803,0.43369642198082814,0,Low - Normal Pattern,No early cost-pattern anomaly against completed-works category norms.
EW-002257,Jharkhand,CHATRA,KALI CHARAN SINGH,CHATRA(DEPUTY COMMISSIONER CHATRA_IDA),CHATRA,Renovation of ponds and lakes,15-Jul-2026,100000.0,Payment In-Progress,-2.4099558530632352,0.21749106655444136,0,Low - Normal Pattern,No early cost-pattern anomaly against completed-works category norms.
EW-002258,Jharkhand,CHATRA,KALI CHARAN SINGH,CHATRA(DEPUTY COMMISSIONER CHATRA_IDA),CHATRA,Renovation of ponds and lakes,15-Jul-2026,100000.0,Payment In-Progress,-2.4099558530632352,0.21749106655444136,0,Low - Normal Pattern,No early cost-pattern anomaly against completed-works category norms.
EW-002259,Jharkhand,CHATRA,KALI CHARAN SINGH,CHATRA(DEPUTY COMMISSIONER CHATRA_IDA),CHATRA,Construction of public irrigation facilities,20-Aug-2026,250000.0,Payment In-Progress,-0.8829466480618257,0.5240721628460495,0,Low - Normal Pattern,No early cost-pattern anomaly against completed-works category norms.
EW-002260,Jharkhand,CHATRA,KALI CHARAN SINGH,CHATRA(DEPUTY COMMISSIONER CHATRA_IDA),CHATRA,Renovation of ponds and lakes,20-Aug-2026,100000.0,Payment In-Progress,-2.4099558530632352,0.21749106655444136,0,Low - Normal Pattern,No early cost-pattern anomaly against completed-works category norms.
EW-002261,Jharkhand,CHATRA,KALI CHARAN SINGH,CHATRA(DEPUTY COMMISSIONER CHATRA_IDA),CHATRA,Establishing public lift irrigation projects,20-Aug-2026,150000.0,Payment In-Progress,0.0,,0,Low - Normal Pattern,No early cost-pattern anomaly against completed-works category norms.
EW-002262,Jharkhand,CHATRA,KALI CHARAN SINGH,CHATRA(DEPUTY COMMISSIONER CHATRA_IDA),CHATRA,Construction of public irrigation facilities,20-Aug-2026,150000.0,Payment In-Progress,-1.5810022128904764,0.3144432977076297,0,Low - Normal Pattern,No early cost-pattern anomaly against completed-works category norms.
EW-002263,Jharkhand,CHATRA,KALI CHARAN SINGH,CHATRA(DEPUTY COMMISSIONER CHATRA_IDA),CHATRA,Construction of public irrigation facilities,20-Aug-2026,350000.0,Payment In-Progress,-0.4231492020132345,0.7337010279844693,0,Low - Normal Pattern,No early cost-pattern anomaly against completed-works category norms.
EW-002264,Jharkhand,CHATRA,KALI CHARAN SINGH,CHATRA(DEPUTY COMMISSIONER CHATRA_IDA),CHATRA,Construction of public irrigation facilities,20-Aug-2026,299938.0,Payment In-Progress,-0.6340822769974438,0.6287566255188736,0,Low - Normal Pattern,No early cost-pattern anomaly against completed-works category norms.
EW-002265,Jharkhand,CHATRA,KALI CHARAN SINGH,CHATRA(DEPUTY COMMISSIONER CHATRA_IDA),CHATRA,Construction of public irrigation facilities,15-Jul-2026,250000.0,Payment In-Progress,-0.8829466480618257,0.5240721628460495,0,Low - Normal Pattern,No early cost-pattern anomaly against completed-works category norms.
EW-002266,Jharkhand,CHATRA,KALI CHARAN SINGH,CHATRA(DEPUTY COMMISSIONER CHATRA_IDA),CHATRA,Construction of public irrigation facilities,15-Jul-2026,299938.0,Payment In-Progress,-0.6340822769974438,0.6287566255188736,0,Low - Normal Pattern,No early cost-pattern anomaly against completed-works category norms.
EW-002267,Jharkhand,CHATRA,KALI CHARAN SINGH,CHATRA(DEPUTY COMMISSIONER CHATRA_IDA),CHATRA,Construction of public irrigation facilities,15-Jul-2026,300000.0,Payment In-Progress,-0.6337998328140731,0.6288865954152594,0,Low - Normal Pattern,No early cost-pattern anomaly against completed-works category norms.
EW-002268,Jharkhand,CHATRA,KALI CHARAN SINGH,CHATRA(DEPUTY COMMISSIONER CHATRA_IDA),CHATRA,Construction of public irrigation facilities,15-Jul-2026,200000.0,Payment In-Progress,-1.1878777057525962,0.4192577302768396,0,Low - Normal Pattern,No early cost-pattern anomaly against completed-works category norms.
EW-002269,Uttar Pradesh,BANDA,KRISHNA DEVI SHIVSHANKER PATEL,CHITRAKOOT(DISTRICT MAGISTRATE CHITRAKOOT_IDA),CHITRAKOOT,Lighting of public spaces,02-Sep-2026,86957.0,Payment In-Progress,-2.985504984449803,0.43369642198082814,0,Low - Normal Pattern,No early cost-pattern anomaly against completed-works category norms.
EW-002270,Uttar Pradesh,BANDA,KRISHNA DEVI SHIVSHANKER PATEL,CHITRAKOOT(DISTRICT MAGISTRATE CHITRAKOOT_IDA),CHITRAKOOT,Lighting of public spaces,02-Sep-2026,86957.0,Payment In-Progress,-2.985504984449803,0.43369642198082814,0,Low - Normal Pattern,No early cost-pattern anomaly against completed-works category norms.
EW-002271,Uttar Pradesh,BANDA,KRISHNA DEVI SHIVSHANKER PATEL,CHITRAKOOT(DISTRICT MAGISTRATE CHITRAKOOT_IDA),CHITRAKOOT,Lighting of public spaces,27-Aug-2026,86957.0,Payment In-Progress,-2.985504984449803,0.43369642198082814,0,Low - Normal Pattern,No early cost-pattern anomaly against completed-works category norms.
EW-002272,Uttar Pradesh,BANDA,KRISHNA DEVI SHIVSHANKER PATEL,CHITRAKOOT(DISTRICT MAGISTRATE CHITRAKOOT_IDA),CHITRAKOOT,Lighting of public spaces,27-Aug-2026,86957.0,Payment In-Progress,-2.985504984449803,0.43369642198082814,0,Low - Normal Pattern,No early cost-pattern anomaly against completed-works category norms.
EW-002273,Uttar Pradesh,BANDA,KRISHNA DEVI SHIVSHANKER PATEL,CHITRAKOOT(DISTRICT MAGISTRATE CHITRAKOOT_IDA),CHITRAKOOT,Lighting of public spaces,27-Aug-2026,86957.0,Payment In-Progress,-2.985504984449803,0.43369642198082814,0,Low - Normal Pattern,No early cost-pattern anomaly against completed-works category norms.
EW-002274,Uttar Pradesh,BANDA,KRISHNA DEVI SHIVSHANKER PATEL,CHITRAKOOT(DISTRICT MAGISTRATE CHITRAKOOT_IDA),CHITRAKOOT,Lighting of public spaces,27-Aug-2026,86957.0,Payment In-Progress,-2.985504984449803,0.43369642198082814,0,Low - Normal Pattern,No early cost-pattern anomaly against completed-works category norms.
EW-002275,Uttar Pradesh,BANDA,KRISHNA DEVI SHIVSHANKER PATEL,CHITRAKOOT(DISTRICT MAGISTRATE CHITRAKOOT_IDA),CHITRAKOOT,Lighting of public spaces,27-Aug-2026,86957.0,Payment In-Progress,-2.985504984449803,0.43369642198082814,0,Low - Normal Pattern,No early cost-pattern anomaly against completed-works category norms.
EW-002276,Uttar Pradesh,BANDA,KRISHNA DEVI SHIVSHANKER PATEL,CHITRAKOOT(DISTRICT MAGISTRATE CHITRAKOOT_IDA),CHITRAKOOT,Lighting of public spaces,27-Aug-2026,86957.0,Payment In-Progress,-2.985504984449803,0.43369642198082814,0,Low - Normal Pattern,No early cost-pattern anomaly against completed-works category norms.
EW-002277,Uttar Pradesh,BANDA,KRISHNA DEVI SHIVSHANKER PATEL,CHITRAKOOT(DISTRICT MAGISTRATE CHITRAKOOT_IDA),CHITRAKOOT,Lighting of public spaces,27-Aug-2026,86957.0,Payment In-Progress,-2.985504984449803,0.43369642198082814,0,Low - Normal Pattern,No early cost-pattern anomaly against completed-works category norms.
EW-002278,Uttar Pradesh,BANDA,KRISHNA DEVI SHIVSHANKER PATEL,CHITRAKOOT(DISTRICT MAGISTRATE CHITRAKOOT_IDA),CHITRAKOOT,Lighting of public spaces,27-Aug-2026,86957.0,Payment In-Progress,-2.985504984449803,0.43369642198082814,0,Low - Normal Pattern,No early cost-pattern anomaly against completed-works category norms.
EW-002279,Uttar Pradesh,BANDA,KRISHNA DEVI SHIVSHANKER PATEL,CHITRAKOOT(DISTRICT MAGISTRATE CHITRAKOOT_IDA),CHITRAKOOT,Lighting of public spaces,27-Aug-2026,86957.0,Payment In-Progress,-2.985504984449803,0.43369642198082814,0,Low - Normal Pattern,No early cost-pattern anomaly against completed-works category norms.
EW-002280,Uttar Pradesh,BANDA,KRISHNA DEVI SHIVSHANKER PATEL,CHITRAKOOT(DISTRICT MAGISTRATE CHITRAKOOT_IDA),CHITRAKOOT,Lighting of public spaces,27-Aug-2026,86957.0,Payment In-Progress,-2.985504984449803,0.43369642198082814,0,Low - Normal Pattern,No early cost-pattern anomaly against completed-works category norms.
EW-002281,Uttar Pradesh,BANDA,KRISHNA DEVI SHIVSHANKER PATEL,CHITRAKOOT(DISTRICT MAGISTRATE CHITRAKOOT_IDA),CHITRAKOOT,Lighting of public spaces,27-Aug-2026,86957.0,Payment In-Progress,-2.985504984449803,0.43369642198082814,0,Low - Normal Pattern,No early cost-pattern anomaly against completed-works category norms.
EW-002282,Uttar Pradesh,BANDA,KRISHNA DEVI SHIVSHANKER PATEL,CHITRAKOOT(DISTRICT MAGISTRATE CHITRAKOOT_IDA),CHITRAKOOT,Lighting of public spaces,27-Aug-2026,86957.0,Payment In-Progress,-2.985504984449803,0.43369642198082814,0,Low - Normal Pattern,No early cost-pattern anomaly against completed-works category norms.
EW-002283,Jharkhand,CHATRA,KALI CHARAN SINGH,CHATRA(DEPUTY COMMISSIONER CHATRA_IDA),CHATRA,Construction of public irrigation facilities,05-Aug-2026,200000.0,Payment In-Progress,-1.1878777057525962,0.4192577302768396,0,Low - Normal Pattern,No early cost-pattern anomaly against completed-works category norms.
EW-002284,Jharkhand,CHATRA,KALI CHARAN SINGH,CHATRA(DEPUTY COMMISSIONER CHATRA_IDA),CHATRA,Renovation of ponds and lakes,05-Aug-2026,150000.0,Payment In-Progress,-1.7694507337073313,0.32623659983166203,0,Low - Normal Pattern,No early cost-pattern anomaly against completed-works category norms.
EW-002285,Jharkhand,CHATRA,KALI CHARAN SINGH,CHATRA(DEPUTY COMMISSIONER CHATRA_IDA),CHATRA,Construction of public irrigation facilities,15-Jul-2026,200000.0,Payment In-Progress,-1.1878777057525962,0.4192577302768396,0,Low - Normal Pattern,No early cost-pattern anomaly against completed-works category norms.
EW-002286,Uttar Pradesh,SALEMPUR,RAMASHANKAR RAJBHAR,DEORIA(DISTRICT MAGISTRATE DEORIA),DEORIA,Street lights,09-Jul-2026,78679.0,Payment In-Progress,-0.8805522967979647,0.3529456623646944,0,Low - Normal Pattern,No early cost-pattern anomaly against completed-works category norms.
EW-002287,Uttar Pradesh,SALEMPUR,RAMASHANKAR RAJBHAR,DEORIA(DISTRICT MAGISTRATE DEORIA),DEORIA,Street lights,09-Jul-2026,78679.0,Payment In-Progress,-0.8805522967979647,0.3529456623646944,0,Low - Normal Pattern,No early cost-pattern anomaly against completed-works category norms.
EW-002288,Madhya Pradesh,HOSHANGABAD,DARSHAN SINGH CHOUDHARY,NARMADAPURAM(DISTRICT COLLECTOR NARMADAPURAM_IDA),NARMADAPURAM,Construction of common work sheds/ common covered sitting area,26-Dec-2025,47000.0,Payment In-Progress,-4.085595994219458,0.15934634096726613,0,Low - Normal Pattern,No early cost-pattern anomaly against completed-works category norms.
EW-002289,Uttar Pradesh,KAUSHAMBI(SC),PUSHPENDRA SAROJ,PRATAPGARH(DISTRICT MAGISTRAE PRATAPGARH_IDA),PRATAPGARH,Installing hand pumps,17-Apr-2026,50781.0,Payment In-Progress,-3120.8232755138506,0.6869166463761053,0,Low - Normal Pattern,No early cost-pattern anomaly against completed-works category norms.
EW-002290,Uttar Pradesh,KAUSHAMBI(SC),PUSHPENDRA SAROJ,PRATAPGARH(DISTRICT MAGISTRAE PRATAPGARH_IDA),PRATAPGARH,Installing hand pumps,27-Apr-2026,50781.0,Payment In-Progress,-3120.8232755138506,0.6869166463761053,0,Low - Normal Pattern,No early cost-pattern anomaly against completed-works category norms.
EW-002291,Uttar Pradesh,KAUSHAMBI(SC),PUSHPENDRA SAROJ,PRATAPGARH(DISTRICT MAGISTRAE PRATAPGARH_IDA),PRATAPGARH,Installing hand pumps,27-Apr-2026,50781.0,Payment In-Progress,-3120.8232755138506,0.6869166463761053,0,Low - Normal Pattern,No early cost-pattern anomaly against completed-works category norms.
EW-002292,Uttar Pradesh,KAUSHAMBI(SC),PUSHPENDRA SAROJ,PRATAPGARH(DISTRICT MAGISTRAE PRATAPGARH_IDA),PRATAPGARH,Installing hand pumps,27-Apr-2026,50781.0,Payment In-Progress,-3120.8232755138506,0.6869166463761053,0,Low - Normal Pattern,No early cost-pattern anomaly against completed-works category norms.
EW-002293,Uttar Pradesh,KAUSHAMBI(SC),PUSHPENDRA SAROJ,PRATAPGARH(DISTRICT MAGISTRAE PRATAPGARH_IDA),PRATAPGARH,Installing hand pumps,27-Apr-2026,50781.0,Payment In-Progress,-3120.8232755138506,0.6869166463761053,0,Low - Normal Pattern,No early cost-pattern anomaly against completed-works category norms.
EW-002294,Uttar Pradesh,KAUSHAMBI(SC),PUSHPENDRA SAROJ,PRATAPGARH(DISTRICT MAGISTRAE PRATAPGARH_IDA),PRATAPGARH,Installing hand pumps,27-Apr-2026,50781.0,Payment In-Progress,-3120.8232755138506,0.6869166463761053,0,Low - Normal Pattern,No early cost-pattern anomaly against completed-works category norms.
EW-002295,Uttar Pradesh,KAUSHAMBI(SC),PUSHPENDRA SAROJ,PRATAPGARH(DISTRICT MAGISTRAE PRATAPGARH_IDA),PRATAPGARH,Installing hand pumps,27-Apr-2026,50781.0,Payment In-Progress,-3120.8232755138506,0.6869166463761053,0,Low - Normal Pattern,No early cost-pattern anomaly against completed-works category norms.
EW-002296,Uttar Pradesh,KAUSHAMBI(SC),PUSHPENDRA SAROJ,PRATAPGARH(DISTRICT MAGISTRAE PRATAPGARH_IDA),PRATAPGARH,Installing hand pumps,17-Apr-2026,50781.0,Payment In-Progress,-3120.8232755138506,0.6869166463761053,0,Low - Normal Pattern,No early cost-pattern anomaly against completed-works category norms.
EW-002297,Uttar Pradesh,KAUSHAMBI(SC),PUSHPENDRA SAROJ,PRATAPGARH(DISTRICT MAGISTRAE PRATAPGARH_IDA),PRATAPGARH,Installing hand pumps,17-Apr-2026,50781.0,Payment In-Progress,-3120.8232755138506,0.6869166463761053,0,Low - Normal Pattern,No early cost-pattern anomaly against completed-works category norms.
EW-002298,Uttar Pradesh,KAUSHAMBI(SC),PUSHPENDRA SAROJ,PRATAPGARH(DISTRICT MAGISTRAE PRATAPGARH_IDA),PRATAPGARH,Installing hand pumps,17-Apr-2026,50781.0,Payment In-Progress,-3120.8232755138506,0.6869166463761053,0,Low - Normal Pattern,No early cost-pattern anomaly against completed-works category norms.
EW-002299,Maharashtra,AMRAVATI(SC),BALWANT BASWANT WANKHADE,AMRAVATI(DISTRICT COLLECTOR AMRAVATI_IDA),AMRAVATI,"Construction of roads, link roads, pathways or any other road with or without drainage system",02-Sep-2026,595584.0,Payment In-Progress,0.22691321240125215,1.1911680000000007,0,Low - Normal Pattern,No early cost-pattern anomaly against completed-works category norms.
EW-002300,Uttar Pradesh,KAUSHAMBI(SC),PUSHPENDRA SAROJ,PRATAPGARH(DISTRICT MAGISTRAE PRATAPGARH_IDA),PRATAPGARH,Installing hand pumps,17-Apr-2026,50781.0,Payment In-Progress,-3120.8232755138506,0.6869166463761053,0,Low - Normal Pattern,No early cost-pattern anomaly against completed-works category norms.
EW-002301,Uttar Pradesh,KAUSHAMBI(SC),PUSHPENDRA SAROJ,PRATAPGARH(DISTRICT MAGISTRAE PRATAPGARH_IDA),PRATAPGARH,Installing hand pumps,17-Apr-2026,50781.0,Payment In-Progress,-3120.8232755138506,0.6869166463761053,0,Low - Normal Pattern,No early cost-pattern anomaly against completed-works category norms.
EW-002302,Uttar Pradesh,KAUSHAMBI(SC),PUSHPENDRA SAROJ,PRATAPGARH(DISTRICT MAGISTRAE PRATAPGARH_IDA),PRATAPGARH,Installing hand pumps,17-Apr-2026,50781.0,Payment In-Progress,-3120.8232755138506,0.6869166463761053,0,Low - Normal Pattern,No early cost-pattern anomaly against completed-works category norms.
EW-002303,Uttar Pradesh,KAUSHAMBI(SC),PUSHPENDRA SAROJ,PRATAPGARH(DISTRICT MAGISTRAE PRATAPGARH_IDA),PRATAPGARH,Installing hand pumps,17-Apr-2026,50781.0,Payment In-Progress,-3120.8232755138506,0.6869166463761053,0,Low - Normal Pattern,No early cost-pattern anomaly against completed-works category norms.
EW-002304,Uttar Pradesh,KAUSHAMBI(SC),PUSHPENDRA SAROJ,PRATAPGARH(DISTRICT MAGISTRAE PRATAPGARH_IDA),PRATAPGARH,Installing hand pumps,17-Apr-2026,50781.0,Payment In-Progress,-3120.8232755138506,0.6869166463761053,0,Low - Normal Pattern,No early cost-pattern anomaly against completed-works category norms.
EW-002305,Uttar Pradesh,KAUSHAMBI(SC),PUSHPENDRA SAROJ,PRATAPGARH(DISTRICT MAGISTRAE PRATAPGARH_IDA),PRATAPGARH,Installing hand pumps,17-Apr-2026,50781.0,Payment In-Progress,-3120.8232755138506,0.6869166463761053,0,Low - Normal Pattern,No early cost-pattern anomaly against completed-works category norms.
EW-002306,Rajasthan,AJMER,Bhagirath Chaudhary,AJMER(DISTRICT COLLECTOR AJMER_IDA),AJMER,Construction of community centers and community halls,06-Aug-2026,15561.0,Payment In-Progress,-4.6282429043021995,0.03131004814918398,0,Low - Normal Pattern,No early cost-pattern anomaly against completed-works category norms.
EW-002307,Rajasthan,AJMER,Bhagirath Chaudhary,AJMER(DISTRICT COLLECTOR AJMER_IDA),AJMER,Construction of community centers and community halls,13-Aug-2026,15561.0,Payment In-Progress,-4.6282429043021995,0.03131004814918398,0,Low - Normal Pattern,No early cost-pattern anomaly against completed-works category norms.
EW-002308,Uttar Pradesh,KAUSHAMBI(SC),PUSHPENDRA SAROJ,PRATAPGARH(DISTRICT MAGISTRAE PRATAPGARH_IDA),PRATAPGARH,Installing hand pumps,27-Apr-2026,50781.0,Payment In-Progress,-3120.8232755138506,0.6869166463761053,0,Low - Normal Pattern,No early cost-pattern anomaly against completed-works category norms.
EW-002309,Uttar Pradesh,KAUSHAMBI(SC),PUSHPENDRA SAROJ,PRATAPGARH(DISTRICT MAGISTRAE PRATAPGARH_IDA),PRATAPGARH,Installing hand pumps,27-Apr-2026,50781.0,Payment In-Progress,-3120.8232755138506,0.6869166463761053,0,Low - Normal Pattern,No early cost-pattern anomaly against completed-works category norms.
EW-002310,Uttar Pradesh,KAUSHAMBI(SC),PUSHPENDRA SAROJ,PRATAPGARH(DISTRICT MAGISTRAE PRATAPGARH_IDA),PRATAPGARH,Installing hand pumps,27-Apr-2026,50781.0,Payment In-Progress,-3120.8232755138506,0.6869166463761053,0,Low - Normal Pattern,No early cost-pattern anomaly against completed-works category norms.
EW-002311,Uttar Pradesh,KAUSHAMBI(SC),PUSHPENDRA SAROJ,PRATAPGARH(DISTRICT MAGISTRAE PRATAPGARH_IDA),PRATAPGARH,Installing hand pumps,27-Apr-2026,50781.0,Payment In-Progress,-3120.8232755138506,0.6869166463761053,0,Low - Normal Pattern,No early cost-pattern anomaly against completed-works category norms.
EW-002312,Uttar Pradesh,KAUSHAMBI(SC),PUSHPENDRA SAROJ,PRATAPGARH(DISTRICT MAGISTRAE PRATAPGARH_IDA),PRATAPGARH,Installing hand pumps,16-Apr-2026,50781.0,Payment In-Progress,-3120.8232755138506,0.6869166463761053,0,Low - Normal Pattern,No early cost-pattern anomaly against completed-works category norms.
EW-002313,Uttar Pradesh,KAUSHAMBI(SC),PUSHPENDRA SAROJ,PRATAPGARH(DISTRICT MAGISTRAE PRATAPGARH_IDA),PRATAPGARH,Installing hand pumps,16-Apr-2026,50781.0,Payment In-Progress,-3120.8232755138506,0.6869166463761053,0,Low - Normal Pattern,No early cost-pattern anomaly against completed-works category norms.
EW-002314,Uttar Pradesh,KAUSHAMBI(SC),PUSHPENDRA SAROJ,PRATAPGARH(DISTRICT MAGISTRAE PRATAPGARH_IDA),PRATAPGARH,Installing hand pumps,16-Apr-2026,50781.0,Payment In-Progress,-3120.8232755138506,0.6869166463761053,0,Low - Normal Pattern,No early cost-pattern anomaly against completed-works category norms.
EW-002315,Uttar Pradesh,KAUSHAMBI(SC),PUSHPENDRA SAROJ,PRATAPGARH(DISTRICT MAGISTRAE PRATAPGARH_IDA),PRATAPGARH,Installing hand pumps,16-Apr-2026,50781.0,Payment In-Progress,-3120.8232755138506,0.6869166463761053,0,Low - Normal Pattern,No early cost-pattern anomaly against completed-works category norms.
EW-002316,Uttar Pradesh,KAUSHAMBI(SC),PUSHPENDRA SAROJ,PRATAPGARH(DISTRICT MAGISTRAE PRATAPGARH_IDA),PRATAPGARH,Installing hand pumps,16-Apr-2026,50781.0,Payment In-Progress,-3120.8232755138506,0.6869166463761053,0,Low - Normal Pattern,No early cost-pattern anomaly against completed-works category norms.
EW-002317,Uttar Pradesh,KAUSHAMBI(SC),PUSHPENDRA SAROJ,PRATAPGARH(DISTRICT MAGISTRAE PRATAPGARH_IDA),PRATAPGARH,Installing hand pumps,16-Apr-2026,50781.0,Payment In-Progress,-3120.8232755138506,0.6869166463761053,0,Low - Normal Pattern,No early cost-pattern anomaly against completed-works category norms.
EW-002318,Uttar Pradesh,KAUSHAMBI(SC),PUSHPENDRA SAROJ,PRATAPGARH(DISTRICT MAGISTRAE PRATAPGARH_IDA),PRATAPGARH,Installing hand pumps,16-Apr-2026,50781.0,Payment In-Progress,-3120.8232755138506,0.6869166463761053,0,Low - Normal Pattern,No early cost-pattern anomaly against completed-works category norms.
EW-002319,Uttar Pradesh,KAUSHAMBI(SC),PUSHPENDRA SAROJ,PRATAPGARH(DISTRICT MAGISTRAE PRATAPGARH_IDA),PRATAPGARH,Installing hand pumps,26-Apr-2026,50781.0,Payment In-Progress,-3120.8232755138506,0.6869166463761053,0,Low - Normal Pattern,No early cost-pattern anomaly against completed-works category norms.
EW-002320,Uttar Pradesh,KAUSHAMBI(SC),PUSHPENDRA SAROJ,PRATAPGARH(DISTRICT MAGISTRAE PRATAPGARH_IDA),PRATAPGARH,Installing hand pumps,26-Apr-2026,50781.0,Payment In-Progress,-3120.8232755138506,0.6869166463761053,0,Low - Normal Pattern,No early cost-pattern anomaly against completed-works category norms.
EW-002321,Uttar Pradesh,KAUSHAMBI(SC),PUSHPENDRA SAROJ,PRATAPGARH(DISTRICT MAGISTRAE PRATAPGARH_IDA),PRATAPGARH,Installing hand pumps,26-Apr-2026,50781.0,Payment In-Progress,-3120.8232755138506,0.6869166463761053,0,Low - Normal Pattern,No early cost-pattern anomaly against completed-works category norms.
EW-002322,Uttar Pradesh,KAUSHAMBI(SC),PUSHPENDRA SAROJ,PRATAPGARH(DISTRICT MAGISTRAE PRATAPGARH_IDA),PRATAPGARH,Installing hand pumps,26-Apr-2026,50781.0,Payment In-Progress,-3120.8232755138506,0.6869166463761053,0,Low - Normal Pattern,No early cost-pattern anomaly against completed-works category norms.
EW-002323,Uttar Pradesh,KAUSHAMBI(SC),PUSHPENDRA SAROJ,PRATAPGARH(DISTRICT MAGISTRAE PRATAPGARH_IDA),PRATAPGARH,Installing hand pumps,26-Apr-2026,50781.0,Payment In-Progress,-3120.8232755138506,0.6869166463761053,0,Low - Normal Pattern,No early cost-pattern anomaly against completed-works category norms.
EW-002324,Uttar Pradesh,KAUSHAMBI(SC),PUSHPENDRA SAROJ,PRATAPGARH(DISTRICT MAGISTRAE PRATAPGARH_IDA),PRATAPGARH,Installing hand pumps,26-Apr-2026,50781.0,Payment In-Progress,-3120.8232755138506,0.6869166463761053,0,Low - Normal Pattern,No early cost-pattern anomaly against completed-works category norms.
EW-002325,Uttar Pradesh,KAUSHAMBI(SC),PUSHPENDRA SAROJ,PRATAPGARH(DISTRICT MAGISTRAE PRATAPGARH_IDA),PRATAPGARH,Installing hand pumps,26-Apr-2026,50781.0,Payment In-Progress,-3120.8232755138506,0.6869166463761053,0,Low - Normal Pattern,No early cost-pattern anomaly against completed-works category norms.
EW-002326,Uttar Pradesh,KAUSHAMBI(SC),PUSHPENDRA SAROJ,PRATAPGARH(DISTRICT MAGISTRAE PRATAPGARH_IDA),PRATAPGARH,Installing hand pumps,26-Apr-2026,50781.0,Payment In-Progress,-3120.8232755138506,0.6869166463761053,0,Low - Normal Pattern,No early cost-pattern anomaly against completed-works category norms.
EW-002327,Uttar Pradesh,KAUSHAMBI(SC),PUSHPENDRA SAROJ,PRATAPGARH(DISTRICT MAGISTRAE PRATAPGARH_IDA),PRATAPGARH,Installing hand pumps,27-Apr-2026,50781.0,Payment In-Progress,-3120.8232755138506,0.6869166463761053,0,Low - Normal Pattern,No early cost-pattern anomaly against completed-works category norms.
EW-002328,Uttar Pradesh,KAUSHAMBI(SC),PUSHPENDRA SAROJ,PRATAPGARH(DISTRICT MAGISTRAE PRATAPGARH_IDA),PRATAPGARH,Installing hand pumps,27-Apr-2026,50781.0,Payment In-Progress,-3120.8232755138506,0.6869166463761053,0,Low - Normal Pattern,No early cost-pattern anomaly against completed-works category norms.
EW-002329,Madhya Pradesh,SAGAR,DR. LATA WANKHEDE,SAGAR(DISTRICT COLLECTOR SAGAR_IDA),SAGAR,"Construction of roads, link roads, pathways or any other road with or without drainage system",02-Sep-2026,375000.0,Payment In-Progress,-0.37316208940046985,0.7500000000000004,0,Low - Normal Pattern,No early cost-pattern anomaly against completed-works category norms.
EW-002330,Uttar Pradesh,KAUSHAMBI(SC),PUSHPENDRA SAROJ,PRATAPGARH(DISTRICT MAGISTRAE PRATAPGARH_IDA),PRATAPGARH,Installing hand pumps,19-Jan-2026,50781.0,Payment In-Progress,-3120.8232755138506,0.6869166463761053,0,Low - Normal Pattern,No early cost-pattern anomaly against completed-works category norms.
EW-002331,Uttar Pradesh,KAUSHAMBI(SC),PUSHPENDRA SAROJ,PRATAPGARH(DISTRICT MAGISTRAE PRATAPGARH_IDA),PRATAPGARH,Installing hand pumps,15-Apr-2026,50781.0,Payment In-Progress,-3120.8232755138506,0.6869166463761053,0,Low - Normal Pattern,No early cost-pattern anomaly against completed-works category norms.
EW-002332,Maharashtra,AMRAVATI(SC),BALWANT BASWANT WANKHADE,AMRAVATI(DISTRICT COLLECTOR AMRAVATI_IDA),AMRAVATI,Construction of boundary walls of existing public and community buildings,24-Jul-2026,499999.0,Payment In-Progress,0.01266017663706847,1.0094557941994684,0,Low - Normal Pattern,No early cost-pattern anomaly against completed-works category norms.
EW-002333,Uttar Pradesh,KAUSHAMBI(SC),PUSHPENDRA SAROJ,PRATAPGARH(DISTRICT MAGISTRAE PRATAPGARH_IDA),PRATAPGARH,Installing hand pumps,19-Jan-2026,50781.0,Payment In-Progress,-3120.8232755138506,0.6869166463761053,0,Low - Normal Pattern,No early cost-pattern anomaly against completed-works category norms.
EW-002334,Maharashtra,BHIWANDI,BALYA MAMA SURESH GOPINATH MHATRE,THANE(DISTRICT COLLECTOR THANE_IDA),THANE,"Construction of roads, link roads, pathways or any other road with or without drainage system",25-Aug-2026,1484041.0,Payment In-Progress,1.4111723634261168,2.9680820000000017,0,Low - Normal Pattern,No early cost-pattern anomaly against completed-works category norms.
EW-002335,Maharashtra,BHIWANDI,BALYA MAMA SURESH GOPINATH MHATRE,THANE(DISTRICT COLLECTOR THANE_IDA),THANE,Construction of public toilets and bathrooms,02-Sep-2026,1494508.0,Payment In-Progress,0.895226274358902,3.3418214809172557,0,Low - Normal Pattern,No early cost-pattern anomaly against completed-works category norms.
EW-002336,Uttar Pradesh,MUZAFFARNAGAR,HARENDRA SINGH MALIK,MUZAFFARNAGAR(DISTRICT MAGISTRATE MUZAFFARNAGAR_IDA),MUZAFFARNAGAR,"Construction of roads, link roads, pathways or any other road with or without drainage system",15-Jul-2026,893927.0,Payment In-Progress,0.7536554133543015,1.787854000000001,0,Low - Normal Pattern,No early cost-pattern anomaly against completed-works category norms.
EW-002337,Uttar Pradesh,PHULPUR,PRAVEEN PATEL,PRAYAGRAJ(DISTRICT MAGISTRAE ALLAHABAD_IDA),PRAYAGRAJ,Construction of road under bridge,25-Aug-2026,365087.0,Payment In-Progress,-207.3334572335438,0.7301740000000004,0,Low - Normal Pattern,No early cost-pattern anomaly against completed-works category norms.
EW-002338,Uttar Pradesh,PHULPUR,PRAVEEN PATEL,PRAYAGRAJ(DISTRICT MAGISTRAE ALLAHABAD_IDA),PRAYAGRAJ,Construction of road under bridge,27-Aug-2026,365087.0,Payment In-Progress,-207.3334572335438,0.7301740000000004,0,Low - Normal Pattern,No early cost-pattern anomaly against completed-works category norms.
EW-002339,Uttar Pradesh,KAUSHAMBI(SC),PUSHPENDRA SAROJ,PRATAPGARH(DISTRICT MAGISTRAE PRATAPGARH_IDA),PRATAPGARH,Installing hand pumps,19-Jan-2026,50781.0,Payment In-Progress,-3120.8232755138506,0.6869166463761053,0,Low - Normal Pattern,No early cost-pattern anomaly against completed-works category norms.
EW-002340,Uttar Pradesh,KAUSHAMBI(SC),PUSHPENDRA SAROJ,PRATAPGARH(DISTRICT MAGISTRAE PRATAPGARH_IDA),PRATAPGARH,Installing hand pumps,19-Jan-2026,50781.0,Payment In-Progress,-3120.8232755138506,0.6869166463761053,0,Low - Normal Pattern,No early cost-pattern anomaly against completed-works category norms.
EW-002341,Maharashtra,AMRAVATI(SC),BALWANT BASWANT WANKHADE,AMRAVATI(DISTRICT COLLECTOR AMRAVATI_IDA),AMRAVATI,Purchase of furniture and fixtures for educational purposes,24-Jul-2026,497585.0,Payment In-Progress,-1.0070905503865248,0.49758500000000017,0,Low - Normal Pattern,No early cost-pattern anomaly against completed-works category norms.
EW-002342,Uttar Pradesh,KAUSHAMBI(SC),PUSHPENDRA SAROJ,PRATAPGARH(DISTRICT MAGISTRAE PRATAPGARH_IDA),PRATAPGARH,Installing hand pumps,19-Jan-2026,50781.0,Payment In-Progress,-3120.8232755138506,0.6869166463761053,0,Low - Normal Pattern,No early cost-pattern anomaly against completed-works category norms.
EW-002343,Uttar Pradesh,ALLAHABAD,UJJWAL RAMAN SINGH,PRAYAGRAJ(DISTRICT MAGISTRAE ALLAHABAD_IDA),PRAYAGRAJ,"Construction of roads, link roads, pathways or any other road with or without drainage system",26-Dec-2025,1105848.0,Payment In-Progress,1.0296123216031994,2.211696000000001,0,Low - Normal Pattern,No early cost-pattern anomaly against completed-works category norms.
EW-002344,Uttar Pradesh,ALLAHABAD,UJJWAL RAMAN SINGH,PRAYAGRAJ(DISTRICT MAGISTRAE ALLAHABAD_IDA),PRAYAGRAJ,"Construction of roads, link roads, pathways or any other road with or without drainage system",20-Jul-2026,66931.0,Payment In-Progress,-2.608465493024778,0.13386200000000006,0,Low - Normal Pattern,No early cost-pattern anomaly against completed-works category norms.
EW-002345,Uttar Pradesh,AMBEDKAR NAGAR,LALJI VERMA,AMBEDKAR NAGAR(DISTRICT MAGISTRATE AMBEDKAR NAGAR_IDA),AMBEDKAR NAGAR,"Construction of roads, link roads, pathways or any other road with or without drainage system",22-Jun-2026,838395.0,Payment In-Progress,0.6704640511500356,1.676790000000001,0,Low - Normal Pattern,No early cost-pattern anomaly against completed-works category norms.
EW-002346,Punjab,FATEHGARH SAHIB(SC),Shri Amar Singh,LUDHIANA(DEPUTY COMMISSIONER LUDHIANA_IDA),LUDHIANA,Providing drains and gutters for public drainage,02-Sep-2026,24485.0,Payment In-Progress,-4.5870104414967825,0.05302427729918148,0,Low - Normal Pattern,No early cost-pattern anomaly against completed-works category norms.
EW-002347,Uttar Pradesh,BIJNOR,CHANDAN CHAUHAN,MUZAFFARNAGAR(DISTRICT MAGISTRATE MUZAFFARNAGAR_IDA),MUZAFFARNAGAR,"Construction of roads, link roads, pathways or any other road with or without drainage system",24-Jul-2026,172208.0,Payment In-Progress,-1.3826212809627159,0.3444160000000002,0,Low - Normal Pattern,No early cost-pattern anomaly against completed-works category norms.
EW-002348,West Bengal,BOLPUR(SC),Asit Kumar Mal,PURBA BARDHAMAN(DISTRICT MAGISTRATE PURBA BARDHAMAN_IDA),PURBA BARDHAMAN,Street lights,21-Jul-2026,559116.0,Payment In-Progress,0.7774828386902572,2.5081351689612026,0,Low - Normal Pattern,No early cost-pattern anomaly against completed-works category norms.
EW-002349,Uttar Pradesh,VARANASI,Shri Narendra Modi,VARANASI(DISTRICT MAGISTRAE VARANASI_IDA),VARANASI,"Construction of roads, link roads, pathways or any other road with or without drainage system",07-Aug-2026,898570.0,Payment In-Progress,0.7603752069034804,1.797140000000001,0,Low - Normal Pattern,No early cost-pattern anomaly against completed-works category norms.
EW-002350,Uttar Pradesh,BAREILLY,CHHATRA PAL SINGH GANGWAR,BAREILLY(DISTRICT MAGISTRAE BAREILLY_IDA),BAREILLY,Crematoriums/energy efficient crematoriums or structures on burial/cremation ground,02-Sep-2026,91432.0,Payment In-Progress,-4.441255914128108,0.2289701462991598,0,Low - Normal Pattern,No early cost-pattern anomaly against completed-works category norms.
EW-002351,Punjab,SANGRUR,GURMEET SINGH MEET HAYER,BARNALA(DEPUTY COMMISSIONER BARNALA_IDA),BARNALA,Construction of additional rooms and halls in the existing public and community building,16-Aug-2026,399974.0,Payment In-Progress,-0.21720375341461387,0.7999480000000004,0,Low - Normal Pattern,No early cost-pattern anomaly against completed-works category norms.
EW-002352,Uttar Pradesh,GHAZIABAD,ATUL GARG,GHAZIABAD(DISTRICT MAGISTRAE GHAZIABAD_IDA),GHAZIABAD,"Construction of roads, link roads, pathways or any other road with or without drainage system",04-Aug-2026,832080.0,Payment In-Progress,0.6606567354323167,1.664160000000001,0,Low - Normal Pattern,No early cost-pattern anomaly against completed-works category norms.
EW-002353,Himachal Pradesh,KANGRA,RAJEEV BHARDWAJ,KANGRA(DEPUTY COMMISSIONER KANGRA_IDA),KANGRA,"Construction of roads, link roads, pathways or any other road with or without drainage system",01-Sep-2026,48284.0,Payment In-Progress,-3.0320600374765667,0.09656800000000006,0,Low - Normal Pattern,No early cost-pattern anomaly against completed-works category norms.
EW-002354,Uttar Pradesh,GHAZIABAD,ATUL GARG,GHAZIABAD(DISTRICT MAGISTRAE GHAZIABAD_IDA),GHAZIABAD,"Construction of roads, link roads, pathways or any other road with or without drainage system",13-Jul-2026,691301.0,Payment In-Progress,0.4202287887320468,1.3826020000000008,0,Low - Normal Pattern,No early cost-pattern anomaly against completed-works category norms.
EW-002355,Uttar Pradesh,KAUSHAMBI(SC),PUSHPENDRA SAROJ,PRATAPGARH(DISTRICT MAGISTRAE PRATAPGARH_IDA),PRATAPGARH,Installing hand pumps,19-Jan-2026,50781.0,Payment In-Progress,-3120.8232755138506,0.6869166463761053,0,Low - Normal Pattern,No early cost-pattern anomaly against completed-works category norms.
EW-002356,Punjab,ANANDPUR SAHIB,MALVINDER SINGH KANG,RUPNAGAR(DEPUTY COMMISSIONER ROOPNAGAR_IDA),RUPNAGAR,Construction of rooms and halls in school and colleges,01-Sep-2026,24054.0,Payment In-Progress,-3.987645422962218,0.048108000000000026,0,Low - Normal Pattern,No early cost-pattern anomaly against completed-works category norms.
EW-002357,Uttar Pradesh,KAUSHAMBI(SC),PUSHPENDRA SAROJ,PRATAPGARH(DISTRICT MAGISTRAE PRATAPGARH_IDA),PRATAPGARH,Installing hand pumps,19-Jan-2026,50781.0,Payment In-Progress,-3120.8232755138506,0.6869166463761053,0,Low - Normal Pattern,No early cost-pattern anomaly against completed-works category norms.
EW-002358,Uttar Pradesh,KAUSHAMBI(SC),PUSHPENDRA SAROJ,PRATAPGARH(DISTRICT MAGISTRAE PRATAPGARH_IDA),PRATAPGARH,Installing hand pumps,27-Mar-2026,50781.0,Payment In-Progress,-3120.8232755138506,0.6869166463761053,0,Low - Normal Pattern,No early cost-pattern anomaly against completed-works category norms.
EW-002359,Uttar Pradesh,KAUSHAMBI(SC),PUSHPENDRA SAROJ,PRATAPGARH(DISTRICT MAGISTRAE PRATAPGARH_IDA),PRATAPGARH,Installing hand pumps,27-Mar-2026,50781.0,Payment In-Progress,-3120.8232755138506,0.6869166463761053,0,Low - Normal Pattern,No early cost-pattern anomaly against completed-works category norms.
EW-002360,Uttar Pradesh,KAUSHAMBI(SC),PUSHPENDRA SAROJ,PRATAPGARH(DISTRICT MAGISTRAE PRATAPGARH_IDA),PRATAPGARH,Installing hand pumps,27-Mar-2026,50781.0,Payment In-Progress,-3120.8232755138506,0.6869166463761053,0,Low - Normal Pattern,No early cost-pattern anomaly against completed-works category norms.
EW-002361,Uttar Pradesh,KAUSHAMBI(SC),PUSHPENDRA SAROJ,PRATAPGARH(DISTRICT MAGISTRAE PRATAPGARH_IDA),PRATAPGARH,Installing hand pumps,27-Mar-2026,50781.0,Payment In-Progress,-3120.8232755138506,0.6869166463761053,0,Low - Normal Pattern,No early cost-pattern anomaly against completed-works category norms.
EW-002362,Uttar Pradesh,KAUSHAMBI(SC),PUSHPENDRA SAROJ,PRATAPGARH(DISTRICT MAGISTRAE PRATAPGARH_IDA),PRATAPGARH,Installing hand pumps,27-Mar-2026,50781.0,Payment In-Progress,-3120.8232755138506,0.6869166463761053,0,Low - Normal Pattern,No early cost-pattern anomaly against completed-works category norms.
EW-002363,Uttar Pradesh,KAUSHAMBI(SC),PUSHPENDRA SAROJ,PRATAPGARH(DISTRICT MAGISTRAE PRATAPGARH_IDA),PRATAPGARH,Installing hand pumps,27-Mar-2026,50781.0,Payment In-Progress,-3120.8232755138506,0.6869166463761053,0,Low - Normal Pattern,No early cost-pattern anomaly against completed-works category norms.
EW-002364,Uttar Pradesh,KAUSHAMBI(SC),PUSHPENDRA SAROJ,PRATAPGARH(DISTRICT MAGISTRAE PRATAPGARH_IDA),PRATAPGARH,Installing hand pumps,27-Mar-2026,50781.0,Payment In-Progress,-3120.8232755138506,0.6869166463761053,0,Low - Normal Pattern,No early cost-pattern anomaly against completed-works category norms.
EW-002365,Uttar Pradesh,KAUSHAMBI(SC),PUSHPENDRA SAROJ,PRATAPGARH(DISTRICT MAGISTRAE PRATAPGARH_IDA),PRATAPGARH,Installing hand pumps,27-Mar-2026,50781.0,Payment In-Progress,-3120.8232755138506,0.6869166463761053,0,Low - Normal Pattern,No early cost-pattern anomaly against completed-works category norms.
EW-002366,Uttar Pradesh,KAUSHAMBI(SC),PUSHPENDRA SAROJ,PRATAPGARH(DISTRICT MAGISTRAE PRATAPGARH_IDA),PRATAPGARH,Installing hand pumps,27-Mar-2026,50781.0,Payment In-Progress,-3120.8232755138506,0.6869166463761053,0,Low - Normal Pattern,No early cost-pattern anomaly against completed-works category norms.
EW-002367,Uttar Pradesh,KAUSHAMBI(SC),PUSHPENDRA SAROJ,PRATAPGARH(DISTRICT MAGISTRAE PRATAPGARH_IDA),PRATAPGARH,Installing hand pumps,27-Mar-2026,50781.0,Payment In-Progress,-3120.8232755138506,0.6869166463761053,0,Low - Normal Pattern,No early cost-pattern anomaly against completed-works category norms.
EW-002368,Uttar Pradesh,KAUSHAMBI(SC),PUSHPENDRA SAROJ,PRATAPGARH(DISTRICT MAGISTRAE PRATAPGARH_IDA),PRATAPGARH,"Construction of roads, link roads, pathways or any other road with or without drainage system",17-Jul-2026,839689.0,Payment In-Progress,0.6724645365167394,1.679378000000001,0,Low - Normal Pattern,No early cost-pattern anomaly against completed-works category norms.
EW-002369,Himachal Pradesh,MANDI,Kangana Ranaut,KINNAUR(DEPUTY COMMISSIONER KINNAUR_IDA),KINNAUR,Setting up crops conservation facilities,25-Aug-2026,77275.0,Payment In-Progress,0.0,,0,Low - Normal Pattern,No early cost-pattern anomaly against completed-works category norms.
EW-002370,Karnataka,DAKSHINA KANNADA,CAPTAIN BRIJESH CHOWTA,DAKSHINA KANNADA(DEPUTY COMMISSIONER DAKSHIN KANNAD MANGALORE_IDA),DAKSHINA KANNADA,Construction of culverts and bridges,04-Aug-2026,499527.0,Payment In-Progress,-1.1527699007021577,0.500717706706548,0,Low - Normal Pattern,No early cost-pattern anomaly against completed-works category norms.
EW-002371,Chhattisgarh,DURG,Vijay Baghel,DURG(DISTRICT COLLECTOR DURG_IDA),DURG,"Construction of roads, link roads, pathways or any other road with or without drainage system",03-Sep-2026,260000.0,Payment In-Progress,-0.8482300089542087,0.5200000000000004,0,Low - Normal Pattern,No early cost-pattern anomaly against completed-works category norms.
EW-002372,Uttar Pradesh,KAUSHAMBI(SC),PUSHPENDRA SAROJ,PRATAPGARH(DISTRICT MAGISTRAE PRATAPGARH_IDA),PRATAPGARH,Installing hand pumps,16-Apr-2026,50781.0,Payment In-Progress,-3120.8232755138506,0.6869166463761053,0,Low - Normal Pattern,No early cost-pattern anomaly against completed-works category norms.
EW-002373,Uttar Pradesh,KAUSHAMBI(SC),PUSHPENDRA SAROJ,PRATAPGARH(DISTRICT MAGISTRAE PRATAPGARH_IDA),PRATAPGARH,Installing hand pumps,15-Apr-2026,50781.0,Payment In-Progress,-3120.8232755138506,0.6869166463761053,0,Low - Normal Pattern,No early cost-pattern anomaly against completed-works category norms.
EW-002374,Madhya Pradesh,HOSHANGABAD,DARSHAN SINGH CHOUDHARY,NARMADAPURAM(DISTRICT COLLECTOR NARMADAPURAM_IDA),NARMADAPURAM,Construction of common work sheds/ common covered sitting area,26-Dec-2025,47000.0,Payment In-Progress,-4.085595994219458,0.15934634096726613,0,Low - Normal Pattern,No early cost-pattern anomaly against completed-works category norms.
EW-002375,Uttar Pradesh,BHADOHI,VINOD KUMAR BIND,BHADOHI(DISTRICT MAGISTRATE BHADOHI_IDA),BHADOHI,"Construction of roads, link roads, pathways or any other road with or without drainage system",14-Aug-2026,651209.0,Payment In-Progress,0.34273193689897247,1.3024180000000007,0,Low - Normal Pattern,No early cost-pattern anomaly against completed-works category norms.
EW-002376,Jharkhand,DHANBAD,DULU MAHATO,DHANBAD(DEPUTY COMMISSIONER DHANBAD_IDA),DHANBAD,"Construction of roads, link roads, pathways or any other road with or without drainage system",03-Sep-2026,200000.0,Payment In-Progress,-1.1885515183145698,0.40000000000000024,0,Low - Normal Pattern,No early cost-pattern anomaly against completed-works category norms.
EW-002377,Jharkhand,DHANBAD,DULU MAHATO,DHANBAD(DEPUTY COMMISSIONER DHANBAD_IDA),DHANBAD,Construction of common work sheds/ common covered sitting area,03-Sep-2026,225000.0,Payment In-Progress,-0.6022090095893262,0.7628282280347847,0,Low - Normal Pattern,No early cost-pattern anomaly against completed-works category norms.
EW-002378,Jharkhand,DHANBAD,DULU MAHATO,DHANBAD(DEPUTY COMMISSIONER DHANBAD_IDA),DHANBAD,Construction of footpaths and pedestrian ways,03-Sep-2026,146000.0,Payment In-Progress,-0.796495139534064,0.49121852584354786,0,Low - Normal Pattern,No early cost-pattern anomaly against completed-works category norms.
EW-002379,Jharkhand,DHANBAD,DULU MAHATO,DHANBAD(DEPUTY COMMISSIONER DHANBAD_IDA),DHANBAD,Construction of public staircase/ stair ghat for public convenience,03-Sep-2026,125000.0,Payment In-Progress,0.0,0.12314604453858759,0,Low - Normal Pattern,No early cost-pattern anomaly against completed-works category norms.
EW-002380,Jharkhand,DHANBAD,DULU MAHATO,DHANBAD(DEPUTY COMMISSIONER DHANBAD_IDA),DHANBAD,"Construction of roads, link roads, pathways or any other road with or without drainage system",03-Sep-2026,150000.0,Payment In-Progress,-1.561713607715042,0.30000000000000016,0,Low - Normal Pattern,No early cost-pattern anomaly against completed-works category norms.
EW-002381,Jharkhand,DHANBAD,DULU MAHATO,DHANBAD(DEPUTY COMMISSIONER DHANBAD_IDA),DHANBAD,"Construction of roads, link roads, pathways or any other road with or without drainage system",03-Sep-2026,200000.0,Payment In-Progress,-1.1885515183145698,0.40000000000000024,0,Low - Normal Pattern,No early cost-pattern anomaly against completed-works category norms.
EW-002382,Jharkhand,DHANBAD,DULU MAHATO,DHANBAD(DEPUTY COMMISSIONER DHANBAD_IDA),DHANBAD,"Construction of roads, link roads, pathways or any other road with or without drainage system",03-Sep-2026,150000.0,Payment In-Progress,-1.561713607715042,0.30000000000000016,0,Low - Normal Pattern,No early cost-pattern anomaly against completed-works category norms.
EW-002383,Uttar Pradesh,AMBEDKAR NAGAR,LALJI VERMA,AMBEDKAR NAGAR(DISTRICT MAGISTRATE AMBEDKAR NAGAR_IDA),AMBEDKAR NAGAR,"Construction of roads, link roads, pathways or any other road with or without drainage system",09-Apr-2026,204345.0,Payment In-Progress,-1.16067303558886,0.4086900000000002,0,Low - Normal Pattern,No early cost-pattern anomaly against completed-works category norms.
EW-002384,Punjab,BHATINDA,Smt Harsimrat Kaur Badal,BATHINDA(DEPUTY COMMISSIONER BHATINDA_IDA),BATHINDA,Construction of additional rooms and halls in the existing public and community building,07-Jul-2026,54825.0,Payment In-Progress,-2.1509955297997636,0.10965000000000007,0,Low - Normal Pattern,No early cost-pattern anomaly against completed-works category norms.
EW-002385,Punjab,BHATINDA,Smt Harsimrat Kaur Badal,BATHINDA(DEPUTY COMMISSIONER BHATINDA_IDA),BATHINDA,Crematoriums/energy efficient crematoriums or structures on burial/cremation ground,19-Aug-2026,30552.0,Payment In-Progress,-7.743705383617402,0.07651036737391646,0,Low - Normal Pattern,No early cost-pattern anomaly against completed-works category norms.
EW-002386,Gujarat,BHARUCH,Mansukhbhai Dhanjibhai Vasava,BHARUCH(DISTRICT COLLECTOR BROACH_IDA),BHARUCH,"Construction of roads, link roads, pathways or any other road with or without drainage system",20-Aug-2026,299060.0,Payment In-Progress,-0.6666798257862141,0.5981200000000003,0,Low - Normal Pattern,No early cost-pattern anomaly against completed-works category norms.
EW-002387,Andhra Pradesh,AMALAPURAM(SC),GM Harish Balayogi,Dr. B.R. Ambedkar Konaseema(DISTRICT COLLECTOR Dr B R AMBEDKAR KONASEEMA_IDA),Dr. B.R. Ambedkar Konaseema,Construction of community centers and community halls,01-Sep-2026,859213.0,Payment In-Progress,0.7314626753997044,1.7288092282247167,0,Low - Normal Pattern,No early cost-pattern anomaly against completed-works category norms.
EW-002388,Karnataka,BIJAPUR(SC),Ramesh Chandappa Jigajinagi,VIJAYAPURA(DEPUTY COMMISSIONER BIJAPUR_IDA),VIJAYAPURA,Construction of community centers and community halls,27-Aug-2026,122211.0,Payment In-Progress,-1.8744241693610397,0.24589886860484053,0,Low - Normal Pattern,No early cost-pattern anomaly against completed-works category norms.
EW-002389,Uttar Pradesh,VARANASI,Shri Narendra Modi,VARANASI(DISTRICT MAGISTRAE VARANASI_IDA),VARANASI,"Construction of roads, link roads, pathways or any other road with or without drainage system",11-Aug-2026,551178.0,Payment In-Progress,0.1264052923976877,1.1023560000000006,0,Low - Normal Pattern,No early cost-pattern anomaly against completed-works category norms.
EW-002390,Karnataka,UDUPI CHIKMAGALUR,KOTA SRINIVAS POOJARY,UDUPI(DEPUTY COMMISSIONER UDUPI_IDA),UDUPI,"Construction of roads, link roads, pathways or any other road with or without drainage system",24-Aug-2026,299468.0,Payment In-Progress,-0.6649113852091605,0.5989360000000004,0,Low - Normal Pattern,No early cost-pattern anomaly against completed-works category norms.
EW-002391,Karnataka,UDUPI CHIKMAGALUR,KOTA SRINIVAS POOJARY,UDUPI(DEPUTY COMMISSIONER UDUPI_IDA),UDUPI,"Construction of roads, link roads, pathways or any other road with or without drainage system",24-Aug-2026,400000.0,Payment In-Progress,-0.2894470035445406,0.8000000000000005,0,Low - Normal Pattern,No early cost-pattern anomaly against completed-works category norms.
EW-002392,Gujarat,SURENDRANAGAR,CHANDUBHAI CHHAGANBHAI SHIHORA,MORBI(District collector Morbi_IDA),MORBI,Installing tube-wells and borewells,10-Jul-2026,20662.0,Payment In-Progress,-8.112555233765326,0.09433562238020465,0,Low - Normal Pattern,No early cost-pattern anomaly against completed-works category norms.
EW-002393,Rajasthan,JAIPUR RURAL,Rao Rajendra Singh,Kotputli-Behror(DISTRICT COLLECTOR Kotputli Behror_IDA),Kotputli-Behror,"Construction of roads, link roads, pathways or any other road with or without drainage system",02-Sep-2026,998307.0,Payment In-Progress,0.8969066064886291,1.9966140000000012,0,Low - Normal Pattern,No early cost-pattern anomaly against completed-works category norms.
EW-002394,Jharkhand,DHANBAD,DULU MAHATO,DHANBAD(DEPUTY COMMISSIONER DHANBAD_IDA),DHANBAD,Construction of common work sheds/ common covered sitting area,03-Sep-2026,175000.0,Payment In-Progress,-1.1612459155849004,0.5933108440270547,0,Low - Normal Pattern,No early cost-pattern anomaly against completed-works category norms.
EW-002395,Jharkhand,DHANBAD,DULU MAHATO,DHANBAD(DEPUTY COMMISSIONER DHANBAD_IDA),DHANBAD,"Construction of roads, link roads, pathways or any other road with or without drainage system",03-Sep-2026,150000.0,Payment In-Progress,-1.561713607715042,0.30000000000000016,0,Low - Normal Pattern,No early cost-pattern anomaly against completed-works category norms.
EW-002396,Jharkhand,DHANBAD,DULU MAHATO,DHANBAD(DEPUTY COMMISSIONER DHANBAD_IDA),DHANBAD,"Construction of roads, link roads, pathways or any other road with or without drainage system",03-Sep-2026,200000.0,Payment In-Progress,-1.1885515183145698,0.40000000000000024,0,Low - Normal Pattern,No early cost-pattern anomaly against completed-works category norms.
EW-002397,Jharkhand,DHANBAD,DULU MAHATO,DHANBAD(DEPUTY COMMISSIONER DHANBAD_IDA),DHANBAD,"Construction of roads, link roads, pathways or any other road with or without drainage system",03-Sep-2026,150000.0,Payment In-Progress,-1.561713607715042,0.30000000000000016,0,Low - Normal Pattern,No early cost-pattern anomaly against completed-works category norms.
EW-002398,Telangana,ZAHIRABAD,SURESH KUMAR SHETKAR,SANGAREDDY(District Collector Sangareddy_IDA),SANGAREDDY,Installing tube-wells and borewells,04-Sep-2026,99786.0,Payment In-Progress,-2.701433725608389,0.4555887336574921,0,Low - Normal Pattern,No early cost-pattern anomaly against completed-works category norms.
EW-002399,Telangana,ZAHIRABAD,SURESH KUMAR SHETKAR,SANGAREDDY(District Collector Sangareddy_IDA),SANGAREDDY,Installing tube-wells and borewells,04-Sep-2026,99786.0,Payment In-Progress,-2.701433725608389,0.4555887336574921,0,Low - Normal Pattern,No early cost-pattern anomaly against completed-works category norms.
EW-002400,Telangana,ZAHIRABAD,SURESH KUMAR SHETKAR,SANGAREDDY(District Collector Sangareddy_IDA),SANGAREDDY,Installing tube-wells and borewells,04-Sep-2026,199516.0,Payment In-Progress,-0.3205930967465791,0.9109217904756999,0,Low - Normal Pattern,No early cost-pattern anomaly against completed-works category norms.
EW-002401,Telangana,ZAHIRABAD,SURESH KUMAR SHETKAR,SANGAREDDY(District Collector Sangareddy_IDA),SANGAREDDY,Installing tube-wells and borewells,04-Sep-2026,198905.0,Payment In-Progress,-0.33113235535122054,0.9081321735327947,0,Low - Normal Pattern,No early cost-pattern anomaly against completed-works category norms.
EW-002402,Telangana,ZAHIRABAD,SURESH KUMAR SHETKAR,SANGAREDDY(District Collector Sangareddy_IDA),SANGAREDDY,Installing tube-wells and borewells,04-Sep-2026,198930.0,Payment In-Progress,-0.3307004906056402,0.9082463149789038,0,Low - Normal Pattern,No early cost-pattern anomaly against completed-works category norms.
EW-002403,Telangana,ZAHIRABAD,SURESH KUMAR SHETKAR,SANGAREDDY(District Collector Sangareddy_IDA),SANGAREDDY,Installing tube-wells and borewells,04-Sep-2026,149044.0,Payment In-Progress,-1.3227759990014385,0.6804839077550683,0,Low - Normal Pattern,No early cost-pattern anomaly against completed-works category norms.
EW-002404,Telangana,ZAHIRABAD,SURESH KUMAR SHETKAR,SANGAREDDY(District Collector Sangareddy_IDA),SANGAREDDY,Installing tube-wells and borewells,04-Sep-2026,149022.0,Payment In-Progress,-1.3232832477376477,0.6803834632824923,0,Low - Normal Pattern,No early cost-pattern anomaly against completed-works category norms.
EW-002405,Telangana,NAGARKURNOOL(SC),DR.MALLU RAVI,WANAPARTHY(DISTRICT COLLECTOR WANAPARTHY_IDA),WANAPARTHY,Construction of rooms and halls in school and colleges,03-Sep-2026,1451220.0,Payment In-Progress,1.4003338802400056,2.9024400000000017,0,Low - Normal Pattern,No early cost-pattern anomaly against completed-works category norms.
EW-002406,Odisha,BHUBANESWAR,Smt Aparajita Sarangi,KHORDHA(DISTRICT COLLECTOR KHORDHA_IDA),KHORDHA,Installing community drinking water plants,13-Aug-2026,100000.0,Payment In-Progress,-470.29601049823054,0.4295274339172041,0,Low - Normal Pattern,No early cost-pattern anomaly against completed-works category norms.
EW-002407,Karnataka,UTTARA KANNADA,VISHWESHWAR HEGDE KAGERI,BELAGAVI(DEPUTY COMMISSIONER BELGAUM_IDA),BELAGAVI,"Construction of roads, link roads, pathways or any other road with or without drainage system",01-Sep-2026,525000.0,Payment In-Progress,0.06328736249878403,1.0500000000000007,0,Low - Normal Pattern,No early cost-pattern anomaly against completed-works category norms.
EW-002408,Telangana,MAHABUBABAD,BALRAM NAIK PORIKA,MAHABUBABAD(DISTRICT COLLECTOR MAHABUBABAD_IDA),MAHABUBABAD,"Construction of roads, link roads, pathways or any other road with or without drainage system",03-Sep-2026,290676.0,Payment In-Progress,-0.7035637910096857,0.5813520000000003,0,Low - Normal Pattern,No early cost-pattern anomaly against completed-works category norms.
EW-002409,Uttar Pradesh,BAGHPAT,DR RAJKUMAR SANGWAN,BAGHPAT(DISTRICT MAGISTRATE BAGHPAT_IDA),BAGHPAT,"Construction of roads, link roads, pathways or any other road with or without drainage system",20-May-2026,975717.0,Payment In-Progress,0.8672174762746876,1.9514340000000012,0,Low - Normal Pattern,No early cost-pattern anomaly against completed-works category norms.
EW-002410,Karnataka,DAKSHINA KANNADA,CAPTAIN BRIJESH CHOWTA,DAKSHINA KANNADA(DEPUTY COMMISSIONER DAKSHIN KANNAD MANGALORE_IDA),DAKSHINA KANNADA,"Construction of roads, link roads, pathways or any other road with or without drainage system",22-Jul-2026,499617.0,Payment In-Progress,-0.000993985101434858,0.9992340000000006,0,Low - Normal Pattern,No early cost-pattern anomaly against completed-works category norms.
EW-002411,Madhya Pradesh,UJJAIN(SC),Shri Anil Firojiya,UJJAIN(DISTRICT COLLECTOR UJJAIN_IDA),UJJAIN,Construction of common work sheds/ common covered sitting area,07-Aug-2026,400000.0,Payment In-Progress,0.6776609667900341,1.3561390720618394,0,Low - Normal Pattern,No early cost-pattern anomaly against completed-works category norms.
EW-002412,Uttar Pradesh,VARANASI,Shri Narendra Modi,VARANASI(DISTRICT MAGISTRAE VARANASI_IDA),VARANASI,"Construction of roads, link roads, pathways or any other road with or without drainage system",19-Aug-2026,480142.0,Payment In-Progress,-0.052567903105215724,0.9602840000000006,0,Low - Normal Pattern,No early cost-pattern anomaly against completed-works category norms.
EW-002413,Jharkhand,DHANBAD,DULU MAHATO,DHANBAD(DEPUTY COMMISSIONER DHANBAD_IDA),DHANBAD,Construction of public staircase/ stair ghat for public convenience,03-Sep-2026,165000.0,Payment In-Progress,0.0,0.1625527787909356,0,Low - Normal Pattern,No early cost-pattern anomaly against completed-works category norms.
EW-002414,Jharkhand,DHANBAD,DULU MAHATO,DHANBAD(DEPUTY COMMISSIONER DHANBAD_IDA),DHANBAD,"Construction of roads, link roads, pathways or any other road with or without drainage system",03-Sep-2026,175000.0,Payment In-Progress,-1.3617595776408025,0.3500000000000002,0,Low - Normal Pattern,No early cost-pattern anomaly against completed-works category norms.
EW-002415,Madhya Pradesh,CHHINDWARA,BUNTY VIVEK SAHU,CHHINDWARA(DISTRICT COLLECTOR CHHINDWARA_IDA),CHHINDWARA,"Purchase of IT systems, including hardware and software for educational purposes",01-Sep-2026,100000.0,Payment In-Progress,-2.2221749611150834,0.2083333333333332,0,Low - Normal Pattern,No early cost-pattern anomaly against completed-works category norms.
EW-002416,Rajasthan,BHILWARA,DAMODAR AGARWAL,BHILWARA(DISTRICT COLLECTOR BHILWARA_IDA),BHILWARA,Construction of community centers and community halls,18-Aug-2026,4800.0,Payment In-Progress,-6.1997802507745075,0.009658005983939535,0,Low - Normal Pattern,No early cost-pattern anomaly against completed-works category norms.
EW-002417,Uttar Pradesh,KAUSHAMBI(SC),PUSHPENDRA SAROJ,PRATAPGARH(DISTRICT MAGISTRAE PRATAPGARH_IDA),PRATAPGARH,Installing hand pumps,15-Apr-2026,50781.0,Payment In-Progress,-3120.8232755138506,0.6869166463761053,0,Low - Normal Pattern,No early cost-pattern anomaly against completed-works category norms.
EW-002418,Uttar Pradesh,KAUSHAMBI(SC),PUSHPENDRA SAROJ,PRATAPGARH(DISTRICT MAGISTRAE PRATAPGARH_IDA),PRATAPGARH,Installing hand pumps,15-Apr-2026,50781.0,Payment In-Progress,-3120.8232755138506,0.6869166463761053,0,Low - Normal Pattern,No early cost-pattern anomaly against completed-works category norms.
EW-002419,Maharashtra,AMRAVATI(SC),BALWANT BASWANT WANKHADE,AMRAVATI(DISTRICT COLLECTOR AMRAVATI_IDA),AMRAVATI,Construction of community centers and community halls,20-Aug-2026,1199810.0,Payment In-Progress,1.1776116005504864,2.414119199914686,0,Low - Normal Pattern,No early cost-pattern anomaly against completed-works category norms.
EW-002420,Punjab,FARIDKOT(SC),SARABJEET SINGH KHALSA,FARIDKOT(DEPUTY COMMISSIONER FARIDKOT_IDA),FARIDKOT,Construction of common work sheds/ common covered sitting area,03-Sep-2026,300000.0,Payment In-Progress,0.037725978600351984,1.0171043040463796,0,Low - Normal Pattern,No early cost-pattern anomaly against completed-works category norms.
EW-002421,Gujarat,CHHOTA UDAIPUR(ST),JASHUBHAI BHILUBHAI RATHVA,CHHOTAUDEPUR(DISTRICT COLLECTOR CHHOTA UDEPUR_IDA),CHHOTAUDEPUR,Construction of footpaths and pedestrian ways,24-Aug-2026,198384.0,Payment In-Progress,-0.4529652865560437,0.667465041307852,0,Low - Normal Pattern,No early cost-pattern anomaly against completed-works category norms.
EW-002422,Assam,LAKHIMPUR,Pradan Baruah,LAKHIMPUR(DEPUTY COMMISSIONER LAKHIMPUR_IDA),LAKHIMPUR,Construction of rooms and halls in school and colleges,02-Sep-2026,121094.0,Payment In-Progress,-1.8635705167620344,0.24218800000000015,0,Low - Normal Pattern,No early cost-pattern anomaly against completed-works category norms.
EW-002423,Punjab,BHATINDA,Smt Harsimrat Kaur Badal,BATHINDA(DEPUTY COMMISSIONER BHATINDA_IDA),BATHINDA,Crematoriums/energy efficient crematoriums or structures on burial/cremation ground,02-Sep-2026,38250.0,Payment In-Progress,-7.066704724238545,0.0957882152413035,0,Low - Normal Pattern,No early cost-pattern anomaly against completed-works category norms.
EW-002424,Punjab,BHATINDA,Smt Harsimrat Kaur Badal,BATHINDA(DEPUTY COMMISSIONER BHATINDA_IDA),BATHINDA,Crematoriums/energy efficient crematoriums or structures on burial/cremation ground,02-Sep-2026,38250.0,Payment In-Progress,-7.066704724238545,0.0957882152413035,0,Low - Normal Pattern,No early cost-pattern anomaly against completed-works category norms.
EW-002425,Chhattisgarh,MAHASAMUND,ROOP KUMARI CHOUDHARY,MAHASAMUND(DISTRICT COLLECTOR MAHASAMUND_IDA),MAHASAMUND,"Construction of roads, link roads, pathways or any other road with or without drainage system",02-Sep-2026,249700.0,Payment In-Progress,-0.9006620098036998,0.4994000000000003,0,Low - Normal Pattern,No early cost-pattern anomaly against completed-works category norms.
EW-002426,Uttar Pradesh,KAUSHAMBI(SC),PUSHPENDRA SAROJ,PRATAPGARH(DISTRICT MAGISTRAE PRATAPGARH_IDA),PRATAPGARH,Installing hand pumps,15-Apr-2026,50781.0,Payment In-Progress,-3120.8232755138506,0.6869166463761053,0,Low - Normal Pattern,No early cost-pattern anomaly against completed-works category norms.
EW-002427,Uttar Pradesh,KAUSHAMBI(SC),PUSHPENDRA SAROJ,PRATAPGARH(DISTRICT MAGISTRAE PRATAPGARH_IDA),PRATAPGARH,Installing hand pumps,15-Apr-2026,50781.0,Payment In-Progress,-3120.8232755138506,0.6869166463761053,0,Low - Normal Pattern,No early cost-pattern anomaly against completed-works category norms.
EW-002428,Rajasthan,BHILWARA,DAMODAR AGARWAL,BHILWARA(DISTRICT COLLECTOR BHILWARA_IDA),BHILWARA,Construction of community centers and community halls,18-Aug-2026,9600.0,Payment In-Progress,-5.2736186620995875,0.01931601196787907,0,Low - Normal Pattern,No early cost-pattern anomaly against completed-works category norms.
EW-002429,Uttar Pradesh,KAUSHAMBI(SC),PUSHPENDRA SAROJ,PRATAPGARH(DISTRICT MAGISTRAE PRATAPGARH_IDA),PRATAPGARH,Installing hand pumps,15-Apr-2026,50781.0,Payment In-Progress,-3120.8232755138506,0.6869166463761053,0,Low - Normal Pattern,No early cost-pattern anomaly against completed-works category norms.
EW-002430,Uttar Pradesh,KAUSHAMBI(SC),PUSHPENDRA SAROJ,PRATAPGARH(DISTRICT MAGISTRAE PRATAPGARH_IDA),PRATAPGARH,Installing hand pumps,15-Apr-2026,50781.0,Payment In-Progress,-3120.8232755138506,0.6869166463761053,0,Low - Normal Pattern,No early cost-pattern anomaly against completed-works category norms.
EW-002431,Uttar Pradesh,KAUSHAMBI(SC),PUSHPENDRA SAROJ,PRATAPGARH(DISTRICT MAGISTRAE PRATAPGARH_IDA),PRATAPGARH,Installing hand pumps,15-Apr-2026,50781.0,Payment In-Progress,-3120.8232755138506,0.6869166463761053,0,Low - Normal Pattern,No early cost-pattern anomaly against completed-works category norms.
EW-002432,Uttar Pradesh,KAUSHAMBI(SC),PUSHPENDRA SAROJ,PRATAPGARH(DISTRICT MAGISTRAE PRATAPGARH_IDA),PRATAPGARH,Installing hand pumps,15-Apr-2026,50781.0,Payment In-Progress,-3120.8232755138506,0.6869166463761053,0,Low - Normal Pattern,No early cost-pattern anomaly against completed-works category norms.
EW-002433,Uttar Pradesh,KAUSHAMBI(SC),PUSHPENDRA SAROJ,PRATAPGARH(DISTRICT MAGISTRAE PRATAPGARH_IDA),PRATAPGARH,Installing hand pumps,15-Apr-2026,50781.0,Payment In-Progress,-3120.8232755138506,0.6869166463761053,0,Low - Normal Pattern,No early cost-pattern anomaly against completed-works category norms.
EW-002434,Uttar Pradesh,KAUSHAMBI(SC),PUSHPENDRA SAROJ,PRATAPGARH(DISTRICT MAGISTRAE PRATAPGARH_IDA),PRATAPGARH,Installing hand pumps,15-Apr-2026,50781.0,Payment In-Progress,-3120.8232755138506,0.6869166463761053,0,Low - Normal Pattern,No early cost-pattern anomaly against completed-works category norms.
EW-002435,Uttar Pradesh,KAUSHAMBI(SC),PUSHPENDRA SAROJ,PRATAPGARH(DISTRICT MAGISTRAE PRATAPGARH_IDA),PRATAPGARH,Installing hand pumps,15-Apr-2026,50781.0,Payment In-Progress,-3120.8232755138506,0.6869166463761053,0,Low - Normal Pattern,No early cost-pattern anomaly against completed-works category norms.
EW-002436,Uttar Pradesh,KAUSHAMBI(SC),PUSHPENDRA SAROJ,PRATAPGARH(DISTRICT MAGISTRAE PRATAPGARH_IDA),PRATAPGARH,Installing hand pumps,15-Apr-2026,50781.0,Payment In-Progress,-3120.8232755138506,0.6869166463761053,0,Low - Normal Pattern,No early cost-pattern anomaly against completed-works category norms.
EW-002437,Madhya Pradesh,SAGAR,DR. LATA WANKHEDE,SAGAR(DISTRICT COLLECTOR SAGAR_IDA),SAGAR,"Construction of roads, link roads, pathways or any other road with or without drainage system",02-Sep-2026,375000.0,Payment In-Progress,-0.37316208940046985,0.7500000000000004,0,Low - Normal Pattern,No early cost-pattern anomaly against completed-works category norms.
EW-002438,Haryana,AMBALA (SC),VARUN CHAUDHRY,AMBALA(DEPUTY COMMISSIONER AMBALA_IDA),AMBALA,Construction of common work sheds/ common covered sitting area,09-Jul-2026,7831.0,Payment In-Progress,-8.07194179718835,0.026549812683290663,0,Low - Normal Pattern,No early cost-pattern anomaly against completed-works category norms.
EW-002439,Haryana,AMBALA (SC),VARUN CHAUDHRY,AMBALA(DEPUTY COMMISSIONER AMBALA_IDA),AMBALA,Construction of common work sheds/ common covered sitting area,03-Sep-2026,7673.0,Payment In-Progress,-8.11728178667653,0.026014137749826236,0,Low - Normal Pattern,No early cost-pattern anomaly against completed-works category norms.
EW-002440,Haryana,AMBALA (SC),VARUN CHAUDHRY,AMBALA(DEPUTY COMMISSIONER AMBALA_IDA),AMBALA,Construction of common work sheds/ common covered sitting area,31-Aug-2026,279516.0,Payment In-Progress,-0.11959381023516691,0.9476564221660928,0,Low - Normal Pattern,No early cost-pattern anomaly against completed-works category norms.
EW-002441,Rajasthan,BHILWARA,DAMODAR AGARWAL,BHILWARA(DISTRICT COLLECTOR BHILWARA_IDA),BHILWARA,Construction of community centers and community halls,18-Aug-2026,9600.0,Payment In-Progress,-5.2736186620995875,0.01931601196787907,0,Low - Normal Pattern,No early cost-pattern anomaly against completed-works category norms.
EW-002442,Odisha,BARGARH,PRADEEP PUROHIT,Baragada(DISTRICT COLLECTOR BARAGARH_IDA),Baragada,Construction of community centers and community halls,02-Sep-2026,348600.0,Payment In-Progress,-0.47388407461051546,0.7014126845836087,0,Low - Normal Pattern,No early cost-pattern anomaly against completed-works category norms.
EW-002443,Meghalaya,SHILLONG,ANDREW J. SYNGKON,RI BHOI(DEPUTY COMMISSIONER RIBHOI NONGPOH_IDA),RI BHOI,Construction of rooms and halls in school and colleges,31-Aug-2026,75000.0,Payment In-Progress,-2.49316972023904,0.15000000000000008,0,Low - Normal Pattern,No early cost-pattern anomaly against completed-works category norms.
EW-002444,Punjab,SANGRUR,GURMEET SINGH MEET HAYER,SANGRUR(DEPUTY COMMISSIONER SANGRUR_IDA),SANGRUR,Construction of common work sheds/ common covered sitting area,25-Aug-2026,71286.0,Payment In-Progress,-3.1589952407492436,0.2416843247275007,0,Low - Normal Pattern,No early cost-pattern anomaly against completed-works category norms.
EW-002445,Punjab,SANGRUR,GURMEET SINGH MEET HAYER,SANGRUR(DEPUTY COMMISSIONER SANGRUR_IDA),SANGRUR,Construction of common work sheds/ common covered sitting area,25-Aug-2026,152777.0,Payment In-Progress,-1.463341262563719,0.517967147530979,0,Low - Normal Pattern,No early cost-pattern anomaly against completed-works category norms.
EW-002446,Haryana,SIRSA(SC),SELJA,SIRSA(DEPUTY COMMISSIONER SIRSA_IDA),SIRSA,Fitting of Sitting RCC Benches in Public Places,25-Aug-2026,75520.0,Payment In-Progress,0.0,0.5034666666666668,0,Low - Normal Pattern,No early cost-pattern anomaly against completed-works category norms.
EW-002447,Madhya Pradesh,SAGAR,DR. LATA WANKHEDE,SAGAR(DISTRICT COLLECTOR SAGAR_IDA),SAGAR,"Construction of roads, link roads, pathways or any other road with or without drainage system",02-Sep-2026,375000.0,Payment In-Progress,-0.37316208940046985,0.7500000000000004,0,Low - Normal Pattern,No early cost-pattern anomaly against completed-works category norms.
EW-002448,Madhya Pradesh,HOSHANGABAD,DARSHAN SINGH CHOUDHARY,Narsimhapur(DISTRICT COLLECTOR NARSINGHPUR_IDA),Narsimhapur,"Purchase of prosthetics, wheel chairs, tricycles (manual or motorized), elect scooties, hearing aids",10-Nov-2025,115000.0,Payment In-Progress,0.0,1.210526315789473,0,Low - Normal Pattern,No early cost-pattern anomaly against completed-works category norms.
EW-002449,Assam,Diphu (ST),AMARSING TISSO,KARBI ANGLONG(DEPUTY COMMISSIONER KARBI ANGLONG_IDA),KARBI ANGLONG,Creation of new ponds,10-Jul-2026,375000.0,Payment In-Progress,0.0,1.2500000000000004,0,Low - Normal Pattern,No early cost-pattern anomaly against completed-works category norms.
EW-002450,Assam,Diphu (ST),AMARSING TISSO,KARBI ANGLONG(DEPUTY COMMISSIONER KARBI ANGLONG_IDA),KARBI ANGLONG,Creation of new ponds,08-Jul-2026,375000.0,Payment In-Progress,0.0,1.2500000000000004,0,Low - Normal Pattern,No early cost-pattern anomaly against completed-works category norms.
EW-002451,Uttar Pradesh,VARANASI,Shri Narendra Modi,VARANASI(DISTRICT MAGISTRAE VARANASI_IDA),VARANASI,"Construction of roads, link roads, pathways or any other road with or without drainage system",19-Aug-2026,205674.0,Payment In-Progress,-1.1522641734415329,0.4113480000000002,0,Low - Normal Pattern,No early cost-pattern anomaly against completed-works category norms.
EW-002452,Gujarat,JUNAGADH,Rajeshbhai Naranbhai Chudasama,GIR SOMNATH(DISTRICT COLLECTOR GIR SOMNATH_IDA),GIR SOMNATH,Construction of night shelters for homeless,14-Aug-2026,499742.0,Payment In-Progress,0.0,0.4997420000000002,0,Low - Normal Pattern,No early cost-pattern anomaly against completed-works category norms.
EW-002453,Gujarat,JUNAGADH,Rajeshbhai Naranbhai Chudasama,GIR SOMNATH(DISTRICT COLLECTOR GIR SOMNATH_IDA),GIR SOMNATH,"Construction of roads, link roads, pathways or any other road with or without drainage system",14-Aug-2026,249961.0,Payment In-Progress,-0.8993068834006455,0.4999220000000003,0,Low - Normal Pattern,No early cost-pattern anomaly against completed-works category norms.
EW-002454,Gujarat,SURENDRANAGAR,CHANDUBHAI CHHAGANBHAI SHIHORA,MORBI(District collector Morbi_IDA),MORBI,Installing tube-wells and borewells,06-Jul-2026,59221.0,Payment In-Progress,-4.494286367420578,0.2703828232009534,0,Low - Normal Pattern,No early cost-pattern anomaly against completed-works category norms.
EW-002455,Uttar Pradesh,VARANASI,Shri Narendra Modi,VARANASI(DISTRICT MAGISTRAE VARANASI_IDA),VARANASI,"Construction of roads, link roads, pathways or any other road with or without drainage system",19-Aug-2026,797444.0,Payment In-Progress,0.6055065345726116,1.594888000000001,0,Low - Normal Pattern,No early cost-pattern anomaly against completed-works category norms.
EW-002456,Haryana,AMBALA (SC),VARUN CHAUDHRY,AMBALA(DEPUTY COMMISSIONER AMBALA_IDA),AMBALA,Construction of common work sheds/ common covered sitting area,03-Sep-2026,7654.0,Payment In-Progress,-8.122796840035562,0.025949721143903298,0,Low - Normal Pattern,No early cost-pattern anomaly against completed-works category norms.
EW-002457,Haryana,AMBALA (SC),VARUN CHAUDHRY,AMBALA(DEPUTY COMMISSIONER AMBALA_IDA),AMBALA,Construction of common work sheds/ common covered sitting area,03-Sep-2026,7660.0,Payment In-Progress,-8.121053766607188,0.025970063229984224,0,Low - Normal Pattern,No early cost-pattern anomaly against completed-works category norms.
EW-002458,Madhya Pradesh,SHAHDOL (ST),Smt Himadri Singh,UMARIA(District Collector Umariya_IDA),UMARIA,Street lights,29-Aug-2026,122124.0,Payment In-Progress,-0.508813404678493,0.5478353317991578,0,Low - Normal Pattern,No early cost-pattern anomaly against completed-works category norms.
EW-002459,Madhya Pradesh,SHAHDOL (ST),Smt Himadri Singh,UMARIA(District Collector Umariya_IDA),UMARIA,Street lights,29-Aug-2026,122124.0,Payment In-Progress,-0.508813404678493,0.5478353317991578,0,Low - Normal Pattern,No early cost-pattern anomaly against completed-works category norms.
EW-002460,Madhya Pradesh,SHAHDOL (ST),Smt Himadri Singh,UMARIA(District Collector Umariya_IDA),UMARIA,Street lights,29-Aug-2026,122124.0,Payment In-Progress,-0.508813404678493,0.5478353317991578,0,Low - Normal Pattern,No early cost-pattern anomaly against completed-works category norms.
EW-002461,Uttar Pradesh,DHAURAHRA,ANAND BHADAURIYA,KHERI(DISTRICT MAGISTRAE KHERI_IDA),KHERI,"Construction of roads, link roads, pathways or any other road with or without drainage system",02-Sep-2026,124712.0,Payment In-Progress,-1.8012010735712016,0.24942400000000015,0,Low - Normal Pattern,No early cost-pattern anomaly against completed-works category norms.
EW-002462,Punjab,HOSHIARPUR(SC),DR. RAJ KUMAR CHABBEWAL,HOSHIARPUR(DEPUTY COMMISSIONER HOSHIARPUR_IDA),HOSHIARPUR,Construction of buildings for multi-gym,02-Sep-2026,16590.0,Payment In-Progress,0.0,0.042835195809054094,0,Low - Normal Pattern,No early cost-pattern anomaly against completed-works category norms.
EW-002463,Punjab,HOSHIARPUR(SC),DR. RAJ KUMAR CHABBEWAL,HOSHIARPUR(DEPUTY COMMISSIONER HOSHIARPUR_IDA),HOSHIARPUR,Construction of buildings for community cultural activities,02-Sep-2026,14050.0,Payment In-Progress,-3.8753858513296824,0.04014285714285713,0,Low - Normal Pattern,No early cost-pattern anomaly against completed-works category norms.
EW-002464,Uttar Pradesh,DHAURAHRA,ANAND BHADAURIYA,KHERI(DISTRICT MAGISTRAE KHERI_IDA),KHERI,"Construction of roads, link roads, pathways or any other road with or without drainage system",02-Sep-2026,363514.0,Payment In-Progress,-0.41351360146476585,0.7270280000000005,0,Low - Normal Pattern,No early cost-pattern anomaly against completed-works category norms.
EW-002465,Uttar Pradesh,DHAURAHRA,ANAND BHADAURIYA,KHERI(DISTRICT MAGISTRAE KHERI_IDA),KHERI,"Construction of roads, link roads, pathways or any other road with or without drainage system",02-Sep-2026,49680.0,Payment In-Progress,-2.995088882241464,0.09936000000000006,0,Low - Normal Pattern,No early cost-pattern anomaly against completed-works category norms.
EW-002466,Uttar Pradesh,DHAURAHRA,ANAND BHADAURIYA,KHERI(DISTRICT MAGISTRAE KHERI_IDA),KHERI,"Construction of roads, link roads, pathways or any other road with or without drainage system",02-Sep-2026,243969.0,Payment In-Progress,-0.9307801933693445,0.48793800000000026,0,Low - Normal Pattern,No early cost-pattern anomaly against completed-works category norms.
EW-002467,Uttar Pradesh,DHAURAHRA,ANAND BHADAURIYA,KHERI(DISTRICT MAGISTRAE KHERI_IDA),KHERI,"Construction of roads, link roads, pathways or any other road with or without drainage system",02-Sep-2026,41545.0,Payment In-Progress,-3.2270491405924164,0.08309000000000005,0,Low - Normal Pattern,No early cost-pattern anomaly against completed-works category norms.
EW-002468,Uttar Pradesh,DHAURAHRA,ANAND BHADAURIYA,KHERI(DISTRICT MAGISTRAE KHERI_IDA),KHERI,"Construction of roads, link roads, pathways or any other road with or without drainage system",02-Sep-2026,34570.0,Payment In-Progress,-3.4654505269682017,0.06914000000000003,0,Low - Normal Pattern,No early cost-pattern anomaly against completed-works category norms.
EW-002469,Uttar Pradesh,DHAURAHRA,ANAND BHADAURIYA,KHERI(DISTRICT MAGISTRAE KHERI_IDA),KHERI,"Construction of roads, link roads, pathways or any other road with or without drainage system",02-Sep-2026,233315.0,Payment In-Progress,-0.9886994098863886,0.46663000000000027,0,Low - Normal Pattern,No early cost-pattern anomaly against completed-works category norms.
EW-002470,Uttar Pradesh,DHAURAHRA,ANAND BHADAURIYA,KHERI(DISTRICT MAGISTRAE KHERI_IDA),KHERI,"Construction of roads, link roads, pathways or any other road with or without drainage system",02-Sep-2026,206373.0,Payment In-Progress,-1.1478632324157247,0.4127460000000002,0,Low - Normal Pattern,No early cost-pattern anomaly against completed-works category norms.
EW-002471,Assam,Sonitpur,RANJIT DUTTA,Biswanath(Deputy Commissioner Biswanath_IDA),Biswanath,Construction of community centers and community halls,02-Sep-2026,930816.0,Payment In-Progress,0.8384159898826286,1.8728805204055547,0,Low - Normal Pattern,No early cost-pattern anomaly against completed-works category norms.
EW-002472,Uttar Pradesh,DHAURAHRA,ANAND BHADAURIYA,KHERI(DISTRICT MAGISTRAE KHERI_IDA),KHERI,"Construction of roads, link roads, pathways or any other road with or without drainage system",02-Sep-2026,133771.0,Payment In-Progress,-1.7102430754878724,0.26754200000000017,0,Low - Normal Pattern,No early cost-pattern anomaly against completed-works category norms.
EW-002473,Uttar Pradesh,DHAURAHRA,ANAND BHADAURIYA,KHERI(DISTRICT MAGISTRAE KHERI_IDA),KHERI,"Construction of roads, link roads, pathways or any other road with or without drainage system",02-Sep-2026,181055.0,Payment In-Progress,-1.3176377348851713,0.3621100000000002,0,Low - Normal Pattern,No early cost-pattern anomaly against completed-works category norms.
EW-002474,Uttar Pradesh,DHAURAHRA,ANAND BHADAURIYA,KHERI(DISTRICT MAGISTRAE KHERI_IDA),KHERI,"Construction of roads, link roads, pathways or any other road with or without drainage system",02-Sep-2026,239658.0,Payment In-Progress,-0.9539058301532195,0.4793160000000003,0,Low - Normal Pattern,No early cost-pattern anomaly against completed-works category norms.
EW-002475,Uttar Pradesh,DHAURAHRA,ANAND BHADAURIYA,KHERI(DISTRICT MAGISTRAE KHERI_IDA),KHERI,"Construction of roads, link roads, pathways or any other road with or without drainage system",02-Sep-2026,170401.0,Payment In-Progress,-1.396304180093978,0.3408020000000002,0,Low - Normal Pattern,No early cost-pattern anomaly against completed-works category norms.
EW-002476,Uttar Pradesh,DHAURAHRA,ANAND BHADAURIYA,KHERI(DISTRICT MAGISTRAE KHERI_IDA),KHERI,"Construction of roads, link roads, pathways or any other road with or without drainage system",02-Sep-2026,177446.0,Payment In-Progress,-1.3437548916113804,0.3548920000000002,0,Low - Normal Pattern,No early cost-pattern anomaly against completed-works category norms.
EW-002477,West Bengal,BARDHAMAN PURBA(SC),DR. SHARMILA SARKAR,PURBA BARDHAMAN(DISTRICT MAGISTRATE PURBA BARDHAMAN_IDA),PURBA BARDHAMAN,"Construction of rooms and facilities for hospitals, FWC , PHC Centers and ANM centers",11-Aug-2026,987384.0,Payment In-Progress,0.6840699823306965,2.08391183022343,0,Low - Normal Pattern,No early cost-pattern anomaly against completed-works category norms.
EW-002478,Gujarat,AMRELI,BHARATBHAI MANUBHAI SUTARIYA,AMRELI(DISTRICT COLLECTOR AMRELI_IDA),AMRELI,"Construction of roads, link roads, pathways or any other road with or without drainage system",02-Sep-2026,400000.0,Payment In-Progress,-0.2894470035445406,0.8000000000000005,0,Low - Normal Pattern,No early cost-pattern anomaly against completed-works category norms.
EW-002479,Gujarat,NAVSARI,C R Patil,NAVSARI(DISTRICT COLLECTOR NAVSARI_IDA),NAVSARI,Construction of rainwater harvesting structures,02-Sep-2026,1000000.0,Payment In-Progress,0.0,0.9124087591240881,0,Low - Normal Pattern,No early cost-pattern anomaly against completed-works category norms.
EW-002480,Uttar Pradesh,AMBEDKAR NAGAR,LALJI VERMA,AMBEDKAR NAGAR(DISTRICT MAGISTRATE AMBEDKAR NAGAR_IDA),AMBEDKAR NAGAR,"Construction of roads, link roads, pathways or any other road with or without drainage system",13-Aug-2026,1658090.0,Payment In-Progress,1.5550213240299209,3.316180000000002,0,Low - Normal Pattern,No early cost-pattern anomaly against completed-works category norms.
EW-002481,Uttar Pradesh,DEORIA,SHASHANK MANI,DEORIA(DISTRICT MAGISTRATE DEORIA),DEORIA,"Construction of roads, link roads, pathways or any other road with or without drainage system",29-May-2026,49125.0,Payment In-Progress,-3.0096613579946667,0.09825000000000006,0,Low - Normal Pattern,No early cost-pattern anomaly against completed-works category norms.
EW-002482,Uttar Pradesh,DEORIA,SHASHANK MANI,DEORIA(DISTRICT MAGISTRATE DEORIA),DEORIA,"Construction of roads, link roads, pathways or any other road with or without drainage system",07-Aug-2026,539782.0,Payment In-Progress,0.0993049908713491,1.0795640000000006,0,Low - Normal Pattern,No early cost-pattern anomaly against completed-works category norms.
EW-002483,Uttar Pradesh,AMBEDKAR NAGAR,LALJI VERMA,AMBEDKAR NAGAR(DISTRICT MAGISTRATE AMBEDKAR NAGAR_IDA),AMBEDKAR NAGAR,"Construction of roads, link roads, pathways or any other road with or without drainage system",29-Jul-2026,453306.0,Payment In-Progress,-0.1271718941310701,0.9066120000000005,0,Low - Normal Pattern,No early cost-pattern anomaly against completed-works category norms.
EW-002484,West Bengal,JANGIPUR,Khalilur Rahaman,MURSHIDABAD(DISTRICT MAGISTRATE MURSHIDABAD_IDA),MURSHIDABAD,Lighting of public spaces,22-Aug-2026,139707.0,Payment In-Progress,-1.2910944533041993,0.6967860669719005,0,Low - Normal Pattern,No early cost-pattern anomaly against completed-works category norms.
EW-002485,West Bengal,JANGIPUR,Khalilur Rahaman,MURSHIDABAD(DISTRICT MAGISTRATE MURSHIDABAD_IDA),MURSHIDABAD,Lighting of public spaces,22-Aug-2026,139707.0,Payment In-Progress,-1.2910944533041993,0.6967860669719005,0,Low - Normal Pattern,No early cost-pattern anomaly against completed-works category norms.
EW-002486,West Bengal,JANGIPUR,Khalilur Rahaman,MURSHIDABAD(DISTRICT MAGISTRATE MURSHIDABAD_IDA),MURSHIDABAD,Lighting of public spaces,22-Aug-2026,139707.0,Payment In-Progress,-1.2910944533041993,0.6967860669719005,0,Low - Normal Pattern,No early cost-pattern anomaly against completed-works category norms.
EW-002487,West Bengal,JANGIPUR,Khalilur Rahaman,MURSHIDABAD(DISTRICT MAGISTRATE MURSHIDABAD_IDA),MURSHIDABAD,Lighting of public spaces,22-Aug-2026,139707.0,Payment In-Progress,-1.2910944533041993,0.6967860669719005,0,Low - Normal Pattern,No early cost-pattern anomaly against completed-works category norms.
EW-002488,West Bengal,JANGIPUR,Khalilur Rahaman,MURSHIDABAD(DISTRICT MAGISTRATE MURSHIDABAD_IDA),MURSHIDABAD,Lighting of public spaces,22-Aug-2026,139707.0,Payment In-Progress,-1.2910944533041993,0.6967860669719005,0,Low - Normal Pattern,No early cost-pattern anomaly against completed-works category norms.
EW-002489,West Bengal,JANGIPUR,Khalilur Rahaman,MURSHIDABAD(DISTRICT MAGISTRATE MURSHIDABAD_IDA),MURSHIDABAD,Lighting of public spaces,22-Aug-2026,139707.0,Payment In-Progress,-1.2910944533041993,0.6967860669719005,0,Low - Normal Pattern,No early cost-pattern anomaly against completed-works category norms.
EW-002490,West Bengal,JANGIPUR,Khalilur Rahaman,MURSHIDABAD(DISTRICT MAGISTRATE MURSHIDABAD_IDA),MURSHIDABAD,Lighting of public spaces,23-Aug-2026,139707.0,Payment In-Progress,-1.2910944533041993,0.6967860669719005,0,Low - Normal Pattern,No early cost-pattern anomaly against completed-works category norms.
EW-002491,West Bengal,JANGIPUR,Khalilur Rahaman,MURSHIDABAD(DISTRICT MAGISTRATE MURSHIDABAD_IDA),MURSHIDABAD,Lighting of public spaces,23-Aug-2026,139707.0,Payment In-Progress,-1.2910944533041993,0.6967860669719005,0,Low - Normal Pattern,No early cost-pattern anomaly against completed-works category norms.
EW-002492,Uttar Pradesh,DEORIA,SHASHANK MANI,DEORIA(DISTRICT MAGISTRATE DEORIA),DEORIA,"Construction of roads, link roads, pathways or any other road with or without drainage system",21-Jul-2026,407481.0,Payment In-Progress,-0.2654114304524911,0.8149620000000005,0,Low - Normal Pattern,No early cost-pattern anomaly against completed-works category norms.
EW-002493,Uttar Pradesh,AMBEDKAR NAGAR,LALJI VERMA,AMBEDKAR NAGAR(DISTRICT MAGISTRATE AMBEDKAR NAGAR_IDA),AMBEDKAR NAGAR,"Construction of roads, link roads, pathways or any other road with or without drainage system",05-May-2026,747772.0,Payment In-Progress,0.5220833388764324,1.4955440000000009,0,Low - Normal Pattern,No early cost-pattern anomaly against completed-works category norms.
EW-002494,Uttar Pradesh,AMBEDKAR NAGAR,LALJI VERMA,AMBEDKAR NAGAR(DISTRICT MAGISTRATE AMBEDKAR NAGAR_IDA),AMBEDKAR NAGAR,"Construction of roads, link roads, pathways or any other road with or without drainage system",29-Jul-2026,442410.0,Payment In-Progress,-0.1587315964991868,0.8848200000000005,0,Low - Normal Pattern,No early cost-pattern anomaly against completed-works category norms.
EW-002495,Uttar Pradesh,MUZAFFARNAGAR,HARENDRA SINGH MALIK,MUZAFFARNAGAR(DISTRICT MAGISTRATE MUZAFFARNAGAR_IDA),MUZAFFARNAGAR,"Construction of roads, link roads, pathways or any other road with or without drainage system",02-Sep-2026,96197.0,Payment In-Progress,-2.1379485159258427,0.19239400000000012,0,Low - Normal Pattern,No early cost-pattern anomaly against completed-works category norms.
EW-002496,Punjab,JALANDHAR(SC),CHARANJIT SINGH CHANNI,JALANDHAR(DEPUTY COMMISSIONER JALANDHAR_IDA),JALANDHAR,Installation of fixed garden gym equipment,01-Sep-2026,94817.0,Payment In-Progress,-2.7200419533966635,0.31605666666666676,0,Low - Normal Pattern,No early cost-pattern anomaly against completed-works category norms.
EW-002497,Punjab,JALANDHAR(SC),CHARANJIT SINGH CHANNI,JALANDHAR(DEPUTY COMMISSIONER JALANDHAR_IDA),JALANDHAR,Installation of fixed garden gym equipment,01-Sep-2026,94817.0,Payment In-Progress,-2.7200419533966635,0.31605666666666676,0,Low - Normal Pattern,No early cost-pattern anomaly against completed-works category norms.
EW-002498,Punjab,JALANDHAR(SC),CHARANJIT SINGH CHANNI,JALANDHAR(DEPUTY COMMISSIONER JALANDHAR_IDA),JALANDHAR,Installation of fixed garden gym equipment,01-Sep-2026,94817.0,Payment In-Progress,-2.7200419533966635,0.31605666666666676,0,Low - Normal Pattern,No early cost-pattern anomaly against completed-works category norms.
EW-002499,Punjab,JALANDHAR(SC),CHARANJIT SINGH CHANNI,JALANDHAR(DEPUTY COMMISSIONER JALANDHAR_IDA),JALANDHAR,Installation of fixed garden gym equipment,01-Sep-2026,94817.0,Payment In-Progress,-2.7200419533966635,0.31605666666666676,0,Low - Normal Pattern,No early cost-pattern anomaly against completed-works category norms.
EW-002500,Uttar Pradesh,AMBEDKAR NAGAR,LALJI VERMA,AMBEDKAR NAGAR(DISTRICT MAGISTRATE AMBEDKAR NAGAR_IDA),AMBEDKAR NAGAR,Construction of boundary walls of existing public and community buildings,29-Jul-2026,396749.0,Payment In-Progress,-0.29848773058086464,0.8010027557912013,0,Low - Normal Pattern,No early cost-pattern anomaly against completed-works category norms.
EW-002501,Gujarat,NAVSARI,C R Patil,NAVSARI(DISTRICT COLLECTOR NAVSARI_IDA),NAVSARI,Construction of rainwater harvesting structures,02-Sep-2026,725000.0,Payment In-Progress,0.0,0.6614963503649639,0,Low - Normal Pattern,No early cost-pattern anomaly against completed-works category norms.
EW-002502,Assam,Sonitpur,RANJIT DUTTA,Biswanath(Deputy Commissioner Biswanath_IDA),Biswanath,Construction of community centers and community halls,02-Sep-2026,269752.0,Payment In-Progress,-0.8165072862242083,0.542763839620762,0,Low - Normal Pattern,No early cost-pattern anomaly against completed-works category norms.
EW-002503,West Bengal,JANGIPUR,Khalilur Rahaman,MURSHIDABAD(DISTRICT MAGISTRATE MURSHIDABAD_IDA),MURSHIDABAD,Lighting of public spaces,22-Aug-2026,139707.0,Payment In-Progress,-1.2910944533041993,0.6967860669719005,0,Low - Normal Pattern,No early cost-pattern anomaly against completed-works category norms.
EW-002504,Odisha,BHADRAK(SC),AVIMANYU SETHI,Baleshwar(DISTRICT COLLECTOR BALESHWAR_IDA),Baleshwar,Street lights,31-Aug-2026,33000.0,Payment In-Progress,-1.6151923079754638,0.14803450549746328,0,Low - Normal Pattern,No early cost-pattern anomaly against completed-works category norms.
EW-002505,Karnataka,BANGALORE RURAL,DR C N MANJUNATH,Bengaluru South(DEPUTY COMMISSIONER RAMANAGARA_IDA),Bengaluru South,Construction of bus-sheds or bus-stops,03-Sep-2026,125000.0,Payment In-Progress,-12.561321682551217,0.48087650321994924,0,Low - Normal Pattern,No early cost-pattern anomaly against completed-works category norms.
EW-002506,Tamil Nadu,THANJAVUR,MURASOLI S,THANJAVUR(DISTRICT COLLECTOR THANJAVUR_IDA),THANJAVUR,Security gates in streets/public place for safety purpose,01-Sep-2026,1131858.0,Payment In-Progress,0.0,3.226026928733483,0,Low - Normal Pattern,No early cost-pattern anomaly against completed-works category norms.
EW-002507,Odisha,BARGARH,PRADEEP PUROHIT,Baragada(DISTRICT COLLECTOR BARAGARH_IDA),Baragada,Construction of community centers and community halls,24-Aug-2026,278598.0,Payment In-Progress,-0.7733933112503142,0.5605627398153306,0,Low - Normal Pattern,No early cost-pattern anomaly against completed-works category norms.
EW-002508,Gujarat,BHARUCH,Mansukhbhai Dhanjibhai Vasava,BHARUCH(DISTRICT COLLECTOR BROACH_IDA),BHARUCH,"Construction of roads, link roads, pathways or any other road with or without drainage system",31-Aug-2026,150000.0,Payment In-Progress,-1.561713607715042,0.30000000000000016,0,Low - Normal Pattern,No early cost-pattern anomaly against completed-works category norms.
EW-002509,Uttar Pradesh,SALEMPUR,RAMASHANKAR RAJBHAR,DEORIA(DISTRICT MAGISTRATE DEORIA),DEORIA,Construction of rooms and halls in school and colleges,11-Mar-2026,150000.0,Payment In-Progress,-1.5822449627071267,0.30000000000000016,0,Low - Normal Pattern,No early cost-pattern anomaly against completed-works category norms.
EW-002510,Uttar Pradesh,KAUSHAMBI(SC),PUSHPENDRA SAROJ,KAUSHAMBI(DISTRICT MAGISTRAE KAUSHAMBI_IDA),KAUSHAMBI,Installing hand pumps,22-Dec-2025,29578.0,Payment In-Progress,-7612.402834532265,0.4001028055082106,0,Low - Normal Pattern,No early cost-pattern anomaly against completed-works category norms.
EW-002511,Gujarat,JUNAGADH,Rajeshbhai Naranbhai Chudasama,GIR SOMNATH(DISTRICT COLLECTOR GIR SOMNATH_IDA),GIR SOMNATH,Construction of community centers and community halls,21-Aug-2026,492857.0,Payment In-Progress,-0.01117694286629572,0.9916699698388516,0,Low - Normal Pattern,No early cost-pattern anomaly against completed-works category norms.
EW-002512,Odisha,BHADRAK(SC),AVIMANYU SETHI,Baleshwar(DISTRICT COLLECTOR BALESHWAR_IDA),Baleshwar,Street lights,31-Aug-2026,33000.0,Payment In-Progress,-1.6151923079754638,0.14803450549746328,0,Low - Normal Pattern,No early cost-pattern anomaly against completed-works category norms.
EW-002513,Odisha,BHADRAK(SC),AVIMANYU SETHI,Baleshwar(DISTRICT COLLECTOR BALESHWAR_IDA),Baleshwar,Street lights,29-Aug-2026,33000.0,Payment In-Progress,-1.6151923079754638,0.14803450549746328,0,Low - Normal Pattern,No early cost-pattern anomaly against completed-works category norms.
EW-002514,Uttar Pradesh,RAE BARELI,RAHUL GANDHI,RAE BARELI(DISTRICT MAGISTRATE RAE BARELI_IDA),RAE BARELI,Purchase of non-conventional energy system and devices for community use,28-Oct-2025,19199.0,Payment In-Progress,0.0,0.03839800000000002,0,Low - Normal Pattern,No early cost-pattern anomaly against completed-works category norms.
EW-002515,Odisha,BHADRAK(SC),AVIMANYU SETHI,Baleshwar(DISTRICT COLLECTOR BALESHWAR_IDA),Baleshwar,Street lights,29-Aug-2026,33000.0,Payment In-Progress,-1.6151923079754638,0.14803450549746328,0,Low - Normal Pattern,No early cost-pattern anomaly against completed-works category norms.
EW-002516,Odisha,BHADRAK(SC),AVIMANYU SETHI,Baleshwar(DISTRICT COLLECTOR BALESHWAR_IDA),Baleshwar,Street lights,29-Aug-2026,44000.0,Payment In-Progress,-1.3719533059188609,0.19737934066328439,0,Low - Normal Pattern,No early cost-pattern anomaly against completed-works category norms.
EW-002517,Madhya Pradesh,MANDLA(ST),Faggan Singh Kulaste,Narsimhapur(DISTRICT COLLECTOR NARSINGHPUR_IDA),Narsimhapur,Construction of buildings for community cultural activities,31-Aug-2026,150000.0,Payment In-Progress,-1.0212406782510544,0.42857142857142844,0,Low - Normal Pattern,No early cost-pattern anomaly against completed-works category norms.
EW-002518,Punjab,BHATINDA,Smt Harsimrat Kaur Badal,BATHINDA(DEPUTY COMMISSIONER BHATINDA_IDA),BATHINDA,"Construction of roads, link roads, pathways or any other road with or without drainage system",14-Aug-2026,109572.0,Payment In-Progress,-1.9690828674060847,0.21914400000000012,0,Low - Normal Pattern,No early cost-pattern anomaly against completed-works category norms.
EW-002519,Odisha,SUNDARGARH (ST),Shri Jual Oram,Sundaragada(DISTRICT COLLECTOR SUNDARGARH_IDA),Sundaragada,"Purchase of IT systems, including hardware and software for educational purposes",25-Aug-2026,465600.0,Payment In-Progress,-0.043149943485175694,0.9699999999999994,0,Low - Normal Pattern,No early cost-pattern anomaly against completed-works category norms.
EW-002520,Odisha,SUNDARGARH (ST),Shri Jual Oram,Sundaragada(DISTRICT COLLECTOR SUNDARGARH_IDA),Sundaragada,"Purchase of IT systems, including hardware and software for educational purposes",25-Aug-2026,465600.0,Payment In-Progress,-0.043149943485175694,0.9699999999999994,0,Low - Normal Pattern,No early cost-pattern anomaly against completed-works category norms.
EW-002521,Odisha,SUNDARGARH (ST),Shri Jual Oram,Sundaragada(DISTRICT COLLECTOR SUNDARGARH_IDA),Sundaragada,"Purchase of IT systems, including hardware and software for educational purposes",25-Aug-2026,465600.0,Payment In-Progress,-0.043149943485175694,0.9699999999999994,0,Low - Normal Pattern,No early cost-pattern anomaly against completed-works category norms.
EW-002522,Uttar Pradesh,RAE BARELI,RAHUL GANDHI,RAE BARELI(DISTRICT MAGISTRATE RAE BARELI_IDA),RAE BARELI,Purchase of non-conventional energy system and devices for community use,28-Oct-2025,19199.0,Payment In-Progress,0.0,0.03839800000000002,0,Low - Normal Pattern,No early cost-pattern anomaly against completed-works category norms.
EW-002523,West Bengal,BOLPUR(SC),Asit Kumar Mal,BIRBHUM(DISTRICT MAGISTRATE BIRBHUM_IDA),BIRBHUM,Construction of additional rooms and halls in the existing public and community building,24-Aug-2026,1100000.0,Payment In-Progress,0.7672461267693318,2.200000000000001,0,Low - Normal Pattern,No early cost-pattern anomaly against completed-works category norms.
EW-002524,Uttar Pradesh,RAE BARELI,RAHUL GANDHI,RAE BARELI(DISTRICT MAGISTRATE RAE BARELI_IDA),RAE BARELI,"Construction of roads, link roads, pathways or any other road with or without drainage system",25-Jul-2026,385120.0,Payment In-Progress,-0.33862078547582075,0.7702400000000005,0,Low - Normal Pattern,No early cost-pattern anomaly against completed-works category norms.
EW-002525,Uttar Pradesh,RAE BARELI,RAHUL GANDHI,RAE BARELI(DISTRICT MAGISTRATE RAE BARELI_IDA),RAE BARELI,"Construction of roads, link roads, pathways or any other road with or without drainage system",25-Jul-2026,489646.0,Payment In-Progress,-0.027143062506318254,0.9792920000000006,0,Low - Normal Pattern,No early cost-pattern anomaly against completed-works category norms.
EW-002526,Andhra Pradesh,RAJAMPET,Midhun Reddy,Annamayya(DISTRICT COLLECTOR ANNAMAYYA_IDA),Annamayya,Purchase of other aids / devices required for P/ M/ V/ H impaired for differently abled persons,20-Jul-2026,361000.0,Payment In-Progress,0.0,1.4440000000000008,0,Low - Normal Pattern,No early cost-pattern anomaly against completed-works category norms.
EW-002527,Karnataka,TUMKUR,V. SOMANNA,TUMAKURU(DEPUTY COMMISSIONER TUMKUR_IDA),TUMAKURU,Construction of rooms and halls in school and colleges,27-May-2026,500000.0,Payment In-Progress,0.0,1.0000000000000007,0,Low - Normal Pattern,No early cost-pattern anomaly against completed-works category norms.
EW-002528,Karnataka,BANGALORE RURAL,DR C N MANJUNATH,TUMAKURU(DEPUTY COMMISSIONER TUMKUR_IDA),TUMAKURU,Construction of community centers and community halls,10-Jul-2026,100000.0,Payment In-Progress,-2.142431387658079,0.20120845799874032,0,Low - Normal Pattern,No early cost-pattern anomaly against completed-works category norms.
EW-002529,Karnataka,TUMKUR,V. SOMANNA,TUMAKURU(DEPUTY COMMISSIONER TUMKUR_IDA),TUMAKURU,Construction of community centers and community halls,22-Jun-2026,750000.0,Payment In-Progress,0.5498190244748907,1.5090634349905523,0,Low - Normal Pattern,No early cost-pattern anomaly against completed-works category norms.
EW-002530,Karnataka,TUMKUR,V. SOMANNA,TUMAKURU(DEPUTY COMMISSIONER TUMKUR_IDA),TUMAKURU,Construction of rooms and halls in school and colleges,22-Jun-2026,1500000.0,Payment In-Progress,1.4437815816665955,3.0000000000000018,0,Low - Normal Pattern,No early cost-pattern anomaly against completed-works category norms.
EW-002531,Assam,Diphu (ST),AMARSING TISSO,KARBI ANGLONG(DEPUTY COMMISSIONER KARBI ANGLONG_IDA),KARBI ANGLONG,Installing tube-wells and borewells,20-Aug-2026,105000.0,Payment In-Progress,-2.526418688216234,0.4793940736579948,0,Low - Normal Pattern,No early cost-pattern anomaly against completed-works category norms.
EW-002532,Assam,Diphu (ST),AMARSING TISSO,KARBI ANGLONG(DEPUTY COMMISSIONER KARBI ANGLONG_IDA),KARBI ANGLONG,Installing tube-wells and borewells,20-Aug-2026,105000.0,Payment In-Progress,-2.526418688216234,0.4793940736579948,0,Low - Normal Pattern,No early cost-pattern anomaly against completed-works category norms.
EW-002533,Assam,Diphu (ST),AMARSING TISSO,KARBI ANGLONG(DEPUTY COMMISSIONER KARBI ANGLONG_IDA),KARBI ANGLONG,Installing tube-wells and borewells,16-Jul-2026,111000.0,Payment In-Progress,-2.335468553381234,0.506788020724166,0,Low - Normal Pattern,No early cost-pattern anomaly against completed-works category norms.
EW-002534,Odisha,KEONJHAR(ST),ANANTA NAYAK,Kendujhar(DISTRICT COLLECTOR KEONJHAR_IDA),Kendujhar,"Construction of roads, link roads, pathways or any other road with or without drainage system",03-Sep-2026,18089.0,Payment In-Progress,-4.30558093238492,0.03617800000000002,0,Low - Normal Pattern,No early cost-pattern anomaly against completed-works category norms.
EW-002535,Odisha,SUNDARGARH (ST),Shri Jual Oram,Sundaragada(DISTRICT COLLECTOR SUNDARGARH_IDA),Sundaragada,Construction of community centers and community halls,31-Aug-2026,3000.0,Payment In-Progress,-6.827784403649458,0.00603625373996221,0,Low - Normal Pattern,No early cost-pattern anomaly against completed-works category norms.
EW-002536,Karnataka,SHIMOGA,Shri B Y Raghavendra,SHIVAMOGGA(DEPUTY COMMISSIONER SHIMOGA_IDA),SHIVAMOGGA,Purchase of other aids / devices required for P/ M/ V/ H impaired for differently abled persons,03-Sep-2026,160000.0,Payment In-Progress,0.0,0.6400000000000003,0,Low - Normal Pattern,No early cost-pattern anomaly against completed-works category norms.
EW-002537,Odisha,SUNDARGARH (ST),Shri Jual Oram,Sundaragada(DISTRICT COLLECTOR SUNDARGARH_IDA),Sundaragada,"Purchase of IT systems, including hardware and software for educational purposes",25-Aug-2026,465600.0,Payment In-Progress,-0.043149943485175694,0.9699999999999994,0,Low - Normal Pattern,No early cost-pattern anomaly against completed-works category norms.
EW-002538,Odisha,SUNDARGARH (ST),Shri Jual Oram,Sundaragada(DISTRICT COLLECTOR SUNDARGARH_IDA),Sundaragada,"Purchase of IT systems, including hardware and software for educational purposes",25-Aug-2026,465600.0,Payment In-Progress,-0.043149943485175694,0.9699999999999994,0,Low - Normal Pattern,No early cost-pattern anomaly against completed-works category norms.
EW-002539,Odisha,SUNDARGARH (ST),Shri Jual Oram,Sundaragada(DISTRICT COLLECTOR SUNDARGARH_IDA),Sundaragada,"Purchase of IT systems, including hardware and software for educational purposes",25-Aug-2026,465600.0,Payment In-Progress,-0.043149943485175694,0.9699999999999994,0,Low - Normal Pattern,No early cost-pattern anomaly against completed-works category norms.
EW-002540,Odisha,SUNDARGARH (ST),Shri Jual Oram,Sundaragada(DISTRICT COLLECTOR SUNDARGARH_IDA),Sundaragada,"Purchase of IT systems, including hardware and software for educational purposes",25-Aug-2026,465600.0,Payment In-Progress,-0.043149943485175694,0.9699999999999994,0,Low - Normal Pattern,No early cost-pattern anomaly against completed-works category norms.
EW-002541,Odisha,SUNDARGARH (ST),Shri Jual Oram,Sundaragada(DISTRICT COLLECTOR SUNDARGARH_IDA),Sundaragada,"Purchase of IT systems, including hardware and software for educational purposes",25-Aug-2026,465600.0,Payment In-Progress,-0.043149943485175694,0.9699999999999994,0,Low - Normal Pattern,No early cost-pattern anomaly against completed-works category norms.
EW-002542,Odisha,SUNDARGARH (ST),Shri Jual Oram,Sundaragada(DISTRICT COLLECTOR SUNDARGARH_IDA),Sundaragada,"Purchase of IT systems, including hardware and software for educational purposes",25-Aug-2026,465600.0,Payment In-Progress,-0.043149943485175694,0.9699999999999994,0,Low - Normal Pattern,No early cost-pattern anomaly against completed-works category norms.
EW-002543,Odisha,SUNDARGARH (ST),Shri Jual Oram,Sundaragada(DISTRICT COLLECTOR SUNDARGARH_IDA),Sundaragada,"Purchase of IT systems, including hardware and software for educational purposes",25-Aug-2026,465600.0,Payment In-Progress,-0.043149943485175694,0.9699999999999994,0,Low - Normal Pattern,No early cost-pattern anomaly against completed-works category norms.
EW-002544,West Bengal,JANGIPUR,Khalilur Rahaman,MURSHIDABAD(DISTRICT MAGISTRATE MURSHIDABAD_IDA),MURSHIDABAD,Lighting of public spaces,22-Aug-2026,139707.0,Payment In-Progress,-1.2910944533041993,0.6967860669719005,0,Low - Normal Pattern,No early cost-pattern anomaly against completed-works category norms.
EW-002545,Meghalaya,TURA,SALENG A SANGMA,NORTH GARO HILLS(DEPUTY COMMISSIONER NORTH GARO HILLS RESUBELPARA_IDA),NORTH GARO HILLS,Development of playground,02-Sep-2026,250000.0,Payment In-Progress,-1.6436178100939423,0.3086419753086419,0,Low - Normal Pattern,No early cost-pattern anomaly against completed-works category norms.
EW-002546,Karnataka,UDUPI CHIKMAGALUR,KOTA SRINIVAS POOJARY,UDUPI(DEPUTY COMMISSIONER UDUPI_IDA),UDUPI,Purchase of other aids / devices required for P/ M/ V/ H impaired for differently abled persons,04-Sep-2026,213150.0,Payment In-Progress,0.0,0.8526000000000005,0,Low - Normal Pattern,No early cost-pattern anomaly against completed-works category norms.
EW-002547,Uttar Pradesh,RAE BARELI,RAHUL GANDHI,RAE BARELI(DISTRICT MAGISTRATE RAE BARELI_IDA),RAE BARELI,Purchase of non-conventional energy system and devices for community use,28-Oct-2025,19199.0,Payment In-Progress,0.0,0.03839800000000002,0,Low - Normal Pattern,No early cost-pattern anomaly against completed-works category norms.
EW-002548,Odisha,SUNDARGARH (ST),Shri Jual Oram,Sundaragada(DISTRICT COLLECTOR SUNDARGARH_IDA),Sundaragada,"Purchase of IT systems, including hardware and software for educational purposes",25-Aug-2026,14400.0,Payment In-Progress,-4.967554562042126,0.02999999999999998,0,Low - Normal Pattern,No early cost-pattern anomaly against completed-works category norms.
EW-002549,Odisha,SUNDARGARH (ST),Shri Jual Oram,Sundaragada(DISTRICT COLLECTOR SUNDARGARH_IDA),Sundaragada,"Purchase of IT systems, including hardware and software for educational purposes",25-Aug-2026,14400.0,Payment In-Progress,-4.967554562042126,0.02999999999999998,0,Low - Normal Pattern,No early cost-pattern anomaly against completed-works category norms.
EW-002550,Odisha,SUNDARGARH (ST),Shri Jual Oram,Sundaragada(DISTRICT COLLECTOR SUNDARGARH_IDA),Sundaragada,"Purchase of IT systems, including hardware and software for educational purposes",25-Aug-2026,14400.0,Payment In-Progress,-4.967554562042126,0.02999999999999998,0,Low - Normal Pattern,No early cost-pattern anomaly against completed-works category norms.
EW-002551,Uttar Pradesh,RAE BARELI,RAHUL GANDHI,RAE BARELI(DISTRICT MAGISTRATE RAE BARELI_IDA),RAE BARELI,Purchase of non-conventional energy system and devices for community use,28-Oct-2025,19199.0,Payment In-Progress,0.0,0.03839800000000002,0,Low - Normal Pattern,No early cost-pattern anomaly against completed-works category norms.
EW-002552,Uttar Pradesh,RAE BARELI,RAHUL GANDHI,RAE BARELI(DISTRICT MAGISTRATE RAE BARELI_IDA),RAE BARELI,Purchase of non-conventional energy system and devices for community use,28-Oct-2025,19199.0,Payment In-Progress,0.0,0.03839800000000002,0,Low - Normal Pattern,No early cost-pattern anomaly against completed-works category norms.
EW-002553,Uttar Pradesh,RAE BARELI,RAHUL GANDHI,RAE BARELI(DISTRICT MAGISTRATE RAE BARELI_IDA),RAE BARELI,Purchase of non-conventional energy system and devices for community use,28-Oct-2025,19199.0,Payment In-Progress,0.0,0.03839800000000002,0,Low - Normal Pattern,No early cost-pattern anomaly against completed-works category norms.
EW-002554,Uttar Pradesh,RAE BARELI,RAHUL GANDHI,RAE BARELI(DISTRICT MAGISTRATE RAE BARELI_IDA),RAE BARELI,Purchase of non-conventional energy system and devices for community use,28-Oct-2025,19199.0,Payment In-Progress,0.0,0.03839800000000002,0,Low - Normal Pattern,No early cost-pattern anomaly against completed-works category norms.
EW-002555,Uttar Pradesh,RAE BARELI,RAHUL GANDHI,RAE BARELI(DISTRICT MAGISTRATE RAE BARELI_IDA),RAE BARELI,Purchase of non-conventional energy system and devices for community use,28-Oct-2025,19199.0,Payment In-Progress,0.0,0.03839800000000002,0,Low - Normal Pattern,No early cost-pattern anomaly against completed-works category norms.
EW-002556,Madhya Pradesh,SHAHDOL (ST),Smt Himadri Singh,ANUPPUR(DISTRICT COLLECTOR ANUPPUR_IDA),ANUPPUR,Providing drains and gutters for public drainage,03-Sep-2026,731000.0,Payment In-Progress,0.7174079968634599,1.58304050258124,0,Low - Normal Pattern,No early cost-pattern anomaly against completed-works category norms.
EW-002557,Karnataka,TUMKUR,V. SOMANNA,TUMAKURU(DEPUTY COMMISSIONER TUMKUR_IDA),TUMAKURU,Construction of rooms and halls in school and colleges,01-Sep-2026,250000.0,Payment In-Progress,-0.9109247575319132,0.5000000000000003,0,Low - Normal Pattern,No early cost-pattern anomaly against completed-works category norms.
EW-002558,Chhattisgarh,BILASPUR,TOKHAN SAHU,MUNGELI(Collector Mungeli_IDA),MUNGELI,Construction of common work sheds/ common covered sitting area,19-Aug-2026,200000.0,Payment In-Progress,-0.8642117297774123,0.6780695360309197,0,Low - Normal Pattern,No early cost-pattern anomaly against completed-works category norms.
EW-002559,Karnataka,CHITRADURGA(SC),GOVIND MAKTHAPPA KARJOL,CHITRADURGA(DEPUTY COMMISSIONER CHITRADURGA_IDA),CHITRADURGA,Construction of community centers and community halls,09-Jul-2026,375000.0,Payment In-Progress,-0.37634256420002904,0.7545317174952761,0,Low - Normal Pattern,No early cost-pattern anomaly against completed-works category norms.
EW-002560,Karnataka,CHITRADURGA(SC),GOVIND MAKTHAPPA KARJOL,CHITRADURGA(DEPUTY COMMISSIONER CHITRADURGA_IDA),CHITRADURGA,Development of playground,09-Jul-2026,100000.0,Payment In-Progress,-2.9247218705128386,0.12345679012345676,0,Low - Normal Pattern,No early cost-pattern anomaly against completed-works category norms.
EW-002561,Karnataka,BIJAPUR(SC),Ramesh Chandappa Jigajinagi,VIJAYAPURA(DEPUTY COMMISSIONER BIJAPUR_IDA),VIJAYAPURA,Construction of community centers and community halls,27-Aug-2026,187500.0,Payment In-Progress,-1.3025041528749488,0.37726585874763807,0,Low - Normal Pattern,No early cost-pattern anomaly against completed-works category norms.
EW-002562,Karnataka,BIJAPUR(SC),Ramesh Chandappa Jigajinagi,VIJAYAPURA(DEPUTY COMMISSIONER BIJAPUR_IDA),VIJAYAPURA,Construction of rooms and halls in school and colleges,27-Aug-2026,187500.0,Payment In-Progress,-1.2889926909291443,0.3750000000000002,0,Low - Normal Pattern,No early cost-pattern anomaly against completed-works category norms.
EW-002563,Karnataka,BIJAPUR(SC),Ramesh Chandappa Jigajinagi,VIJAYAPURA(DEPUTY COMMISSIONER BIJAPUR_IDA),VIJAYAPURA,Construction of community centers and community halls,27-Aug-2026,187500.0,Payment In-Progress,-1.3025041528749488,0.37726585874763807,0,Low - Normal Pattern,No early cost-pattern anomaly against completed-works category norms.
EW-002564,Assam,JORHAT,GAURAV GOGOI,JORHAT(DEPUTY COMMISSIONER JORHAT_IDA),JORHAT,"Construction of roads, link roads, pathways or any other road with or without drainage system",03-Sep-2026,140437.0,Payment In-Progress,-1.6471639773006295,0.2808740000000002,0,Low - Normal Pattern,No early cost-pattern anomaly against completed-works category norms.
EW-002565,Uttar Pradesh,RAE BARELI,RAHUL GANDHI,RAE BARELI(DISTRICT MAGISTRATE RAE BARELI_IDA),RAE BARELI,Purchase of non-conventional energy system and devices for community use,28-Oct-2025,19199.0,Payment In-Progress,0.0,0.03839800000000002,0,Low - Normal Pattern,No early cost-pattern anomaly against completed-works category norms.
EW-002566,Odisha,SUNDARGARH (ST),Shri Jual Oram,Sundaragada(DISTRICT COLLECTOR SUNDARGARH_IDA),Sundaragada,"Purchase of IT systems, including hardware and software for educational purposes",25-Aug-2026,14400.0,Payment In-Progress,-4.967554562042126,0.02999999999999998,0,Low - Normal Pattern,No early cost-pattern anomaly against completed-works category norms.
EW-002567,Odisha,SUNDARGARH (ST),Shri Jual Oram,Sundaragada(DISTRICT COLLECTOR SUNDARGARH_IDA),Sundaragada,"Purchase of IT systems, including hardware and software for educational purposes",25-Aug-2026,14400.0,Payment In-Progress,-4.967554562042126,0.02999999999999998,0,Low - Normal Pattern,No early cost-pattern anomaly against completed-works category norms.
EW-002568,Odisha,SUNDARGARH (ST),Shri Jual Oram,Sundaragada(DISTRICT COLLECTOR SUNDARGARH_IDA),Sundaragada,"Purchase of IT systems, including hardware and software for educational purposes",25-Aug-2026,14400.0,Payment In-Progress,-4.967554562042126,0.02999999999999998,0,Low - Normal Pattern,No early cost-pattern anomaly against completed-works category norms.
EW-002569,Odisha,SUNDARGARH (ST),Shri Jual Oram,Sundaragada(DISTRICT COLLECTOR SUNDARGARH_IDA),Sundaragada,"Purchase of IT systems, including hardware and software for educational purposes",25-Aug-2026,14400.0,Payment In-Progress,-4.967554562042126,0.02999999999999998,0,Low - Normal Pattern,No early cost-pattern anomaly against completed-works category norms.
EW-002570,Uttar Pradesh,BIJNOR,CHANDAN CHAUHAN,MUZAFFARNAGAR(DISTRICT MAGISTRATE MUZAFFARNAGAR_IDA),MUZAFFARNAGAR,"Construction of roads, link roads, pathways or any other road with or without drainage system",20-Jul-2026,902266.0,Payment In-Progress,0.7656996368997644,1.8045320000000011,0,Low - Normal Pattern,No early cost-pattern anomaly against completed-works category norms.
EW-002571,Madhya Pradesh,TIKAMGARH(SC),Virendra Kumar,Niwari(District Collector Niwari_IDA),Niwari,Crematoriums/energy efficient crematoriums or structures on burial/cremation ground,02-Sep-2026,103819.0,Payment In-Progress,-4.058478206358664,0.2599905024349513,0,Low - Normal Pattern,No early cost-pattern anomaly against completed-works category norms.
EW-002572,Karnataka,MANDYA,H.D. KUMARASWAMY,MANDYA(DEPUTY COMMISSIONER MANDYA_IDA),MANDYA,Construction of rooms and halls in school and colleges,04-Aug-2026,375000.0,Payment In-Progress,-0.378067933397231,0.7500000000000004,0,Low - Normal Pattern,No early cost-pattern anomaly against completed-works category norms.
EW-002573,Puducherry,Puducherry,Vaithilingam Ve,Puducherry(PROJECT DIRECTOR RDA PUDUCHERRY_IDA),Puducherry,Construction of rooms and halls in school and colleges,18-Aug-2026,102421.0,Payment In-Progress,-2.0836643613454133,0.2048420000000001,0,Low - Normal Pattern,No early cost-pattern anomaly against completed-works category norms.
EW-002574,Chhattisgarh,KORBA,Jyotsna Charandas Mahant,Gaurela-Pendra-Marwahi(Collector GPM_IDA),Gaurela-Pendra-Marwahi,Construction of additional rooms and halls in the existing public and community building,02-Sep-2026,300000.0,Payment In-Progress,-0.49708329326510575,0.6000000000000003,0,Low - Normal Pattern,No early cost-pattern anomaly against completed-works category norms.
EW-002575,Chhattisgarh,KORBA,Jyotsna Charandas Mahant,Gaurela-Pendra-Marwahi(Collector GPM_IDA),Gaurela-Pendra-Marwahi,Construction of community centers and community halls,11-Aug-2026,239960.0,Payment In-Progress,-0.9728801491484368,0.48281981581377725,0,Low - Normal Pattern,No early cost-pattern anomaly against completed-works category norms.
EW-002576,Chhattisgarh,KORBA,Jyotsna Charandas Mahant,Gaurela-Pendra-Marwahi(Collector GPM_IDA),Gaurela-Pendra-Marwahi,Construction of common work sheds/ common covered sitting area,02-Sep-2026,400000.0,Payment In-Progress,0.6776609667900341,1.3561390720618394,0,Low - Normal Pattern,No early cost-pattern anomaly against completed-works category norms.
EW-002577,Rajasthan,BHILWARA,DAMODAR AGARWAL,Shahpura(DISTRICT COLLECTOR Shahpura_IDA),Shahpura,Construction of community centers and community halls,24-Aug-2026,16000.0,Payment In-Progress,-4.5910694366078575,0.03219335327979845,0,Low - Normal Pattern,No early cost-pattern anomaly against completed-works category norms.
EW-002578,Rajasthan,BHILWARA,DAMODAR AGARWAL,Shahpura(DISTRICT COLLECTOR Shahpura_IDA),Shahpura,Construction of community centers and community halls,24-Aug-2026,9500.0,Payment In-Progress,-5.287610085555644,0.01911480350988033,0,Low - Normal Pattern,No early cost-pattern anomaly against completed-works category norms.
EW-002579,Rajasthan,BHILWARA,DAMODAR AGARWAL,Shahpura(DISTRICT COLLECTOR Shahpura_IDA),Shahpura,Construction of community centers and community halls,24-Aug-2026,40750.0,Payment In-Progress,-3.3419292265946106,0.08199244663448668,0,Low - Normal Pattern,No early cost-pattern anomaly against completed-works category norms.
EW-002580,Rajasthan,BHILWARA,DAMODAR AGARWAL,Shahpura(DISTRICT COLLECTOR Shahpura_IDA),Shahpura,Construction of community centers and community halls,24-Aug-2026,9500.0,Payment In-Progress,-5.287610085555644,0.01911480350988033,0,Low - Normal Pattern,No early cost-pattern anomaly against completed-works category norms.
EW-002581,Karnataka,DAKSHINA KANNADA,CAPTAIN BRIJESH CHOWTA,DAKSHINA KANNADA(DEPUTY COMMISSIONER DAKSHIN KANNAD MANGALORE_IDA),DAKSHINA KANNADA,Construction of boundary walls of existing public and community buildings,28-Aug-2026,499508.0,Payment In-Progress,0.0113385381055817,1.0084645066269893,0,Low - Normal Pattern,No early cost-pattern anomaly against completed-works category norms.
EW-002582,Odisha,SUNDARGARH (ST),Shri Jual Oram,Sundaragada(DISTRICT COLLECTOR SUNDARGARH_IDA),Sundaragada,"Purchase of IT systems, including hardware and software for educational purposes",25-Aug-2026,14400.0,Payment In-Progress,-4.967554562042126,0.02999999999999998,0,Low - Normal Pattern,No early cost-pattern anomaly against completed-works category norms.
EW-002583,Odisha,SUNDARGARH (ST),Shri Jual Oram,Sundaragada(DISTRICT COLLECTOR SUNDARGARH_IDA),Sundaragada,"Purchase of IT systems, including hardware and software for educational purposes",25-Aug-2026,14400.0,Payment In-Progress,-4.967554562042126,0.02999999999999998,0,Low - Normal Pattern,No early cost-pattern anomaly against completed-works category norms.
EW-002584,Odisha,SUNDARGARH (ST),Shri Jual Oram,Sundaragada(DISTRICT COLLECTOR SUNDARGARH_IDA),Sundaragada,"Purchase of IT systems, including hardware and software for educational purposes",25-Aug-2026,14400.0,Payment In-Progress,-4.967554562042126,0.02999999999999998,0,Low - Normal Pattern,No early cost-pattern anomaly against completed-works category norms.
EW-002585,Uttar Pradesh,RAE BARELI,RAHUL GANDHI,RAE BARELI(DISTRICT MAGISTRATE RAE BARELI_IDA),RAE BARELI,Setting up public non-conventional energy plants,11-Aug-2026,1252721.0,Payment In-Progress,0.0,1.363484497856257,0,Low - Normal Pattern,No early cost-pattern anomaly against completed-works category norms.
EW-002586,Gujarat,JAMNAGAR,Smt Poonamben Hematbhai Maadam,DEVBHUMI DWARKA(DISTRICT COLLECTOR DEVBHUMI DWARKA_IDA),DEVBHUMI DWARKA,Construction of community centers and community halls,06-Aug-2026,498981.0,Payment In-Progress,0.005323334990994444,1.0039919758066944,0,Low - Normal Pattern,No early cost-pattern anomaly against completed-works category norms.
EW-002587,Karnataka,BANGALORE RURAL,DR C N MANJUNATH,TUMAKURU(DEPUTY COMMISSIONER TUMKUR_IDA),TUMAKURU,Construction of buildings for community cultural activities,30-Jun-2026,750000.0,Payment In-Progress,0.9186007189006484,2.1428571428571423,0,Low - Normal Pattern,No early cost-pattern anomaly against completed-works category norms.
EW-002588,Chhattisgarh,RAIGARH(ST),RADHE SHYAM RATHIYA,Sarangarh-Bilaigarh(Collector SB_IDA),Sarangarh-Bilaigarh,"Construction of roads, link roads, pathways or any other road with or without drainage system",02-Sep-2026,498991.0,Payment In-Progress,-0.0026202603874851873,0.9979820000000006,0,Low - Normal Pattern,No early cost-pattern anomaly against completed-works category norms.
EW-002589,Rajasthan,AJMER,Bhagirath Chaudhary,AJMER(DISTRICT COLLECTOR AJMER_IDA),AJMER,Construction of community centers and community halls,06-Aug-2026,15561.0,Payment In-Progress,-4.6282429043021995,0.03131004814918398,0,Low - Normal Pattern,No early cost-pattern anomaly against completed-works category norms.
EW-002590,Rajasthan,AJMER,Bhagirath Chaudhary,Dudu(DISTRICT COLLECTOR Dudu_IDA),Dudu,Construction of boundary walls of existing public and community buildings,24-Apr-2026,498320.0,Payment In-Progress,0.008135383035791359,1.006066034863028,0,Low - Normal Pattern,No early cost-pattern anomaly against completed-works category norms.
EW-002591,Gujarat,KACHCHH(SC),Vinod Chavda,KACHCHH(DISTRICT COLLECTOR KUTCH_IDA),KACHCHH,Construction of boundary walls of existing public and community buildings,12-Aug-2026,300000.0,Payment In-Progress,-0.6745,0.6056746878690568,0,Low - Normal Pattern,No early cost-pattern anomaly against completed-works category norms.
EW-002592,Gujarat,JUNAGADH,Rajeshbhai Naranbhai Chudasama,GIR SOMNATH(DISTRICT COLLECTOR GIR SOMNATH_IDA),GIR SOMNATH,"Construction of roads, link roads, pathways or any other road with or without drainage system",14-Aug-2026,249216.0,Payment In-Progress,-0.9031787175112086,0.49843200000000026,0,Low - Normal Pattern,No early cost-pattern anomaly against completed-works category norms.
EW-002593,West Bengal,HOWRAH,Prasun Banerjee,HOWRAH(DISTRICT MAGISTRATE HOWRAH_IDA),HOWRAH,"Construction of roads, link roads, pathways or any other road with or without drainage system",24-Aug-2026,1281469.0,Payment In-Progress,1.2208028323784728,2.5629380000000013,0,Low - Normal Pattern,No early cost-pattern anomaly against completed-works category norms.
EW-002594,Maharashtra,RAIGAD,Sunil Dattatray Tatkare,RAIGAD(DISTRICT COLLECTOR RAIGAD_IDA),RAIGAD,Construction of community centers and community halls,02-Sep-2026,746000.0,Payment In-Progress,0.542673720115364,1.5010150966706028,0,Low - Normal Pattern,No early cost-pattern anomaly against completed-works category norms.
EW-002595,Rajasthan,RAJSAMAND,MAHIMA KUMARI MEWAR,RAJSAMAND(DISTRICT COLLECTOR RAJSAMAND_IDA),RAJSAMAND,Construction of public toilets and bathrooms,21-Jul-2026,292199.0,Payment In-Progress,-0.3157930884062753,0.6533768269574611,0,Low - Normal Pattern,No early cost-pattern anomaly against completed-works category norms.
EW-002596,Rajasthan,BHILWARA,DAMODAR AGARWAL,BHILWARA(DISTRICT COLLECTOR BHILWARA_IDA),BHILWARA,Lighting of public spaces,23-Jul-2026,209379.0,Payment In-Progress,0.15481898872211086,1.0442738725798246,0,Low - Normal Pattern,No early cost-pattern anomaly against completed-works category norms.
EW-002597,Rajasthan,BHILWARA,DAMODAR AGARWAL,BHILWARA(DISTRICT COLLECTOR BHILWARA_IDA),BHILWARA,Lighting of public spaces,23-Jul-2026,208453.0,Payment In-Progress,0.13897889021264123,1.0396554647833938,0,Low - Normal Pattern,No early cost-pattern anomaly against completed-works category norms.
EW-002598,Rajasthan,BHILWARA,DAMODAR AGARWAL,BHILWARA(DISTRICT COLLECTOR BHILWARA_IDA),BHILWARA,Lighting of public spaces,23-Jul-2026,210062.0,Payment In-Progress,0.16645751752085733,1.0476803223907991,0,Low - Normal Pattern,No early cost-pattern anomaly against completed-works category norms.
EW-002599,Rajasthan,BHILWARA,DAMODAR AGARWAL,BHILWARA(DISTRICT COLLECTOR BHILWARA_IDA),BHILWARA,Lighting of public spaces,05-Aug-2026,208064.0,Payment In-Progress,0.1323036811189749,1.037715334510379,0,Low - Normal Pattern,No early cost-pattern anomaly against completed-works category norms.
EW-002600,Karnataka,BIJAPUR(SC),Ramesh Chandappa Jigajinagi,VIJAYAPURA(DEPUTY COMMISSIONER BIJAPUR_IDA),VIJAYAPURA,Construction of community centers and community halls,27-Aug-2026,61376.0,Payment In-Progress,-2.7946838997247085,0.12349370318130685,0,Low - Normal Pattern,No early cost-pattern anomaly against completed-works category norms.
EW-002601,Rajasthan,BHILWARA,DAMODAR AGARWAL,BHILWARA(DISTRICT COLLECTOR BHILWARA_IDA),BHILWARA,Lighting of public spaces,05-Aug-2026,208064.0,Payment In-Progress,0.1323036811189749,1.037715334510379,0,Low - Normal Pattern,No early cost-pattern anomaly against completed-works category norms.
EW-002602,Rajasthan,BHILWARA,DAMODAR AGARWAL,BHILWARA(DISTRICT COLLECTOR BHILWARA_IDA),BHILWARA,Lighting of public spaces,05-Aug-2026,208064.0,Payment In-Progress,0.1323036811189749,1.037715334510379,0,Low - Normal Pattern,No early cost-pattern anomaly against completed-works category norms.
EW-002603,Rajasthan,BHILWARA,DAMODAR AGARWAL,BHILWARA(DISTRICT COLLECTOR BHILWARA_IDA),BHILWARA,Lighting of public spaces,05-Aug-2026,208064.0,Payment In-Progress,0.1323036811189749,1.037715334510379,0,Low - Normal Pattern,No early cost-pattern anomaly against completed-works category norms.
EW-002604,Rajasthan,BHILWARA,DAMODAR AGARWAL,BHILWARA(DISTRICT COLLECTOR BHILWARA_IDA),BHILWARA,Lighting of public spaces,05-Aug-2026,208064.0,Payment In-Progress,0.1323036811189749,1.037715334510379,0,Low - Normal Pattern,No early cost-pattern anomaly against completed-works category norms.
EW-002605,Chhattisgarh,BASTAR(ST),MAHESH KASHYAP,BIJAPUR(Collector Bijapur_IDA),BIJAPUR,"Construction of roads, link roads, pathways or any other road with or without drainage system",17-Jun-2026,346092.0,Payment In-Progress,-0.4772199521826329,0.6921840000000004,0,Low - Normal Pattern,No early cost-pattern anomaly against completed-works category norms.
EW-002606,Rajasthan,AJMER,Bhagirath Chaudhary,AJMER(DISTRICT COLLECTOR AJMER_IDA),AJMER,Construction of community centers and community halls,06-Aug-2026,3861.0,Payment In-Progress,-6.490650421828791,0.007768658563331364,0,Low - Normal Pattern,No early cost-pattern anomaly against completed-works category norms.
EW-002607,Punjab,BHATINDA,Smt Harsimrat Kaur Badal,BATHINDA(DEPUTY COMMISSIONER BHATINDA_IDA),BATHINDA,Providing supply pipelines for drinking water,01-Sep-2026,250000.0,Payment In-Progress,0.009288941024749557,1.0071467130759881,0,Low - Normal Pattern,No early cost-pattern anomaly against completed-works category norms.
EW-002608,Punjab,PATIALA,DR DHARAMVIRA GANDHI,PATIALA(DEPUTY COMMISSIONER PATIALA_IDA),PATIALA,Construction of toilet blocks,01-Sep-2026,18220.0,Payment In-Progress,-4.95262073234101,0.07288000000000004,0,Low - Normal Pattern,No early cost-pattern anomaly against completed-works category norms.
EW-002609,Andhra Pradesh,TIRUPATI(SC),Maddila Gurumoorthy,Tirupati(DISTRICT COLLECTOR TIRUPATI_IDA),Tirupati,Installing community drinking water plants,29-Aug-2026,223100.0,Payment In-Progress,-23.718634383785275,0.9582757050692824,0,Low - Normal Pattern,No early cost-pattern anomaly against completed-works category norms.
EW-002610,Andhra Pradesh,TIRUPATI(SC),Maddila Gurumoorthy,Tirupati(DISTRICT COLLECTOR TIRUPATI_IDA),Tirupati,"Construction of roads, link roads, pathways or any other road with or without drainage system",09-Aug-2026,488636.0,Payment In-Progress,-0.02982144241400258,0.9772720000000006,0,Low - Normal Pattern,No early cost-pattern anomaly against completed-works category norms.
EW-002611,Delhi,WEST DELHI,Kamaljeet Sehrawat,WEST(COMMISSIONER MCD WEST),WEST,Installation of multi-gym equipment,19-May-2026,165416.0,Payment In-Progress,-1.0880310493635739,0.33085449810587136,0,Low - Normal Pattern,No early cost-pattern anomaly against completed-works category norms.
EW-002612,Gujarat,NAVSARI,C R Patil,NAVSARI(DISTRICT COLLECTOR NAVSARI_IDA),NAVSARI,"Construction of roads, link roads, pathways or any other road with or without drainage system",23-Aug-2026,500000.0,Payment In-Progress,0.0,1.0000000000000007,0,Low - Normal Pattern,No early cost-pattern anomaly against completed-works category norms.
EW-002613,Uttar Pradesh,UNNAO,Swami Sachchidanandhari Sakshi ji Maharaj,UNNAO(DISTRICT MAGIISTRATE UNNAO_IDA),UNNAO,"Construction of rooms and facilities for hospitals, FWC , PHC Centers and ANM centers",03-Jul-2026,22000.0,Payment In-Progress,-2.8599883550829177,0.04643184441404302,0,Low - Normal Pattern,No early cost-pattern anomaly against completed-works category norms.
EW-002614,Uttar Pradesh,UNNAO,Swami Sachchidanandhari Sakshi ji Maharaj,UNNAO(DISTRICT MAGIISTRATE UNNAO_IDA),UNNAO,"Construction of rooms and facilities for hospitals, FWC , PHC Centers and ANM centers",03-Jul-2026,242000.0,Payment In-Progress,-0.6259600375063197,0.5107502885544732,0,Low - Normal Pattern,No early cost-pattern anomaly against completed-works category norms.
EW-002615,Uttar Pradesh,UNNAO,Swami Sachchidanandhari Sakshi ji Maharaj,UNNAO(DISTRICT MAGIISTRATE UNNAO_IDA),UNNAO,"Construction of rooms and facilities for hospitals, FWC , PHC Centers and ANM centers",03-Jul-2026,33000.0,Payment In-Progress,-2.482231851878425,0.06964776662106453,0,Low - Normal Pattern,No early cost-pattern anomaly against completed-works category norms.
EW-002616,Chhattisgarh,BASTAR(ST),MAHESH KASHYAP,SUKMA(Collector Sukma_IDA),SUKMA,Construction of culverts and bridges,02-Sep-2026,342811.0,Payment In-Progress,-1.7801943942726282,0.34362814773531447,0,Low - Normal Pattern,No early cost-pattern anomaly against completed-works category norms.
EW-002617,Chhattisgarh,BASTAR(ST),MAHESH KASHYAP,SUKMA(Collector Sukma_IDA),SUKMA,"Construction of roads, link roads, pathways or any other road with or without drainage system",03-Sep-2026,249279.0,Payment In-Progress,-0.9028508529637546,0.4985580000000003,0,Low - Normal Pattern,No early cost-pattern anomaly against completed-works category norms.
EW-002618,Rajasthan,BHARATPUR(SC),SANJNA JATAV,Deeg(DISTRICT COLLECTOR Deeg_IDA),Deeg,"Construction of roads, link roads, pathways or any other road with or without drainage system",31-Aug-2026,441812.0,Payment In-Progress,-0.16048610164796842,0.8836240000000005,0,Low - Normal Pattern,No early cost-pattern anomaly against completed-works category norms.
EW-002619,Rajasthan,BHARATPUR(SC),SANJNA JATAV,Deeg(DISTRICT COLLECTOR Deeg_IDA),Deeg,"Construction of roads, link roads, pathways or any other road with or without drainage system",31-Aug-2026,405389.0,Payment In-Progress,-0.2720880442627967,0.8107780000000004,0,Low - Normal Pattern,No early cost-pattern anomaly against completed-works category norms.
EW-002620,West Bengal,KOLKATA DAKSHIN,Mala Roy,KOLKATA(COMMISSIONER KOLKATA MUNICIPAL CORPORATION_IDA),KOLKATA,Installation of multi-gym equipment,12-Mar-2026,1005903.0,Payment In-Progress,0.6876950652875247,2.011942812111225,0,Low - Normal Pattern,No early cost-pattern anomaly against completed-works category norms.
EW-002621,Rajasthan,RAJSAMAND,MAHIMA KUMARI MEWAR,RAJSAMAND(DISTRICT COLLECTOR RAJSAMAND_IDA),RAJSAMAND,Construction of community centers and community halls,25-Aug-2026,53460.0,Payment In-Progress,-2.9791889841623087,0.10756604164612657,0,Low - Normal Pattern,No early cost-pattern anomaly against completed-works category norms.
EW-002622,Assam,Diphu (ST),AMARSING TISSO,KARBI ANGLONG(DEPUTY COMMISSIONER KARBI ANGLONG_IDA),KARBI ANGLONG,Installing tube-wells and borewells,31-Aug-2026,74120.0,Payment In-Progress,-3.7231674114826627,0.3384065594241007,0,Low - Normal Pattern,No early cost-pattern anomaly against completed-works category norms.
EW-002623,Assam,Diphu (ST),AMARSING TISSO,KARBI ANGLONG(DEPUTY COMMISSIONER KARBI ANGLONG_IDA),KARBI ANGLONG,Installing tube-wells and borewells,31-Aug-2026,74120.0,Payment In-Progress,-3.7231674114826627,0.3384065594241007,0,Low - Normal Pattern,No early cost-pattern anomaly against completed-works category norms.
EW-002624,Assam,Diphu (ST),AMARSING TISSO,KARBI ANGLONG(DEPUTY COMMISSIONER KARBI ANGLONG_IDA),KARBI ANGLONG,Installing tube-wells and borewells,13-Jun-2026,10212.0,Payment In-Progress,-10.534170798897376,0.04662449790662326,0,Low - Normal Pattern,No early cost-pattern anomaly against completed-works category norms.
EW-002625,Assam,Diphu (ST),AMARSING TISSO,KARBI ANGLONG(DEPUTY COMMISSIONER KARBI ANGLONG_IDA),KARBI ANGLONG,Installing tube-wells and borewells,13-Jun-2026,10212.0,Payment In-Progress,-10.534170798897376,0.04662449790662326,0,Low - Normal Pattern,No early cost-pattern anomaly against completed-works category norms.
EW-002626,Assam,Diphu (ST),AMARSING TISSO,KARBI ANGLONG(DEPUTY COMMISSIONER KARBI ANGLONG_IDA),KARBI ANGLONG,Installing tube-wells and borewells,13-Jun-2026,37540.0,Payment In-Progress,-6.060752339762711,0.17139479547734404,0,Low - Normal Pattern,No early cost-pattern anomaly against completed-works category norms.
EW-002627,Assam,Diphu (ST),AMARSING TISSO,KARBI ANGLONG(DEPUTY COMMISSIONER KARBI ANGLONG_IDA),KARBI ANGLONG,Installing tube-wells and borewells,13-Jun-2026,10212.0,Payment In-Progress,-10.534170798897376,0.04662449790662326,0,Low - Normal Pattern,No early cost-pattern anomaly against completed-works category norms.
EW-002628,Assam,Diphu (ST),AMARSING TISSO,KARBI ANGLONG(DEPUTY COMMISSIONER KARBI ANGLONG_IDA),KARBI ANGLONG,Installing tube-wells and borewells,16-Jun-2026,10632.0,Payment In-Progress,-10.395674635212966,0.04854207420125524,0,Low - Normal Pattern,No early cost-pattern anomaly against completed-works category norms.
EW-002629,Assam,Diphu (ST),AMARSING TISSO,KARBI ANGLONG(DEPUTY COMMISSIONER KARBI ANGLONG_IDA),KARBI ANGLONG,Construction of boundary walls of existing public and community buildings,16-Jul-2026,77000.0,Payment In-Progress,-2.503941764928829,0.15545650321972457,0,Low - Normal Pattern,No early cost-pattern anomaly against completed-works category norms.
EW-002630,Andhra Pradesh,RAJAMPET,Midhun Reddy,Annamayya(DISTRICT COLLECTOR ANNAMAYYA_IDA),Annamayya,Purchase of other aids / devices required for P/ M/ V/ H impaired for differently abled persons,03-Aug-2026,597000.0,Payment In-Progress,0.0,2.3880000000000012,0,Low - Normal Pattern,No early cost-pattern anomaly against completed-works category norms.
EW-002631,Punjab,BHATINDA,Smt Harsimrat Kaur Badal,BATHINDA(DEPUTY COMMISSIONER BHATINDA_IDA),BATHINDA,"Construction of roads, link roads, pathways or any other road with or without drainage system",14-Aug-2026,34000.0,Payment In-Progress,-3.4870163195009165,0.06800000000000005,0,Low - Normal Pattern,No early cost-pattern anomaly against completed-works category norms.
EW-002632,Madhya Pradesh,SHAHDOL (ST),Smt Himadri Singh,UMARIA(District Collector Umariya_IDA),UMARIA,Street lights,29-Aug-2026,122123.0,Payment In-Progress,-0.5088203281063604,0.5478308459050518,0,Low - Normal Pattern,No early cost-pattern anomaly against completed-works category norms.
EW-002633,Uttar Pradesh,PRATAPGARH,DR. S P SINGH,PRATAPGARH(DISTRICT MAGISTRAE PRATAPGARH_IDA),PRATAPGARH,"Construction of roads, link roads, pathways or any other road with or without drainage system",30-Jul-2026,457799.0,Payment In-Progress,-0.11437848696221559,0.9155980000000006,0,Low - Normal Pattern,No early cost-pattern anomaly against completed-works category norms.
EW-002634,Punjab,ANANDPUR SAHIB,MALVINDER SINGH KANG,RUPNAGAR(DEPUTY COMMISSIONER ROOPNAGAR_IDA),RUPNAGAR,Construction of rooms and halls in school and colleges,01-Sep-2026,5010.0,Payment In-Progress,-6.049427340360823,0.010020000000000006,0,Low - Normal Pattern,No early cost-pattern anomaly against completed-works category norms.
EW-002635,Kerala,PONNANI,DR. M.P ABDUSSAMAD SAMADANI,MALAPPURAM(DISTRICT COLLECTOR MALAPPURAM_IDA),MALAPPURAM,"Construction of roads, link roads, pathways or any other road with or without drainage system",03-Sep-2026,359683.0,Payment In-Progress,-0.42725637251942444,0.7193660000000004,0,Low - Normal Pattern,No early cost-pattern anomaly against completed-works category norms.
EW-002636,Kerala,PONNANI,DR. M.P ABDUSSAMAD SAMADANI,MALAPPURAM(DISTRICT COLLECTOR MALAPPURAM_IDA),MALAPPURAM,"Construction of roads, link roads, pathways or any other road with or without drainage system",03-Sep-2026,359780.0,Payment In-Progress,-0.42690660620104925,0.7195600000000004,0,Low - Normal Pattern,No early cost-pattern anomaly against completed-works category norms.
EW-002637,Uttar Pradesh,CHANDAULI,VIRENDRA SINGH,CHANDAULI(DISTRICT MAGISTRATE CHANDAULI_IDA),CHANDAULI,Construction of footpaths and pedestrian ways,03-Sep-2026,399399.0,Payment In-Progress,0.3310817789572703,1.3437821096122409,0,Low - Normal Pattern,No early cost-pattern anomaly against completed-works category norms.
EW-002638,Madhya Pradesh,KHANDWA,Gyaneshwar Patil,Khandwa (East Nimar)(DISTRICT COLLECTOR EAST NIMAR_IDA),Khandwa ,Installing tube-wells and borewells,10-Jun-2025,150000.0,Payment In-Progress,-1.3008057484293567,0.6848486766542783,0,Low - Normal Pattern,No early cost-pattern anomaly against completed-works category norms.
EW-002639,Rajasthan,UDAIPUR(ST),MANNA LAL RAWAT,DUNGARPUR(DISTRICT COLLECTOR DUNGARPUR_IDA),DUNGARPUR,Construction of culverts and bridges,02-Sep-2026,729806.0,Payment In-Progress,-0.5209545317707828,0.7315456154735961,0,Low - Normal Pattern,No early cost-pattern anomaly against completed-works category norms.
EW-002640,Gujarat,PATAN,Bharatsinhji Shankarji Dabhi,BANAS KANTHA(DISTRICT COLLECTOR BANAS KANTHA_IDA),BANAS KANTHA,"Construction of roads, link roads, pathways or any other road with or without drainage system",31-Aug-2026,299891.0,Payment In-Progress,-0.6630804704674239,0.5997820000000004,0,Low - Normal Pattern,No early cost-pattern anomaly against completed-works category norms.
EW-002641,Andhra Pradesh,RAJAMPET,Midhun Reddy,Annamayya(DISTRICT COLLECTOR ANNAMAYYA_IDA),Annamayya,"Construction of roads, link roads, pathways or any other road with or without drainage system",29-Jul-2026,499375.0,Payment In-Progress,-0.001622431261798024,0.9987500000000006,0,Low - Normal Pattern,No early cost-pattern anomaly against completed-works category norms.
EW-002642,Uttar Pradesh,PRATAPGARH,DR. S P SINGH,PRATAPGARH(DISTRICT MAGISTRAE PRATAPGARH_IDA),PRATAPGARH,"Construction of roads, link roads, pathways or any other road with or without drainage system",30-Jul-2026,457000.0,Payment In-Progress,-0.11664436182582819,0.9140000000000005,0,Low - Normal Pattern,No early cost-pattern anomaly against completed-works category norms.
EW-002643,Telangana,MALKAJGIRI,EATALA RAJENDER,MEDCHAL MALKAJGIRI(DISTRICT COLLECTOR MEDCHAL MALKAJGIRI_IDA),MEDCHAL MALKAJGIRI,Installing tube-wells and borewells,18-Aug-2026,357411.0,Payment In-Progress,1.6826944498990275,1.631816335811215,0,Low - Normal Pattern,No early cost-pattern anomaly against completed-works category norms.
EW-002644,Uttar Pradesh,PRATAPGARH,DR. S P SINGH,PRATAPGARH(DISTRICT MAGISTRAE PRATAPGARH_IDA),PRATAPGARH,"Construction of roads, link roads, pathways or any other road with or without drainage system",30-Jul-2026,457768.0,Payment In-Progress,-0.11446632573836507,0.9155360000000006,0,Low - Normal Pattern,No early cost-pattern anomaly against completed-works category norms.
EW-002645,Uttar Pradesh,PRATAPGARH,DR. S P SINGH,PRATAPGARH(DISTRICT MAGISTRAE PRATAPGARH_IDA),PRATAPGARH,"Construction of roads, link roads, pathways or any other road with or without drainage system",30-Jul-2026,457000.0,Payment In-Progress,-0.11664436182582819,0.9140000000000005,0,Low - Normal Pattern,No early cost-pattern anomaly against completed-works category norms.
EW-002646,Uttar Pradesh,PRATAPGARH,DR. S P SINGH,PRATAPGARH(DISTRICT MAGISTRAE PRATAPGARH_IDA),PRATAPGARH,"Construction of roads, link roads, pathways or any other road with or without drainage system",30-Jul-2026,309929.0,Payment In-Progress,-0.6203734306827144,0.6198580000000004,0,Low - Normal Pattern,No early cost-pattern anomaly against completed-works category norms.
EW-002647,Uttar Pradesh,PRATAPGARH,DR. S P SINGH,PRATAPGARH(DISTRICT MAGISTRAE PRATAPGARH_IDA),PRATAPGARH,"Construction of roads, link roads, pathways or any other road with or without drainage system",30-Jul-2026,300000.0,Payment In-Progress,-0.6626090929450127,0.6000000000000003,0,Low - Normal Pattern,No early cost-pattern anomaly against completed-works category norms.
EW-002648,Uttar Pradesh,PRATAPGARH,DR. S P SINGH,PRATAPGARH(DISTRICT MAGISTRAE PRATAPGARH_IDA),PRATAPGARH,"Construction of roads, link roads, pathways or any other road with or without drainage system",30-Jul-2026,305000.0,Payment In-Progress,-0.6411683795912844,0.6100000000000003,0,Low - Normal Pattern,No early cost-pattern anomaly against completed-works category norms.
EW-002649,Uttar Pradesh,PRATAPGARH,DR. S P SINGH,PRATAPGARH(DISTRICT MAGISTRAE PRATAPGARH_IDA),PRATAPGARH,"Construction of roads, link roads, pathways or any other road with or without drainage system",30-Jul-2026,299867.0,Payment In-Progress,-0.6631842830285204,0.5997340000000003,0,Low - Normal Pattern,No early cost-pattern anomaly against completed-works category norms.
EW-002650,Karnataka,UTTARA KANNADA,VISHWESHWAR HEGDE KAGERI,UTTARA KANNADA(DEPUTY COMMISSIONER UTTARKANNADA KARWAR_IDA),UTTARA KANNADA,"Construction of flood control embankments/ protection walls along riverbanks, hilltops, roadsides",02-Sep-2026,750000.0,Payment In-Progress,0.059267500802527885,1.0660105808603995,0,Low - Normal Pattern,No early cost-pattern anomaly against completed-works category norms.
EW-002651,Karnataka,UTTARA KANNADA,VISHWESHWAR HEGDE KAGERI,UTTARA KANNADA(DEPUTY COMMISSIONER UTTARKANNADA KARWAR_IDA),UTTARA KANNADA,Construction of community centers and community halls,02-Sep-2026,750000.0,Payment In-Progress,0.5498190244748907,1.5090634349905523,0,Low - Normal Pattern,No early cost-pattern anomaly against completed-works category norms.
EW-002652,Kerala,CHALAKUDY,Shri Benny Behanan,THRISSUR(DISTRICT COLLECTOR THRISSUR_IDA),THRISSUR,Street lights,03-Sep-2026,182918.0,Payment In-Progress,-0.1672251726089744,0.820550778078333,0,Low - Normal Pattern,No early cost-pattern anomaly against completed-works category norms.
EW-002653,Kerala,CHALAKUDY,Shri Benny Behanan,THRISSUR(DISTRICT COLLECTOR THRISSUR_IDA),THRISSUR,Street lights,03-Sep-2026,182918.0,Payment In-Progress,-0.1672251726089744,0.820550778078333,0,Low - Normal Pattern,No early cost-pattern anomaly against completed-works category norms.
EW-002654,Kerala,CHALAKUDY,Shri Benny Behanan,THRISSUR(DISTRICT COLLECTOR THRISSUR_IDA),THRISSUR,Street lights,03-Sep-2026,181795.0,Payment In-Progress,-0.1724320852926227,0.8155131189973133,0,Low - Normal Pattern,No early cost-pattern anomaly against completed-works category norms.
EW-002655,West Bengal,BARDHAMAN PURBA(SC),DR. SHARMILA SARKAR,PURBA BARDHAMAN(DISTRICT MAGISTRATE PURBA BARDHAMAN_IDA),PURBA BARDHAMAN,Construction of community centers and community halls,23-Mar-2026,687844.0,Payment In-Progress,0.4342255463330548,1.3840003058368553,0,Low - Normal Pattern,No early cost-pattern anomaly against completed-works category norms.
EW-002656,Rajasthan,BHILWARA,DAMODAR AGARWAL,BUNDI(DISTRICT COLLECTOR BUNDI_IDA),BUNDI,Construction of community centers and community halls,06-Aug-2026,213839.0,Payment In-Progress,-1.1268720552779348,0.43026215449992633,0,Low - Normal Pattern,No early cost-pattern anomaly against completed-works category norms.
EW-002657,Rajasthan,BHILWARA,DAMODAR AGARWAL,BUNDI(DISTRICT COLLECTOR BUNDI_IDA),BUNDI,Construction of community centers and community halls,06-Aug-2026,30030.0,Payment In-Progress,-3.7498067007329943,0.06042289993702172,0,Low - Normal Pattern,No early cost-pattern anomaly against completed-works category norms.
EW-002658,Rajasthan,BHILWARA,DAMODAR AGARWAL,BUNDI(DISTRICT COLLECTOR BUNDI_IDA),BUNDI,Construction of community centers and community halls,06-Aug-2026,186470.0,Payment In-Progress,-1.309864407831133,0.37519341163025105,0,Low - Normal Pattern,No early cost-pattern anomaly against completed-works category norms.
EW-002659,Rajasthan,BHILWARA,DAMODAR AGARWAL,BUNDI(DISTRICT COLLECTOR BUNDI_IDA),BUNDI,Construction of community centers and community halls,06-Aug-2026,22620.0,Payment In-Progress,-4.128426694274749,0.04551335319931506,0,Low - Normal Pattern,No early cost-pattern anomaly against completed-works category norms.
EW-002660,Rajasthan,BHILWARA,DAMODAR AGARWAL,BUNDI(DISTRICT COLLECTOR BUNDI_IDA),BUNDI,Construction of community centers and community halls,06-Aug-2026,42150.0,Payment In-Progress,-3.2967949904542126,0.08480936504646905,0,Low - Normal Pattern,No early cost-pattern anomaly against completed-works category norms.
EW-002661,West Bengal,ULUBERIA,Smt Sajda Ahmed,HOWRAH(DISTRICT MAGISTRATE HOWRAH_IDA),HOWRAH,Construction of rooms and halls in school and colleges,01-Sep-2026,251613.0,Payment In-Progress,-0.9024728619825286,0.5032260000000003,0,Low - Normal Pattern,No early cost-pattern anomaly against completed-works category norms.
EW-002662,Karnataka,DAKSHINA KANNADA,CAPTAIN BRIJESH CHOWTA,DAKSHINA KANNADA(DEPUTY COMMISSIONER DAKSHIN KANNAD MANGALORE_IDA),DAKSHINA KANNADA,"Construction of roads, link roads, pathways or any other road with or without drainage system",19-Aug-2026,499724.0,Payment In-Progress,-0.00071621545449071,0.9994480000000006,0,Low - Normal Pattern,No early cost-pattern anomaly against completed-works category norms.
EW-002663,Karnataka,DAKSHINA KANNADA,CAPTAIN BRIJESH CHOWTA,DAKSHINA KANNADA(DEPUTY COMMISSIONER DAKSHIN KANNAD MANGALORE_IDA),DAKSHINA KANNADA,"Construction of flood control embankments/ protection walls along riverbanks, hilltops, roadsides",19-Aug-2026,498711.0,Payment In-Progress,-0.3190595081415457,0.7088416037219609,0,Low - Normal Pattern,No early cost-pattern anomaly against completed-works category norms.
EW-002664,Rajasthan,JALORE,LUMBARAM,JALORE(DISTRICT COLLECTOR JALORE_IDA),JALORE,"Construction of roads, link roads, pathways or any other road with or without drainage system",04-Sep-2026,3705.0,Payment In-Progress,-6.362342936165617,0.007410000000000004,0,Low - Normal Pattern,No early cost-pattern anomaly against completed-works category norms.
EW-002665,Rajasthan,JALORE,LUMBARAM,JALORE(DISTRICT COLLECTOR JALORE_IDA),JALORE,Development of playground,04-Sep-2026,7980.0,Payment In-Progress,-6.459547531578951,0.00985185185185185,0,Low - Normal Pattern,No early cost-pattern anomaly against completed-works category norms.
EW-002666,Rajasthan,JALORE,LUMBARAM,JALORE(DISTRICT COLLECTOR JALORE_IDA),JALORE,Development of playground,04-Sep-2026,29400.0,Payment In-Progress,-4.636292406017507,0.036296296296296285,0,Low - Normal Pattern,No early cost-pattern anomaly against completed-works category norms.
EW-002667,Rajasthan,JALORE,LUMBARAM,JALORE(DISTRICT COLLECTOR JALORE_IDA),JALORE,"Construction of roads, link roads, pathways or any other road with or without drainage system",04-Sep-2026,9548.0,Payment In-Progress,-5.1344134012529885,0.019096000000000012,0,Low - Normal Pattern,No early cost-pattern anomaly against completed-works category norms.
EW-002668,Rajasthan,BHILWARA,DAMODAR AGARWAL,Shahpura(DISTRICT COLLECTOR Shahpura_IDA),Shahpura,Construction of public libraries and reading rooms,27-Aug-2026,375718.0,Payment In-Progress,-2.8755362472417927,0.3775210900957033,0,Low - Normal Pattern,No early cost-pattern anomaly against completed-works category norms.
EW-002669,Uttarakhand,TEHRI GARHWAL,Mala Rajya Laxmi Shah,Uttarkashi(DISTRICT COLLECTOR UTTARKASHI_IDA),Uttarkashi,"Construction of flood control embankments/ protection walls along riverbanks, hilltops, roadsides",12-Aug-2026,409218.0,Payment In-Progress,-0.5024333487325237,0.5816409571713745,0,Low - Normal Pattern,No early cost-pattern anomaly against completed-works category norms.
EW-002670,Uttarakhand,TEHRI GARHWAL,Mala Rajya Laxmi Shah,Uttarkashi(DISTRICT COLLECTOR UTTARKASHI_IDA),Uttarkashi,"Construction of flood control embankments/ protection walls along riverbanks, hilltops, roadsides",12-Aug-2026,328637.0,Payment In-Progress,-0.7057556180850717,0.46710735901629213,0,Low - Normal Pattern,No early cost-pattern anomaly against completed-works category norms.
EW-002671,Uttarakhand,TEHRI GARHWAL,Mala Rajya Laxmi Shah,Uttarkashi(DISTRICT COLLECTOR UTTARKASHI_IDA),Uttarkashi,"Construction of flood control embankments/ protection walls along riverbanks, hilltops, roadsides",12-Aug-2026,308218.0,Payment In-Progress,-0.7652300827671542,0.43808486561550747,0,Low - Normal Pattern,No early cost-pattern anomaly against completed-works category norms.
EW-002672,Uttarakhand,TEHRI GARHWAL,Mala Rajya Laxmi Shah,Uttarkashi(DISTRICT COLLECTOR UTTARKASHI_IDA),Uttarkashi,"Construction of flood control embankments/ protection walls along riverbanks, hilltops, roadsides",12-Aug-2026,118831.0,Payment In-Progress,-1.6489171701749101,0.16890013777896284,0,Low - Normal Pattern,No early cost-pattern anomaly against completed-works category norms.
EW-002673,Telangana,MALKAJGIRI,EATALA RAJENDER,MEDCHAL MALKAJGIRI(DISTRICT COLLECTOR MEDCHAL MALKAJGIRI_IDA),MEDCHAL MALKAJGIRI,Installing tube-wells and borewells,18-Aug-2026,324206.0,Payment In-Progress,1.3476382135431784,1.4802136670891795,0,Low - Normal Pattern,No early cost-pattern anomaly against completed-works category norms.
EW-002674,Telangana,MALKAJGIRI,EATALA RAJENDER,MEDCHAL MALKAJGIRI(DISTRICT COLLECTOR MEDCHAL MALKAJGIRI_IDA),MEDCHAL MALKAJGIRI,Installing tube-wells and borewells,18-Aug-2026,317906.0,Payment In-Progress,1.2802080161798435,1.4514500226696998,0,Low - Normal Pattern,No early cost-pattern anomaly against completed-works category norms.
EW-002675,Assam,Diphu (ST),AMARSING TISSO,WEST KARBI ANGLONG(DISTRICT COMMISSIONER WEST KARBI ANGLONG),WEST KARBI ANGLONG,Creation of new ponds,29-Aug-2026,78881.0,Payment In-Progress,0.0,0.26293666666666676,0,Low - Normal Pattern,No early cost-pattern anomaly against completed-works category norms.
EW-002676,Bihar,ARRAH,SUDAMA PRASAD,BHOJPUR(DISTRICT PLANNING OFFICER BHOJPUR ARRAH_IDA),BHOJPUR,Construction of common work sheds/ common covered sitting area,03-Sep-2026,568472.0,Payment In-Progress,1.4595280995320865,1.927317726432845,0,Low - Normal Pattern,No early cost-pattern anomaly against completed-works category norms.
EW-002677,Kerala,CHALAKUDY,Shri Benny Behanan,THRISSUR(DISTRICT COLLECTOR THRISSUR_IDA),THRISSUR,Street lights,02-Sep-2026,181795.0,Payment In-Progress,-0.1724320852926227,0.8155131189973133,0,Low - Normal Pattern,No early cost-pattern anomaly against completed-works category norms.
EW-002678,Uttar Pradesh,BIJNOR,CHANDAN CHAUHAN,MUZAFFARNAGAR(DISTRICT MAGISTRATE MUZAFFARNAGAR_IDA),MUZAFFARNAGAR,"Construction of roads, link roads, pathways or any other road with or without drainage system",27-Jul-2026,364828.0,Payment In-Progress,-0.4088332852615603,0.7296560000000004,0,Low - Normal Pattern,No early cost-pattern anomaly against completed-works category norms.
EW-002679,Uttar Pradesh,BIJNOR,CHANDAN CHAUHAN,MUZAFFARNAGAR(DISTRICT MAGISTRATE MUZAFFARNAGAR_IDA),MUZAFFARNAGAR,"Construction of roads, link roads, pathways or any other road with or without drainage system",27-Jul-2026,398520.0,Payment In-Progress,-0.2942552987977843,0.7970400000000004,0,Low - Normal Pattern,No early cost-pattern anomaly against completed-works category norms.
EW-002680,Uttar Pradesh,BIJNOR,CHANDAN CHAUHAN,MUZAFFARNAGAR(DISTRICT MAGISTRATE MUZAFFARNAGAR_IDA),MUZAFFARNAGAR,"Construction of roads, link roads, pathways or any other road with or without drainage system",27-Jul-2026,350853.0,Payment In-Progress,-0.45949760894476893,0.7017060000000004,0,Low - Normal Pattern,No early cost-pattern anomaly against completed-works category norms.
EW-002681,Uttar Pradesh,BIJNOR,CHANDAN CHAUHAN,MUZAFFARNAGAR(DISTRICT MAGISTRATE MUZAFFARNAGAR_IDA),MUZAFFARNAGAR,"Construction of roads, link roads, pathways or any other road with or without drainage system",27-Jul-2026,52057.0,Payment In-Progress,-2.9344649627456727,0.10411400000000005,0,Low - Normal Pattern,No early cost-pattern anomaly against completed-works category norms.
EW-002682,Uttar Pradesh,BIJNOR,CHANDAN CHAUHAN,MUZAFFARNAGAR(DISTRICT MAGISTRATE MUZAFFARNAGAR_IDA),MUZAFFARNAGAR,"Construction of roads, link roads, pathways or any other road with or without drainage system",02-Sep-2026,263685.0,Payment In-Progress,-0.8299746978345365,0.5273700000000003,0,Low - Normal Pattern,No early cost-pattern anomaly against completed-works category norms.
EW-002683,Bihar,ARRAH,SUDAMA PRASAD,BHOJPUR(DISTRICT PLANNING OFFICER BHOJPUR ARRAH_IDA),BHOJPUR,"Construction of roads, link roads, pathways or any other road with or without drainage system",03-Sep-2026,580106.0,Payment In-Progress,0.19275761990914456,1.1602120000000007,0,Low - Normal Pattern,No early cost-pattern anomaly against completed-works category norms.
EW-002684,Bihar,ARRAH,SUDAMA PRASAD,BHOJPUR(DISTRICT PLANNING OFFICER BHOJPUR ARRAH_IDA),BHOJPUR,"Construction of roads, link roads, pathways or any other road with or without drainage system",03-Sep-2026,216571.0,Payment In-Progress,-1.0852982916436469,0.43314200000000025,0,Low - Normal Pattern,No early cost-pattern anomaly against completed-works category norms.
EW-002685,Madhya Pradesh,SHAHDOL (ST),Smt Himadri Singh,UMARIA(District Collector Umariya_IDA),UMARIA,Street lights,29-Aug-2026,122124.0,Payment In-Progress,-0.508813404678493,0.5478353317991578,0,Low - Normal Pattern,No early cost-pattern anomaly against completed-works category norms.
EW-002686,Telangana,MALKAJGIRI,EATALA RAJENDER,MEDCHAL MALKAJGIRI(DISTRICT COLLECTOR MEDCHAL MALKAJGIRI_IDA),MEDCHAL MALKAJGIRI,Installing tube-wells and borewells,18-Aug-2026,356537.0,Payment In-Progress,1.6742813547671733,1.6278259508552426,0,Low - Normal Pattern,No early cost-pattern anomaly against completed-works category norms.
EW-002687,Madhya Pradesh,SHAHDOL (ST),Smt Himadri Singh,UMARIA(District Collector Umariya_IDA),UMARIA,Street lights,29-Aug-2026,122124.0,Payment In-Progress,-0.508813404678493,0.5478353317991578,0,Low - Normal Pattern,No early cost-pattern anomaly against completed-works category norms.
EW-002688,Madhya Pradesh,SHAHDOL (ST),Smt Himadri Singh,UMARIA(District Collector Umariya_IDA),UMARIA,Street lights,29-Aug-2026,122124.0,Payment In-Progress,-0.508813404678493,0.5478353317991578,0,Low - Normal Pattern,No early cost-pattern anomaly against completed-works category norms.
EW-002689,Madhya Pradesh,SHAHDOL (ST),Smt Himadri Singh,UMARIA(District Collector Umariya_IDA),UMARIA,Street lights,29-Aug-2026,122018.0,Payment In-Progress,-0.5095476037052784,0.5473598270239235,0,Low - Normal Pattern,No early cost-pattern anomaly against completed-works category norms.
EW-002690,Madhya Pradesh,SHAHDOL (ST),Smt Himadri Singh,UMARIA(District Collector Umariya_IDA),UMARIA,Street lights,29-Aug-2026,122018.0,Payment In-Progress,-0.5095476037052784,0.5473598270239235,0,Low - Normal Pattern,No early cost-pattern anomaly against completed-works category norms.
EW-002691,Madhya Pradesh,SHAHDOL (ST),Smt Himadri Singh,UMARIA(District Collector Umariya_IDA),UMARIA,Street lights,29-Aug-2026,122018.0,Payment In-Progress,-0.5095476037052784,0.5473598270239235,0,Low - Normal Pattern,No early cost-pattern anomaly against completed-works category norms.
EW-002692,Madhya Pradesh,SHAHDOL (ST),Smt Himadri Singh,UMARIA(District Collector Umariya_IDA),UMARIA,Street lights,29-Aug-2026,122018.0,Payment In-Progress,-0.5095476037052784,0.5473598270239235,0,Low - Normal Pattern,No early cost-pattern anomaly against completed-works category norms.
EW-002693,Madhya Pradesh,SHAHDOL (ST),Smt Himadri Singh,UMARIA(District Collector Umariya_IDA),UMARIA,Street lights,29-Aug-2026,122018.0,Payment In-Progress,-0.5095476037052784,0.5473598270239235,0,Low - Normal Pattern,No early cost-pattern anomaly against completed-works category norms.
EW-002694,Madhya Pradesh,SHAHDOL (ST),Smt Himadri Singh,UMARIA(District Collector Umariya_IDA),UMARIA,Street lights,29-Aug-2026,122018.0,Payment In-Progress,-0.5095476037052784,0.5473598270239235,0,Low - Normal Pattern,No early cost-pattern anomaly against completed-works category norms.
EW-002695,Uttar Pradesh,BIJNOR,CHANDAN CHAUHAN,MUZAFFARNAGAR(DISTRICT MAGISTRATE MUZAFFARNAGAR_IDA),MUZAFFARNAGAR,Purchase of books for public libraries/ digitization of library books,07-Aug-2026,851987.0,Payment In-Progress,0.0,8.70885209036083,0,Low - Normal Pattern,No early cost-pattern anomaly against completed-works category norms.
EW-002696,Uttar Pradesh,BIJNOR,CHANDAN CHAUHAN,MUZAFFARNAGAR(DISTRICT MAGISTRATE MUZAFFARNAGAR_IDA),MUZAFFARNAGAR,"Construction of roads, link roads, pathways or any other road with or without drainage system",18-Jul-2026,96287.0,Payment In-Progress,-2.1367355108476995,0.1925740000000001,0,Low - Normal Pattern,No early cost-pattern anomaly against completed-works category norms.
EW-002697,Uttar Pradesh,GHOSI,RAJEEV RAI,MAU(DISTRICT MAGISTRATE MAU_IDA),MAU,Improvement of electricity distribution infrastructure,08-Oct-2025,167287.0,Payment In-Progress,0.03496172390475729,1.02638247222171,0,Low - Normal Pattern,No early cost-pattern anomaly against completed-works category norms.
EW-002698,Uttar Pradesh,PRATAPGARH,DR. S P SINGH,PRATAPGARH(DISTRICT MAGISTRAE PRATAPGARH_IDA),PRATAPGARH,"Construction of roads, link roads, pathways or any other road with or without drainage system",01-Aug-2026,300000.0,Payment In-Progress,-0.6626090929450127,0.6000000000000003,0,Low - Normal Pattern,No early cost-pattern anomaly against completed-works category norms.
EW-002699,Telangana,MALKAJGIRI,EATALA RAJENDER,MEDCHAL MALKAJGIRI(DISTRICT COLLECTOR MEDCHAL MALKAJGIRI_IDA),MEDCHAL MALKAJGIRI,Installing tube-wells and borewells,18-Aug-2026,307074.0,Payment In-Progress,1.1610847055411015,1.4019948168995722,0,Low - Normal Pattern,No early cost-pattern anomaly against completed-works category norms.
EW-002700,Punjab,FARIDKOT(SC),SARABJEET SINGH KHALSA,FARIDKOT(DEPUTY COMMISSIONER FARIDKOT_IDA),FARIDKOT,Street lights,02-Sep-2026,198000.0,Payment In-Progress,-0.10023594831718294,0.8882070329847797,0,Low - Normal Pattern,No early cost-pattern anomaly against completed-works category norms.
EW-002701,Punjab,FARIDKOT(SC),SARABJEET SINGH KHALSA,FARIDKOT(DEPUTY COMMISSIONER FARIDKOT_IDA),FARIDKOT,Street lights,02-Sep-2026,99000.0,Payment In-Progress,-0.6863010688888104,0.4441035164923898,0,Low - Normal Pattern,No early cost-pattern anomaly against completed-works category norms.
EW-002702,Punjab,FARIDKOT(SC),SARABJEET SINGH KHALSA,FARIDKOT(DEPUTY COMMISSIONER FARIDKOT_IDA),FARIDKOT,Street lights,02-Sep-2026,198000.0,Payment In-Progress,-0.10023594831718294,0.8882070329847797,0,Low - Normal Pattern,No early cost-pattern anomaly against completed-works category norms.
EW-002703,Punjab,FARIDKOT(SC),SARABJEET SINGH KHALSA,FARIDKOT(DEPUTY COMMISSIONER FARIDKOT_IDA),FARIDKOT,Fitting of Sitting RCC Benches in Public Places,02-Sep-2026,150000.0,Payment In-Progress,0.0,1.0000000000000004,0,Low - Normal Pattern,No early cost-pattern anomaly against completed-works category norms.
EW-002704,Punjab,FARIDKOT(SC),SARABJEET SINGH KHALSA,FARIDKOT(DEPUTY COMMISSIONER FARIDKOT_IDA),FARIDKOT,Street lights,02-Sep-2026,249000.0,Payment In-Progress,0.09354373631978294,1.1169876323899501,0,Low - Normal Pattern,No early cost-pattern anomaly against completed-works category norms.
EW-002705,Punjab,FARIDKOT(SC),SARABJEET SINGH KHALSA,FARIDKOT(DEPUTY COMMISSIONER FARIDKOT_IDA),FARIDKOT,Street lights,02-Sep-2026,150000.0,Payment In-Progress,-0.3349772583121818,0.6728841158975604,0,Low - Normal Pattern,No early cost-pattern anomaly against completed-works category norms.
EW-002706,Punjab,FARIDKOT(SC),SARABJEET SINGH KHALSA,MOGA(Deputy Commissioner Moga),MOGA,Fitting of Sitting RCC Benches in Public Places,25-Aug-2026,150000.0,Payment In-Progress,0.0,1.0000000000000004,0,Low - Normal Pattern,No early cost-pattern anomaly against completed-works category norms.
EW-002707,Tamil Nadu,DHARAMAPURI,MANI. A.,DHARMAPURI(DISTRICT COLLECTOR DHARMAPURI_IDA),DHARMAPURI,Street lights,02-Sep-2026,464851.0,Payment In-Progress,0.621367238894375,2.0852723610606456,0,Low - Normal Pattern,No early cost-pattern anomaly against completed-works category norms.
EW-002708,Tamil Nadu,DHARAMAPURI,MANI. A.,DHARMAPURI(DISTRICT COLLECTOR DHARMAPURI_IDA),DHARMAPURI,Street lights,02-Sep-2026,464851.0,Payment In-Progress,0.621367238894375,2.0852723610606456,0,Low - Normal Pattern,No early cost-pattern anomaly against completed-works category norms.
EW-002709,Tamil Nadu,DHARAMAPURI,MANI. A.,DHARMAPURI(DISTRICT COLLECTOR DHARMAPURI_IDA),DHARMAPURI,Street lights,02-Sep-2026,464851.0,Payment In-Progress,0.621367238894375,2.0852723610606456,0,Low - Normal Pattern,No early cost-pattern anomaly against completed-works category norms.
EW-002710,Tamil Nadu,DHARAMAPURI,MANI. A.,DHARMAPURI(DISTRICT COLLECTOR DHARMAPURI_IDA),DHARMAPURI,Street lights,03-Sep-2026,464851.0,Payment In-Progress,0.621367238894375,2.0852723610606456,0,Low - Normal Pattern,No early cost-pattern anomaly against completed-works category norms.
EW-002711,Tamil Nadu,DHARAMAPURI,MANI. A.,DHARMAPURI(DISTRICT COLLECTOR DHARMAPURI_IDA),DHARMAPURI,Street lights,03-Sep-2026,464851.0,Payment In-Progress,0.621367238894375,2.0852723610606456,0,Low - Normal Pattern,No early cost-pattern anomaly against completed-works category norms.
EW-002712,Tamil Nadu,DHARAMAPURI,MANI. A.,DHARMAPURI(DISTRICT COLLECTOR DHARMAPURI_IDA),DHARMAPURI,Street lights,03-Sep-2026,464851.0,Payment In-Progress,0.621367238894375,2.0852723610606456,0,Low - Normal Pattern,No early cost-pattern anomaly against completed-works category norms.
EW-002713,Punjab,ANANDPUR SAHIB,MALVINDER SINGH KANG,RUPNAGAR(DEPUTY COMMISSIONER ROOPNAGAR_IDA),RUPNAGAR,Construction of community centers and community halls,26-Aug-2026,62390.0,Payment In-Progress,-2.7727892693891696,0.12553395694541408,0,Low - Normal Pattern,No early cost-pattern anomaly against completed-works category norms.
EW-002714,Kerala,KOLLAM,Shri NK Premachandran,KOLLAM(DISTRICT COLLECTOR KOLLAM_IDA),KOLLAM,Lighting of public spaces,03-Sep-2026,277803.0,Payment In-Progress,1.1653401502905232,1.3855373013735524,0,Low - Normal Pattern,No early cost-pattern anomaly against completed-works category norms.
EW-002715,Uttar Pradesh,PRATAPGARH,DR. S P SINGH,PRATAPGARH(DISTRICT MAGISTRAE PRATAPGARH_IDA),PRATAPGARH,"Construction of roads, link roads, pathways or any other road with or without drainage system",01-Aug-2026,304777.0,Payment In-Progress,-0.6421171225291247,0.6095540000000004,0,Low - Normal Pattern,No early cost-pattern anomaly against completed-works category norms.
EW-002716,Kerala,IDUKKI,Adv Dean Kuriakose,ERNAKULAM(DISTRICT COLLECTOR ERNAKULAM_IDA),ERNAKULAM,Lighting of public spaces,20-Aug-2026,220427.0,Payment In-Progress,0.3385805818596139,1.0993755673260117,0,Low - Normal Pattern,No early cost-pattern anomaly against completed-works category norms.
EW-002717,Rajasthan,ALWAR,BHUPENDER YADAV,ALWAR(DISTRICT COLLECTOR ALWAR_IDA),ALWAR,Construction of rooms and halls in school and colleges,26-Aug-2026,353100.0,Payment In-Progress,-0.4571487498940986,0.7062000000000004,0,Low - Normal Pattern,No early cost-pattern anomaly against completed-works category norms.
EW-002718,Punjab,BHATINDA,Smt Harsimrat Kaur Badal,BATHINDA(DEPUTY COMMISSIONER BHATINDA_IDA),BATHINDA,"Construction of roads, link roads, pathways or any other road with or without drainage system",11-Aug-2026,117702.0,Payment In-Progress,-1.8762416449813846,0.23540400000000014,0,Low - Normal Pattern,No early cost-pattern anomaly against completed-works category norms.
EW-002719,Uttar Pradesh,BHADOHI,VINOD KUMAR BIND,BHADOHI(DISTRICT MAGISTRATE BHADOHI_IDA),BHADOHI,Lighting of public spaces,10-Jul-2026,118971.0,Payment In-Progress,-1.8652720012599602,0.5933656522129455,0,Low - Normal Pattern,No early cost-pattern anomaly against completed-works category norms.
EW-002720,Gujarat,NAVSARI,C R Patil,NAVSARI(DISTRICT COLLECTOR NAVSARI_IDA),NAVSARI,"Construction of roads, link roads, pathways or any other road with or without drainage system",23-Aug-2026,500000.0,Payment In-Progress,0.0,1.0000000000000007,0,Low - Normal Pattern,No early cost-pattern anomaly against completed-works category norms.
EW-002721,Chhattisgarh,DURG,Vijay Baghel,BEMETARA(Collector Bemetara_IDA),BEMETARA,Construction of community centers and community halls,15-Jul-2025,200000.0,Payment In-Progress,-1.216269798983159,0.40241691599748064,0,Low - Normal Pattern,No early cost-pattern anomaly against completed-works category norms.
EW-002722,Maharashtra,BARAMATI,Smt Supriya Sadanand Sule,PUNE(DISTRICT COLLECTOR PUNE_IDA),PUNE,"Construction of roads, link roads, pathways or any other road with or without drainage system",03-Sep-2026,1000000.0,Payment In-Progress,0.8991045147700292,2.0000000000000013,0,Low - Normal Pattern,No early cost-pattern anomaly against completed-works category norms.
EW-002723,Uttar Pradesh,BHADOHI,VINOD KUMAR BIND,BHADOHI(DISTRICT MAGISTRATE BHADOHI_IDA),BHADOHI,Lighting of public spaces,09-Jul-2026,118993.0,Payment In-Progress,-1.8646112175929606,0.5934753768042214,0,Low - Normal Pattern,No early cost-pattern anomaly against completed-works category norms.
EW-002724,Rajasthan,BIKANER(SC),Shri Arjun Ram Meghwal,BIKANER(DISTRICT COLLECTOR BIKANER_IDA),BIKANER,Construction of boundary walls of existing public and community buildings,02-Sep-2026,502861.0,Payment In-Progress,0.020338165957784426,1.015233930721739,0,Low - Normal Pattern,No early cost-pattern anomaly against completed-works category norms.
EW-002725,Madhya Pradesh,HOSHANGABAD,DARSHAN SINGH CHOUDHARY,NARMADAPURAM(DISTRICT COLLECTOR NARMADAPURAM_IDA),NARMADAPURAM,"Construction of roads, link roads, pathways or any other road with or without drainage system",05-Aug-2026,80000.0,Payment In-Progress,-2.377103036629142,0.1600000000000001,0,Low - Normal Pattern,No early cost-pattern anomaly against completed-works category norms.
EW-002726,Uttar Pradesh,KANNAUJ,AKHILESH YADAV,KANPUR DEHAT(DISTRICT MAGISTRATE KANPUR DEHAT_IDA),KANPUR DEHAT,"Construction of roads, link roads, pathways or any other road with or without drainage system",28-Jul-2026,281371.0,Payment In-Progress,-0.7457662430999682,0.5627420000000003,0,Low - Normal Pattern,No early cost-pattern anomaly against completed-works category norms.
EW-002727,Uttar Pradesh,BHADOHI,VINOD KUMAR BIND,BHADOHI(DISTRICT MAGISTRATE BHADOHI_IDA),BHADOHI,Lighting of public spaces,10-Jul-2026,118971.0,Payment In-Progress,-1.8652720012599602,0.5933656522129455,0,Low - Normal Pattern,No early cost-pattern anomaly against completed-works category norms.
EW-002728,Uttar Pradesh,BHADOHI,VINOD KUMAR BIND,BHADOHI(DISTRICT MAGISTRATE BHADOHI_IDA),BHADOHI,Lighting of public spaces,10-Jul-2026,118971.0,Payment In-Progress,-1.8652720012599602,0.5933656522129455,0,Low - Normal Pattern,No early cost-pattern anomaly against completed-works category norms.
EW-002729,Uttar Pradesh,BHADOHI,VINOD KUMAR BIND,BHADOHI(DISTRICT MAGISTRATE BHADOHI_IDA),BHADOHI,Lighting of public spaces,10-Jul-2026,118971.0,Payment In-Progress,-1.8652720012599602,0.5933656522129455,0,Low - Normal Pattern,No early cost-pattern anomaly against completed-works category norms.
EW-002730,Uttar Pradesh,BHADOHI,VINOD KUMAR BIND,BHADOHI(DISTRICT MAGISTRATE BHADOHI_IDA),BHADOHI,Lighting of public spaces,10-Jul-2026,118971.0,Payment In-Progress,-1.8652720012599602,0.5933656522129455,0,Low - Normal Pattern,No early cost-pattern anomaly against completed-works category norms.
EW-002731,Uttar Pradesh,BHADOHI,VINOD KUMAR BIND,BHADOHI(DISTRICT MAGISTRATE BHADOHI_IDA),BHADOHI,Lighting of public spaces,10-Jul-2026,118971.0,Payment In-Progress,-1.8652720012599602,0.5933656522129455,0,Low - Normal Pattern,No early cost-pattern anomaly against completed-works category norms.
EW-002732,Uttar Pradesh,BHADOHI,VINOD KUMAR BIND,BHADOHI(DISTRICT MAGISTRATE BHADOHI_IDA),BHADOHI,Lighting of public spaces,10-Jul-2026,118971.0,Payment In-Progress,-1.8652720012599602,0.5933656522129455,0,Low - Normal Pattern,No early cost-pattern anomaly against completed-works category norms.
EW-002733,Uttar Pradesh,BHADOHI,VINOD KUMAR BIND,BHADOHI(DISTRICT MAGISTRATE BHADOHI_IDA),BHADOHI,Lighting of public spaces,10-Jul-2026,118971.0,Payment In-Progress,-1.8652720012599602,0.5933656522129455,0,Low - Normal Pattern,No early cost-pattern anomaly against completed-works category norms.
EW-002734,Uttar Pradesh,BHADOHI,VINOD KUMAR BIND,BHADOHI(DISTRICT MAGISTRATE BHADOHI_IDA),BHADOHI,Lighting of public spaces,10-Jul-2026,118971.0,Payment In-Progress,-1.8652720012599602,0.5933656522129455,0,Low - Normal Pattern,No early cost-pattern anomaly against completed-works category norms.
EW-002735,Uttar Pradesh,BHADOHI,VINOD KUMAR BIND,BHADOHI(DISTRICT MAGISTRATE BHADOHI_IDA),BHADOHI,Lighting of public spaces,10-Jul-2026,118971.0,Payment In-Progress,-1.8652720012599602,0.5933656522129455,0,Low - Normal Pattern,No early cost-pattern anomaly against completed-works category norms.
EW-002736,Uttar Pradesh,BHADOHI,VINOD KUMAR BIND,BHADOHI(DISTRICT MAGISTRATE BHADOHI_IDA),BHADOHI,Lighting of public spaces,10-Jul-2026,118971.0,Payment In-Progress,-1.8652720012599602,0.5933656522129455,0,Low - Normal Pattern,No early cost-pattern anomaly against completed-works category norms.
EW-002737,Uttar Pradesh,BHADOHI,VINOD KUMAR BIND,BHADOHI(DISTRICT MAGISTRATE BHADOHI_IDA),BHADOHI,Lighting of public spaces,10-Jul-2026,118971.0,Payment In-Progress,-1.8652720012599602,0.5933656522129455,0,Low - Normal Pattern,No early cost-pattern anomaly against completed-works category norms.
EW-002738,Rajasthan,BHILWARA,DAMODAR AGARWAL,Shahpura(DISTRICT COLLECTOR Shahpura_IDA),Shahpura,Construction of community centers and community halls,23-May-2026,6693.0,Payment In-Progress,-5.75557591839642,0.01346688209385569,0,Low - Normal Pattern,No early cost-pattern anomaly against completed-works category norms.
EW-002739,Uttar Pradesh,SALEMPUR,RAMASHANKAR RAJBHAR,DEORIA(DISTRICT MAGISTRATE DEORIA),DEORIA,"Construction of roads, link roads, pathways or any other road with or without drainage system",16-Feb-2026,121501.0,Payment In-Progress,-1.8350362669129736,0.24300200000000013,0,Low - Normal Pattern,No early cost-pattern anomaly against completed-works category norms.
EW-002740,Uttar Pradesh,MUZAFFARNAGAR,HARENDRA SINGH MALIK,MUZAFFARNAGAR(DISTRICT MAGISTRATE MUZAFFARNAGAR_IDA),MUZAFFARNAGAR,"Construction of roads, link roads, pathways or any other road with or without drainage system",20-Aug-2026,78743.0,Payment In-Progress,-2.3976460658777086,0.1574860000000001,0,Low - Normal Pattern,No early cost-pattern anomaly against completed-works category norms.
EW-002741,Uttar Pradesh,MUZAFFARNAGAR,HARENDRA SINGH MALIK,MUZAFFARNAGAR(DISTRICT MAGISTRATE MUZAFFARNAGAR_IDA),MUZAFFARNAGAR,"Construction of roads, link roads, pathways or any other road with or without drainage system",04-Aug-2026,239848.0,Payment In-Progress,-0.9528778747091111,0.4796960000000003,0,Low - Normal Pattern,No early cost-pattern anomaly against completed-works category norms.
EW-002742,Punjab,BHATINDA,Smt Harsimrat Kaur Badal,BATHINDA(DEPUTY COMMISSIONER BHATINDA_IDA),BATHINDA,"Construction of roads, link roads, pathways or any other road with or without drainage system",21-Aug-2026,36523.0,Payment In-Progress,-3.3941653225873503,0.07304600000000004,0,Low - Normal Pattern,No early cost-pattern anomaly against completed-works category norms.
EW-002743,Punjab,BHATINDA,Smt Harsimrat Kaur Badal,BATHINDA(DEPUTY COMMISSIONER BHATINDA_IDA),BATHINDA,"Construction of roads, link roads, pathways or any other road with or without drainage system",21-Aug-2026,10710.0,Payment In-Progress,-4.985442564717177,0.021420000000000012,0,Low - Normal Pattern,No early cost-pattern anomaly against completed-works category norms.
EW-002744,Uttar Pradesh,KAUSHAMBI(SC),PUSHPENDRA SAROJ,KAUSHAMBI(DISTRICT MAGISTRAE KAUSHAMBI_IDA),KAUSHAMBI,Installing hand pumps,22-Dec-2025,29578.0,Payment In-Progress,-7612.402834532265,0.4001028055082106,0,Low - Normal Pattern,No early cost-pattern anomaly against completed-works category norms.
EW-002745,Punjab,ANANDPUR SAHIB,MALVINDER SINGH KANG,RUPNAGAR(DEPUTY COMMISSIONER ROOPNAGAR_IDA),RUPNAGAR,"Construction of rooms and facilities for hospitals, FWC , PHC Centers and ANM centers",03-Sep-2026,24128.0,Payment In-Progress,-2.77396748509214,0.05092307009191046,0,Low - Normal Pattern,No early cost-pattern anomaly against completed-works category norms.
EW-002746,Uttar Pradesh,BALLIA,SANATAN PANDEY,BALLIA(DISTRICT MAGISTRAE BALLIA_IDA),BALLIA,Street lights,06-Aug-2025,216409.0,Payment In-Progress,-0.025067195635935163,0.9707878575818343,0,Low - Normal Pattern,No early cost-pattern anomaly against completed-works category norms.
EW-002747,Uttar Pradesh,MUZAFFARNAGAR,HARENDRA SINGH MALIK,MUZAFFARNAGAR(DISTRICT MAGISTRATE MUZAFFARNAGAR_IDA),MUZAFFARNAGAR,"Construction of roads, link roads, pathways or any other road with or without drainage system",05-Aug-2026,439619.0,Payment In-Progress,-0.16694065091730328,0.8792380000000005,0,Low - Normal Pattern,No early cost-pattern anomaly against completed-works category norms.
EW-002748,Karnataka,HAVERI,BASAVARAJ BOMMAI,HAVERI(DEPUTY COMMISSIONER HAVERI_IDA),HAVERI,"Construction of roads, link roads, pathways or any other road with or without drainage system",02-Sep-2026,250000.0,Payment In-Progress,-0.8991045147700292,0.5000000000000003,0,Low - Normal Pattern,No early cost-pattern anomaly against completed-works category norms.
EW-002749,Karnataka,HAVERI,BASAVARAJ BOMMAI,HAVERI(DEPUTY COMMISSIONER HAVERI_IDA),HAVERI,Construction of buildings for community cultural activities,02-Sep-2026,125000.0,Payment In-Progress,-1.2409912512490298,0.35714285714285704,0,Low - Normal Pattern,No early cost-pattern anomaly against completed-works category norms.
EW-002750,Karnataka,HAVERI,BASAVARAJ BOMMAI,HAVERI(DEPUTY COMMISSIONER HAVERI_IDA),HAVERI,Construction of buildings for community cultural activities,02-Sep-2026,125000.0,Payment In-Progress,-1.2409912512490298,0.35714285714285704,0,Low - Normal Pattern,No early cost-pattern anomaly against completed-works category norms.
EW-002751,Karnataka,HAVERI,BASAVARAJ BOMMAI,HAVERI(DEPUTY COMMISSIONER HAVERI_IDA),HAVERI,Construction of buildings for community cultural activities,02-Sep-2026,250000.0,Payment In-Progress,-0.405547035115453,0.7142857142857141,0,Low - Normal Pattern,No early cost-pattern anomaly against completed-works category norms.
EW-002752,Karnataka,HAVERI,BASAVARAJ BOMMAI,HAVERI(DEPUTY COMMISSIONER HAVERI_IDA),HAVERI,Construction of buildings for community cultural activities,02-Sep-2026,125000.0,Payment In-Progress,-1.2409912512490298,0.35714285714285704,0,Low - Normal Pattern,No early cost-pattern anomaly against completed-works category norms.
EW-002753,Karnataka,HAVERI,BASAVARAJ BOMMAI,HAVERI(DEPUTY COMMISSIONER HAVERI_IDA),HAVERI,Construction of buildings for community cultural activities,02-Sep-2026,125000.0,Payment In-Progress,-1.2409912512490298,0.35714285714285704,0,Low - Normal Pattern,No early cost-pattern anomaly against completed-works category norms.
EW-002754,Uttar Pradesh,SALEMPUR,RAMASHANKAR RAJBHAR,DEORIA(DISTRICT MAGISTRATE DEORIA),DEORIA,Construction of boundary walls of existing public and community buildings,22-Aug-2026,524573.0,Payment In-Progress,0.07720087705585159,1.059068626798449,0,Low - Normal Pattern,No early cost-pattern anomaly against completed-works category norms.
EW-002755,Tamil Nadu,TIRUCHIRAPPALLI,DURAI VAIKO,PUDUKKOTTAI(DISTRICT COLLECTOR PUDUKKOTTAI_IDA),PUDUKKOTTAI,Construction of buildings for community cultural activities,31-Aug-2026,569826.0,Payment In-Progress,0.5874564090827457,1.6280742857142851,0,Low - Normal Pattern,No early cost-pattern anomaly against completed-works category norms.
EW-002756,Uttar Pradesh,MUZAFFARNAGAR,HARENDRA SINGH MALIK,MUZAFFARNAGAR(DISTRICT MAGISTRATE MUZAFFARNAGAR_IDA),MUZAFFARNAGAR,"Construction of roads, link roads, pathways or any other road with or without drainage system",06-Aug-2026,53264.0,Payment In-Progress,-2.904732832739583,0.10652800000000007,0,Low - Normal Pattern,No early cost-pattern anomaly against completed-works category norms.
EW-002757,Uttar Pradesh,MUZAFFARNAGAR,HARENDRA SINGH MALIK,MUZAFFARNAGAR(DISTRICT MAGISTRATE MUZAFFARNAGAR_IDA),MUZAFFARNAGAR,"Construction of roads, link roads, pathways or any other road with or without drainage system",14-May-2026,1138440.0,Payment In-Progress,1.0672894391633658,2.276880000000001,0,Low - Normal Pattern,No early cost-pattern anomaly against completed-works category norms.
EW-002758,Uttar Pradesh,MUZAFFARNAGAR,HARENDRA SINGH MALIK,MUZAFFARNAGAR(DISTRICT MAGISTRATE MUZAFFARNAGAR_IDA),MUZAFFARNAGAR,"Construction of roads, link roads, pathways or any other road with or without drainage system",04-Aug-2026,107938.0,Payment In-Progress,-1.9885721434437797,0.21587600000000012,0,Low - Normal Pattern,No early cost-pattern anomaly against completed-works category norms.
EW-002759,Uttar Pradesh,BHADOHI,VINOD KUMAR BIND,BHADOHI(DISTRICT MAGISTRATE BHADOHI_IDA),BHADOHI,Lighting of public spaces,10-Jul-2026,118971.0,Payment In-Progress,-1.8652720012599602,0.5933656522129455,0,Low - Normal Pattern,No early cost-pattern anomaly against completed-works category norms.
EW-002760,Uttar Pradesh,BHADOHI,VINOD KUMAR BIND,BHADOHI(DISTRICT MAGISTRATE BHADOHI_IDA),BHADOHI,Lighting of public spaces,10-Jul-2026,118971.0,Payment In-Progress,-1.8652720012599602,0.5933656522129455,0,Low - Normal Pattern,No early cost-pattern anomaly against completed-works category norms.
EW-002761,Tamil Nadu,THANJAVUR,MURASOLI S,THANJAVUR(DISTRICT COLLECTOR THANJAVUR_IDA),THANJAVUR,Construction of community centers and community halls,14-Aug-2026,1348754.0,Payment In-Progress,1.3339673829250256,2.71380712559633,0,Low - Normal Pattern,No early cost-pattern anomaly against completed-works category norms.
EW-002762,Punjab,BHATINDA,Smt Harsimrat Kaur Badal,BATHINDA(DEPUTY COMMISSIONER BHATINDA_IDA),BATHINDA,Crematoriums/energy efficient crematoriums or structures on burial/cremation ground,19-Aug-2026,90763.0,Payment In-Progress,-4.463380834264667,0.2272947916325864,0,Low - Normal Pattern,No early cost-pattern anomaly against completed-works category norms.
EW-002763,Rajasthan,JALORE,LUMBARAM,JALORE(DISTRICT COLLECTOR JALORE_IDA),JALORE,"Construction of roads, link roads, pathways or any other road with or without drainage system",04-Sep-2026,3990.0,Payment In-Progress,-6.266214993626722,0.007980000000000004,0,Low - Normal Pattern,No early cost-pattern anomaly against completed-works category norms.
EW-002764,Rajasthan,JALORE,LUMBARAM,JALORE(DISTRICT COLLECTOR JALORE_IDA),JALORE,Development of playground,04-Sep-2026,23100.0,Payment In-Progress,-4.9734710759088445,0.02851851851851851,0,Low - Normal Pattern,No early cost-pattern anomaly against completed-works category norms.
EW-002765,Rajasthan,JALORE,LUMBARAM,JALORE(DISTRICT COLLECTOR JALORE_IDA),JALORE,Development of playground,04-Sep-2026,7980.0,Payment In-Progress,-6.459547531578951,0.00985185185185185,0,Low - Normal Pattern,No early cost-pattern anomaly against completed-works category norms.
EW-002766,Rajasthan,JALORE,LUMBARAM,JALORE(DISTRICT COLLECTOR JALORE_IDA),JALORE,"Construction of roads, link roads, pathways or any other road with or without drainage system",04-Sep-2026,3705.0,Payment In-Progress,-6.362342936165617,0.007410000000000004,0,Low - Normal Pattern,No early cost-pattern anomaly against completed-works category norms.
EW-002767,Rajasthan,JALORE,LUMBARAM,JALORE(DISTRICT COLLECTOR JALORE_IDA),JALORE,"Construction of roads, link roads, pathways or any other road with or without drainage system",04-Sep-2026,3705.0,Payment In-Progress,-6.362342936165617,0.007410000000000004,0,Low - Normal Pattern,No early cost-pattern anomaly against completed-works category norms.
EW-002768,Rajasthan,JALORE,LUMBARAM,JALORE(DISTRICT COLLECTOR JALORE_IDA),JALORE,Development of playground,04-Sep-2026,7980.0,Payment In-Progress,-6.459547531578951,0.00985185185185185,0,Low - Normal Pattern,No early cost-pattern anomaly against completed-works category norms.
EW-002769,Rajasthan,CHURU,Rahul Kaswan,CHURU(DISTRICT COLLECTOR CHURU_IDA),CHURU,Construction of public irrigation facilities,31-Aug-2026,1180806.0,Payment In-Progress,1.2385706806830477,2.4753102172863692,0,Low - Normal Pattern,No early cost-pattern anomaly against completed-works category norms.
EW-002770,Punjab,BHATINDA,Smt Harsimrat Kaur Badal,BATHINDA(DEPUTY COMMISSIONER BHATINDA_IDA),BATHINDA,Crematoriums/energy efficient crematoriums or structures on burial/cremation ground,19-Aug-2026,48867.0,Payment In-Progress,-6.328710302891748,0.1223760186718112,0,Low - Normal Pattern,No early cost-pattern anomaly against completed-works category norms.
EW-002771,Punjab,BHATINDA,Smt Harsimrat Kaur Badal,BATHINDA(DEPUTY COMMISSIONER BHATINDA_IDA),BATHINDA,Crematoriums/energy efficient crematoriums or structures on burial/cremation ground,19-Aug-2026,19935.0,Payment In-Progress,-9.029999675303921,0.04992256394340877,0,Low - Normal Pattern,No early cost-pattern anomaly against completed-works category norms.
EW-002772,Uttar Pradesh,BHADOHI,VINOD KUMAR BIND,BHADOHI(DISTRICT MAGISTRATE BHADOHI_IDA),BHADOHI,Lighting of public spaces,10-Jul-2026,118971.0,Payment In-Progress,-1.8652720012599602,0.5933656522129455,0,Low - Normal Pattern,No early cost-pattern anomaly against completed-works category norms.
EW-002773,West Bengal,BARDHAMAN PURBA(SC),DR. SHARMILA SARKAR,PURBA BARDHAMAN(DISTRICT MAGISTRATE PURBA BARDHAMAN_IDA),PURBA BARDHAMAN,Providing drains and gutters for public drainage,03-Aug-2026,637871.0,Payment In-Progress,0.5045701809410844,1.3813620087852232,0,Low - Normal Pattern,No early cost-pattern anomaly against completed-works category norms.
EW-002774,Telangana,NAGARKURNOOL(SC),DR.MALLU RAVI,WANAPARTHY(DISTRICT COLLECTOR WANAPARTHY_IDA),WANAPARTHY,Construction of toilet blocks,03-Sep-2026,340538.0,Payment In-Progress,0.5844674178852216,1.3621520000000007,0,Low - Normal Pattern,No early cost-pattern anomaly against completed-works category norms.
EW-002775,Uttar Pradesh,NAGINA(SC),CHANDRA SHEKHAR,BIJNOR(DISTRICT MAGISTRATE BIJNOR_IDA),BIJNOR,"Construction of roads, link roads, pathways or any other road with or without drainage system",04-Sep-2026,123650.0,Payment In-Progress,-1.8122942706417078,0.24730000000000013,0,Low - Normal Pattern,No early cost-pattern anomaly against completed-works category norms.
EW-002776,Uttar Pradesh,NAGINA(SC),CHANDRA SHEKHAR,BIJNOR(DISTRICT MAGISTRATE BIJNOR_IDA),BIJNOR,"Construction of roads, link roads, pathways or any other road with or without drainage system",04-Sep-2026,1454160.0,Payment In-Progress,1.384788201030964,2.9083200000000016,0,Low - Normal Pattern,No early cost-pattern anomaly against completed-works category norms.
EW-002777,Rajasthan,JALORE,LUMBARAM,JALORE(DISTRICT COLLECTOR JALORE_IDA),JALORE,Development of playground,04-Sep-2026,7980.0,Payment In-Progress,-6.459547531578951,0.00985185185185185,0,Low - Normal Pattern,No early cost-pattern anomaly against completed-works category norms.
EW-002778,Rajasthan,JALORE,LUMBARAM,JALORE(DISTRICT COLLECTOR JALORE_IDA),JALORE,"Construction of roads, link roads, pathways or any other road with or without drainage system",04-Sep-2026,3705.0,Payment In-Progress,-6.362342936165617,0.007410000000000004,0,Low - Normal Pattern,No early cost-pattern anomaly against completed-works category norms.
EW-002779,Rajasthan,JALORE,LUMBARAM,JALORE(DISTRICT COLLECTOR JALORE_IDA),JALORE,"Construction of roads, link roads, pathways or any other road with or without drainage system",04-Sep-2026,3705.0,Payment In-Progress,-6.362342936165617,0.007410000000000004,0,Low - Normal Pattern,No early cost-pattern anomaly against completed-works category norms.
EW-002780,Rajasthan,JALORE,LUMBARAM,JALORE(DISTRICT COLLECTOR JALORE_IDA),JALORE,Development of playground,04-Sep-2026,4560.0,Payment In-Progress,-7.2419695656119805,0.005629629629629628,0,Low - Normal Pattern,No early cost-pattern anomaly against completed-works category norms.
EW-002781,Rajasthan,JALORE,LUMBARAM,JALORE(DISTRICT COLLECTOR JALORE_IDA),JALORE,"Construction of roads, link roads, pathways or any other road with or without drainage system",04-Sep-2026,2728.0,Payment In-Progress,-6.759414371466813,0.005456000000000003,0,Low - Normal Pattern,No early cost-pattern anomaly against completed-works category norms.
EW-002782,Rajasthan,JALORE,LUMBARAM,JALORE(DISTRICT COLLECTOR JALORE_IDA),JALORE,Development of playground,04-Sep-2026,29400.0,Payment In-Progress,-4.636292406017507,0.036296296296296285,0,Low - Normal Pattern,No early cost-pattern anomaly against completed-works category norms.
EW-002783,Rajasthan,JALORE,LUMBARAM,JALORE(DISTRICT COLLECTOR JALORE_IDA),JALORE,Development of playground,04-Sep-2026,29400.0,Payment In-Progress,-4.636292406017507,0.036296296296296285,0,Low - Normal Pattern,No early cost-pattern anomaly against completed-works category norms.
EW-002784,Rajasthan,JALORE,LUMBARAM,JALORE(DISTRICT COLLECTOR JALORE_IDA),JALORE,"Construction of roads, link roads, pathways or any other road with or without drainage system",04-Sep-2026,5250.0,Payment In-Progress,-5.910233733210474,0.010500000000000006,0,Low - Normal Pattern,No early cost-pattern anomaly against completed-works category norms.
EW-002785,Uttar Pradesh,BHADOHI,VINOD KUMAR BIND,BHADOHI(DISTRICT MAGISTRATE BHADOHI_IDA),BHADOHI,Lighting of public spaces,10-Jul-2026,118971.0,Payment In-Progress,-1.8652720012599602,0.5933656522129455,0,Low - Normal Pattern,No early cost-pattern anomaly against completed-works category norms.
EW-002786,Rajasthan,AJMER,Bhagirath Chaudhary,AJMER(DISTRICT COLLECTOR AJMER_IDA),AJMER,Construction of community centers and community halls,06-Aug-2026,358019.0,Payment In-Progress,-0.43826058090992204,0.72036450924251,0,Low - Normal Pattern,No early cost-pattern anomaly against completed-works category norms.
EW-002787,Karnataka,BANGALORE RURAL,DR C N MANJUNATH,Bengaluru South(DEPUTY COMMISSIONER RAMANAGARA_IDA),Bengaluru South,"Construction of roads, link roads, pathways or any other road with or without drainage system",02-Sep-2026,125000.0,Payment In-Progress,-1.7982090295400583,0.25000000000000017,0,Low - Normal Pattern,No early cost-pattern anomaly against completed-works category norms.
EW-002788,Karnataka,BANGALORE RURAL,DR C N MANJUNATH,Bengaluru South(DEPUTY COMMISSIONER RAMANAGARA_IDA),Bengaluru South,"Construction of roads, link roads, pathways or any other road with or without drainage system",02-Sep-2026,125000.0,Payment In-Progress,-1.7982090295400583,0.25000000000000017,0,Low - Normal Pattern,No early cost-pattern anomaly against completed-works category norms.
EW-002789,Gujarat,NAVSARI,C R Patil,NAVSARI(DISTRICT COLLECTOR NAVSARI_IDA),NAVSARI,"Construction of roads, link roads, pathways or any other road with or without drainage system",23-Aug-2026,500000.0,Payment In-Progress,0.0,1.0000000000000007,0,Low - Normal Pattern,No early cost-pattern anomaly against completed-works category norms.
EW-002790,Uttar Pradesh,BHADOHI,VINOD KUMAR BIND,BHADOHI(DISTRICT MAGISTRATE BHADOHI_IDA),BHADOHI,Lighting of public spaces,09-Jul-2026,107898.0,Payment In-Progress,-2.2143988417910063,0.5381392704312177,0,Low - Normal Pattern,No early cost-pattern anomaly against completed-works category norms.
EW-002791,Uttar Pradesh,BHADOHI,VINOD KUMAR BIND,BHADOHI(DISTRICT MAGISTRATE BHADOHI_IDA),BHADOHI,Lighting of public spaces,09-Jul-2026,107898.0,Payment In-Progress,-2.2143988417910063,0.5381392704312177,0,Low - Normal Pattern,No early cost-pattern anomaly against completed-works category norms.
EW-002792,Uttar Pradesh,BHADOHI,VINOD KUMAR BIND,BHADOHI(DISTRICT MAGISTRATE BHADOHI_IDA),BHADOHI,Lighting of public spaces,09-Jul-2026,107898.0,Payment In-Progress,-2.2143988417910063,0.5381392704312177,0,Low - Normal Pattern,No early cost-pattern anomaly against completed-works category norms.
EW-002793,Uttar Pradesh,BHADOHI,VINOD KUMAR BIND,BHADOHI(DISTRICT MAGISTRATE BHADOHI_IDA),BHADOHI,Lighting of public spaces,09-Jul-2026,107877.0,Payment In-Progress,-2.2150944521629667,0.5380345333213634,0,Low - Normal Pattern,No early cost-pattern anomaly against completed-works category norms.
EW-002794,Uttar Pradesh,BHADOHI,VINOD KUMAR BIND,BHADOHI(DISTRICT MAGISTRATE BHADOHI_IDA),BHADOHI,Lighting of public spaces,09-Jul-2026,107877.0,Payment In-Progress,-2.2150944521629667,0.5380345333213634,0,Low - Normal Pattern,No early cost-pattern anomaly against completed-works category norms.
EW-002795,Uttar Pradesh,BHADOHI,VINOD KUMAR BIND,BHADOHI(DISTRICT MAGISTRATE BHADOHI_IDA),BHADOHI,Lighting of public spaces,09-Jul-2026,107898.0,Payment In-Progress,-2.2143988417910063,0.5381392704312177,0,Low - Normal Pattern,No early cost-pattern anomaly against completed-works category norms.
EW-002796,Uttar Pradesh,BHADOHI,VINOD KUMAR BIND,BHADOHI(DISTRICT MAGISTRATE BHADOHI_IDA),BHADOHI,Lighting of public spaces,09-Jul-2026,107877.0,Payment In-Progress,-2.2150944521629667,0.5380345333213634,0,Low - Normal Pattern,No early cost-pattern anomaly against completed-works category norms.
EW-002797,Rajasthan,JALORE,LUMBARAM,JALORE(DISTRICT COLLECTOR JALORE_IDA),JALORE,"Construction of roads, link roads, pathways or any other road with or without drainage system",04-Sep-2026,3705.0,Payment In-Progress,-6.362342936165617,0.007410000000000004,0,Low - Normal Pattern,No early cost-pattern anomaly against completed-works category norms.
EW-002798,Rajasthan,JALORE,LUMBARAM,JALORE(DISTRICT COLLECTOR JALORE_IDA),JALORE,Development of playground,04-Sep-2026,7980.0,Payment In-Progress,-6.459547531578951,0.00985185185185185,0,Low - Normal Pattern,No early cost-pattern anomaly against completed-works category norms.
EW-002799,Rajasthan,JALORE,LUMBARAM,JALORE(DISTRICT COLLECTOR JALORE_IDA),JALORE,Development of playground,04-Sep-2026,7980.0,Payment In-Progress,-6.459547531578951,0.00985185185185185,0,Low - Normal Pattern,No early cost-pattern anomaly against completed-works category norms.
EW-002800,Rajasthan,JALORE,LUMBARAM,JALORE(DISTRICT COLLECTOR JALORE_IDA),JALORE,"Construction of roads, link roads, pathways or any other road with or without drainage system",04-Sep-2026,3990.0,Payment In-Progress,-6.266214993626722,0.007980000000000004,0,Low - Normal Pattern,No early cost-pattern anomaly against completed-works category norms.
EW-002801,Uttar Pradesh,ALLAHABAD,UJJWAL RAMAN SINGH,PRAYAGRAJ(DISTRICT MAGISTRAE ALLAHABAD_IDA),PRAYAGRAJ,"Construction of roads, link roads, pathways or any other road with or without drainage system",08-May-2026,911447.0,Payment In-Progress,0.7788319081329481,1.8228940000000011,0,Low - Normal Pattern,No early cost-pattern anomaly against completed-works category norms.
EW-002802,Punjab,HOSHIARPUR(SC),DR. RAJ KUMAR CHABBEWAL,HOSHIARPUR(DEPUTY COMMISSIONER HOSHIARPUR_IDA),HOSHIARPUR,Construction of buildings for community cultural activities,02-Sep-2026,14190.0,Payment In-Progress,-3.863435273833094,0.04054285714285713,0,Low - Normal Pattern,No early cost-pattern anomaly against completed-works category norms.
