MP_Name,Work_Type,Amount,log_spend,peer_median,peer_mad,peer_n_mps,peer_median_spend,conc_eligible,conc_z,conc_ratio,conc_score,mp_total_amount,mp_works_n,portfolio_share,mp_cat_works_n,conc_reason
ABHAY KUMAR SINHA,Lighting of public spaces,1495000.0,14.217636764806924,14.80807765219108,1.280249166678587,95,2698152.0000000014,True,-0.31107411659077205,0.5540829426955929,0,39939422.0,84,0.03743168842052847,5,
ABHAY KUMAR SINHA,Purchase of books and periodicals for libraries/digitization of library books,38444422.0,17.46472417187058,13.458835614025542,1.4655849707377069,7,700000.0000000002,False,0.0,54.92060285714284,0,39939422.0,84,0.9625683115794715,79,
ABHIJIT GANGOPADHYAY,Construction of additional rooms and halls in the existing public and community building,1986497.0,14.501883344041842,13.81528000481769,0.6929616294384839,24,999769.4734287509,True,0.6683111050202839,1.9869550459339653,0,5523765.78,15,0.35962730483478245,2,
ABHIJIT GANGOPADHYAY,"Construction of roads, link roads, pathways or any other road with or without drainage system",2737868.7800000003,14.822690358189007,15.057946519666173,0.917949939299187,226,3464041.467798128,True,-0.17286376317808066,0.7903683617679931,0,5523765.78,15,0.4956525835894512,10,
ABHIJIT GANGOPADHYAY,Installing tube-wells and borewells,200000.0,12.206072645530174,13.14725957257652,0.9530793891161249,32,512604.3466944067,True,-0.6660836332653198,0.39016446366427643,0,5523765.78,15,0.036207183281402634,1,
ABHIJIT GANGOPADHYAY,Street lights,599400.0,13.3036844338647,14.893113691774463,1.2240634603534417,65,2937630.0000000014,True,-0.875828802332341,0.20404203388445777,0,5523765.78,15,0.1085129282943637,2,
ADITYA YADAV,"Construction of roads, link roads, pathways or any other road with or without drainage system",4582229.0,15.33769611892218,15.057946519666173,0.917949939299187,226,3464041.467798128,True,0.20555707519544472,1.3227985411250383,0,9509429.0,13,0.48186163438414653,5,
ADITYA YADAV,Lighting of public spaces,4927200.0,15.410281433354971,14.80807765219108,1.280249166678587,95,2698152.0000000014,True,0.31727140385401176,1.8261387794312542,0,9509429.0,13,0.5181383656158535,8,
AFZAL ANSARI,Construction of boundary walls of existing public and community buildings,2901794.0,14.880839724379456,13.800753921547606,0.6784135446722939,62,985351.7091490725,True,1.0738551429747638,2.944932223749755,0,25062440.0,19,0.11578258142463384,5,
AFZAL ANSARI,"Construction of roads, link roads, pathways or any other road with or without drainage system",2124258.0,14.568933122893768,15.057946519666173,0.917949939299187,226,3464041.467798128,True,-0.35932192160152515,0.6132311116212638,0,25062440.0,19,0.08475862685357052,3,
AFZAL ANSARI,Lighting of public spaces,20036388.0,16.813060578414884,14.80807765219108,1.280249166678587,95,2698152.0000000014,True,1.0563263924994004,7.425967106375026,0,25062440.0,19,0.7994587917217957,11,
AJENDRA SINGH LODHI,Construction of rooms and halls in school and colleges,9686186.0,16.0862113047343,13.889238600811138,0.7668752234068101,61,1076513.9999999993,True,1.93233272319463,8.997733424739488,0,10008873.0,7,0.9677599066348429,6,
AJENDRA SINGH LODHI,Lighting of public spaces,322687.0,12.684438092134071,14.80807765219108,1.280249166678587,95,2698152.0000000014,True,-1.1188407073715072,0.11959556022047677,0,10008873.0,7,0.032240093365157096,1,
AKHILESH YADAV,"Construction of roads, link roads, pathways or any other road with or without drainage system",1689758.0,14.340095881379563,15.057946519666173,0.917949939299187,226,3464041.467798128,True,-0.5274691296281097,0.4877995877670807,0,1689758.0,1,1.0,1,
AKSHAYA YADAV,"Construction of roads, link roads, pathways or any other road with or without drainage system",48853717.0,17.70434102363001,15.057946519666173,0.917949939299187,226,3464041.467798128,True,1.9445429609008635,14.103098203109335,0,48853717.0,20,1.0,20,
ALFRED KANNGAM S ARTHUR,Construction of boundary walls of existing public and community buildings,1879510.0,14.446521662536195,13.800753921547606,0.6784135446722939,62,985351.7091490725,True,0.6420425192235872,1.907450895501163,0,27751963.0,14,0.06772529928783777,1,
ALFRED KANNGAM S ARTHUR,Construction of buildings for sports facilities,1879510.0,14.446521662536195,14.038654109278484,0.22411402206865638,3,1250000.0000000005,False,0.0,1.5036079999999994,0,27751963.0,14,0.06772529928783777,1,
ALFRED KANNGAM S ARTHUR,Construction of public toilets and bathrooms,1879510.0,14.446521662536195,13.010791601747224,0.8303681034170749,16,447213.5954999579,True,1.1662296781596826,4.20271212439063,0,27751963.0,14,0.06772529928783777,1,
ALFRED KANNGAM S ARTHUR,"Construction of roads, link roads, pathways or any other road with or without drainage system",9496472.0,16.06643091917539,15.057946519666173,0.917949939299187,226,3464041.467798128,True,0.7410237730265393,2.741442932562902,0,27751963.0,14,0.34219100104738537,5,
ALFRED KANNGAM S ARTHUR,"Construction of rooms and facilities for hospitals, FWC , PHC Centers and ANM centers",3000000.0,14.914122846632385,13.122363377404328,0.5108256237659905,13,499999.9999999997,False,0.0,6.0000000000000036,0,27751963.0,14,0.10810046121782449,1,
ALFRED KANNGAM S ARTHUR,Construction of rooms and halls in school and colleges,2000000.0,14.508657738524219,13.889238600811138,0.7668752234068101,61,1076513.9999999993,True,0.5448059809931299,1.8578485741941129,0,27751963.0,14,0.07206697414521632,1,
ALFRED KANNGAM S ARTHUR,Creation of new ponds,1978431.0,14.497814664294241,14.851423699475491,0.3536090351812504,5,2817678.0000000023,False,0.0,0.7021494294238015,0,27751963.0,14,0.07128976786254723,1,
ALFRED KANNGAM S ARTHUR,Development of playground,5638530.0,15.545133951204305,13.761018831344273,0.606943052395259,18,946966.3434378215,True,1.9826994371160724,5.954308766170241,0,27751963.0,14,0.20317589786351328,3,
ALOK SHARMA,Construction of additional rooms and halls in the existing public and community building,1100000.0,13.9108207377686,13.81528000481769,0.6929616294384839,24,999769.4734287509,True,0.09299537180378405,1.100253637698603,0,6080980.0,11,0.18089189571417766,1,
ALOK SHARMA,Crematoriums/energy efficient crematoriums or structures on burial/cremation ground,4980980.0,15.42113721678938,13.126325517749349,0.5838245245570999,37,501985.0000000003,True,2.651225541059154,9.922567407392645,7,6080980.0,11,0.8191081042858224,10,"ALOK SHARMA spent ₹4,980,980 (₹49.81 lakh) on 'Crematoriums/energy efficient crematoriums or structures on burial/cremation ground' works — 9.9x the median MP spend in that category (₹501,985 (₹5.02 lakh), n=37 peer MPs), 82% of this MP's total disbursed funds."
AMARSING TISSO,Construction of boundary walls of existing public and community buildings,2982697.0,14.908338482742696,13.800753921547606,0.6784135446722939,62,985351.7091490725,True,1.1011952700427825,3.027037932045391,0,25068172.0,33,0.11898342647401654,2,
AMARSING TISSO,Construction of bus-sheds or bus-stops,1496356.0,14.218543377121126,13.86558751291084,0.743540185445033,21,1051351.9999999995,True,0.32018273533843433,1.4232683249758413,0,25068172.0,33,0.05969146852829955,2,
AMARSING TISSO,Construction of community centers and community halls,6498070.0,15.687015767698558,14.21557510928233,0.7574997842031976,101,1491921.0000000002,True,1.310213870418098,4.355505418852606,0,25068172.0,33,0.25921594921241164,4,
AMARSING TISSO,"Construction of roads, link roads, pathways or any other road with or without drainage system",4499487.0,15.319473948242054,15.057946519666173,0.917949939299187,226,3464041.467798128,True,0.1921676150543739,1.298912568405262,0,25068172.0,33,0.17949003222093737,3,
AMARSING TISSO,Construction of shelters for animals,500000.0,13.122363377404328,13.122363377404328,0.7897746741435387,5,499999.9999999997,False,0.0,1.0000000000000007,0,25068172.0,33,0.019945610713058774,1,
AMARSING TISSO,Construction of water tanks,181264.0,12.10770981111327,13.789690196386779,0.7455523627361185,12,974510.1333490579,False,0.0,0.18600524899321227,0,25068172.0,33,0.0072308423605837715,1,
AMARSING TISSO,Creation of new ponds,2817678.0,14.851423699475491,14.851423699475491,0.3536090351812504,5,2817678.0000000023,False,0.0,0.9999999999999992,0,25068172.0,33,0.11240061700550004,5,
AMARSING TISSO,Installing tube-wells and borewells,5092941.0,15.443366021271856,13.14725957257652,0.9530793891161249,32,512604.3466944067,True,1.6249683051915265,9.935422968694018,0,25068172.0,33,0.20316363714115254,14,
AMARSING TISSO,Tree plantation for community,999679.0,13.815189506432747,15.217030222651779,1.4018407162190316,2,4061367.1959083,False,0.0,0.24614346641868412,0,25068172.0,33,0.03987841634403976,1,
AMBICA G LAKSHMINARAYANA VALMIKI,Construction of boundary walls of existing public and community buildings,500000.0,13.122363377404328,13.800753921547606,0.6784135446722939,62,985351.7091490725,True,-0.6744771321534735,0.5074330265604234,0,3883891.0,7,0.12873687752823135,1,
AMBICA G LAKSHMINARAYANA VALMIKI,Construction of community centers and community halls,500000.0,13.122363377404328,14.21557510928233,0.7574997842031976,101,1491921.0000000002,True,-0.9734277534182294,0.3351383886948437,0,3883891.0,7,0.12873687752823135,1,
AMBICA G LAKSHMINARAYANA VALMIKI,"Construction of roads, link roads, pathways or any other road with or without drainage system",1999656.0,14.508485723730523,15.057946519666173,0.917949939299187,226,3464041.467798128,True,-0.40373803732863756,0.5772609879497358,0,3883891.0,7,0.514858939141186,4,
AMBICA G LAKSHMINARAYANA VALMIKI,"Construction of rooms and facilities for hospitals, FWC , PHC Centers and ANM centers",884235.0,13.69247814339543,13.122363377404328,0.5108256237659905,13,499999.9999999997,False,0.0,1.768470000000001,0,3883891.0,7,0.2276673058023513,1,
AMRARAM,Construction of boundary walls of existing public and community buildings,498249.0,13.11885523104844,13.800753921547606,0.6784135446722939,62,985351.7091490725,True,-0.6779650411665359,0.5056559961014089,0,12921597.0,24,0.038559397882475366,1,
AMRARAM,Construction of bus-sheds or bus-stops,499842.0,13.122047327465808,13.86558751291084,0.743540185445033,21,1051351.9999999995,True,-0.6745,0.4754278300702336,0,12921597.0,24,0.03868267985760584,2,
AMRARAM,Construction of common work sheds/ common covered sitting area,1197921.0,13.99609811224445,13.813291263073467,0.7598198476596352,54,997783.1659233379,True,0.16227954579710144,1.2005824921805097,0,12921597.0,24,0.09270688445089256,2,
AMRARAM,"Construction of roads, link roads, pathways or any other road with or without drainage system",6589856.0,15.701042054950115,15.057946519666173,0.917949939299187,226,3464041.467798128,True,0.47253986299098305,1.9023605985261933,0,12921597.0,24,0.5099877360360333,11,
AMRARAM,Crematoriums/energy efficient crematoriums or structures on burial/cremation ground,599779.0,13.304316533013566,13.126325517749349,0.5838245245570999,37,501985.0000000003,True,0.20563531462949466,1.1948145860932093,0,12921597.0,24,0.04641678578893925,1,
AMRARAM,Development of playground,799594.0,13.591859377828353,13.761018831344273,0.606943052395259,18,946966.3434378215,True,-0.1879880673256053,0.844374254207591,0,12921597.0,24,0.061880431652527164,1,
AMRARAM,Improvement of electricity distribution infrastructure,325374.0,12.692730568915271,12.864768028978977,0.8912752299478237,22,386453.9636230947,True,-0.13019465022018242,0.8419476331657825,0,12921597.0,24,0.02518063363220506,1,
AMRARAM,Installing tube-wells and borewells,1622949.0,14.299755422712803,13.14725957257652,0.9530793891161249,32,512604.3466944067,True,0.8156282255120809,3.1660851306973687,0,12921597.0,24,0.12559972269681527,3,
AMRARAM,Lighting of public spaces,493533.0,13.109345004920932,14.80807765219108,1.280249166678587,95,2698152.0000000014,True,-0.894978259237073,0.1829151952892201,0,12921597.0,24,0.03819442751542244,1,
AMRARAM,Purchase of furniture and fixtures for educational purposes,294500.0,12.593034282073779,14.370339389617413,1.2488303877550573,16,1741642.8451321456,True,-0.9599320346401675,0.169093221852644,0,12921597.0,24,0.022791300487083756,1,
AMRINDER SINGH RAJA WARRING,"Construction of roads, link roads, pathways or any other road with or without drainage system",1004411.0,13.819911858017623,15.057946519666173,0.917949939299187,226,3464041.467798128,True,-0.9096949011396777,0.28995351508838624,0,5297013.0,15,0.18961837548822327,3,
AMRINDER SINGH RAJA WARRING,Installation of fixed garden gym equipment,3592602.0,15.0943872890166,14.817987059441387,0.6050596036673905,9,2725022.0000000005,False,0.0,1.318375411281083,0,5297013.0,15,0.6782316750968895,9,
AMRINDER SINGH RAJA WARRING,Installation of multi-gym equipment,200000.0,12.206072645530174,13.279020011816728,0.5307928328022182,12,584796.9733163806,False,0.0,0.34199903406784243,0,5297013.0,15,0.03775712840425349,1,
AMRINDER SINGH RAJA WARRING,Purchase of mobile water tankers,250000.0,12.429216196844383,15.03928598958639,0.8174433387947495,17,3399999.999999998,True,-2.1536563962955264,0.07352941176470593,0,5297013.0,15,0.047196410505316866,1,
AMRINDER SINGH RAJA WARRING,Security gates in streets/public place for safety purpose,250000.0,12.429216196844383,12.768119761105972,0.33890356426158874,3,350852.0,False,0.0,0.7125511611733722,0,5297013.0,15,0.047196410505316866,1,
ANAND BHADAURIYA,"Construction of roads, link roads, pathways or any other road with or without drainage system",18900545.0,16.754701315592957,15.057946519666173,0.917949939299187,226,3464041.467798128,True,1.2467576507781677,5.4562121082268344,0,38721345.0,132,0.48811695461508375,15,
ANAND BHADAURIYA,Lighting of public spaces,11289139.0,16.23935167103882,14.80807765219108,1.280249166678587,95,2698152.0000000014,True,0.7540675290712111,4.184026326166944,0,38721345.0,132,0.29154821455711316,68,
ANAND BHADAURIYA,Street lights,8531661.0,15.959294625013266,14.893113691774463,1.2240634603534417,65,2937630.0000000014,True,0.5875014349843635,2.9042667047926374,0,38721345.0,132,0.2203348308278031,49,
ANAND KUMAR,"Construction of roads, link roads, pathways or any other road with or without drainage system",37917124.0,17.450913388592944,15.057946519666173,0.917949939299187,226,3464041.467798128,True,1.7583269892946078,10.945920928626041,0,37917124.0,30,1.0,30,
ANANTA NAYAK,"Construction of roads, link roads, pathways or any other road with or without drainage system",300000.0,12.611537753638338,15.057946519666173,0.917949939299187,226,3464041.467798128,True,-1.7975955354880822,0.08660404408804351,0,300000.0,1,1.0,1,
ANDREW J. SYNGKON,Construction of additional rooms and halls in the existing public and community building,400000.0,12.89921982609012,13.81528000481769,0.6929616294384839,24,999769.4734287509,True,-0.8916548396083998,0.4000922318904011,0,9800000.0,27,0.04081632653061224,2,
ANDREW J. SYNGKON,Construction of community centers and community halls,1100000.0,13.9108207377686,14.21557510928233,0.7574997842031976,101,1491921.0000000002,True,-0.2713622206536118,0.7373044551286562,0,9800000.0,27,0.11224489795918367,3,
ANDREW J. SYNGKON,Construction of foot over bridge (FOB),1000000.0,13.815510557964274,12.649024488897242,0.7895254336470403,4,311459.46766794554,False,0.0,3.210690647767125,0,9800000.0,27,0.10204081632653061,1,
ANDREW J. SYNGKON,Construction of rooms and halls in school and colleges,4400000.0,15.29711509888849,13.889238600811138,0.7668752234068101,61,1076513.9999999993,True,1.2382884059476589,4.087266863227049,0,9800000.0,27,0.4489795918367347,13,
ANDREW J. SYNGKON,Development of public parks,500000.0,13.122363377404328,14.219242164426287,1.096878787021959,13,1497402.0,False,0.0,0.33391166834290326,0,9800000.0,27,0.05102040816326531,1,
ANDREW J. SYNGKON,Installing community drinking water plants,600000.0,13.304684934198283,13.273726077636404,0.67248362567556,22,581709.2768729058,True,0.031051683570749063,1.0314430658995497,0,9800000.0,27,0.061224489795918366,2,
ANDREW J. SYNGKON,Providing garbage collection and disposal systems,500000.0,13.122363377404328,13.01066658611962,0.11169679128470911,2,447157.69030622736,False,0.0,1.1181737692078708,0,9800000.0,27,0.05102040816326531,1,
ANDREW J. SYNGKON,"Purchase of IT systems, including hardware and software for educational purposes",500000.0,13.122363377404328,13.774841282306094,0.8346872078132384,20,960146.6213032259,True,-0.527259005213738,0.5207537983327382,0,9800000.0,27,0.05102040816326531,1,
ANDREW J. SYNGKON,Purchase of furniture and fixtures for educational purposes,200000.0,12.206072645530174,14.370339389617413,1.2488303877550573,16,1741642.8451321456,True,-1.1689320929410025,0.11483410652132021,0,9800000.0,27,0.02040816326530612,1,
ANDREW J. SYNGKON,Setting up of laboratories,300000.0,12.611537753638338,16.012735135300492,0.8160960361180134,11,8999999.999999985,False,0.0,0.03333333333333339,0,9800000.0,27,0.030612244897959183,1,
ANDREW J. SYNGKON,Street lights,300000.0,12.611537753638338,14.893113691774463,1.2240634603534417,65,2937630.0000000014,True,-1.2572248254420246,0.1021231400823112,0,9800000.0,27,0.030612244897959183,1,
ANGOMCHA BIMOL AKOIJAM,Construction of boundary walls of existing public and community buildings,3022066.0,14.9214512614175,13.800753921547606,0.6784135446722939,62,985351.7091490725,True,1.1142324054089814,3.0669921936907056,0,32247094.0,14,0.09371591747150922,2,
ANGOMCHA BIMOL AKOIJAM,Construction of community centers and community halls,8900000.0,16.00156183470237,14.21557510928233,0.7574997842031976,101,1491921.0000000002,True,1.5902949035991694,5.965463318768218,0,32247094.0,14,0.2759938616484326,2,
ANGOMCHA BIMOL AKOIJAM,Construction of public toilets and bathrooms,1933334.0,14.474756531676064,13.010791601747224,0.8303681034170749,16,447213.5954999579,True,1.1891645899854997,4.323066247211579,0,32247094.0,14,0.059953743428787724,1,
ANGOMCHA BIMOL AKOIJAM,Development of playfields and sports grounds,2100000.0,14.557447902693651,13.699922696458536,0.5894825609725016,14,890842.2980528027,False,0.0,2.3573195891014227,0,32247094.0,14,0.06512214713052904,1,
ANGOMCHA BIMOL AKOIJAM,Development of public parks,4900000.0,15.404745763080856,14.219242164426287,1.096878787021959,13,1497402.0,False,0.0,3.2723343497604516,0,32247094.0,14,0.15195167663790107,1,
ANGOMCHA BIMOL AKOIJAM,Providing drains and gutters for public drainage,2720070.0,14.81616817323515,13.81519145615997,0.5174368543789507,50,999680.9491032623,True,1.3048138916922767,2.7209381177464347,0,32247094.0,14,0.0843508565453991,2,
ANGOMCHA BIMOL AKOIJAM,"Purchase of ambulances (Four, three and two wheelers)",4991644.0,15.423275872385865,14.407242208943915,0.8035199182557164,7,1807115.0000000002,False,0.0,2.7622171250861176,0,32247094.0,14,0.15479360713867737,1,
ANGOMCHA BIMOL AKOIJAM,Purchase of hospital equipment,1710000.0,14.352003928478842,14.038695543721623,0.6075665378155941,12,1250051.794126947,False,0.0,1.3679433188560695,0,32247094.0,14,0.05302803409200221,2,
ANGOMCHA BIMOL AKOIJAM,Purchase of motor boats for flood and cyclone prone areas,469980.0,13.060445419589339,13.060445419589339,0.0,1,469979.9999999998,False,0.0,1.0000000000000004,0,32247094.0,14,0.014574336527812398,1,
ANGOMCHA BIMOL AKOIJAM,Purchase of sanitary pad vending machine and incinerators,1500000.0,14.22097566607244,14.22097566607244,0.0,1,1500000.000000001,False,0.0,0.9999999999999993,0,32247094.0,14,0.04651581937894931,1,
ANITA NAGARSINGH CHOUHAN,Construction of culverts and bridges,1000000.0,13.815510557964274,13.951241645841687,0.828878268437359,42,1145373.8472655984,True,-0.11045122336951974,0.8730773820157883,0,13729920.0,22,0.07283363632126043,2,
ANITA NAGARSINGH CHOUHAN,Construction of road under bridge,500000.0,13.122363377404328,13.779028614409551,0.3207931276610303,6,964175.5033213604,False,0.0,0.5185777882528816,0,13729920.0,22,0.036416818160630214,1,
ANITA NAGARSINGH CHOUHAN,"Construction of roads, link roads, pathways or any other road with or without drainage system",7499551.0,15.830353710047792,15.057946519666173,0.917949939299187,226,3464041.467798128,True,0.5675567126352808,2.1649714848151027,0,13729920.0,22,0.5462195701067449,12,
ANITA NAGARSINGH CHOUHAN,Improvement of electricity distribution infrastructure,4730369.0,15.369513770110274,12.864768028978977,0.8912752299478237,22,386453.9636230947,True,1.895543537647694,12.240446328074121,0,13729920.0,22,0.3445299754113644,7,
ANITA SUBHADARSHINI,Construction of community centers and community halls,200000.0,12.206072645530174,14.21557510928233,0.7574997842031976,101,1491921.0000000002,True,-1.7893198652545672,0.13405535547793748,0,200000.0,1,1.0,1,
ANOOP PRADHAN BALMIKI,"Construction of cycle tracks, cycle stand and segregated non-motorized vehicle (NMV) lanes",11937775.0,16.295218300154996,15.145983247175094,1.1492350529799022,2,3782831.068459175,False,0.0,3.15577798319778,0,47446589.0,33,0.25160449363388376,11,
ANOOP PRADHAN BALMIKI,Construction of road under bridge,931545.0,13.744599777035674,13.779028614409551,0.3207931276610303,6,964175.5033213604,False,0.0,0.9661570915160612,0,47446589.0,33,0.019633550475040472,1,
ANOOP PRADHAN BALMIKI,"Construction of roads, link roads, pathways or any other road with or without drainage system",34577269.0,17.358707058813756,15.057946519666173,0.917949939299187,226,3464041.467798128,True,1.6905747440212502,9.981771096400466,0,47446589.0,33,0.7287619558910757,21,
ANUP SANJAY DHOTRE,"Construction of roads, link roads, pathways or any other road with or without drainage system",880171.0,13.687871485758874,15.057946519666173,0.917949939299187,226,3464041.467798128,True,-1.0067167835710005,0.2540878936300578,0,880171.0,2,1.0,2,
ARUN GOVIL,"Construction of roads, link roads, pathways or any other road with or without drainage system",24262838.0,17.00445643732579,15.057946519666173,0.917949939299187,226,3464041.467798128,True,1.4302750980775343,7.004199639510191,0,25126598.0,34,0.9656236789397434,29,
ARUN GOVIL,Street lights,863760.0,13.669050231421021,14.893113691774463,1.2240634603534417,65,2937630.0000000014,True,-0.6745,0.29403294492499044,0,25126598.0,34,0.034376321060256544,5,
ARUN NEHRU,Construction of rooms and halls in school and colleges,4349802.0,15.285640884787547,13.889238600811138,0.7668752234068101,61,1076513.9999999993,True,1.2281963372839926,4.0406367218633505,0,9054537.0,7,0.4804002678436236,1,
ARUN NEHRU,Construction of toilet blocks,4704735.0,15.36408000635484,13.117262389458487,0.8898969247531294,11,497456.00000000035,False,0.0,9.45759021903444,0,9054537.0,7,0.5195997321563764,6,
ARUNA. D. K,"Construction of roads, link roads, pathways or any other road with or without drainage system",1898760.0,14.456711599501029,15.057946519666173,0.917949939299187,226,3464041.467798128,True,-0.44178112148577026,0.548134315842045,0,8845886.0,36,0.2146489339790271,4,
ARUNA. D. K,Lighting of public spaces,6947126.0,15.753838606836004,14.80807765219108,1.280249166678587,95,2698152.0000000014,True,0.4982746956695755,2.5747719179645907,0,8845886.0,36,0.7853510660209729,32,
ATUL GARG,"Construction of roads, link roads, pathways or any other road with or without drainage system",8532964.0,15.959447338595021,15.057946519666173,0.917949939299187,226,3464041.467798128,True,0.6624133586541074,2.463297301525627,0,8740705.0,12,0.9762329240032698,11,
ATUL GARG,Improvement of electricity distribution infrastructure,207741.0,12.244047390479661,12.864768028978977,0.8912752299478237,22,386453.9636230947,True,-0.46974947423625635,0.5375569137715147,0,8740705.0,12,0.023767075996730242,1,
AWADHESH PRASAD,Construction of additional rooms and halls in the existing public and community building,1269338.0,14.054006062689114,13.81528000481769,0.6929616294384839,24,999769.4734287509,True,0.23236600584184156,1.269630683608245,0,35269027.0,26,0.03599016213291056,1,
AWADHESH PRASAD,"Construction of roads, link roads, pathways or any other road with or without drainage system",32162336.0,17.286306636453034,15.057946519666173,0.917949939299187,226,3464041.467798128,True,1.637375672054875,9.284627883061562,0,35269027.0,26,0.9119144681819547,23,
AWADHESH PRASAD,Construction of rooms and halls in school and colleges,1837353.0,14.423836506868959,13.889238600811138,0.7668752234068101,61,1076513.9999999993,True,0.47020203108676645,1.706761825670638,0,35269027.0,26,0.05209536968513478,2,
Abu Taher Khan,"Construction of roads, link roads, pathways or any other road with or without drainage system",791928.0,13.582225757573172,15.057946519666173,0.917949939299187,226,3464041.467798128,True,-1.0843441580176492,0.22861389142185373,0,1283318.0,4,0.6170941263194314,2,
Abu Taher Khan,Lighting of public spaces,140538.0,11.853233193820964,14.80807765219108,1.280249166678587,95,2698152.0000000014,True,-1.556761479752642,0.052086761605721225,0,1283318.0,4,0.10951143831848381,1,
Abu Taher Khan,Security gates in streets/public place for safety purpose,350852.0,12.768119761105972,12.768119761105972,0.33890356426158874,3,350852.0,False,0.0,1.0,0,1283318.0,4,0.27339443536208485,1,
Adv Adoor Prakash,Lighting of public spaces,3220794.0,14.985138470974722,14.80807765219108,1.280249166678587,95,2698152.0000000014,True,0.09328459285734389,1.1937036905259595,0,3220794.0,13,1.0,13,
Ajay Bhatt,"Construction of roads, link roads, pathways or any other road with or without drainage system",249225.0,12.426111381890905,15.057946519666173,0.917949939299187,226,3464041.467798128,True,-1.933844891132823,0.07194630962614214,0,500772.0,2,0.49768157964103427,1,
Ajay Bhatt,Lighting of public spaces,251547.0,12.43538512978991,14.80807765219108,1.280249166678587,95,2698152.0000000014,True,-1.2500544019189141,0.09322936587708916,0,500772.0,2,0.5023184203589658,1,
Ajay Kumar Mandal,"Construction of roads, link roads, pathways or any other road with or without drainage system",3080114.0,14.940477167251807,15.057946519666173,0.917949939299187,226,3464041.467798128,True,-0.08631524967906276,0.8891677621740002,0,15015414.0,16,0.20513014159982534,3,
Ajay Kumar Mandal,Lighting of public spaces,11935300.0,16.295010953593327,14.80807765219108,1.280249166678587,95,2698152.0000000014,True,0.783391653671435,4.423509127728902,0,15015414.0,16,0.7948698584001747,13,
Ajay Tamta,Construction of rooms and halls in school and colleges,454574.0,13.027115995628167,13.889238600811138,0.7668752234068101,61,1076513.9999999993,True,-0.7582742008701469,0.4222648288828573,0,454574.0,1,1.0,1,
Alok Kumar Suman,"Construction of roads, link roads, pathways or any other road with or without drainage system",1032374.0,13.847371562472278,15.057946519666173,0.917949939299187,226,3464041.467798128,True,-0.8895177979429552,0.29802587803783276,0,1032374.0,1,1.0,1,
Amol Ramsing Kolhe,"Construction of roads, link roads, pathways or any other road with or without drainage system",6995405.0,15.760764062904594,15.057946519666173,0.917949939299187,226,3464041.467798128,True,0.5164229688562656,2.0194345434457333,0,6995405.0,7,1.0,7,
Andimuthu Raja,Construction of bus-sheds or bus-stops,500000.0,13.122363377404328,13.86558751291084,0.743540185445033,21,1051351.9999999995,True,-0.6742132963520935,0.4755781127538638,0,4298314.0,5,0.11632467986284854,1,
Andimuthu Raja,Construction of community centers and community halls,2598804.0,14.770561897159254,14.21557510928233,0.7574997842031976,101,1491921.0000000002,True,0.49417649513490797,1.7419179701874292,0,4298314.0,5,0.6046100866525805,2,
Andimuthu Raja,"Construction of roads, link roads, pathways or any other road with or without drainage system",1199510.0,13.997423698034138,15.057946519666173,0.917949939299187,226,3464041.467798128,True,-0.779261060507203,0.34627472308016355,0,4298314.0,5,0.2790652334845709,2,
Anto Antony,"Construction of roads, link roads, pathways or any other road with or without drainage system",294496.0,12.593020699638583,15.057946519666173,0.917949939299187,226,3464041.467798128,True,-1.811201672803555,0.08501514855917487,0,511997.0,2,0.5751908702590054,1,
Anto Antony,Lighting of public spaces,217501.0,12.289958727201455,14.80807765219108,1.280249166678587,95,2698152.0000000014,True,-1.326672384651442,0.08061109974530711,0,511997.0,2,0.42480912974099455,1,
Anurag Sharma,Construction of community centers and community halls,1995839.0,14.506575071277602,14.21557510928233,0.7574997842031976,101,1491921.0000000002,True,0.2591148914613545,1.3377645331086563,0,11196398.0,17,0.17825723951577999,2,
Anurag Sharma,"Construction of roads, link roads, pathways or any other road with or without drainage system",8477994.0,15.952984423180386,15.057946519666173,0.917949939299187,226,3464041.467798128,True,0.6576644761055669,2.4474285538472276,0,11196398.0,17,0.7572072732677063,13,
Anurag Sharma,Construction of rooms and halls in school and colleges,498365.0,13.119088019270409,13.889238600811138,0.7668752234068101,61,1076513.9999999993,True,-0.6773808194526277,0.46294335233912454,0,11196398.0,17,0.044511190116678596,1,
Anurag Sharma,Installing hand pumps,224200.0,12.320293789620196,12.206072645530174,0.3837169895705621,11,200000.00000000006,False,0.0,1.1209999999999998,0,11196398.0,17,0.020024297099835144,1,
Anurag Singh Thakur,Construction of boundary walls of existing public and community buildings,500000.0,13.122363377404328,13.800753921547606,0.6784135446722939,62,985351.7091490725,True,-0.6744771321534735,0.5074330265604234,0,1088564.0,6,0.45932071977394073,1,
Anurag Singh Thakur,Construction of community centers and community halls,39200.0,10.576432025778553,14.21557510928233,0.7574997842031976,101,1491921.0000000002,True,-3.2403996159619446,0.026274849673675747,0,1088564.0,6,0.03601074443027695,1,
Anurag Singh Thakur,"Construction of roads, link roads, pathways or any other road with or without drainage system",549364.0,13.216516524467991,15.057946519666173,0.917949939299187,226,3464041.467798128,True,-1.3530634717503416,0.15859048025461311,0,1088564.0,6,0.5046685357957823,4,
Appalanaidu Kalisetti,"Construction of roads, link roads, pathways or any other road with or without drainage system",399545.0,12.898081678645969,15.057946519666173,0.917949939299187,226,3464041.467798128,True,-1.5870460608999546,0.11534070931719115,0,399545.0,1,1.0,1,
Arvind Dharmapuri,Construction of additional rooms and halls in the existing public and community building,400000.0,12.89921982609012,13.81528000481769,0.6929616294384839,24,999769.4734287509,True,-0.8916548396083998,0.4000922318904011,0,90651457.0,275,0.004412504919805095,1,
Arvind Dharmapuri,Construction of boundary walls of existing public and community buildings,11952473.0,16.2964487605382,13.800753921547606,0.6784135446722939,62,985351.7091490725,True,2.4812979960656483,12.130159098543489,7,90651457.0,275,0.1318508647908439,31,"Arvind Dharmapuri spent ₹11,952,473 (₹1.20 crore) on 'Construction of boundary walls of existing public and community buildings' works — 12.1x the median MP spend in that category (₹985,352 (₹9.85 lakh), n=62 peer MPs), 13% of this MP's total disbursed funds."
Arvind Dharmapuri,Construction of buildings for community cultural activities,1401084.0,14.152756780695231,13.815510557964274,0.6944420185008866,25,999999.9999999995,True,0.3275616555044912,1.4010840000000007,0,90651457.0,275,0.015455725107650503,4,
Arvind Dharmapuri,Construction of buildings for multi-gym,300000.0,12.611537753638338,12.866950565521332,0.25541281188299525,2,387298.33462074114,False,0.0,0.7745966692414845,0,90651457.0,275,0.003309378689853821,1,
Arvind Dharmapuri,Construction of common work sheds/ common covered sitting area,5049435.0,15.434786913804256,13.813291263073467,0.7598198476596352,54,997783.1659233379,True,1.439418593481971,5.060653629415873,0,90651457.0,275,0.055701641949340096,13,
Arvind Dharmapuri,Construction of community centers and community halls,45219933.0,17.62704854316771,14.21557510928233,0.7574997842031976,101,1491921.0000000002,True,3.037675890001891,30.30987096501758,12,90651457.0,275,0.4988329420893919,126,"Arvind Dharmapuri spent ₹45,219,933 (₹4.52 crore) on 'Construction of community centers and community halls' works — 30.3x the median MP spend in that category (₹1,491,921 (₹14.92 lakh), n=101 peer MPs), 50% of this MP's total disbursed funds."
Arvind Dharmapuri,Construction of public libraries and reading rooms,793748.0,13.584521309500825,13.897103407107302,0.7747400297029738,12,1085013.9555231554,False,0.0,0.7315555675201272,0,90651457.0,275,0.008756042387713636,2,
Arvind Dharmapuri,Construction of public toilets and bathrooms,399004.0,12.896726720884407,13.010791601747224,0.8303681034170749,16,447213.5954999579,True,-0.09265380236230737,0.8922000672943261,0,90651457.0,275,0.00440151778255478,1,
Arvind Dharmapuri,"Construction of roads, link roads, pathways or any other road with or without drainage system",10123735.0,16.130393224879835,15.057946519666173,0.917949939299187,226,3464041.467798128,True,0.7880226052619733,2.922521307585564,0,90651457.0,275,0.11167757623575758,26,
Arvind Dharmapuri,Construction of rooms and halls in school and colleges,494999.0,13.112311021346766,13.889238600811138,0.7668752234068101,61,1076513.9999999993,True,-0.6833414828825795,0.45981659318875584,0,90651457.0,275,0.005460463806996506,1,
Arvind Dharmapuri,Crematoriums/energy efficient crematoriums or structures on burial/cremation ground,400000.0,12.89921982609012,13.126325517749349,0.5838245245570999,37,501985.0000000003,True,-0.26237813346460137,0.7968365588613201,0,90651457.0,275,0.004412504919805095,1,
Arvind Dharmapuri,Development of public parks,400000.0,12.89921982609012,14.219242164426287,1.096878787021959,13,1497402.0,False,0.0,0.2671293346743226,0,90651457.0,275,0.004412504919805095,1,
Arvind Dharmapuri,Improvement of electricity distribution infrastructure,264390.0,12.485180564761816,12.864768028978977,0.8912752299478237,22,386453.9636230947,True,-0.28726451270216924,0.6841435847139022,0,90651457.0,275,0.0029165554393681724,1,
Arvind Dharmapuri,Installation of multi-gym equipment,1197731.0,13.995939491542947,13.279020011816728,0.5307928328022182,12,584796.9733163806,False,0.0,2.048114225365555,0,90651457.0,275,0.01321248482525769,3,
Arvind Dharmapuri,Installing tube-wells and borewells,237738.0,12.378924505947703,13.14725957257652,0.9530793891161249,32,512604.3466944067,True,-0.5437553349272914,0.46378459631308877,0,90651457.0,275,0.002622550236561559,3,
Arvind Dharmapuri,Providing drains and gutters for public drainage,3908829.0,15.178748398614866,13.81519145615997,0.5174368543789507,50,999680.9491032623,True,1.7774519729363156,3.910076513417919,0,90651457.0,275,0.04311931798294207,11,
Arvind Dharmapuri,"Purchase of IT systems, including hardware and software for educational purposes",300000.0,12.611537753638338,13.774841282306094,0.8346872078132384,20,960146.6213032259,True,-0.9400506234450003,0.3124522789996429,0,90651457.0,275,0.003309378689853821,1,
Arvind Dharmapuri,Setting up of electric vehicle charging stations,268203.0,12.499499435449483,12.499499435449483,0.0,1,268203.00000000006,False,0.0,0.9999999999999998,0,90651457.0,275,0.0029586176425162145,1,
Arvind Dharmapuri,Setting up of farmers’ training and assistance centers,400000.0,12.89921982609012,13.98374667627488,1.0845268501847611,2,1183215.956619922,False,0.0,0.33806170189140694,0,90651457.0,275,0.004412504919805095,1,
Arvind Dharmapuri,Street lights,7140155.0,15.78124504276361,14.893113691774463,1.2240634603534417,65,2937630.0000000014,True,0.48939014654453333,2.4305834975813823,0,90651457.0,275,0.07876492266417737,46,
Ashok Kumar Rawat,Lighting of public spaces,48614657.0,17.69943562776544,14.80807765219108,1.280249166678587,95,2698152.0000000014,True,1.523313590263416,18.017760674713646,0,48614657.0,2,1.0,2,
Ashok Kumar Yadav,Construction of community centers and community halls,933991.0,13.74722208119025,14.21557510928233,0.7574997842031976,101,1491921.0000000002,True,-0.41703525735047275,0.6260324775909716,0,27655882.0,54,0.033771875364524626,1,
Ashok Kumar Yadav,"Construction of roads, link roads, pathways or any other road with or without drainage system",981891.0,13.797235583212533,15.057946519666173,0.917949939299187,226,3464041.467798128,True,-0.9263571903356549,0.28345243817884375,0,27655882.0,54,0.03550387581202436,1,
Ashok Kumar Yadav,Street lights,25740000.0,17.063556760132254,14.893113691774463,1.2240634603534417,65,2937630.0000000014,True,1.1959868887717786,8.7621654190623,0,27655882.0,54,0.9307242488234511,52,
Asit Kumar Mal,Construction of boundary walls of existing public and community buildings,3720542.0,15.129379914561003,13.800753921547606,0.6784135446722939,62,985351.7091490725,True,1.320961586520834,3.7758517750103424,0,92831394.0,89,0.04007848896462764,1,
Asit Kumar Mal,Construction of buildings for community cultural activities,499353.0,13.121068539463387,13.815510557964274,0.6944420185008866,25,999999.9999999995,True,-0.6745,0.4993530000000002,0,92831394.0,89,0.0053791393028095645,1,
Asit Kumar Mal,Construction of community centers and community halls,406558.0,12.91548187921879,14.21557510928233,0.7574997842031976,101,1491921.0000000002,True,-1.1576411003209315,0.27250638606199656,0,92831394.0,89,0.004379531346906199,1,
Asit Kumar Mal,Construction of rainwater harvesting structures,797819.0,13.589637033662463,14.457364444136669,0.8677274104742061,5,1900000.0,False,0.0,0.4199047368421053,0,92831394.0,89,0.008594280077276443,1,
Asit Kumar Mal,"Construction of roads, link roads, pathways or any other road with or without drainage system",29132450.0,17.18736323113185,15.057946519666173,0.917949939299187,226,3464041.467798128,True,1.564673094243182,8.409959947309076,0,92831394.0,89,0.31382109806516534,36,
Asit Kumar Mal,Construction of rooms and halls in school and colleges,8737055.0,15.983083734327375,13.889238600811138,0.7668752234068101,61,1076513.9999999993,True,1.8416275548486571,8.116062587202773,0,92831394.0,89,0.0941174598756968,3,
Asit Kumar Mal,Establishing public ground water recharging facilities,1597860.0,14.28417579195853,12.86509713455567,0.8363190191600962,4,386581.1687084615,False,0.0,4.133310490364364,0,92831394.0,89,0.017212496022627862,1,
Asit Kumar Mal,Improvement of electricity distribution infrastructure,899500.0,13.709594332372724,12.864768028978977,0.8912752299478237,22,386453.9636230947,True,0.6393483432412242,2.32757348784052,0,92831394.0,89,0.009689609961043998,1,
Asit Kumar Mal,Installing community drinking water plants,399960.0,12.899119821089785,13.273726077636404,0.67248362567556,22,581709.2768729058,True,-0.3757294756238362,0.6875599477286398,0,92831394.0,89,0.00430845625349545,1,
Asit Kumar Mal,Lighting of public spaces,10227945.0,16.14063423798337,14.80807765219108,1.280249166678587,95,2698152.0000000014,True,0.7020581934442688,3.7907223166078095,0,92831394.0,89,0.11017765175431923,2,
Asit Kumar Mal,Providing drains and gutters for public drainage,1024370.0,13.839588347443303,13.81519145615997,0.5174368543789507,50,999680.9491032623,True,0.031802340771336784,1.0246969304745523,0,92831394.0,89,0.011034736804663301,1,
Asit Kumar Mal,Street lights,35387982.0,17.381882828938284,14.893113691774463,1.2240634603534417,65,2937630.0000000014,True,1.3713952236857794,12.046439476721025,0,92831394.0,89,0.3812070515713682,40,
B K PARTHASARATHI,Construction of community centers and community halls,7963254.0,15.890348268256925,14.21557510928233,0.7574997842031976,101,1491921.0000000002,True,1.4912670858601098,5.337584228655538,0,11448339.0,8,0.6955816035845899,1,
B K PARTHASARATHI,"Construction of roads, link roads, pathways or any other road with or without drainage system",3485085.0,15.064002992123227,15.057946519666173,0.917949939299187,226,3464041.467798128,True,0.004450232520742573,1.006074849968597,0,11448339.0,8,0.30441839641541013,7,
BABU SINGH KUSHWAHA,"Construction of roads, link roads, pathways or any other road with or without drainage system",4710608.0,15.365327544710416,15.057946519666173,0.917949939299187,226,3464041.467798128,True,0.2258603574293257,1.3598590097116348,0,4710608.0,10,1.0,10,
BACHHAV SHOBHA DINESH,"Purchase of smart boards, visual display units and projectors",4000000.0,15.201804919084164,14.776128822535135,0.889044091416876,10,2613311.6920872633,False,0.0,1.5306249201392363,0,4000000.0,4,1.0,4,
BAG MITALI,Lighting of public spaces,10580327.0,16.174506891289205,14.80807765219108,1.280249166678587,95,2698152.0000000014,True,0.7199040200610196,3.921323557753601,0,11080327.0,29,0.954874977967708,28,
BAG MITALI,Purchase of mobile water tankers,500000.0,13.122363377404328,15.03928598958639,0.8174433387947495,17,3399999.999999998,True,-1.5817173381376695,0.14705882352941185,0,11080327.0,29,0.04512502203229201,1,
BAJRANG MANOHAR SONWANE,Construction of community centers and community halls,699468.0,13.458075325079133,14.21557510928233,0.7574997842031976,101,1491921.0000000002,True,-0.6745,0.4688371569272099,0,699468.0,1,1.0,1,
BALRAM NAIK PORIKA,"Construction of roads, link roads, pathways or any other road with or without drainage system",6060235.0,15.617259136171503,15.057946519666173,0.917949939299187,226,3464041.467798128,True,0.4109770518867985,1.7494695304130146,0,6060235.0,11,1.0,11,
BALWANT BASWANT WANKHADE,Construction of boundary walls of existing public and community buildings,1999127.0,14.508221143230363,13.800753921547606,0.6784135446722939,62,985351.7091490725,True,0.7033860759008334,2.0288461281773196,0,9287451.0,7,0.21525034156304027,1,
BALWANT BASWANT WANKHADE,Construction of community centers and community halls,4495042.0,15.318485569559444,14.21557510928233,0.7574997842031976,101,1491921.0000000002,True,0.9820637853242744,3.0129222659912953,0,9287451.0,7,0.4839909249588504,3,
BALWANT BASWANT WANKHADE,"Construction of flood control embankments/ protection walls along riverbanks, hilltops, roadsides",999205.0,13.814715241784187,13.997832114758229,0.8758428073093434,19,1199999.9999999998,True,-0.14102111679198512,0.8326708333333335,0,9287451.0,7,0.10758657030868857,1,
BALWANT BASWANT WANKHADE,"Construction of roads, link roads, pathways or any other road with or without drainage system",794715.0,13.585738838797328,15.057946519666173,0.917949939299187,226,3464041.467798128,True,-1.081762782733173,0.22941844299143166,0,9287451.0,7,0.08556868833009186,1,
BALWANT BASWANT WANKHADE,Providing drains and gutters for public drainage,999362.0,13.814872354355668,13.81519145615997,0.5174368543789507,50,999680.9491032623,True,-0.0004159621897452009,0.999680949103263,0,9287451.0,7,0.1076034748393289,1,
BAPI HALDAR,Construction of common work sheds/ common covered sitting area,483932.0,13.089699679960532,13.813291263073467,0.7598198476596352,54,997783.1659233379,True,-0.6423397918769612,0.4850071804450364,0,17599445.0,56,0.027497003456643094,1,
BAPI HALDAR,Construction of community centers and community halls,1113444.0,13.922968472542406,14.21557510928233,0.7574997842031976,101,1491921.0000000002,True,-0.26054552172405177,0.7463156561238831,0,17599445.0,56,0.0632658586677023,1,
BAPI HALDAR,"Construction of roads, link roads, pathways or any other road with or without drainage system",8871948.0,15.998404946859004,15.057946519666173,0.917949939299187,226,3464041.467798128,True,0.6910390011309921,2.5611552524627648,0,17599445.0,56,0.5041038510021196,25,
BAPI HALDAR,Construction of rooms and halls in school and colleges,1016871.0,13.832240823327544,13.889238600811138,0.7668752234068101,61,1076513.9999999993,True,-0.05013201592547798,0.9445961687446709,0,17599445.0,56,0.0577785833587366,1,
BAPI HALDAR,Installing tube-wells and borewells,5000084.0,15.424965270257257,13.14725957257652,0.9530793891161249,32,512604.3466944067,True,1.6119459833355712,9.754275460681649,0,17599445.0,56,0.2841046407997525,23,
BAPI HALDAR,Street lights,1113166.0,13.922718765587488,14.893113691774463,1.2240634603534417,65,2937630.0000000014,True,-0.5347201341375897,0.3789333578428868,0,17599445.0,56,0.06325006271504584,5,
BASAVARAJ BOMMAI,Construction of boundary walls of existing public and community buildings,1000000.0,13.815510557964274,13.800753921547606,0.6784135446722939,62,985351.7091490725,True,0.014671510233260342,1.0148660531208469,0,5500000.0,7,0.18181818181818182,1,
BASAVARAJ BOMMAI,Construction of buildings for community cultural activities,3000000.0,14.914122846632385,13.815510557964274,0.6944420185008866,25,999999.9999999995,True,1.0670638713744462,3.0000000000000013,0,5500000.0,7,0.5454545454545454,4,
BASAVARAJ BOMMAI,Construction of bus-sheds or bus-stops,500000.0,13.122363377404328,13.86558751291084,0.743540185445033,21,1051351.9999999995,True,-0.6742132963520935,0.4755781127538638,0,5500000.0,7,0.09090909090909091,1,
BASAVARAJ BOMMAI,"Construction of roads, link roads, pathways or any other road with or without drainage system",1000000.0,13.815510557964274,15.057946519666173,0.917949939299187,226,3464041.467798128,True,-0.9129289303158767,0.28868014696014505,0,5500000.0,7,0.18181818181818182,1,
BASTIPATI NAGARAJU PANCHALINGALA,Construction of community centers and community halls,2998485.0,14.913617719076939,14.21557510928233,0.7574997842031976,101,1491921.0000000002,True,0.6215575900153187,2.009814862851317,0,12796536.0,47,0.2343200534894756,1,
BASTIPATI NAGARAJU PANCHALINGALA,Construction of rooms and halls in school and colleges,1000000.0,13.815510557964274,13.889238600811138,0.7668752234068101,61,1076513.9999999993,True,-0.06484700950343501,0.9289242870970564,0,12796536.0,47,0.07814614830138406,2,
BASTIPATI NAGARAJU PANCHALINGALA,Installing tube-wells and borewells,8798051.0,15.990040777645994,13.14725957257652,0.9530793891161249,32,512604.3466944067,True,2.011853309090639,17.163434248529754,7,12796536.0,47,0.6875337982091404,44,"BASTIPATI NAGARAJU PANCHALINGALA spent ₹8,798,051 (₹87.98 lakh) on 'Installing tube-wells and borewells' works — 17.2x the median MP spend in that category (₹512,604 (₹5.13 lakh), n=32 peer MPs), 69% of this MP's total disbursed funds."
BHARATBHAI MANUBHAI SUTARIYA,"Construction of roads, link roads, pathways or any other road with or without drainage system",10880658.0,16.20249727550453,15.057946519666173,0.917949939299187,226,3464041.467798128,True,0.841003906381168,3.1410299504630776,0,10880658.0,31,1.0,31,
BHARTI PARDHI,Construction of community centers and community halls,1499350.0,14.220542238823084,14.21557510928233,0.7574997842031976,101,1491921.0000000002,True,0.004422877662945644,1.0049794861792278,0,22377937.0,32,0.06700126110820671,1,
BHARTI PARDHI,Construction of culverts and bridges,8499824.0,15.955556015363822,13.951241645841687,0.828878268437359,42,1145373.8472655984,True,1.6310115655358721,7.421004085514966,0,22377937.0,32,0.37983054470123856,4,
BHARTI PARDHI,Construction of public irrigation facilities,7499905.0,15.83040091175965,13.301473115158483,0.6899353615201456,11,598075.9999999995,False,0.0,12.540053438024609,0,22377937.0,32,0.3351472926212993,3,
BHARTI PARDHI,"Construction of roads, link roads, pathways or any other road with or without drainage system",496300.0,13.114935861575532,15.057946519666173,0.917949939299187,226,3464041.467798128,True,-1.427703878800505,0.14327195693631997,0,22377937.0,32,0.02217809443292293,1,
BHARTI PARDHI,Purchase of mobile water tankers,4382558.0,15.293143130145172,15.03928598958639,0.8174433387947495,17,3399999.999999998,True,0.20946606716418753,1.2889876470588242,0,22377937.0,32,0.19584280713633254,23,
BHAUSAHEB RAJARAM WAKCHAURE,"Purchase of IT systems, including hardware and software for educational purposes",1499440.0,14.220602263032866,13.774841282306094,0.8346872078132384,20,960146.6213032259,True,0.3602137168100487,1.5616781507440818,0,1499440.0,1,1.0,1,
BHOJRAJ NAG,Construction of common work sheds/ common covered sitting area,2300000.0,14.648419680899378,13.813291263073467,0.7598198476596352,54,997783.1659233379,True,0.7413522028394126,2.305110046501541,0,9641724.0,14,0.23854655038870642,4,
BHOJRAJ NAG,Construction of community centers and community halls,2393233.0,14.688155729471974,14.21557510928233,0.7574997842031976,101,1491921.0000000002,True,0.4207996292080918,1.6041285027826537,0,9641724.0,14,0.24821629409844131,3,
BHOJRAJ NAG,Construction of culverts and bridges,599800.0,13.304351545297045,13.951241645841687,0.828878268437359,42,1145373.8472655984,True,-0.5264070605204142,0.5236718137330698,0,9641724.0,14,0.0622087917057157,1,
BHOJRAJ NAG,"Construction of roads, link roads, pathways or any other road with or without drainage system",1498691.0,14.220102618410545,15.057946519666173,0.917949939299187,226,3464041.467798128,True,-0.6156389223451212,0.4326423381278467,0,9641724.0,14,0.1554380731080873,3,
BHOJRAJ NAG,Purchase of furniture and fixtures for educational purposes,2850000.0,14.862829552244833,14.370339389617413,1.2488303877550573,16,1741642.8451321456,True,0.26599658204133014,1.636386017928813,0,9641724.0,14,0.29559029069904924,3,
BHUMARE SANDIPANRAO ASARAM,Construction of community centers and community halls,1491921.0,14.21557510928233,14.21557510928233,0.7574997842031976,101,1491921.0000000002,True,0.0,0.9999999999999999,0,1491921.0,1,1.0,1,
BHUPENDER YADAV,Construction of public libraries and reading rooms,8796259.0,15.989837075425653,13.897103407107302,0.7747400297029738,12,1085013.9555231554,False,0.0,8.107046877345237,0,16758141.0,13,0.5248946765634684,9,
BHUPENDER YADAV,"Construction of roads, link roads, pathways or any other road with or without drainage system",1744600.0,14.372035860981255,15.057946519666173,0.917949939299187,226,3464041.467798128,True,-0.5039999671835993,0.503631384386669,0,16758141.0,13,0.10410462592479679,2,
BHUPENDER YADAV,Purchase of vehicles for mobile libraries,5729600.0,15.561156278226305,15.561156278226305,0.0,1,5729599.999999996,False,0.0,1.0000000000000007,0,16758141.0,13,0.341899498279672,1,
BHUPENDER YADAV,Street lights,487682.0,13.097418833081823,14.893113691774463,1.2240634603534417,65,2937630.0000000014,True,-0.9894880628480318,0.16601205733873897,0,16758141.0,13,0.029101199232062794,1,
BIJULI KALITA MEDHI,Construction of community centers and community halls,1350000.0,14.115615150414612,14.21557510928233,0.7574997842031976,101,1491921.0000000002,True,-0.08900727585975073,0.9048736494760781,0,6650000.0,5,0.20300751879699247,3,
BIJULI KALITA MEDHI,"Construction of roads, link roads, pathways or any other road with or without drainage system",5300000.0,15.483217378522351,15.057946519666173,0.917949939299187,226,3464041.467798128,True,0.31248457243483846,1.5300047788887685,0,6650000.0,5,0.7969924812030075,2,
BRIJENDRA SINGH OLA,Construction of boundary walls of existing public and community buildings,696982.0,13.45451486444506,13.800753921547606,0.6784135446722939,62,985351.7091490725,True,-0.3442417178278454,0.7073433714362741,0,12651770.0,26,0.05508968310362898,2,
BRIJENDRA SINGH OLA,"Construction of roads, link roads, pathways or any other road with or without drainage system",8117164.0,15.90949139004826,15.057946519666173,0.917949939299187,226,3464041.467798128,True,0.6257062509435107,2.3432640964195985,0,12651770.0,26,0.6415832725381508,16,
BRIJENDRA SINGH OLA,Construction of water tanks,402659.0,12.90584532889243,13.789690196386779,0.7455523627361185,12,974510.1333490579,False,0.0,0.4131911882908788,0,12651770.0,26,0.03182629782236003,2,
BRIJENDRA SINGH OLA,Crematoriums/energy efficient crematoriums or structures on burial/cremation ground,499714.0,13.121791213749919,13.126325517749349,0.5838245245570999,37,501985.0000000003,True,-0.005238539867669075,0.9954759604370643,0,12651770.0,26,0.039497556468383474,1,
BRIJENDRA SINGH OLA,Installing community drinking water plants,99652.0,11.509439395685396,13.273726077636404,0.67248362567556,22,581709.2768729058,True,-1.7695767176197037,0.1713089406717032,0,12651770.0,26,0.007876526367456886,1,
BRIJENDRA SINGH OLA,Installing tube-wells and borewells,2835599.0,14.857763760303888,13.14725957257652,0.9530793891161249,32,512604.3466944067,True,1.2105340728143021,5.531749815009793,0,12651770.0,26,0.22412666370001985,4,
BRIJMOHAN AGRAWAL,Construction of additional rooms and halls in the existing public and community building,250000.0,12.429216196844383,13.81528000481769,0.6929616294384839,24,999769.4734287509,True,-1.349136804638892,0.2500576449315007,0,17241253.0,22,0.014500106227778226,1,
BRIJMOHAN AGRAWAL,Construction of boundary walls of existing public and community buildings,500000.0,13.122363377404328,13.800753921547606,0.6784135446722939,62,985351.7091490725,True,-0.6744771321534735,0.5074330265604234,0,17241253.0,22,0.02900021245555645,1,
BRIJMOHAN AGRAWAL,Construction of buildings for community cultural activities,1450000.0,14.187074114396758,13.815510557964274,0.6944420185008866,25,999999.9999999995,True,0.36089351182224094,1.4500000000000006,0,17241253.0,22,0.0841006161211137,2,
BRIJMOHAN AGRAWAL,Construction of community centers and community halls,7456675.0,15.82462016236575,14.21557510928233,0.7574997842031976,101,1491921.0000000002,True,1.4327408547665506,4.998036089042247,0,17241253.0,22,0.43249031842407276,9,
BRIJMOHAN AGRAWAL,"Construction of roads, link roads, pathways or any other road with or without drainage system",6485092.0,15.685016562216479,15.057946519666173,0.917949939299187,226,3464041.467798128,True,0.46076449879509906,1.872117311610061,0,17241253.0,22,0.376138091587659,7,
BRIJMOHAN AGRAWAL,Crematoriums/energy efficient crematoriums or structures on burial/cremation ground,599486.0,13.30382790038303,13.126325517749349,0.5838245245570999,37,501985.0000000003,True,0.2050707910518904,1.1942309033138434,0,17241253.0,22,0.03477044272826343,1,
BRIJMOHAN AGRAWAL,Development of playground,500000.0,13.122363377404328,13.761018831344273,0.606943052395259,18,946966.3434378215,True,-0.7097422105459096,0.5280018698286825,0,17241253.0,22,0.02900021245555645,1,
BUNTY VIVEK SAHU,Construction of buildings for community cultural activities,5249930.0,15.473725301145583,13.815510557964274,0.6944420185008866,25,999999.9999999995,True,1.6105964421482732,5.249930000000003,0,13274130.0,75,0.3955008727502292,32,
BUNTY VIVEK SAHU,Construction of common work sheds/ common covered sitting area,450000.0,13.017002861746503,13.813291263073467,0.7598198476596352,54,997783.1659233379,True,-0.7068735152804689,0.4509997917068232,0,13274130.0,75,0.03390052681418669,3,
BUNTY VIVEK SAHU,Construction of night shelters for homeless,200000.0,12.206072645530174,13.357365192027196,1.1512925464970225,2,632455.5320336752,False,0.0,0.3162277660168383,0,13274130.0,75,0.015066900806305197,1,
BUNTY VIVEK SAHU,"Construction of roads, link roads, pathways or any other road with or without drainage system",3649200.0,15.110018523453457,15.057946519666173,0.917949939299187,226,3464041.467798128,True,0.038261962935950126,1.0534515922869612,0,13274130.0,75,0.2749106721118446,9,
BUNTY VIVEK SAHU,Crematoriums/energy efficient crematoriums or structures on burial/cremation ground,100000.0,11.512925464970229,13.126325517749349,0.5838245245570999,37,501985.0000000003,True,-1.8639818812426119,0.19920913971533002,0,13274130.0,75,0.007533450403152599,1,
BUNTY VIVEK SAHU,Purchase of mobile water tankers,3625000.0,15.103364846270912,15.03928598958639,0.8174433387947495,17,3399999.999999998,True,0.05287362044864973,1.066176470588236,0,13274130.0,75,0.27308757711428167,29,
Balashowry Vallabbhaneni,Providing supply pipelines for drinking water,299297.0,12.60919167040265,13.120916330937414,0.6030149786341905,11,499277.00000000035,False,0.0,0.5994608203462202,0,299297.0,1,1.0,1,
Bansuri Swaraj,Lighting of public spaces,1059572.0,13.87337561096484,14.80807765219108,1.280249166678587,95,2698152.0000000014,True,-0.49244830085906094,0.3927028573631135,0,1380969.0,3,0.7672670422000784,2,
Bansuri Swaraj,Street lights,321397.0,12.680432398078949,14.893113691774463,1.2240634603534417,65,2937630.0000000014,True,-1.2192615668526583,0.10940690284344858,0,1380969.0,3,0.23273295779992165,1,
Bhagirath Chaudhary,Construction of community centers and community halls,2486090.0,14.726221753132808,14.21557510928233,0.7574997842031976,101,1491921.0000000002,True,0.454694731879626,1.666368393500728,0,5925075.0,11,0.4195879377054299,4,
Bhagirath Chaudhary,Construction of culverts and bridges,962635.0,13.777429595048858,13.951241645841687,0.828878268437359,42,1145373.8472655984,True,-0.14143962114097014,0.8404548456367684,0,5925075.0,11,0.1624679856373126,2,
Bhagirath Chaudhary,"Construction of roads, link roads, pathways or any other road with or without drainage system",1976767.0,14.4969732398709,15.057946519666173,0.917949939299187,226,3464041.467798128,True,-0.4121972898770321,0.570653388065965,0,5925075.0,11,0.3336273380505732,4,
Bhagirath Chaudhary,Construction of rooms and halls in school and colleges,499583.0,13.121529029432843,13.889238600811138,0.7668752234068101,61,1076513.9999999993,True,-0.6752338452066126,0.46407478212080877,0,5925075.0,11,0.0843167386066843,1,
Bharatsinhji Shankarji Dabhi,Construction of common work sheds/ common covered sitting area,500000.0,13.122363377404328,13.813291263073467,0.7598198476596352,54,997783.1659233379,True,-0.6133438871323015,0.5011108796742479,0,15638658.0,48,0.0319720528449436,1,
Bharatsinhji Shankarji Dabhi,Construction of community centers and community halls,500000.0,13.122363377404328,14.21557510928233,0.7574997842031976,101,1491921.0000000002,True,-0.9734277534182294,0.3351383886948437,0,15638658.0,48,0.0319720528449436,1,
Bharatsinhji Shankarji Dabhi,"Construction of roads, link roads, pathways or any other road with or without drainage system",12939381.0,16.375786009725918,15.057946519666173,0.917949939299187,226,3464041.467798128,True,0.9683346531118239,3.7353424086533082,0,15638658.0,48,0.8273971462257184,41,
Bharatsinhji Shankarji Dabhi,Crematoriums/energy efficient crematoriums or structures on burial/cremation ground,900000.0,13.710150042306449,13.126325517749349,0.5838245245570999,37,501985.0000000003,True,0.6745,1.7928822574379701,0,15638658.0,48,0.057549695120898484,2,
Bharatsinhji Shankarji Dabhi,Providing drains and gutters for public drainage,300000.0,12.611537753638338,13.81519145615997,0.5174368543789507,50,999680.9491032623,True,-1.569011591424571,0.30009574581681003,0,15638658.0,48,0.01918323170696616,1,
Bharatsinhji Shankarji Dabhi,Providing supply pipelines for drinking water,499277.0,13.120916330937414,13.120916330937414,0.6030149786341905,11,499277.00000000035,False,0.0,0.9999999999999993,0,15638658.0,48,0.03192582125652981,2,
Bhola Singh,"Construction of roads, link roads, pathways or any other road with or without drainage system",36715194.0,17.41870123279778,15.057946519666173,0.917949939299187,226,3464041.467798128,True,1.734657834634141,10.598947599590234,0,42394283.0,46,0.8660411593704745,27,
Bhola Singh,Lighting of public spaces,5679089.0,15.552301390509967,14.80807765219108,1.280249166678587,95,2698152.0000000014,True,0.39209469887678,2.1048069196991115,0,42394283.0,46,0.13395884062952546,19,
CAPTAIN BRIJESH CHOWTA,"Construction of flood control embankments/ protection walls along riverbanks, hilltops, roadsides",495914.0,13.11415780357701,13.997832114758229,0.8758428073093434,19,1199999.9999999998,True,-0.6805311614338738,0.41326166666666675,0,5644318.0,16,0.08786074774667196,1,
CAPTAIN BRIJESH CHOWTA,"Construction of roads, link roads, pathways or any other road with or without drainage system",2930254.0,14.890599666655735,15.057946519666173,0.917949939299187,226,3464041.467798128,True,-0.1229647146572235,0.8459061553505528,0,5644318.0,16,0.5191511179915802,10,
CAPTAIN BRIJESH CHOWTA,Development of playfields and sports grounds,1720000.0,14.357834848789636,13.699922696458536,0.5894825609725016,14,890842.2980528027,False,0.0,1.930756996787832,0,5644318.0,16,0.30473123590839496,4,
CAPTAIN BRIJESH CHOWTA,Establishing public ground water recharging facilities,498150.0,13.118656515473003,12.86509713455567,0.8363190191600962,4,386581.1687084615,False,0.0,1.2886038956948718,0,5644318.0,16,0.08825689835335288,1,
CHAMALA KIRAN KUMAR REDDY,Construction of additional rooms and halls in the existing public and community building,298702.0,12.60720169986307,13.81528000481769,0.6929616294384839,24,999769.4734287509,True,-1.1758931260770877,0.2987708746253165,0,36621333.0,329,0.008156502659256014,1,
CHAMALA KIRAN KUMAR REDDY,"Construction of roads, link roads, pathways or any other road with or without drainage system",1497869.0,14.219553989302089,15.057946519666173,0.917949939299187,226,3464041.467798128,True,-0.6160420492672019,0.43240504304704547,0,36621333.0,329,0.04090154227864944,5,
CHAMALA KIRAN KUMAR REDDY,Installing hand pumps,193017.0,12.170533546909507,12.206072645530174,0.3837169895705621,11,200000.00000000006,False,0.0,0.9650849999999997,0,36621333.0,329,0.005270616446430281,1,
CHAMALA KIRAN KUMAR REDDY,Lighting of public spaces,5318093.0,15.486625338409553,14.80807765219108,1.280249166678587,95,2698152.0000000014,True,0.35749323355682566,1.971013123056076,0,36621333.0,329,0.14521844412381166,52,
CHAMALA KIRAN KUMAR REDDY,Street lights,29313652.0,17.193563904038182,14.893113691774463,1.2240634603534417,65,2937630.0000000014,True,1.2676251831942167,9.978673965067074,0,36621333.0,329,0.8004528944918526,270,
CHANDAN CHAUHAN,"Construction of roads, link roads, pathways or any other road with or without drainage system",4126273.0,15.23288513620247,15.057946519666173,0.917949939299187,226,3464041.467798128,True,0.12854306297336518,1.1911730960376785,0,4342673.0,6,0.9501689397290562,5,
CHANDAN CHAUHAN,Improvement of electricity distribution infrastructure,216400.0,12.284883825954463,12.864768028978977,0.8912752299478237,22,386453.9636230947,True,-0.438845243082692,0.5599632048567966,0,4342673.0,6,0.04983106027094372,1,
CHANDRA SHEKHAR,"Construction of roads, link roads, pathways or any other road with or without drainage system",21767452.0,16.895926384560163,15.057946519666173,0.917949939299187,226,3464041.467798128,True,1.3505283521424536,6.283831242307903,0,47030445.0,167,0.46283746624128264,21,
CHANDRA SHEKHAR,Lighting of public spaces,25062993.0,17.036902933660535,14.80807765219108,1.280249166678587,95,2698152.0000000014,True,1.1742578643900565,9.288947768695014,0,47030445.0,167,0.5329099692762848,136,
CHANDRA SHEKHAR,"Purchase of prosthetics, wheel chairs, tricycles (manual or motorized), elect scooties, hearing aids",200000.0,12.206072645530174,13.017002861746503,0.8109302162163292,9,450000.00000000035,False,0.0,0.4444444444444441,0,47030445.0,167,0.004252564482432603,10,
CHANDUBHAI CHHAGANBHAI SHIHORA,"Construction of roads, link roads, pathways or any other road with or without drainage system",10064997.0,16.124574318993393,15.057946519666173,0.917949939299187,226,3464041.467798128,True,0.7837469341688392,2.905564813113419,0,10856490.0,28,0.9270949450513011,26,
CHANDUBHAI CHHAGANBHAI SHIHORA,Crematoriums/energy efficient crematoriums or structures on burial/cremation ground,494981.0,13.112274656975766,13.126325517749349,0.5838245245570999,37,501985.0000000003,True,-0.016233140598147233,0.9860473918543377,0,10856490.0,28,0.04559309684806047,1,
CHANDUBHAI CHHAGANBHAI SHIHORA,Providing drains and gutters for public drainage,296512.0,12.59984296877632,13.81519145615997,0.5174368543789507,50,999680.9491032623,True,-1.584256219484353,0.29660663261211323,0,10856490.0,28,0.02731195810063842,1,
CHARANJIT SINGH CHANNI,"Construction of roads, link roads, pathways or any other road with or without drainage system",2835544.0,14.857744363861231,15.057946519666173,0.917949939299187,226,3464041.467798128,True,-0.14710644699592995,0.8185652586319575,0,3535510.0,3,0.8020183792437301,1,
CHARANJIT SINGH CHANNI,Installation of multi-gym equipment,699966.0,13.45878704141734,13.279020011816728,0.5307928328022182,12,584796.9733163806,False,0.0,1.1969384794016569,0,3535510.0,3,0.19798162075626996,2,
CHHATRA PAL SINGH GANGWAR,"Construction of roads, link roads, pathways or any other road with or without drainage system",3751031.0,15.137541293492683,15.057946519666173,0.917949939299187,226,3464041.467798128,True,0.058485406063612494,1.0828481803320598,0,29134537.0,46,0.12874860513486108,4,
CHHATRA PAL SINGH GANGWAR,Crematoriums/energy efficient crematoriums or structures on burial/cremation ground,5912305.0,15.592546330265925,13.126325517749349,0.5838245245570999,37,501985.0000000003,True,2.849256699698196,11.777851927846443,12,29134537.0,46,0.2029311466319166,17,"CHHATRA PAL SINGH GANGWAR spent ₹5,912,305 (₹59.12 lakh) on 'Crematoriums/energy efficient crematoriums or structures on burial/cremation ground' works — 11.8x the median MP spend in that category (₹501,985 (₹5.02 lakh), n=37 peer MPs), 20% of this MP's total disbursed funds."
CHHATRA PAL SINGH GANGWAR,Street lights,19471201.0,16.784447060089004,14.893113691774463,1.2240634603534417,65,2937630.0000000014,True,1.042188087666472,6.628200624312793,0,29134537.0,46,0.6683202482332223,25,
CHHOTELAL,Construction of culverts and bridges,1600000.0,14.28551418721001,13.951241645841687,0.828878268437359,42,1145373.8472655984,True,0.2720144051767634,1.3969238112252613,0,22124861.0,70,0.07231683851030747,1,
CHHOTELAL,Construction of rooms and halls in school and colleges,2200000.0,14.603967918328545,13.889238600811138,0.7668752234068101,61,1076513.9999999993,True,0.6286354154510939,2.0436334316135243,0,22124861.0,70,0.09943565295167278,3,
CHHOTELAL,Lighting of public spaces,16862331.0,16.64059275720923,14.80807765219108,1.280249166678587,95,2698152.0000000014,True,0.9654616230225237,6.249585271697069,0,22124861.0,70,0.7621440423964697,60,
CHHOTELAL,Purchase of non-conventional energy system and devices for community use,1462530.0,14.195678370698277,14.487818621858292,0.3873600444076173,4,1958753.0345094546,False,0.0,0.7466638081641939,0,22124861.0,70,0.06610346614155,6,
CHINTAMANI MAHARAJ,Construction of additional rooms and halls in the existing public and community building,2431773.0,14.704131178896066,13.81528000481769,0.6929616294384839,24,999769.4734287509,True,0.8651707272763018,2.4323337175520408,0,18041956.0,50,0.13478433269652138,1,
CHINTAMANI MAHARAJ,Construction of common work sheds/ common covered sitting area,996967.0,13.812472949098288,13.813291263073467,0.7598198476596352,54,997783.1659233379,True,-0.0007264258468086942,0.9991820207523919,0,18041956.0,50,0.05525825470364743,2,
CHINTAMANI MAHARAJ,Construction of community centers and community halls,499550.0,13.121462972161165,14.21557510928233,0.7574997842031976,101,1491921.0000000002,True,-0.9742295006255272,0.33483676414501834,0,18041956.0,50,0.027688239567816263,1,
CHINTAMANI MAHARAJ,Construction of culverts and bridges,999963.0,13.815473557279757,13.951241645841687,0.828878268437359,42,1145373.8472655984,True,-0.1104813326903411,0.8730450781526538,0,18041956.0,50,0.055424312086782605,2,
CHINTAMANI MAHARAJ,"Construction of roads, link roads, pathways or any other road with or without drainage system",1795019.0,14.400526164806713,15.057946519666173,0.917949939299187,226,3464041.467798128,True,-0.4830655903645943,0.5181863487162526,0,18041956.0,50,0.09949137443855866,4,
CHINTAMANI MAHARAJ,Installing hand pumps,982441.0,13.797795570031841,12.206072645530174,0.3837169895705621,11,200000.00000000006,False,0.0,4.912204999999998,0,18041956.0,50,0.05445313135671099,7,
CHINTAMANI MAHARAJ,Installing tube-wells and borewells,4854414.0,15.395398952113734,13.14725957257652,0.9530793891161249,32,512604.3466944067,True,1.5910217226543062,9.470099173571773,0,18041956.0,50,0.26906251184738506,27,
CHINTAMANI MAHARAJ,Providing drains and gutters for public drainage,484329.0,13.09051970683809,13.81519145615997,0.5174368543789507,50,999680.9491032623,True,-0.9446391202734785,0.4844835749190326,0,18041956.0,50,0.026844594898690587,1,
CHINTAMANI MAHARAJ,"Purchase of IT systems, including hardware and software for educational purposes",4997500.0,15.424448345356693,13.774841282306094,0.8346872078132384,20,960146.6213032259,True,1.3330262565573994,5.204934214335718,0,18041956.0,50,0.276993248403887,5,
CN Annadurai,Construction of boundary walls of existing public and community buildings,298921.0,12.60793460341532,13.800753921547606,0.6784135446722939,62,985351.7091490725,True,-1.1859383356929685,0.3033647754649367,0,16469937.0,43,0.018149492617974192,1,
CN Annadurai,"Construction of roads, link roads, pathways or any other road with or without drainage system",5821104.0,15.57700049244026,15.057946519666173,0.917949939299187,226,3464041.467798128,True,0.38139542217673467,1.680437158190288,0,16469937.0,43,0.3534381461204132,26,
CN Annadurai,Lighting of public spaces,870000.0,13.676248490630767,14.80807765219108,1.280249166678587,95,2698152.0000000014,True,-0.5963048360757821,0.32244291648506074,0,16469937.0,43,0.05282351717556661,2,
CN Annadurai,Street lights,9479912.0,16.0646855914877,14.893113691774463,1.2240634603534417,65,2937630.0000000014,True,0.6455753904527174,3.2270612704799433,0,16469937.0,43,0.5755888440860459,14,
Chandra Prakash Joshi,Construction of common work sheds/ common covered sitting area,294955.0,12.594578081313305,13.813291263073467,0.7598198476596352,54,997783.1659233379,True,-1.0818643967108605,0.2956103190286356,0,1646423.0,6,0.1791489793327717,1,
Chandra Prakash Joshi,Construction of public irrigation facilities,455122.0,13.028320793860294,13.301473115158483,0.6899353615201456,11,598075.9999999995,False,0.0,0.7609768658163851,0,1646423.0,6,0.27643078358356266,1,
Chandra Prakash Joshi,"Construction of roads, link roads, pathways or any other road with or without drainage system",297628.0,12.603599663536768,15.057946519666173,0.917949939299187,226,3464041.467798128,True,-1.803428360944334,0.08591929477945404,0,1646423.0,6,0.18077249892646058,1,
Chandra Prakash Joshi,Lighting of public spaces,198818.0,12.200145112365375,14.80807765219108,1.280249166678587,95,2698152.0000000014,True,-1.3739907385966355,0.07368673076980092,0,1646423.0,6,0.12075754529668256,2,
Chandra Prakash Joshi,Providing garbage collection and disposal systems,399900.0,12.89896979483491,13.01066658611962,0.11169679128470911,2,447157.69030622736,False,0.0,0.894315380612455,0,1646423.0,6,0.2428901928605225,1,
D Ravikumar,Construction of buildings for community cultural activities,799961.0,13.592318255461745,13.815510557964274,0.6944420185008866,25,999999.9999999995,True,-0.21678297687535955,0.7999610000000004,0,35516723.0,72,0.02252350252020717,1,
D Ravikumar,Construction of community centers and community halls,2278159.0,14.638878218621974,14.21557510928233,0.7574997842031976,101,1491921.0000000002,True,0.37692148988520396,1.526997072901313,0,35516723.0,72,0.06414327695716747,2,
D Ravikumar,Construction of public libraries and reading rooms,4986704.0,15.422285728445488,13.897103407107302,0.7747400297029738,12,1085013.9555231554,False,0.0,4.595981438409783,0,35516723.0,72,0.1404043948536581,1,
D Ravikumar,"Construction of rooms and facilities for hospitals, FWC , PHC Centers and ANM centers",3393546.0,15.037385950360436,13.122363377404328,0.5108256237659905,13,499999.9999999997,False,0.0,6.787092000000004,0,35516723.0,72,0.09554783531127013,1,
D Ravikumar,Crematoriums/energy efficient crematoriums or structures on burial/cremation ground,1598353.0,14.284484282039704,13.126325517749349,0.5838245245570999,37,501985.0000000003,True,1.3380357515924175,3.184065260914169,0,35516723.0,72,0.045002828667498405,3,
D Ravikumar,Development of playground,4860000.0,15.396548995876676,13.761018831344273,0.606943052395259,18,946966.3434378215,True,1.8175759515222072,5.132178174734793,0,35516723.0,72,0.13683694861150336,6,
D Ravikumar,"Purchase of smart boards, visual display units and projectors",8600000.0,15.967272761223736,14.776128822535135,0.889044091416876,10,2613311.6920872633,False,0.0,3.290843578299358,0,35516723.0,72,0.24213945639072615,43,
D Ravikumar,Setting up of laboratories,9000000.0,16.012735135300492,16.012735135300492,0.8160960361180134,11,8999999.999999985,False,0.0,1.0000000000000016,0,35516723.0,72,0.2534017566879692,15,
DAGGUMALLA PRASADA RAO,Construction of boundary walls of existing public and community buildings,1825758.0,14.417505801233677,13.800753921547606,0.6784135446722939,62,985351.7091490725,True,0.6131940408843134,1.8528998154138114,0,33830660.0,77,0.05396755487477927,4,
DAGGUMALLA PRASADA RAO,"Construction of roads, link roads, pathways or any other road with or without drainage system",17034981.0,16.65077949372583,15.057946519666173,0.917949939299187,226,3464041.467798128,True,1.1703969846367326,4.917660818543278,0,33830660.0,77,0.5035367622151031,39,
DAGGUMALLA PRASADA RAO,Construction of rooms and halls in school and colleges,3315012.0,15.01397180150505,13.889238600811138,0.7668752234068101,61,1076513.9999999993,True,0.9892516027546845,3.0793951588181874,0,33830660.0,77,0.09798839277743916,5,
DAGGUMALLA PRASADA RAO,Construction of toilet blocks,250000.0,12.429216196844383,13.117262389458487,0.8898969247531294,11,497456.00000000035,False,0.0,0.5025570100672216,0,33830660.0,77,0.00738974646075483,1,
DAGGUMALLA PRASADA RAO,Crematoriums/energy efficient crematoriums or structures on burial/cremation ground,3962046.0,15.192271116471064,13.126325517749349,0.5838245245570999,37,501985.0000000003,True,2.38681358477518,7.892757751725645,7,33830660.0,77,0.11711406162339133,7,"DAGGUMALLA PRASADA RAO spent ₹3,962,046 (₹39.62 lakh) on 'Crematoriums/energy efficient crematoriums or structures on burial/cremation ground' works — 7.9x the median MP spend in that category (₹501,985 (₹5.02 lakh), n=37 peer MPs), 12% of this MP's total disbursed funds."
DAGGUMALLA PRASADA RAO,Installing community drinking water plants,232853.0,12.35816263215832,13.273726077636404,0.67248362567556,22,581709.2768729058,True,-0.9183086701250082,0.40029102037317976,0,33830660.0,77,0.006882898530504578,1,
DAGGUMALLA PRASADA RAO,Installing tube-wells and borewells,374230.0,12.832625860640135,13.14725957257652,0.9530793891161249,32,512604.3466944067,True,-0.2226681650286258,0.7300562361854108,0,33830660.0,77,0.01106185927203312,2,
DAGGUMALLA PRASADA RAO,Providing drains and gutters for public drainage,3057491.0,14.933105202957774,13.81519145615997,0.5174368543789507,50,999680.9491032623,True,1.457246069416799,3.058466806577281,0,33830660.0,77,0.09037633318415898,7,
DAGGUMALLA PRASADA RAO,Providing supply pipelines for drinking water,912489.0,13.723931309571604,13.120916330937414,0.6030149786341905,11,499277.00000000035,False,0.0,1.827620739589445,0,33830660.0,77,0.026972249432910857,5,
DAGGUMALLA PRASADA RAO,Renovation of ponds and lakes,2865800.0,14.86835810126464,13.81531952770436,0.5844369773459501,8,999808.987985205,False,0.0,2.866347506812379,0,33830660.0,77,0.08471014162892476,6,
DAMODAR AGARWAL,Construction of boundary walls of existing public and community buildings,499977.0,13.122317376346297,13.800753921547606,0.6784135446722939,62,985351.7091490725,True,-0.6745228678465264,0.5074096846412017,0,3980382.0,8,0.12561030574452403,1,
DAMODAR AGARWAL,Construction of community centers and community halls,500000.0,13.122363377404328,14.21557510928233,0.7574997842031976,101,1491921.0000000002,True,-0.9734277534182294,0.3351383886948437,0,3980382.0,8,0.1256160840843919,1,
DAMODAR AGARWAL,Construction of footpaths and pedestrian ways,499700.0,13.121763197332296,13.691130308469193,0.49594380592756515,27,883043.9999999998,True,-0.774358126609867,0.5658834667355196,0,3980382.0,8,0.12554071443394127,1,
DAMODAR AGARWAL,"Construction of roads, link roads, pathways or any other road with or without drainage system",1483660.0,14.21002256594751,15.057946519666173,0.917949939299187,226,3464041.467798128,True,-0.6230456393078218,0.42830318683888874,0,3980382.0,8,0.3727431186252978,3,
DAMODAR AGARWAL,Construction of rooms and halls in school and colleges,499000.0,13.120361374733656,13.889238600811138,0.7668752234068101,61,1076513.9999999993,True,-0.6762608481277688,0.46353321926143115,0,3980382.0,8,0.12536485191622312,1,
DAMODAR AGARWAL,Street lights,498045.0,13.118445713370223,14.893113691774463,1.2240634603534417,65,2937630.0000000014,True,-0.977901546941062,0.16953973100764894,0,3980382.0,8,0.12512492519562193,1,
DAROGA PRASAD SAROJ,Lighting of public spaces,4023672.0,15.207705476505122,14.80807765219108,1.280249166678587,95,2698152.0000000014,True,0.21054414602676538,1.4912695800681348,0,13428482.0,31,0.2996371443920467,3,
DAROGA PRASAD SAROJ,Setting up public non-conventional energy plants,1173492.0,13.975494477036515,13.730784989618794,0.2447094874177198,2,918764.3878383618,False,0.0,1.2772502020468521,0,13428482.0,31,0.08738828409644515,1,
DAROGA PRASAD SAROJ,Street lights,8231318.0,15.923456705639301,14.893113691774463,1.2240634603534417,65,2937630.0000000014,True,0.5677535400420871,2.8020268039201657,0,13428482.0,31,0.6129745715115081,27,
DARSHAN SINGH CHOUDHARY,Construction of common work sheds/ common covered sitting area,200000.0,12.206072645530174,13.813291263073467,0.7598198476596352,54,997783.1659233379,True,-1.4267447222812801,0.2004443518696992,0,3905000.0,40,0.05121638924455826,1,
DARSHAN SINGH CHOUDHARY,"Purchase of prosthetics, wheel chairs, tricycles (manual or motorized), elect scooties, hearing aids",3705000.0,15.125193816712324,13.017002861746503,0.8109302162163292,9,450000.00000000035,False,0.0,8.233333333333327,0,3905000.0,40,0.9487836107554417,39,
DEEPENDER SINGH HOODA,Construction of buildings for community cultural activities,493629.0,13.109539501873414,13.815510557964274,0.6944420185008866,25,999999.9999999995,True,-0.68569796274889,0.4936290000000002,0,10002310.0,17,0.04935149980354538,1,
DEEPENDER SINGH HOODA,Construction of common work sheds/ common covered sitting area,758420.0,13.53899260088325,13.813291263073467,0.7598198476596352,54,997783.1659233379,True,-0.24349778202974717,0.7601050267250863,0,10002310.0,17,0.07582448454407031,2,
DEEPENDER SINGH HOODA,Construction of community centers and community halls,7140052.0,15.781230617202413,14.21557510928233,0.7574997842031976,101,1491921.0000000002,True,1.3941055325882663,4.785811044954793,0,10002310.0,17,0.7138403028900324,10,
DEEPENDER SINGH HOODA,"Construction of roads, link roads, pathways or any other road with or without drainage system",194056.0,12.175902056185057,15.057946519666173,0.917949939299187,226,3464041.467798128,True,-2.1176960827538385,0.0560201145984979,0,10002310.0,17,0.019401118341663075,1,
DEEPENDER SINGH HOODA,Construction of shelters for animals,497815.0,13.117983801045018,13.122363377404328,0.7897746741435387,5,499999.9999999997,False,0.0,0.9956300000000006,0,10002310.0,17,0.04977000312927714,1,
DEEPENDER SINGH HOODA,Development of playfields and sports grounds,199008.0,12.201100303903615,13.699922696458536,0.5894825609725016,14,890842.2980528027,False,0.0,0.22339307466090283,0,10002310.0,17,0.01989620397688134,1,
DEEPENDER SINGH HOODA,Setting up public non-conventional energy plants,719330.0,13.486075502201075,13.730784989618794,0.2447094874177198,2,918764.3878383618,False,0.0,0.7829319567908108,0,10002310.0,17,0.07191638731453034,1,
DEVESH CHANDRA THAKUR,Providing CCTV camera system for security of public areas,12750000.0,16.36104182956871,14.570997594367718,0.9737079619670492,7,2128647.999999999,False,0.0,5.989717416876818,0,12750000.0,49,1.0,49,
DEVESH SHAKYA,Street lights,31543249.0,17.26687014624198,14.893113691774463,1.2240634603534417,65,2937630.0000000014,True,1.3080193800377247,10.73765212092741,0,31543249.0,131,1.0,131,
DHANORKAR PRATIBHA SURESH ALIAS BALUBHAU,"Purchase of IT systems, including hardware and software for educational purposes",449205.0,13.015234632683853,13.774841282306094,0.8346872078132384,20,960146.6213032259,True,-0.6138283663319788,0.4678504199601153,0,449205.0,1,1.0,1,
DHAVAL LAXMANBHAI PATEL,Construction of culverts and bridges,992811.0,13.80829559258553,13.951241645841687,0.828878268437359,42,1145373.8472655984,True,-0.11632240413667508,0.8668008287164768,0,1984632.0,4,0.5002494165165129,2,
DHAVAL LAXMANBHAI PATEL,Construction of footpaths and pedestrian ways,496611.0,13.115562302435126,13.691130308469193,0.49594380592756515,27,883043.9999999998,True,-0.7827915490221468,0.5623853398018673,0,1984632.0,4,0.2502282539029906,1,
DHAVAL LAXMANBHAI PATEL,"Construction of roads, link roads, pathways or any other road with or without drainage system",495210.0,13.112737194009696,15.057946519666173,0.917949939299187,226,3464041.467798128,True,-1.4293194366971458,0.1429572955761334,0,1984632.0,4,0.24952232958049653,1,
DR BYREDDY SHABARI,"Construction of roads, link roads, pathways or any other road with or without drainage system",480726.0,13.083052740208002,15.057946519666173,0.917949939299187,226,3464041.467798128,True,-1.4511312624101351,0.13877605232756268,0,1642211.0,2,0.2927309584456565,1,
DR BYREDDY SHABARI,"Patrolling Vehicles to government institution for Public Conveniences, Safety and Security",1161485.0,13.965209916774299,13.965209916774299,0.7863940003603105,3,1161485.0000000007,False,0.0,0.9999999999999994,0,1642211.0,2,0.7072690415543436,1,
DR C N MANJUNATH,Construction of New Building,1500000.0,14.22097566607244,14.018243112018357,0.20273255405408275,2,1224744.8713915902,False,0.0,1.2247448713915878,0,13532695.0,26,0.11084266659375683,2,
DR C N MANJUNATH,Construction of bus-sheds or bus-stops,2000000.0,14.508657738524219,13.86558751291084,0.743540185445033,21,1051351.9999999995,True,0.5833590109411635,1.9023124510154552,0,13532695.0,26,0.14779022212500909,4,
DR C N MANJUNATH,Construction of community centers and community halls,3998617.0,15.201459109298852,14.21557510928233,0.7574997842031976,101,1491921.0000000002,True,0.8778599966343558,2.68018011677562,0,13532695.0,26,0.29547824731141875,6,
DR C N MANJUNATH,"Construction of roads, link roads, pathways or any other road with or without drainage system",4846767.0,15.393822442700332,15.057946519666173,0.917949939299187,226,3464041.467798128,True,0.2467981099922503,1.399165409841581,0,13532695.0,26,0.358152385759082,11,
DR C N MANJUNATH,Construction of rooms and halls in school and colleges,200000.0,12.206072645530174,13.889238600811138,0.7668752234068101,61,1076513.9999999993,True,-1.4804174162695065,0.18578485741941128,0,13532695.0,26,0.01477902221250091,1,
DR C N MANJUNATH,Crematoriums/energy efficient crematoriums or structures on burial/cremation ground,987311.0,13.802740365034486,13.126325517749349,0.5838245245570999,37,501985.0000000003,True,0.7814707935401287,1.9668137494148221,0,13532695.0,26,0.07295745599823243,2,
DR DHARAMVIRA GANDHI,Construction of boundary walls of existing public and community buildings,200000.0,12.206072645530174,13.800753921547606,0.6784135446722939,62,985351.7091490725,True,-1.5854820840779797,0.2029732106241694,0,2528044.0,14,0.07911254709174366,1,
DR DHARAMVIRA GANDHI,Construction of common work sheds/ common covered sitting area,300000.0,12.611537753638338,13.813291263073467,0.7598198476596352,54,997783.1659233379,True,-1.0668091187808755,0.3006665278045488,0,2528044.0,14,0.11866882063761548,1,
DR DHARAMVIRA GANDHI,"Construction of roads, link roads, pathways or any other road with or without drainage system",254644.0,12.447621770283744,15.057946519666173,0.917949939299187,226,3464041.467798128,True,-1.9180392830600705,0.07351066734251917,0,2528044.0,14,0.10072767720814986,1,
DR DHARAMVIRA GANDHI,Construction of toilet blocks,1330000.0,14.100689500197937,13.117262389458487,0.8898969247531294,11,497456.00000000035,False,0.0,2.6736032935576195,0,2528044.0,14,0.5260984381600953,9,
DR DHARAMVIRA GANDHI,Development of public parks,293400.0,12.589292144691019,14.219242164426287,1.096878787021959,13,1497402.0,False,0.0,0.1959393669836156,0,2528044.0,14,0.11605810658358795,1,
DR DHARAMVIRA GANDHI,Setting up of kitchen and pantries,150000.0,11.918390573078392,13.12215335535124,0.4161652492959078,5,499894.99999999977,False,0.0,0.300063013232779,0,2528044.0,14,0.05933441031880774,1,
DR KALGE SHIVAJI BANDAPPA,Construction of community centers and community halls,691689.0,13.44689171161417,14.21557510928233,0.7574997842031976,101,1491921.0000000002,True,-0.6844582170707182,0.4636230738758955,0,3766463.0,5,0.18364417757455734,1,
DR KALGE SHIVAJI BANDAPPA,"Construction of roads, link roads, pathways or any other road with or without drainage system",3074774.0,14.938741960586837,15.057946519666173,0.917949939299187,226,3464041.467798128,True,-0.08759026136043567,0.8876262101892329,0,3766463.0,5,0.8163558224254427,4,
DR RANI SRI KUMAR,Construction of boundary walls of existing public and community buildings,13940567.0,16.450313636787982,13.800753921547606,0.6784135446722939,62,985351.7091490725,True,2.6342752764361466,14.147808209556727,7,31362489.0,31,0.44449810727713607,6,"DR RANI SRI KUMAR spent ₹13,940,567 (₹1.39 crore) on 'Construction of boundary walls of existing public and community buildings' works — 14.1x the median MP spend in that category (₹985,352 (₹9.85 lakh), n=62 peer MPs), 44% of this MP's total disbursed funds."
DR RANI SRI KUMAR,"Construction of roads, link roads, pathways or any other road with or without drainage system",7000000.0,15.761420707019587,15.057946519666173,0.917949939299187,226,3464041.467798128,True,0.5169054640737077,2.020761028721015,0,31362489.0,31,0.22319657090991726,3,
DR RANI SRI KUMAR,Providing drains and gutters for public drainage,1595522.0,14.282711513386317,13.81519145615997,0.5174368543789507,50,999680.9491032623,True,0.6094314232364794,1.596031215190428,0,31362489.0,31,0.05087357703019043,2,
DR RANI SRI KUMAR,Street lights,8826400.0,15.993257788428233,14.893113691774463,1.2240634603534417,65,2937630.0000000014,True,0.6062162765472188,3.004598945408372,0,31362489.0,31,0.28143174478275623,20,
DR. HEMANG JOSHI,Construction of common work sheds/ common covered sitting area,800000.0,13.592367006650065,13.813291263073467,0.7598198476596352,54,997783.1659233379,True,-0.19611676559459357,0.8017774074787968,0,3845000.0,9,0.20806241872561768,2,
DR. HEMANG JOSHI,"Construction of roads, link roads, pathways or any other road with or without drainage system",1000000.0,13.815510557964274,15.057946519666173,0.917949939299187,226,3464041.467798128,True,-0.9129289303158767,0.28868014696014505,0,3845000.0,9,0.26007802340702213,2,
DR. HEMANG JOSHI,"Purchase of smart boards, visual display units and projectors",2045000.0,14.53090834745904,14.776128822535135,0.889044091416876,10,2613311.6920872633,False,0.0,0.7825319904211846,0,3845000.0,9,0.5318595578673602,5,
DR. LATA WANKHEDE,Construction of additional rooms and halls in the existing public and community building,1500000.0,14.22097566607244,13.81528000481769,0.6929616294384839,24,999769.4734287509,True,0.39488726632391374,1.5003458695890042,0,41429890.0,55,0.0362057442102791,1,
DR. LATA WANKHEDE,Construction of boundary walls of existing public and community buildings,989506.0,13.804961107674893,13.800753921547606,0.6784135446722939,62,985351.7091490725,True,0.004182916253869667,1.0042160487593967,0,41429890.0,55,0.02388386742035762,1,
DR. LATA WANKHEDE,Construction of bus-sheds or bus-stops,14395890.0,16.482453307140474,13.86558751291084,0.743540185445033,21,1051351.9999999995,True,2.373881079677533,13.69274039522444,7,41429890.0,55,0.3474759406795432,7,"DR. LATA WANKHEDE spent ₹14,395,890 (₹1.44 crore) on 'Construction of bus-sheds or bus-stops' works — 13.7x the median MP spend in that category (₹1,051,352 (₹10.51 lakh), n=21 peer MPs), 35% of this MP's total disbursed funds."
DR. LATA WANKHEDE,Construction of common work sheds/ common covered sitting area,500000.0,13.122363377404328,13.813291263073467,0.7598198476596352,54,997783.1659233379,True,-0.6133438871323015,0.5011108796742479,0,41429890.0,55,0.012068581403426367,1,
DR. LATA WANKHEDE,Construction of culverts and bridges,500000.0,13.122363377404328,13.951241645841687,0.828878268437359,42,1145373.8472655984,True,-0.6745,0.43653869100789416,0,41429890.0,55,0.012068581403426367,1,
DR. LATA WANKHEDE,Construction of public toilets and bathrooms,124937.0,11.735564889233748,13.010791601747224,0.8303681034170749,16,447213.5954999579,True,-1.03585435670126,0.27936762490489125,0,41429890.0,55,0.00301562470959976,1,
DR. LATA WANKHEDE,"Construction of roads, link roads, pathways or any other road with or without drainage system",23419557.0,16.969082000498073,15.057946519666173,0.917949939299187,226,3464041.467798128,True,1.4042823324387994,6.760761156501493,0,41429890.0,55,0.5652816601733676,43,
DR. MANSUKH MANDAVIYA,"Construction of roads, link roads, pathways or any other road with or without drainage system",1000000.0,13.815510557964274,15.057946519666173,0.917949939299187,226,3464041.467798128,True,-0.9129289303158767,0.28868014696014505,0,1300000.0,4,0.7692307692307693,3,
DR. MANSUKH MANDAVIYA,Crematoriums/energy efficient crematoriums or structures on burial/cremation ground,300000.0,12.611537753638338,13.126325517749349,0.5838245245570999,37,501985.0000000003,True,-0.594740940621307,0.59762741914599,0,1300000.0,4,0.23076923076923078,1,
DR. PRABHA MALLIKARJUN,Construction of rooms and halls in school and colleges,500000.0,13.122363377404328,13.889238600811138,0.7668752234068101,61,1076513.9999999993,True,-0.6745,0.4644621435485282,0,4800000.0,4,0.10416666666666667,1,
DR. PRABHA MALLIKARJUN,Construction of toilet blocks,1200000.0,13.997832114758229,13.117262389458487,0.8898969247531294,11,497456.00000000035,False,0.0,2.412273648322664,0,4800000.0,4,0.25,1,
DR. PRABHA MALLIKARJUN,Crematoriums/energy efficient crematoriums or structures on burial/cremation ground,2500000.0,14.73180128983843,13.126325517749349,0.5838245245570999,37,501985.0000000003,True,1.8548268576000437,4.980228492883251,0,4800000.0,4,0.5208333333333334,1,
DR. PRABHA MALLIKARJUN,Development of playground,600000.0,13.304684934198283,13.761018831344273,0.606943052395259,18,946966.3434378215,True,-0.5071270070730193,0.6336022437944189,0,4800000.0,4,0.125,1,
DR. RAJ KUMAR CHABBEWAL,Construction of community centers and community halls,1099800.0,13.910638903055851,14.21557510928233,0.7574997842031976,101,1491921.0000000002,True,-0.27152413160897626,0.7371703997731782,0,14737460.0,38,0.07462615674614215,4,
DR. RAJ KUMAR CHABBEWAL,Construction of footpaths and pedestrian ways,600000.0,13.304684934198283,13.691130308469193,0.49594380592756515,27,883043.9999999998,True,-0.5255785067387225,0.6794678407870958,0,14737460.0,38,0.0407125786940219,1,
DR. RAJ KUMAR CHABBEWAL,"Construction of roads, link roads, pathways or any other road with or without drainage system",8783452.0,15.988380054628703,15.057946519666173,0.917949939299187,226,3464041.467798128,True,0.6836728153295084,2.5356082141773797,0,14737460.0,38,0.5959949679252734,16,
DR. RAJ KUMAR CHABBEWAL,"Construction of rooms and facilities for hospitals, FWC , PHC Centers and ANM centers",300000.0,12.611537753638338,13.122363377404328,0.5108256237659905,13,499999.9999999997,False,0.0,0.6000000000000003,0,14737460.0,38,0.02035628934701095,1,
DR. RAJ KUMAR CHABBEWAL,Creation of new ponds,200000.0,12.206072645530174,14.851423699475491,0.3536090351812504,5,2817678.0000000023,False,0.0,0.07098043140486593,0,14737460.0,38,0.013570859564673967,1,
DR. RAJ KUMAR CHABBEWAL,Crematoriums/energy efficient crematoriums or structures on burial/cremation ground,300000.0,12.611537753638338,13.126325517749349,0.5838245245570999,37,501985.0000000003,True,-0.594740940621307,0.59762741914599,0,14737460.0,38,0.02035628934701095,2,
DR. RAJ KUMAR CHABBEWAL,Development of public parks,400000.0,12.89921982609012,14.219242164426287,1.096878787021959,13,1497402.0,False,0.0,0.2671293346743226,0,14737460.0,38,0.027141719129347933,2,
DR. RAJ KUMAR CHABBEWAL,Fitting of Sitting RCC Benches in Public Places,50000.0,10.819778284410283,14.01401158997869,1.161518866872262,6,1219573.2860308138,False,0.0,0.04099794622652689,0,14737460.0,38,0.0033927148911684917,1,
DR. RAJ KUMAR CHABBEWAL,Installation of multi-gym equipment,500000.0,13.122363377404328,13.279020011816728,0.5307928328022182,12,584796.9733163806,False,0.0,0.8549975851696061,0,14737460.0,38,0.03392714891168492,1,
DR. RAJ KUMAR CHABBEWAL,Installing tube-wells and borewells,1804208.0,14.40563227229306,13.14725957257652,0.9530793891161249,32,512604.3466944067,True,0.8905579069818605,3.519689233293984,0,14737460.0,38,0.12242326696730645,6,
DR. RAJ KUMAR CHABBEWAL,Lighting of public spaces,200000.0,12.206072645530174,14.80807765219108,1.280249166678587,95,2698152.0000000014,True,-1.3708678143849138,0.07412480838737028,0,14737460.0,38,0.013570859564673967,1,
DR. RAJ KUMAR CHABBEWAL,Providing drains and gutters for public drainage,500000.0,13.122363377404328,13.81519145615997,0.5174368543789507,50,999680.9491032623,True,-0.9031295996137902,0.50015957636135,0,14737460.0,38,0.03392714891168492,2,
DR. RAJESH MISHRA,Construction of common work sheds/ common covered sitting area,20795360.0,16.85024044286311,13.813291263073467,0.7598198476596352,54,997783.1659233379,True,2.695931447536647,20.841562285485338,7,89555795.0,139,0.23220563225417182,80,"DR. RAJESH MISHRA spent ₹20,795,360 (₹2.08 crore) on 'Construction of common work sheds/ common covered sitting area' works — 20.8x the median MP spend in that category (₹997,783 (₹9.98 lakh), n=54 peer MPs), 23% of this MP's total disbursed funds."
DR. RAJESH MISHRA,Construction of culverts and bridges,1494432.0,14.217256759503686,13.951241645841687,0.828878268437359,42,1145373.8472655984,True,0.2164698979299851,1.3047547781606186,0,89555795.0,139,0.016687161338917265,2,
DR. RAJESH MISHRA,"Construction of roads, link roads, pathways or any other road with or without drainage system",3990305.0,15.199378227047331,15.057946519666173,0.917949939299187,226,3464041.467798128,True,0.10392253710635016,1.1519218338158015,0,89555795.0,139,0.044556636452169285,3,
DR. RAJESH MISHRA,Development of playground,2494838.0,14.729734355200002,13.761018831344273,0.606943052395259,18,946966.3434378215,True,1.076540242551745,2.6345582578393008,0,89555795.0,139,0.027857918072191755,1,
DR. RAJESH MISHRA,Installing community drinking water plants,581200.0,13.272850210678264,13.273726077636404,0.67248362567556,22,581709.2768729058,True,-0.0008784931568731364,0.9991245165013639,0,89555795.0,139,0.006489808950945051,1,
DR. RAJESH MISHRA,Street lights,60199660.0,17.91317726242257,14.893113691774463,1.2240634603534417,65,2937630.0000000014,True,1.6641562667134633,20.492594370291688,0,89555795.0,139,0.6722028429316048,52,
DR. S P SINGH,"Construction of roads, link roads, pathways or any other road with or without drainage system",3225243.0,14.986518854210638,15.057946519666173,0.917949939299187,226,3464041.467798128,True,-0.052484300381935266,0.9310636232221791,0,3225243.0,9,1.0,9,
DR. SHARMILA SARKAR,Construction of common work sheds/ common covered sitting area,998600.0,13.814109577048646,13.813291263073467,0.7598198476596352,54,997783.1659233379,True,0.0007264258468086942,1.000818648885408,0,5162900.0,5,0.19341842762788355,1,
DR. SHARMILA SARKAR,Construction of community centers and community halls,2444263.0,14.709254203958663,14.21557510928233,0.7574997842031976,101,1491921.0000000002,True,0.4395863290039744,1.6383327267328496,0,5162900.0,5,0.4734283057971295,1,
DR. SHARMILA SARKAR,Providing drains and gutters for public drainage,637871.0,13.365891347525526,13.81519145615997,0.5174368543789507,50,999680.9491032623,True,-0.5856809786725949,0.6380745782663815,0,5162900.0,5,0.12354897441360475,1,
DR. SHARMILA SARKAR,Retrofitting in essential lifeline buildings,1082166.0,13.894475146214328,13.894475146214328,0.0,1,1082166.0000000005,False,0.0,0.9999999999999996,0,5162900.0,5,0.20960429216138216,2,
DR.K.SUDHAKAR,Construction of community centers and community halls,499365.0,13.121092570270884,14.21557510928233,0.7574997842031976,101,1491921.0000000002,True,-0.9745593173201386,0.3347127629412013,0,1748730.0,5,0.28555866257226675,1,
DR.K.SUDHAKAR,"Construction of rooms and facilities for hospitals, FWC , PHC Centers and ANM centers",499365.0,13.121092570270884,13.122363377404328,0.5108256237659905,13,499999.9999999997,False,0.0,0.9987300000000006,0,1748730.0,5,0.28555866257226675,1,
DR.K.SUDHAKAR,Lighting of public spaces,750000.0,13.527828485512494,14.80807765219108,1.280249166678587,95,2698152.0000000014,True,-0.6745,0.27796803145263854,0,1748730.0,5,0.42888267485546655,3,
DR.MALLU RAVI,Lighting of public spaces,2518008.0,14.738978670706084,14.80807765219108,1.280249166678587,95,2698152.0000000014,True,-0.03640483760871783,0.9332343025893273,0,2577992.0,7,0.97673227845548,6,
DR.MALLU RAVI,Street lights,59984.0,11.001833138975693,14.893113691774463,1.2240634603534417,65,2937630.0000000014,True,-2.1442260290205146,0.020419181448991183,0,2577992.0,7,0.02326772154451992,1,
DURAI VAIKO,"Construction of roads, link roads, pathways or any other road with or without drainage system",999639.0,13.815149492788088,15.057946519666173,0.917949939299187,226,3464041.467798128,True,-0.9131942372252312,0.2885759334270924,0,2549639.0,4,0.3920707990425311,1,
DURAI VAIKO,Lighting of public spaces,1550000.0,14.253765488895429,14.80807765219108,1.280249166678587,95,2698152.0000000014,True,-0.29203967780186235,0.5744672650021196,0,2549639.0,4,0.6079292009574688,3,
Devendra Alias Bhole Singh,Lighting of public spaces,12606205.0,16.34969971102038,14.80807765219108,1.280249166678587,95,2698152.0000000014,True,0.8122044565574918,4.6721626505845455,0,12606205.0,24,1.0,24,
Dileshwar Kamait,Construction of common work sheds/ common covered sitting area,1350436.0,14.115938061236264,13.813291263073467,0.7598198476596352,54,997783.1659233379,True,0.26866271786605156,1.3534363438075454,0,50042614.0,40,0.026985720610038476,1,
Dileshwar Kamait,"Construction of roads, link roads, pathways or any other road with or without drainage system",2263178.0,14.632280578172866,15.057946519666173,0.917949939299187,226,3464041.467798128,True,-0.3127748750181651,0.6533345576369671,0,50042614.0,40,0.045225015623684243,2,
Dileshwar Kamait,Lighting of public spaces,26709000.0,17.10051114522392,14.80807765219108,1.280249166678587,95,2698152.0000000014,True,1.2077698867495867,9.898997536091365,0,50042614.0,40,0.5337251167574899,29,
Dileshwar Kamait,"Purchase of IT systems, including hardware and software for educational purposes",4920000.0,15.40881908846849,13.774841282306094,0.8346872078132384,20,960146.6213032259,True,1.3203964550312555,5.124217375594143,0,50042614.0,40,0.09831620706304431,2,
Dileshwar Kamait,Setting up of laboratories,14800000.0,16.510137738734343,16.012735135300492,0.8160960361180134,11,8999999.999999985,False,0.0,1.6444444444444473,0,50042614.0,40,0.29574793994574305,6,
Dinesh Chandra Yadav,Setting up of laboratories,29976000.0,17.21590761945566,16.012735135300492,0.8160960361180134,11,8999999.999999985,False,0.0,3.330666666666672,0,29976000.0,24,1.0,24,
Dr Shashi Tharoor,"Construction of roads, link roads, pathways or any other road with or without drainage system",726969.0,13.496639114616132,15.057946519666173,0.917949939299187,226,3464041.467798128,True,-1.1472323267543847,0.20986151775546966,0,4336328.0,4,0.167646220488856,1,
Dr Shashi Tharoor,"Purchase of IT systems, including hardware and software for educational purposes",585550.0,13.280306855470283,13.774841282306094,0.8346872078132384,20,960146.6213032259,True,-0.3996269114686007,0.6098547732274696,0,4336328.0,4,0.13503360446903462,1,
Dr Shashi Tharoor,Purchase of vans and buses for educational institutions,2265900.0,14.633482588969649,14.690906262510683,0.05742367354103539,2,2399824.7276624157,False,0.0,0.9441939546173161,0,4336328.0,4,0.5225388854348656,1,
Dr Shashi Tharoor,Setting up of kitchen and pantries,757909.0,13.538318604647149,13.12215335535124,0.4161652492959078,5,499894.99999999977,False,0.0,1.5161363886416155,0,4336328.0,4,0.17478128960724373,1,
Dr Sukanta Majumdar, Laying of synthetic turfs for hockey and football,800000.0,13.592367006650065,13.592367006650065,0.0,1,800000.0000000003,False,0.0,0.9999999999999996,0,3002015.0,3,0.2664876757777693,1,
Dr Sukanta Majumdar,Construction of culverts and bridges,1602957.0,14.287360606528221,13.951241645841687,0.828878268437359,42,1145373.8472655984,True,0.2735169295854213,1.399505501043882,0,3002015.0,3,0.5339603566271321,1,
Dr Sukanta Majumdar,Lighting of public spaces,599058.0,13.303113700456798,14.80807765219108,1.280249166678587,95,2698152.0000000014,True,-0.7928911120311779,0.22202529731460632,0,3002015.0,3,0.19955196759509863,1,
Durga Das Uikey,Construction of bus-sheds or bus-stops,9097970.0,16.023561869678645,13.86558751291084,0.743540185445033,21,1051351.9999999995,True,1.957599242290701,8.65359080498254,0,12515900.0,47,0.7269129667063495,35,
Durga Das Uikey,Construction of common work sheds/ common covered sitting area,1321924.0,14.094598809087678,13.813291263073467,0.7598198476596352,54,997783.1659233379,True,0.24971964126894128,1.3248609970050012,0,12515900.0,47,0.10561957190453743,1,
Durga Das Uikey,Purchase of mobile water tankers,2096006.0,14.555544187014393,15.03928598958639,0.8174433387947495,17,3399999.999999998,True,-0.39915163577684715,0.6164723529411769,0,12515900.0,47,0.16746746138911306,11,
EATALA RAJENDER,Construction of boundary walls of existing public and community buildings,412671.0,12.93040594431119,13.800753921547606,0.6784135446722939,62,985351.7091490725,True,-0.8653272259319885,0.41880578900743304,0,712801.0,3,0.5789427904843006,1,
EATALA RAJENDER,Installing tube-wells and borewells,300130.0,12.611970993109898,13.14725957257652,0.9530793891161249,32,512604.3466944067,True,-0.37882693821033325,0.5855003023977964,0,712801.0,3,0.42105720951569936,2,
ESWARASAMY K,Construction of boundary walls of existing public and community buildings,240140.0,12.38897736558471,13.800753921547606,0.6784135446722939,62,985351.7091490725,True,-1.4036324812131409,0.2437099339964402,0,2209456.0,4,0.10868738730257584,1,
ESWARASAMY K,Construction of bus-sheds or bus-stops,969316.0,13.784345947101919,13.86558751291084,0.743540185445033,21,1051351.9999999995,True,-0.073698015535394,0.9219709478842485,0,2209456.0,4,0.43871251565996333,2,
ESWARASAMY K,Providing drains and gutters for public drainage,1000000.0,13.815510557964274,13.81519145615997,0.5174368543789507,50,999680.9491032623,True,0.0004159621897452009,1.0003191527227,0,2209456.0,4,0.4526000970374608,1,
Faggan Singh Kulaste,Construction of boundary walls of existing public and community buildings,999960.0,13.815470557164252,13.800753921547606,0.6784135446722939,62,985351.7091490725,True,0.014631740184701491,1.0148254584787222,0,12191480.0,23,0.08202121481559253,1,
Faggan Singh Kulaste,Construction of common work sheds/ common covered sitting area,100000.0,11.512925464970229,13.813291263073467,0.7598198476596352,54,997783.1659233379,True,-2.0420587006246236,0.1002221759348496,0,12191480.0,23,0.008202449579542434,1,
Faggan Singh Kulaste,Construction of community centers and community halls,300000.0,12.611537753638338,14.21557510928233,0.7574997842031976,101,1491921.0000000002,True,-1.4282818542581255,0.20108303321690624,0,12191480.0,23,0.024607348738627303,1,
Faggan Singh Kulaste,Construction of culverts and bridges,3985202.0,15.198098559009583,13.951241645841687,0.828878268437359,42,1145373.8472655984,True,1.0146302779987812,3.4793897289640836,0,12191480.0,23,0.3268841846929167,8,
Faggan Singh Kulaste,"Construction of roads, link roads, pathways or any other road with or without drainage system",6806318.0,15.733361856430763,15.057946519666173,0.917949939299187,226,3464041.467798128,True,0.49628811457356975,1.9648488804974804,0,12191480.0,23,0.558284802173321,12,
G. KUMAR NAIK,"Construction of Government office buildings (Post office, Police station, Police chauki, etc.)",2000000.0,14.508657738524219,13.815510557964274,0.0004396932735160064,4,999999.9999999995,False,0.0,2.000000000000001,0,2980000.0,3,0.6711409395973155,1,
G. KUMAR NAIK,"Purchase of IT systems, including hardware and software for educational purposes",980000.0,13.795307850646754,13.774841282306094,0.8346872078132384,20,960146.6213032259,True,0.016538770711416486,1.0206774447321667,0,2980000.0,3,0.3288590604026846,2,
GAURAV GOGOI,Construction of community centers and community halls,750000.0,13.527828485512494,14.21557510928233,0.7574997842031976,101,1491921.0000000002,True,-0.612389742421786,0.5027075830422656,0,2199890.0,9,0.3409261372159517,3,
GAURAV GOGOI,"Construction of roads, link roads, pathways or any other road with or without drainage system",1199890.0,13.997740443889917,15.057946519666173,0.917949939299187,226,3464041.467798128,True,-0.7790283189702453,0.3463844215360084,0,2199890.0,9,0.5454318170453977,5,
GAURAV GOGOI,Crematoriums/energy efficient crematoriums or structures on burial/cremation ground,250000.0,12.429216196844383,13.126325517749349,0.5838245245570999,37,501985.0000000003,True,-0.8053793857102904,0.4980228492883251,0,2199890.0,9,0.11364204573865057,1,
GENIBEN NAGAJI THAKOR,Construction of common work sheds/ common covered sitting area,300000.0,12.611537753638338,13.813291263073467,0.7598198476596352,54,997783.1659233379,True,-1.0668091187808755,0.3006665278045488,0,300000.0,1,1.0,1,
GM Harish Balayogi,"Construction of roads, link roads, pathways or any other road with or without drainage system",3954016.0,15.190242329239666,15.057946519666173,0.917949939299187,226,3464041.467798128,True,0.09720957509452768,1.1414459199627647,0,4964016.0,3,0.7965357081846633,2,
GM Harish Balayogi,"Purchase of hearse van (Four, three and two wheelers)",1010000.0,13.825460888817442,14.763201695936203,0.937740807118761,2,2579746.4991739015,False,0.0,0.3915113366074639,0,4964016.0,3,0.20346429181533662,1,
GURMEET SINGH MEET HAYER,Construction of additional rooms and halls in the existing public and community building,1269401.0,14.054055693627948,13.81528000481769,0.6929616294384839,24,999769.4734287509,True,0.23241431453141623,1.2696936981347677,0,2782450.0,16,0.4562170030009524,5,
GURMEET SINGH MEET HAYER,Construction of community centers and community halls,201758.0,12.21482423838197,14.21557510928233,0.7574997842031976,101,1491921.0000000002,True,-1.781527190587675,0.13523370205258856,0,2782450.0,16,0.07251091663821452,1,
GURMEET SINGH MEET HAYER,Construction of toilet blocks,300000.0,12.611537753638338,13.117262389458487,0.8898969247531294,11,497456.00000000035,False,0.0,0.603068412080666,0,2782450.0,16,0.10781864903232763,1,
GURMEET SINGH MEET HAYER,Development of public parks,98000.0,11.49272275765271,14.219242164426287,1.096878787021959,13,1497402.0,False,0.0,0.06544668699520903,0,2782450.0,16,0.03522075868389369,1,
GURMEET SINGH MEET HAYER,Installation of multi-gym equipment,341756.0,12.741852311125568,13.279020011816728,0.5307928328022182,12,584796.9733163806,False,0.0,0.5844011094344478,0,2782450.0,16,0.12282556739564053,1,
GURMEET SINGH MEET HAYER,Installing tube-wells and borewells,571535.0,13.256081002686473,13.14725957257652,0.9530793891161249,32,512604.3466944067,True,0.07701357877147481,1.1149632337018112,0,2782450.0,16,0.20540710524897124,7,
Gajendra Singh Patel,Construction of additional rooms and halls in the existing public and community building,500000.0,13.122363377404328,13.81528000481769,0.6929616294384839,24,999769.4734287509,True,-0.6744561969023176,0.5001152898630014,0,22918271.0,91,0.021816654493700682,1,
Gajendra Singh Patel,Construction of common work sheds/ common covered sitting area,1450000.0,14.187074114396758,13.813291263073467,0.7598198476596352,54,997783.1659233379,True,0.33181093386033356,1.4532215510553192,0,22918271.0,91,0.06326829803173198,3,
Gajendra Singh Patel,Construction of community centers and community halls,3250000.0,14.994165554305921,14.21557510928233,0.7574997842031976,101,1491921.0000000002,True,0.6932797422784998,2.178399526516484,0,22918271.0,91,0.14180825420905444,4,
Gajendra Singh Patel,Purchase of hospital equipment,4484057.0,15.3160387749578,14.038695543721623,0.6075665378155941,12,1250051.794126947,False,0.0,3.587096967555433,0,22918271.0,91,0.19565424459812,19,
Gajendra Singh Patel,Purchase of mobile water tankers,9734214.0,16.091157453929437,15.03928598958639,0.8174433387947495,17,3399999.999999998,True,0.8679345332307243,2.86300411764706,0,22918271.0,91,0.42473596721148815,62,
Gajendra Singh Patel,Setting up of farmers’ training and assistance centers,3500000.0,15.068273526459642,13.98374667627488,1.0845268501847611,2,1183215.956619922,False,0.0,2.9580398915498107,0,22918271.0,91,0.15271658145590478,2,
Ganesan Selvam,Construction of buildings for community cultural activities,2479094.0,14.723403728813969,13.815510557964274,0.6944420185008866,25,999999.9999999995,True,0.8818215595019289,2.4790940000000012,0,15466357.0,31,0.16028945924369908,2,
Ganesan Selvam,Construction of bus-sheds or bus-stops,631745.0,13.35624111069597,13.86558751291084,0.743540185445033,21,1051351.9999999995,True,-0.4620518904278208,0.6008881896833794,0,15466357.0,31,0.04084639970485616,1,
Ganesan Selvam,Construction of community centers and community halls,1955518.0,14.486165677942296,14.21557510928233,0.7574997842031976,101,1491921.0000000002,True,0.24094176971037665,1.3107383031675268,0,15466357.0,31,0.12643688491090693,2,
Ganesan Selvam,"Purchase of smart boards, visual display units and projectors",10400000.0,16.1573163641116,14.776128822535135,0.889044091416876,10,2613311.6920872633,False,0.0,3.9796247923620145,0,15466357.0,31,0.6724272561405378,26,
Ganesh Singh,"Construction of roads, link roads, pathways or any other road with or without drainage system",500000.0,13.122363377404328,15.057946519666173,0.917949939299187,226,3464041.467798128,True,-1.422246217971693,0.14434007348007252,0,990272.0,4,0.5049117818134815,1,
Ganesh Singh,Purchase of mobile water tankers,490272.0,13.10271561811548,15.03928598958639,0.8174433387947495,17,3399999.999999998,True,-1.5979293653344013,0.1441976470588236,0,990272.0,4,0.49508821818651844,3,
Giridhari Yadav,Construction of bus-sheds or bus-stops,29348000.0,17.19473495881602,13.86558751291084,0.743540185445033,21,1051351.9999999995,True,3.020025004995572,27.91453290620079,12,55949105.0,43,0.5245481585451635,22,"Giridhari Yadav spent ₹29,348,000 (₹2.93 crore) on 'Construction of bus-sheds or bus-stops' works — 27.9x the median MP spend in that category (₹1,051,352 (₹10.51 lakh), n=21 peer MPs), 52% of this MP's total disbursed funds."
Giridhari Yadav,"Construction of roads, link roads, pathways or any other road with or without drainage system",699916.0,13.458715606824965,15.057946519666173,0.917949939299187,226,3464041.467798128,True,-1.1750981230359014,0.20205185373975687,0,55949105.0,43,0.012509869460825156,1,
Giridhari Yadav,Installation of multi-gym equipment,13965889.0,16.452128414483127,13.279020011816728,0.5307928328022182,12,584796.9733163806,False,0.0,23.88160273949353,0,55949105.0,43,0.24961773740616583,7,
Giridhari Yadav,Lighting of public spaces,11935300.0,16.295010953593327,14.80807765219108,1.280249166678587,95,2698152.0000000014,True,0.783391653671435,4.423509127728902,0,55949105.0,43,0.2133242345878455,13,
Gumma Thanuja Rani,Street lights,6972000.0,15.757412685622048,14.893113691774463,1.2240634603534417,65,2937630.0000000014,True,0.4762577188456119,2.3733417755129125,0,6972000.0,5,1.0,5,
Gyaneshwar Patil,Construction of common work sheds/ common covered sitting area,1999268.0,14.508291671529872,13.813291263073467,0.7598198476596352,54,997783.1659233379,True,0.6169591080672011,2.003709892369149,0,16637707.0,66,0.12016487608538845,5,
Gyaneshwar Patil,Improvement of electricity distribution infrastructure,262545.0,12.478177774893046,12.864768028978977,0.8912752299478237,22,386453.9636230947,True,-0.2925640897663288,0.679369406742734,0,16637707.0,66,0.015780119219553513,1,
Gyaneshwar Patil,Installing hand pumps,99061.0,11.50349110098326,12.206072645530174,0.3837169895705621,11,200000.00000000006,False,0.0,0.49530499999999983,0,16637707.0,66,0.005954005560982652,1,
Gyaneshwar Patil,Lighting of public spaces,4006717.0,15.203482760720327,14.80807765219108,1.280249166678587,95,2698152.0000000014,True,0.20831940581917455,1.4849856494370954,0,16637707.0,66,0.24082146656387204,11,
Gyaneshwar Patil,Purchase Books for Library,2300000.0,14.648419680899378,15.393462169816473,0.38826439474949925,4,4845021.155784569,False,0.0,0.4747141294221148,0,16637707.0,66,0.13824020341264576,23,
Gyaneshwar Patil,Purchase of books and periodicals for libraries/digitization of library books,700000.0,13.458835614025542,13.458835614025542,1.4655849707377069,7,700000.0000000002,False,0.0,0.9999999999999997,0,16637707.0,66,0.0420731053864574,7,
Gyaneshwar Patil,Street lights,7270116.0,15.7992828053659,14.893113691774463,1.2240634603534417,65,2937630.0000000014,True,0.49932955840454574,2.4748235822755067,0,16637707.0,66,0.43696622377110017,18,
HARENDRA SINGH MALIK,"Construction of roads, link roads, pathways or any other road with or without drainage system",10779352.0,16.193143010321112,15.057946519666173,0.917949939299187,226,3464041.467798128,True,0.8341304903090098,3.111784919495133,0,10779352.0,18,1.0,18,
HARIBHAI PATEL,"Construction of roads, link roads, pathways or any other road with or without drainage system",4770000.0,15.377856862864524,15.057946519666173,0.917949939299187,226,3464041.467798128,True,0.23506676916611163,1.3770043009998918,0,4770000.0,28,1.0,28,
Harsh Malhotra,Development of public parks,1523000.0,14.236192631877298,14.219242164426287,1.096878787021959,13,1497402.0,False,0.0,1.0170949417724833,0,1523000.0,2,1.0,2,
Indra Hang Subba,Construction of additional rooms and halls in the existing public and community building,999539.0,13.815049451671106,13.81528000481769,0.6929616294384839,24,999769.4734287509,True,-0.00022441083425845366,0.9997694734287491,0,45817577.0,20,0.02181562329234477,1,
Indra Hang Subba,Construction of boundary walls of existing public and community buildings,2999068.0,14.913812131698831,13.800753921547606,0.6784135446722939,62,985351.7091490725,True,1.1066373433178625,3.043652304201032,0,45817577.0,20,0.06545671326093913,2,
Indra Hang Subba,"Construction of flood control embankments/ protection walls along riverbanks, hilltops, roadsides",15081261.0,16.528963537737724,13.997832114758229,0.8758428073093434,19,1199999.9999999998,True,1.9492631903257474,12.567717500000002,0,45817577.0,20,0.3291588509798325,7,
Indra Hang Subba,"Construction of roads, link roads, pathways or any other road with or without drainage system",2995995.0,14.912786954725998,15.057946519666173,0.917949939299187,226,3464041.467798128,True,-0.10666172779192888,0.8648842768918596,0,45817577.0,20,0.06538964293113972,1,
Indra Hang Subba,Crematoriums/energy efficient crematoriums or structures on burial/cremation ground,1000000.0,13.815510557964274,13.126325517749349,0.5838245245570999,37,501985.0000000003,True,0.7962243620677201,1.9920913971533003,0,45817577.0,20,0.02182568493309893,1,
Indra Hang Subba,Providing drains and gutters for public drainage,2997051.0,14.91313936317103,13.81519145615997,0.5174368543789507,50,999680.9491032623,True,1.431219784620517,2.998007516986721,0,45817577.0,20,0.06541269085442908,2,
Indra Hang Subba,"Purchase of IT systems, including hardware and software for educational purposes",17000000.0,16.64872390202049,13.774841282306094,0.8346872078132384,20,960146.6213032259,True,2.3223475918311727,17.705629143313097,7,45817577.0,20,0.37103664386268176,5,"Indra Hang Subba spent ₹17,000,000 (₹1.70 crore) on 'Purchase of IT systems, including hardware and software for educational purposes' works — 17.7x the median MP spend in that category (₹960,147 (₹9.60 lakh), n=20 peer MPs), 37% of this MP's total disbursed funds."
Indra Hang Subba,Purchase of furniture and fixtures for educational purposes,2744663.0,14.825168856718768,14.370339389617413,1.2488303877550573,16,1741642.8451321456,True,0.24565583810892627,1.5759046165356314,0,45817577.0,20,0.0599041498855341,1,
JAI PARKASH,Improvement of electricity distribution infrastructure,651347.0,13.38679780529642,12.864768028978977,0.8912752299478237,22,386453.9636230947,True,0.39506212255750406,1.685445256903234,0,736347.0,4,0.8845652932652676,3,
JAI PARKASH,"Purchase of prosthetics, wheel chairs, tricycles (manual or motorized), elect scooties, hearing aids",85000.0,11.350406535472453,13.017002861746503,0.8109302162163292,9,450000.00000000035,False,0.0,0.18888888888888875,0,736347.0,4,0.1154347067347324,1,
JITAN RAM MANJHI,"Construction of roads, link roads, pathways or any other road with or without drainage system",1495862.0,14.218213187272331,15.057946519666173,0.917949939299187,226,3464041.467798128,True,-0.6170272565539539,0.43182566199209643,0,1569831.0,2,0.9528809152067962,1,
JITAN RAM MANJHI,Installing hand pumps,73969.0,11.211401365496345,12.206072645530174,0.3837169895705621,11,200000.00000000006,False,0.0,0.36984499999999987,0,1569831.0,2,0.047119084793203855,1,
JITENDRA KUMAR DOHARE,Street lights,19282469.0,16.774706899113646,14.893113691774463,1.2240634603534417,65,2937630.0000000014,True,1.0368209324570663,6.563954276066077,0,19282469.0,70,1.0,70,
JUNE MALIAH,Construction of community centers and community halls,2111478.0,14.562898734168538,14.21557510928233,0.7574997842031976,101,1491921.0000000002,True,0.3092671309895778,1.4152746693692224,0,3389598.0,2,0.6229287366820491,1,
JUNE MALIAH,"Construction of roads, link roads, pathways or any other road with or without drainage system",1278120.0,14.060900806225211,15.057946519666173,0.917949939299187,226,3464041.467798128,True,-0.7326187463222201,0.36896786943270055,0,3389598.0,2,0.377071263317951,1,
JYOTIRADITYA M. SCINDIA,Construction of boundary walls of existing public and community buildings,1998910.0,14.508112589957738,13.800753921547606,0.6784135446722939,62,985351.7091490725,True,0.7032781488363451,2.028625902243792,0,34618691.0,36,0.05774077361850568,2,
JYOTIRADITYA M. SCINDIA,Construction of community centers and community halls,4995610.0,15.424070084730614,14.21557510928233,0.7574997842031976,101,1491921.0000000002,True,1.0760793308968266,3.3484413718956962,0,34618691.0,36,0.1443038386402305,5,
JYOTIRADITYA M. SCINDIA,"Construction of roads, link roads, pathways or any other road with or without drainage system",15982873.0,16.587028269376656,15.057946519666173,0.917949939299187,226,3464041.467798128,True,1.123553252770104,4.613938126485334,0,34618691.0,36,0.46168334325523747,16,
JYOTIRADITYA M. SCINDIA,Improvement of electricity distribution infrastructure,1608206.0,14.29062982996847,12.864768028978977,0.8912752299478237,22,386453.9636230947,True,1.0790648639744138,4.161442633225182,0,34618691.0,36,0.04645484718067474,1,
JYOTIRADITYA M. SCINDIA,Providing drains and gutters for public drainage,998328.0,13.813837158612246,13.81519145615997,0.5174368543789507,50,999680.9491032623,True,-0.0017653819750362378,0.9986466190993477,0,34618691.0,36,0.028837832141024627,1,
JYOTIRADITYA M. SCINDIA,"Purchase of ambulances (Four, three and two wheelers)",3184764.0,14.973888746911818,14.407242208943915,0.8035199182557164,7,1807115.0000000002,False,0.0,1.7623471666164021,0,34618691.0,36,0.09199550612702254,1,
JYOTIRADITYA M. SCINDIA,Purchase of mobile water tankers,5850000.0,15.58195221920804,15.03928598958639,0.8174433387947495,17,3399999.999999998,True,0.44777216292383115,1.7205882352941186,0,34618691.0,36,0.16898385903730445,10,
Jagannath Sarkar,"Construction of roads, link roads, pathways or any other road with or without drainage system",2395149.0,14.68895599983564,15.057946519666173,0.917949939299187,226,3464041.467798128,True,-0.27113036884746233,0.6914319653114444,0,10281927.0,24,0.23294748153726436,2,
Jagannath Sarkar,Street lights,7886778.0,15.880698244399344,14.893113691774463,1.2240634603534417,65,2937630.0000000014,True,0.544192194539605,2.6847417816403008,0,10281927.0,24,0.7670525184627356,22,
Jai Prakash,"Construction of roads, link roads, pathways or any other road with or without drainage system",1187420.0,13.987293444200526,15.057946519666173,0.917949939299187,226,3464041.467798128,True,-0.7867046649111511,0.3427845801034154,0,9711274.0,2,0.1222723197800824,1,
Jai Prakash,Lighting of public spaces,8523854.0,15.958379143945088,14.80807765219108,1.280249166678587,95,2698152.0000000014,True,0.6060369937212902,3.1591452223595984,0,9711274.0,2,0.8777276802199175,1,
Jaswantsinh Sumanbhai Bhabhor,"Construction of flood control embankments/ protection walls along riverbanks, hilltops, roadsides",328900.0,12.703509032177148,13.997832114758229,0.8758428073093434,19,1199999.9999999998,True,-0.9967780883911418,0.2740833333333334,0,3299500.0,11,0.09968176996514623,1,
Jaswantsinh Sumanbhai Bhabhor,Construction of public irrigation facilities,982400.0,13.797753836375016,13.301473115158483,0.6899353615201456,11,598075.9999999995,False,0.0,1.6426006059430587,0,3299500.0,11,0.2977420821336566,3,
Jaswantsinh Sumanbhai Bhabhor,"Construction of roads, link roads, pathways or any other road with or without drainage system",1525500.0,14.237832783138861,15.057946519666173,0.917949939299187,226,3464041.467798128,True,-0.6026109830237464,0.44038156418770125,0,3299500.0,11,0.46234277920897104,5,
Jaswantsinh Sumanbhai Bhabhor,Providing drains and gutters for public drainage,462700.0,13.04483417489509,13.81519145615997,0.5174368543789507,50,999680.9491032623,True,-1.0041920706185776,0.4628476719647933,0,3299500.0,11,0.1402333686922261,2,
Jitendra Singh,Construction of boundary walls of existing public and community buildings,1419000.0,14.16546295614218,13.800753921547606,0.6784135446722939,62,985351.7091490725,True,0.3626051480927728,1.440094929378482,0,6363458.0,38,0.22299196443191735,9,
Jitendra Singh,Construction of common work sheds/ common covered sitting area,431000.0,12.973863369085885,13.813291263073467,0.7598198476596352,54,997783.1659233379,True,-0.7451688926507918,0.4319575782792018,0,6363458.0,38,0.06773046981688258,1,
Jitendra Singh,Construction of community centers and community halls,546000.0,13.210374254727043,14.21557510928233,0.7574997842031976,101,1491921.0000000002,True,-0.8950602898332538,0.3659711204547693,0,6363458.0,38,0.085802404918835,1,
Jitendra Singh,Construction of footpaths and pedestrian ways,135000.0,11.813030057420567,13.691130308469193,0.49594380592756515,27,883043.9999999998,True,-2.5542785375916495,0.15288026417709655,0,6363458.0,38,0.02121488033707459,1,
Jitendra Singh,Construction of public toilets and bathrooms,238200.0,12.380865935903337,13.010791601747224,0.8303681034170749,16,447213.5954999579,True,-0.5116825415899817,0.53263139224045,0,6363458.0,38,0.03743247775030494,1,
Jitendra Singh,"Construction of roads, link roads, pathways or any other road with or without drainage system",3297258.0,15.008601771949499,15.057946519666173,0.917949939299187,226,3464041.467798128,True,-0.03625800374289111,0.9518529240055138,0,6363458.0,38,0.5181550660034214,23,
Jitendra Singh,Providing drains and gutters for public drainage,297000.0,12.601487417784837,13.81519145615997,0.5174368543789507,50,999680.9491032623,True,-1.582112613270653,0.29709478835864195,0,6363458.0,38,0.0466727367415641,2,
Jyotsna Charandas Mahant,Construction of additional rooms and halls in the existing public and community building,299975.0,12.61145441683259,13.81528000481769,0.6929616294384839,24,999769.4734287509,True,-1.1717537084324698,0.3000441681533077,0,30883870.0,89,0.009712999050960906,1,
Jyotsna Charandas Mahant,Construction of buildings for community cultural activities,6931985.0,15.751656765937623,13.815510557964274,0.6944420185008866,25,999999.9999999995,True,1.8805466583044284,6.931985000000004,0,30883870.0,89,0.22445325019176676,21,
Jyotsna Charandas Mahant,Construction of common work sheds/ common covered sitting area,7793347.0,15.868780978974135,13.813291263073467,0.7598198476596352,54,997783.1659233379,True,1.8246796495845914,7.810661941553323,0,30883870.0,89,0.2523436020161981,25,
Jyotsna Charandas Mahant,Construction of community centers and community halls,6747460.0,15.7246766957352,14.21557510928233,0.7574997842031976,101,1491921.0000000002,True,1.3437482640779395,4.5226657443658205,0,30883870.0,89,0.2184784484586938,19,
Jyotsna Charandas Mahant,Construction of culverts and bridges,1699538.0,14.345867007385843,13.951241645841687,0.828878268437359,42,1145373.8472655984,True,0.32112653509825834,1.4838281876763488,0,30883870.0,89,0.05502995576655387,2,
Jyotsna Charandas Mahant,Construction of footpaths and pedestrian ways,1145461.0,13.951317734028095,13.691130308469193,0.49594380592756515,27,883043.9999999998,True,0.3538635152650974,1.2971731872930459,0,30883870.0,89,0.037089296127719745,4,
Jyotsna Charandas Mahant,"Construction of roads, link roads, pathways or any other road with or without drainage system",1995406.0,14.50635809637293,15.057946519666173,0.917949939299187,226,3464041.467798128,True,-0.40530139562439843,0.5760340973251551,0,30883870.0,89,0.06460997277867055,3,
Jyotsna Charandas Mahant,Construction of rooms and halls in school and colleges,600000.0,13.304684934198283,13.889238600811138,0.7668752234068101,61,1076513.9999999993,True,-0.5141402878799403,0.5573545722582339,0,30883870.0,89,0.01942761707001098,1,
Jyotsna Charandas Mahant,Installing hand pumps,273519.0,12.519126368266722,12.206072645530174,0.3837169895705621,11,200000.00000000006,False,0.0,1.3675949999999997,0,30883870.0,89,0.008856370655620555,2,
Jyotsna Charandas Mahant,Installing tube-wells and borewells,400000.0,12.89921982609012,13.14725957257652,0.9530793891161249,32,512604.3466944067,True,-0.17553921626637173,0.7803289273285529,0,30883870.0,89,0.012951744713340653,2,
Jyotsna Charandas Mahant,Renovation of ponds and lakes,2997179.0,14.91318207090831,13.81531952770436,0.5844369773459501,8,999808.987985205,False,0.0,2.9977516065742265,0,30883870.0,89,0.09704674317046406,9,
K E PRAKASH,"Construction of roads, link roads, pathways or any other road with or without drainage system",3800000.0,15.150511624696614,15.057946519666173,0.917949939299187,226,3464041.467798128,True,0.06801586956985838,1.0969845584485511,0,21116844.0,31,0.17995113284920797,2,
K E PRAKASH,Construction of water tanks,1100000.0,13.9108207377686,13.789690196386779,0.7455523627361185,12,974510.1333490579,False,0.0,1.1287722542398573,0,21116844.0,31,0.05209111740371809,1,
K E PRAKASH,Purchase of furniture and fixtures for educational purposes,3750000.0,15.137266397946593,14.370339389617413,1.2488303877550573,16,1741642.8451321456,True,0.4142213964283294,2.1531394972747537,0,21116844.0,31,0.1775833547854026,5,
K E PRAKASH,Purchase of sports equipment,3124305.0,14.954722416418091,13.114331205707064,1.1964074082181142,3,495999.99999999965,False,0.0,6.2990020161290365,0,21116844.0,31,0.1479532168727486,5,
K E PRAKASH,Street lights,9342539.0,16.050088614804565,14.893113691774463,1.2240634603534417,65,2937630.0000000014,True,0.6375319669770009,3.180298063404852,0,21116844.0,31,0.4424211780889228,18,
K RADHAKRISHNAN,"Purchase of IT systems, including hardware and software for educational purposes",1206976.0,14.003628615872037,13.774841282306094,0.8346872078132384,20,960146.6213032259,True,0.1848801024452232,1.2570746729929099,0,1206976.0,1,1.0,1,
K Subbarayan,"Construction of roads, link roads, pathways or any other road with or without drainage system",8573520.0,15.964188941367903,15.057946519666173,0.917949939299187,226,3464041.467798128,True,0.6658974387039958,2.4750050135657427,0,17084267.0,18,0.5018371581291723,5,
K Subbarayan,Construction of water tanks,2498871.0,14.731349587836439,13.789690196386779,0.7455523627361185,12,974510.1333490579,False,0.0,2.564232956113279,0,17084267.0,18,0.14626738156222915,2,
K Subbarayan,Lighting of public spaces,5281876.0,15.479791895607573,14.80807765219108,1.280249166678587,95,2698152.0000000014,True,0.3538930303386557,1.9575902321292489,0,17084267.0,18,0.30916608830803216,10,
K Subbarayan,"Purchase of prosthetics, wheel chairs, tricycles (manual or motorized), elect scooties, hearing aids",730000.0,13.500799813124575,13.017002861746503,0.8109302162163292,9,450000.00000000035,False,0.0,1.622222222222221,0,17084267.0,18,0.04272937200056637,1,
K. C VENUGOPAL,Lighting of public spaces,1294733.0,14.073815054252073,14.80807765219108,1.280249166678587,95,2698152.0000000014,True,-0.38684666641474047,0.4798591776890254,0,1294733.0,3,1.0,3,
K. RAJASHEKAR BASAVARAJ HITNAL,Construction of buildings for crèches and anganwadies,497381.0,13.117111610988964,14.344759623092493,0.339925413650878,5,1697656.9999999995,False,0.0,0.2929808553789135,0,9414218.0,15,0.05283295967864776,1,
K. RAJASHEKAR BASAVARAJ HITNAL,Construction of community centers and community halls,496534.0,13.115407239478248,14.21557510928233,0.7574997842031976,101,1491921.0000000002,True,-0.979621702418593,0.33281520938441106,0,9414218.0,15,0.0527429893805306,1,
K. RAJASHEKAR BASAVARAJ HITNAL,Construction of culverts and bridges,994750.0,13.810246728289176,13.951241645841687,0.828878268437359,42,1145373.8472655984,True,-0.11473466673032459,0.8684937257602054,0,9414218.0,15,0.10566464468955361,2,
K. RAJASHEKAR BASAVARAJ HITNAL,"Construction of flood control embankments/ protection walls along riverbanks, hilltops, roadsides",497425.0,13.11720007044745,13.997832114758229,0.8758428073093434,19,1199999.9999999998,True,-0.6781882649837503,0.4145208333333334,0,9414218.0,15,0.052837633460368134,1,
K. RAJASHEKAR BASAVARAJ HITNAL,Construction of footpaths and pedestrian ways,497316.0,13.116980917923453,13.691130308469193,0.49594380592756515,27,883043.9999999998,True,-0.7808621849783991,0.5631837145147922,0,9414218.0,15,0.052826055228379035,1,
K. RAJASHEKAR BASAVARAJ HITNAL,"Construction of roads, link roads, pathways or any other road with or without drainage system",2385816.0,14.685051762153375,15.057946519666173,0.917949939299187,226,3464041.467798128,True,-0.27399916180004796,0.6887377134998653,0,9414218.0,15,0.25342689111299527,5,
K. RAJASHEKAR BASAVARAJ HITNAL,Construction of toilet blocks,497456.0,13.117262389458487,13.117262389458487,0.8898969247531294,11,497456.00000000035,False,0.0,0.9999999999999993,0,9414218.0,15,0.052840926352034766,1,
K. RAJASHEKAR BASAVARAJ HITNAL,Lighting of public spaces,498724.0,13.119808115501563,14.80807765219108,1.280249166678587,95,2698152.0000000014,True,-0.8894657634899018,0.18483910469091427,0,9414218.0,15,0.052975616243430945,1,
K. RAJASHEKAR BASAVARAJ HITNAL,"Patrolling Vehicles to government institution for Public Conveniences, Safety and Security",2550000.0,14.75160391713461,13.965209916774299,0.7863940003603105,3,1161485.0000000007,False,0.0,2.1954652879718624,0,9414218.0,15,0.2708668951579409,1,
K. RAJASHEKAR BASAVARAJ HITNAL,Purchase of immovable sports equipment,498816.0,13.119992569258326,13.119992569258326,0.0023708081460025454,3,498815.99999999965,False,0.0,1.0000000000000007,0,9414218.0,15,0.052985388696119,1,
KADIYAM KAVYA,Installing community drinking water plants,290498.0,12.57935197056882,13.273726077636404,0.67248362567556,22,581709.2768729058,True,-0.6964561177925885,0.499386912929479,0,476498.0,2,0.6096520866824205,1,
KADIYAM KAVYA,Purchase of other aids / devices required for P/ M/ V/ H impaired for differently abled persons,186000.0,12.133501952695338,13.004513425707888,0.34614050233604754,6,444414.70497723145,False,0.0,0.4185280052997555,0,476498.0,2,0.3903479133175795,1,
KALI CHARAN MUNDA,Construction of public libraries and reading rooms,750000.0,13.527828485512494,13.897103407107302,0.7747400297029738,12,1085013.9555231554,False,0.0,0.691235348800999,0,19500000.0,31,0.038461538461538464,1,
KALI CHARAN MUNDA,"Construction of roads, link roads, pathways or any other road with or without drainage system",16267000.0,16.60464907374859,15.057946519666173,0.917949939299187,226,3464041.467798128,True,1.136500835247143,4.695959950600679,0,19500000.0,31,0.8342051282051282,27,
KALI CHARAN MUNDA,Development of playfields and sports grounds,1300000.0,14.077874822431765,13.699922696458536,0.5894825609725016,14,890842.2980528027,False,0.0,1.4592930789675473,0,19500000.0,31,0.06666666666666667,1,
KALI CHARAN MUNDA,Providing drains and gutters for public drainage,1183000.0,13.983564142960525,13.81519145615997,0.5174368543789507,50,999680.9491032623,True,0.21948065022017407,1.1833775576709542,0,19500000.0,31,0.06066666666666667,2,
KALIPADA SAREN,Construction of rooms and halls in school and colleges,10231981.0,16.141028765319625,13.889238600811138,0.7668752234068101,61,1076513.9999999993,True,1.98054705589995,9.504735656015628,0,30669616.0,16,0.3336194688580385,3,
KALIPADA SAREN,Lighting of public spaces,13635486.0,16.428186217190966,14.80807765219108,1.280249166678587,95,2698152.0000000014,True,0.8535551168741876,5.053638935093351,0,30669616.0,16,0.444592654828153,9,
KALIPADA SAREN,Street lights,6802149.0,15.732749149631324,14.893113691774463,1.2240634603534417,65,2937630.0000000014,True,0.46266728373782756,2.3155227172925104,0,30669616.0,16,0.22178787631380842,4,
KALYAN VAIJINATHRAO KALE,"Construction of roads, link roads, pathways or any other road with or without drainage system",3487442.0,15.064679074149092,15.057946519666173,0.917949939299187,226,3464041.467798128,True,0.0049470105114840564,1.0067552690749821,0,3487442.0,3,1.0,3,
KAMLESH JANGDE,Construction of boundary walls of existing public and community buildings,2098982.0,14.556963023253852,13.800753921547606,0.6784135446722939,62,985351.7091490725,True,0.7518467800451232,2.1301855779117016,0,47018461.0,59,0.04464165681645769,3,
KAMLESH JANGDE,Construction of common work sheds/ common covered sitting area,300000.0,12.611537753638338,13.813291263073467,0.7598198476596352,54,997783.1659233379,True,-1.0668091187808755,0.3006665278045488,0,47018461.0,59,0.006380472555237399,1,
KAMLESH JANGDE,Construction of culverts and bridges,998871.0,13.814380920163678,13.951241645841687,0.828878268437359,42,1145373.8472655984,True,-0.11137046655095564,0.8720916776514925,0,47018461.0,59,0.02124423000574179,1,
KAMLESH JANGDE,"Construction of cycle tracks, cycle stand and segregated non-motorized vehicle (NMV) lanes",1198700.0,13.996748194195192,15.145983247175094,1.1492350529799022,2,3782831.068459175,False,0.0,0.31687907239491275,0,47018461.0,59,0.02549424150654357,2,
KAMLESH JANGDE,"Construction of roads, link roads, pathways or any other road with or without drainage system",37646692.0,17.443755646464304,15.057946519666173,0.917949939299187,226,3464041.467798128,True,1.753067555354829,10.867852579123316,0,47018461.0,59,0.8006789503382512,47,
KAMLESH JANGDE,Street lights,4775216.0,15.378949766475962,14.893113691774463,1.2240634603534417,65,2937630.0000000014,True,0.26771196347249887,1.6255335083043125,0,47018461.0,59,0.10156044877776838,5,
KANWAR SINGH TANWAR,"Construction of roads, link roads, pathways or any other road with or without drainage system",39443486.0,17.490379471216706,15.057946519666173,0.917949939299187,226,3464041.467798128,True,1.7873262534048597,11.386551335100423,0,39443486.0,35,1.0,35,
KARAN BHUSHAN SINGH,"Construction of roads, link roads, pathways or any other road with or without drainage system",22193876.0,16.915326952931427,15.057946519666173,0.917949939299187,226,3464041.467798128,True,1.364783686563422,6.406931385295236,0,22893876.0,16,0.9694241377038995,15,
KARAN BHUSHAN SINGH,Construction of rooms and halls in school and colleges,700000.0,13.458835614025542,13.889238600811138,0.7668752234068101,61,1076513.9999999993,True,-0.3785580831484021,0.6502470009679395,0,22893876.0,16,0.030575862296100494,1,
KISHORI LAL,Improvement of electricity distribution infrastructure,2112749.0,14.56350050108985,12.864768028978977,0.8912752299478237,22,386453.9636230947,True,1.2855681544138278,5.467013406182958,0,3858883.0,4,0.5475027358953355,3,
KISHORI LAL,Lighting of public spaces,1746134.0,14.372914759286738,14.80807765219108,1.280249166678587,95,2698152.0000000014,True,-0.22926581707954985,0.6471592408433621,0,3858883.0,4,0.4524972641046645,1,
KONDA VISHWESHWAR REDDY,"Construction of roads, link roads, pathways or any other road with or without drainage system",9043824.0,16.017592651774898,15.057946519666173,0.917949939299187,226,3464041.467798128,True,0.705137925714669,2.6107724414016866,0,9043824.0,31,1.0,31,
KOTA SRINIVAS POOJARY,"Construction of roads, link roads, pathways or any other road with or without drainage system",3295277.0,15.008000789153161,15.057946519666173,0.917949939299187,226,3464041.467798128,True,-0.03669959960642902,0.9512810486343858,0,3841569.0,10,0.8577945625862766,7,
KOTA SRINIVAS POOJARY,Construction of rooms and halls in school and colleges,199793.0,12.205037109547813,13.889238600811138,0.7668752234068101,61,1076513.9999999993,True,-1.4813282150523897,0.1855925700919822,0,3841569.0,10,0.05200817686731645,1,
KOTA SRINIVAS POOJARY,Purchase of other aids / devices required for P/ M/ V/ H impaired for differently abled persons,346499.0,12.755635211605044,13.004513425707888,0.34614050233604754,6,444414.70497723145,False,0.0,0.7796749210126881,0,3841569.0,10,0.09019726054640695,2,
KRISHNA DEVI SHIVSHANKER PATEL,Lighting of public spaces,41668418.12,17.545254040595026,14.80807765219108,1.280249166678587,95,2698152.0000000014,True,1.4420829335653578,15.443317544749139,0,41668418.12,181,1.0,181,
Kakoli Ghosh Dastidar,"Construction of roads, link roads, pathways or any other road with or without drainage system",994791.0,13.81028794382583,15.057946519666173,0.917949939299187,226,3464041.467798128,True,-0.9167664524786532,0.28717641207462963,0,4061598.0,7,0.2449260118800531,1,
Kakoli Ghosh Dastidar,Construction of rooms and halls in school and colleges,999911.0,13.815421554003539,13.889238600811138,0.7668752234068101,61,1076513.9999999993,True,-0.06492529234487168,0.9288416128355048,0,4061598.0,7,0.24618659946159122,1,
Kakoli Ghosh Dastidar,Lighting of public spaces,1217607.0,14.012398015087488,14.80807765219108,1.280249166678587,95,2698152.0000000014,True,-0.4192042683524832,0.45127442783060384,0,4061598.0,7,0.2997852076941145,3,
Kakoli Ghosh Dastidar,Providing drains and gutters for public drainage,579309.0,13.269591292955747,13.81519145615997,0.5174368543789507,50,999680.9491032623,True,-0.711212019335087,0.5794938880446346,0,4061598.0,7,0.1426308068893081,1,
Kakoli Ghosh Dastidar,Purchase of hospital equipment,269980.0,12.506103161162818,14.038695543721623,0.6075665378155941,12,1250051.794126947,False,0.0,0.21597505100863254,0,4061598.0,7,0.06647137407493307,1,
Kalyan Banerjee,Construction of boundary walls of existing public and community buildings,497697.0,13.117746737100932,13.800753921547606,0.6784135446722939,62,985351.7091490725,True,-0.679067140576942,0.5050957900400862,0,27460820.0,41,0.018123894333818145,1,
Kalyan Banerjee,Construction of buildings for crèches and anganwadies,1208432.0,14.004834209441615,14.344759623092493,0.339925413650878,5,1697656.9999999995,False,0.0,0.7118234130922797,0,27460820.0,41,0.044005677907651704,1,
Kalyan Banerjee,Construction of common work sheds/ common covered sitting area,940830.0,13.754517743373198,13.813291263073467,0.7598198476596352,54,997783.1659233379,True,-0.052173866160429114,0.9429202978478455,0,27460820.0,41,0.034260812313689104,1,
Kalyan Banerjee,"Construction of roads, link roads, pathways or any other road with or without drainage system",15078177.0,16.528759024642305,15.057946519666173,0.917949939299187,226,3464041.467798128,True,1.0807376221014802,4.352770352251079,0,27460820.0,41,0.5490796341842669,27,
Kalyan Banerjee,Construction of rooms and halls in school and colleges,1200223.0,13.998017930826688,13.889238600811138,0.7668752234068101,61,1076513.9999999993,True,0.0956761359032276,1.1149162946324904,0,27460820.0,41,0.0437067429159071,1,
Kalyan Banerjee,Installing community drinking water plants,800912.0,13.593506357343491,13.273726077636404,0.67248362567556,22,581709.2768729058,True,0.32073910862253635,1.376825214659567,0,27460820.0,41,0.02916562578976156,1,
Kalyan Banerjee,"Purchase of ambulances (Four, three and two wheelers)",1296515.0,14.075190453504419,14.407242208943915,0.8035199182557164,7,1807115.0000000002,False,0.0,0.7174501899436394,0,27460820.0,41,0.047213266027744255,1,
Kalyan Banerjee,Purchase of hospital equipment,1968400.0,14.49273158797396,14.038695543721623,0.6075665378155941,12,1250051.794126947,False,0.0,1.5746547537054312,0,27460820.0,41,0.0716803067060634,1,
Kalyan Banerjee,Street lights,4469634.0,15.312817084042836,14.893113691774463,1.2240634603534417,65,2937630.0000000014,True,0.23127063853640123,1.5215101969955365,0,27460820.0,41,0.16276403982109783,7,
Kamaljeet Sehrawat,Lighting of public spaces,649322.0,13.38368402056542,14.80807765219108,1.280249166678587,95,2698152.0000000014,True,-0.7504425931586722,0.24065434415852022,0,649322.0,1,1.0,1,
Kangana Ranaut,Construction of boundary walls of existing public and community buildings,1900000.0,14.457364444136669,13.800753921547606,0.6784135446722939,62,985351.7091490725,True,0.6528227523821869,1.9282455009296093,0,8046798.0,28,0.23611876425877723,1,
Kangana Ranaut,Construction of common work sheds/ common covered sitting area,200000.0,12.206072645530174,13.813291263073467,0.7598198476596352,54,997783.1659233379,True,-1.4267447222812801,0.2004443518696992,0,8046798.0,28,0.024854606764081813,1,
Kangana Ranaut,Construction of culverts and bridges,500000.0,13.122363377404328,13.951241645841687,0.828878268437359,42,1145373.8472655984,True,-0.6745,0.43653869100789416,0,8046798.0,28,0.06213651691020453,1,
Kangana Ranaut,Construction of footpaths and pedestrian ways,400000.0,12.89921982609012,13.691130308469193,0.49594380592756515,27,883043.9999999998,True,-1.0770244813637193,0.4529785605247305,0,8046798.0,28,0.049709213528163626,1,
Kangana Ranaut,Construction of public toilets and bathrooms,294265.0,12.59223600088356,13.010791601747224,0.8303681034170749,16,447213.5954999579,True,-0.3399886768540057,0.6579965433989756,0,8046798.0,28,0.03656920429716267,3,
Kangana Ranaut,"Construction of roads, link roads, pathways or any other road with or without drainage system",2596804.0,14.76979201609864,15.057946519666173,0.917949939299187,226,3464041.467798128,True,-0.2117329108433584,0.7496457603466924,0,8046798.0,28,0.32271271131697354,13,
Kangana Ranaut,Crematoriums/energy efficient crematoriums or structures on burial/cremation ground,195014.0,12.180826629840551,13.126325517749349,0.5838245245570999,37,501985.0000000003,True,-1.0923470547563667,0.3884857117244537,0,8046798.0,28,0.02423498141745325,1,
Kangana Ranaut,Development of playground,200000.0,12.206072645530174,13.761018831344273,0.606943052395259,18,946966.3434378215,True,-1.7280224202131464,0.21120074793147298,0,8046798.0,28,0.024854606764081813,1,
Kangana Ranaut,Development of public parks,1500000.0,14.22097566607244,14.219242164426287,1.096878787021959,13,1497402.0,False,0.0,1.0017350050287097,0,8046798.0,28,0.1864095507306136,1,
Kangana Ranaut,Lighting of public spaces,44415.0,10.701332529203802,14.80807765219108,1.280249166678587,95,2698152.0000000014,True,-2.1636409986044085,0.016461266822625255,0,8046798.0,28,0.0055195867971334685,3,
Kangana Ranaut,Street lights,216300.0,12.28442161194115,14.893113691774463,1.2240634603534417,65,2937630.0000000014,True,-1.437476785181959,0.07363078399934637,0,8046798.0,28,0.02688025721535448,2,
Kani K Navas,"Construction of roads, link roads, pathways or any other road with or without drainage system",699477.0,13.458088191918073,15.057946519666173,0.917949939299187,226,3464041.467798128,True,-1.1755591409374029,0.20192512315524136,0,2598822.0,3,0.26915156174605265,1,
Kani K Navas,Lighting of public spaces,900000.0,13.710150042306449,14.80807765219108,1.280249166678587,95,2698152.0000000014,True,-0.578443784336478,0.3335616377431663,0,2598822.0,3,0.34631075156359303,1,
Kani K Navas,Purchase of furniture and fixtures for educational purposes,999345.0,13.814855343358058,14.370339389617413,1.2488303877550573,16,1741642.8451321456,True,-0.30001991693640856,0.5737944509077437,0,2598822.0,3,0.3845376866903543,1,
Kanimozhi Karunanidhi,Construction of buildings for crèches and anganwadies,1749114.0,14.374619931979524,14.344759623092493,0.339925413650878,5,1697656.9999999995,False,0.0,1.0303105986662797,0,4698676.0,3,0.3722567804206972,1,
Kanimozhi Karunanidhi,Construction of community centers and community halls,1999892.0,14.508603737066167,14.21557510928233,0.7574997842031976,101,1491921.0000000002,True,0.26092127491244205,1.3404811648874166,0,4698676.0,3,0.4256288367191098,1,
Kanimozhi Karunanidhi,Construction of water tanks,949670.0,13.763869834809286,13.789690196386779,0.7455523627361185,12,974510.1333490579,False,0.0,0.9745101333490593,0,4698676.0,3,0.20211438286019295,1,
Kinjarapu Ram Mohan Naidu,Construction of community centers and community halls,495934.0,13.114198132337068,14.21557510928233,0.7574997842031976,101,1491921.0000000002,True,-0.9806983268397923,0.3324130433179772,0,4217814.0,9,0.11758081318901213,1,
Kinjarapu Ram Mohan Naidu,"Construction of roads, link roads, pathways or any other road with or without drainage system",489380.0,13.100894562788676,15.057946519666173,0.917949939299187,226,3464041.467798128,True,-1.438021278068448,0.14127429031935576,0,4217814.0,9,0.11602692769287598,1,
Kinjarapu Ram Mohan Naidu,Improvement of electricity distribution infrastructure,1820283.0,14.414502541470455,12.864768028978977,0.8912752299478237,22,386453.9636230947,True,1.1728093562486803,4.7102195121365265,0,4217814.0,9,0.4315702399394568,4,
Kinjarapu Ram Mohan Naidu,Street lights,1412217.0,14.160671367946891,14.893113691774463,1.2240634603534417,65,2937630.0000000014,True,-0.40360027353406003,0.48073344839207094,0,4217814.0,9,0.3348220191786551,3,
Kirti Vardhan Singh,"Construction of roads, link roads, pathways or any other road with or without drainage system",27968519.0,17.14659011418742,15.057946519666173,0.917949939299187,226,3464041.467798128,True,1.5347134350051022,8.073956175177608,0,27968519.0,32,1.0,32,
LALJI VERMA,"Construction of roads, link roads, pathways or any other road with or without drainage system",22551396.0,16.931307528870423,15.057946519666173,0.917949939299187,226,3464041.467798128,True,1.3765260463691023,6.510140311436427,0,24397424.0,33,0.9243351265281121,30,
LALJI VERMA,Construction of rooms and halls in school and colleges,800000.0,13.592367006650065,13.889238600811138,0.7668752234068101,61,1076513.9999999993,True,-0.26111143527637654,0.7431394296776451,0,24397424.0,33,0.03279034704647507,2,
LALJI VERMA,Providing drains and gutters for public drainage,1046028.0,13.860510691891179,13.81519145615997,0.5174368543789507,50,999680.9491032623,True,0.059075468324320604,1.0463618426842205,0,24397424.0,33,0.042874526425412784,1,
LAXMIKANT PAPPU NISHAD,Construction of rooms and halls in school and colleges,1000000.0,13.815510557964274,13.889238600811138,0.7668752234068101,61,1076513.9999999993,True,-0.06484700950343501,0.9289242870970564,0,1000000.0,1,1.0,1,
LOVELY ANAND,Lighting of public spaces,9500000.0,16.06680235657077,14.80807765219108,1.280249166678587,95,2698152.0000000014,True,0.6631598248227938,3.5209283984000885,0,9500000.0,10,1.0,10,
LUMBARAM,Construction of bus-sheds or bus-stops,696555.0,13.453902035344198,13.86558751291084,0.743540185445033,21,1051351.9999999995,True,-0.3734591082693113,0.6625326246585352,0,15030801.0,20,0.04634184166233057,1,
LUMBARAM,Construction of common work sheds/ common covered sitting area,1075174.0,13.887993066911024,13.813291263073467,0.7598198476596352,54,997783.1659233379,True,0.06631357004378144,1.0775627778857597,0,15030801.0,20,0.0715313841225095,1,
LUMBARAM,Construction of community centers and community halls,998786.0,13.814295820469335,14.21557510928233,0.7574997842031976,101,1491921.0000000002,True,-0.35731083486587595,0.6694630613819363,0,15030801.0,20,0.06644928636870384,1,
LUMBARAM,Construction of footpaths and pedestrian ways,4980775.0,15.421096059382872,13.691130308469193,0.49594380592756515,27,883043.9999999998,True,2.3528107117073307,5.640460724493911,7,15030801.0,20,0.3313712289850687,7,"LUMBARAM spent ₹4,980,775 (₹49.81 lakh) on 'Construction of footpaths and pedestrian ways' works — 5.6x the median MP spend in that category (₹883,044 (₹8.83 lakh), n=27 peer MPs), 33% of this MP's total disbursed funds."
LUMBARAM,"Construction of roads, link roads, pathways or any other road with or without drainage system",2530867.0,14.744072489746703,15.057946519666173,0.917949939299187,226,3464041.467798128,True,-0.23063134939832536,0.7306110574965814,0,15030801.0,20,0.1683787178075207,3,
LUMBARAM,Construction of rooms and halls in school and colleges,1388115.0,14.1434572696427,13.889238600811138,0.7668752234068101,61,1076513.9999999993,True,0.22359633861313,1.2894537367837307,0,15030801.0,20,0.09235136570566,3,
LUMBARAM,Construction of stadiums,999515.0,13.815025440313732,13.46869440885903,0.45791030716805725,4,706935.2869959166,False,0.0,1.413870573991836,0,15030801.0,20,0.06649778677796346,1,
LUMBARAM,Development of playground,1064700.0,13.878203627302698,13.761018831344273,0.606943052395259,18,946966.3434378215,True,0.13022827193099396,1.1243271816131963,0,15030801.0,20,0.07083454833844184,1,
LUMBARAM,"Purchase of IT systems, including hardware and software for educational purposes",296350.0,12.599296467215984,13.774841282306094,0.8346872078132384,20,960146.6213032259,True,-0.9499426496011326,0.3086507762718139,0,15030801.0,20,0.019716181459657405,1,
LUMBARAM,Renovation of ponds and lakes,999964.0,13.815474557316259,13.81531952770436,0.5844369773459501,8,999808.987985205,False,0.0,1.000155041629609,0,15030801.0,20,0.06652765877214395,1,
M. MALLESH BABU,"Construction of roads, link roads, pathways or any other road with or without drainage system",2500000.0,14.73180128983843,15.057946519666173,0.917949939299187,226,3464041.467798128,True,-0.23964809855182423,0.7217003674003626,0,2500000.0,1,1.0,1,
M.K. VISHNUPRASAD,Construction of community centers and community halls,1785246.0,14.395066778826294,14.21557510928233,0.7574997842031976,101,1491921.0000000002,True,0.1598246410522114,1.19660893572783,0,16854545.0,19,0.10592074719311616,2,
M.K. VISHNUPRASAD,"Construction of flood control embankments/ protection walls along riverbanks, hilltops, roadsides",1250000.0,14.038654109278484,13.997832114758229,0.8758428073093434,19,1199999.9999999998,True,0.03143764505927767,1.041666666666667,0,16854545.0,19,0.07416397179514488,1,
M.K. VISHNUPRASAD,"Construction of roads, link roads, pathways or any other road with or without drainage system",10121147.0,16.130137555322058,15.057946519666173,0.917949939299187,226,3464041.467798128,True,0.7878347419490213,2.921774203365231,0,16854545.0,19,0.6004995685140121,9,
M.K. VISHNUPRASAD,Lighting of public spaces,2698152.0,14.80807765219108,14.80807765219108,1.280249166678587,95,2698152.0000000014,True,0.0,0.9999999999999994,0,16854545.0,19,0.16008453506161097,6,
M.K. VISHNUPRASAD,Providing drains and gutters for public drainage,1000000.0,13.815510557964274,13.81519145615997,0.5174368543789507,50,999680.9491032623,True,0.0004159621897452009,1.0003191527227,0,16854545.0,19,0.0593311774361159,1,
MADHAVANENI RAGHUNANDAN RAO,Construction of additional rooms and halls in the existing public and community building,499955.0,13.122273373354085,13.81528000481769,0.6929616294384839,24,999769.4734287509,True,-0.6745438030976824,0.5000702794869137,0,2488604.0,5,0.2008977724057343,1,
MADHAVANENI RAGHUNANDAN RAO,Construction of community centers and community halls,999900.0,13.815410552963941,14.21557510928233,0.7574997842031976,101,1491921.0000000002,True,-0.35631824439483967,0.6702097497119485,0,2488604.0,5,0.40179152649437194,1,
MADHAVANENI RAGHUNANDAN RAO,Construction of public toilets and bathrooms,199999.0,12.206067645517674,13.010791601747224,0.8303681034170749,16,447213.5954999579,True,-0.653669506623862,0.4472113594319805,0,2488604.0,5,0.08036594010135803,1,
MADHAVANENI RAGHUNANDAN RAO,Crematoriums/energy efficient crematoriums or structures on burial/cremation ground,500000.0,13.122363377404328,13.126325517749349,0.5838245245570999,37,501985.0000000003,True,-0.004577511821285202,0.9960456985766502,0,2488604.0,5,0.20091585483266924,1,
MADHAVANENI RAGHUNANDAN RAO,Purchase of other aids / devices required for P/ M/ V/ H impaired for differently abled persons,288750.0,12.57331654081814,13.004513425707888,0.34614050233604754,6,444414.70497723145,False,0.0,0.6497309759693785,0,2488604.0,5,0.11602890616586649,1,
MAHESH KASHYAP,Construction of boundary walls of existing public and community buildings,583000.0,13.27594246533263,13.800753921547606,0.6784135446722939,62,985351.7091490725,True,-0.5217839914855967,0.5916669089694538,0,10843931.0,16,0.05376279137150541,1,
MAHESH KASHYAP,Construction of buildings for community cultural activities,499839.0,13.122041325551198,13.815510557964274,0.6944420185008866,25,999999.9999999995,True,-0.6735551490279277,0.49983900000000026,0,10843931.0,16,0.04609389344140976,1,
MAHESH KASHYAP,Construction of common work sheds/ common covered sitting area,1023823.0,13.839054218078537,13.813291263073467,0.7598198476596352,54,997783.1659233379,True,0.022870043740558427,1.0260976883214552,0,10843931.0,16,0.09441437795943187,2,
MAHESH KASHYAP,Construction of community centers and community halls,1325432.0,14.097249001999556,14.21557510928233,0.7574997842031976,101,1491921.0000000002,True,-0.10536103247367025,0.8884062896091681,0,10843931.0,16,0.12222800015972067,2,
MAHESH KASHYAP,Construction of culverts and bridges,1571685.0,14.267658850212808,13.951241645841687,0.828878268437359,42,1145373.8472655984,True,0.2574846180376725,1.3722026251534842,0,10843931.0,16,0.14493683148666292,2,
MAHESH KASHYAP,"Construction of roads, link roads, pathways or any other road with or without drainage system",5357033.0,15.493920835008394,15.057946519666173,0.917949939299187,226,3464041.467798128,True,0.32034936014357535,1.5464690737103466,0,10843931.0,16,0.49401208842070277,7,
MAHESH KASHYAP,Construction of rooms and halls in school and colleges,483119.0,13.088018279100522,13.889238600811138,0.7668752234068101,61,1076513.9999999993,True,-0.7047080026826322,0.44878097265804284,0,10843931.0,16,0.04455201716056659,1,
MAHIMA KUMARI MEWAR,Construction of boundary walls of existing public and community buildings,999884.0,13.815394551235753,13.800753921547606,0.6784135446722939,62,985351.7091490725,True,0.014556172709413197,1.014748328658685,0,6772299.0,8,0.14764321539849318,1,
MAHIMA KUMARI MEWAR,Construction of buildings for community cultural activities,998929.0,13.814438984033952,13.815510557964274,0.6944420185008866,25,999999.9999999995,True,-0.0010408019629373163,0.9989290000000005,0,6772299.0,8,0.14750219976997472,1,
MAHIMA KUMARI MEWAR,Construction of community centers and community halls,1000000.0,13.815510557964274,14.21557510928233,0.7574997842031976,101,1491921.0000000002,True,-0.3562291970127402,0.6702767773896874,0,6772299.0,8,0.147660343998397,1,
MAHIMA KUMARI MEWAR,"Construction of roads, link roads, pathways or any other road with or without drainage system",998997.0,13.814507054623178,15.057946519666173,0.917949939299187,226,3464041.467798128,True,-0.913666294059357,0.288390600772744,0,6772299.0,8,0.1475122406733666,1,
MAHIMA KUMARI MEWAR,Construction of rooms and halls in school and colleges,974969.0,13.790160954602722,13.889238600811138,0.7668752234068101,61,1076513.9999999993,True,-0.08714308446515802,0.90567238326673,0,6772299.0,8,0.14396425792777312,1,
MAHIMA KUMARI MEWAR,"Purchase of ambulances (Four, three and two wheelers)",799520.0,13.591766826578032,14.407242208943915,0.8035199182557164,7,1807115.0000000002,False,0.0,0.44242895443842806,0,6772299.0,8,0.11805739823359837,1,
MAHIMA KUMARI MEWAR,Street lights,1000000.0,13.815510557964274,14.893113691774463,1.2240634603534417,65,2937630.0000000014,True,-0.5937954503969106,0.3404104669410373,0,6772299.0,8,0.147660343998397,2,
MALAIYARASAN D,Construction of community centers and community halls,1268500.0,14.053345658021474,14.21557510928233,0.7574997842031976,101,1491921.0000000002,True,-0.14445385616914555,0.8502460921188185,0,38437934.0,53,0.03300125339722994,1,
MALAIYARASAN D,Purchase of furniture and fixtures for educational purposes,29846094.0,17.211564534969362,14.370339389617413,1.2488303877550573,16,1741642.8451321456,True,1.5345609614648237,17.13674768820668,0,38437934.0,53,0.7764749791182846,25,
MALAIYARASAN D,Purchase of non-conventional energy system and devices for community use,2623340.0,14.779958873018309,14.487818621858292,0.3873600444076173,4,1958753.0345094546,False,0.0,1.3392908415618525,0,38437934.0,53,0.06824872533471753,7,
MALAIYARASAN D,"Purchase of smart boards, visual display units and projectors",4700000.0,15.363073066680286,14.776128822535135,0.889044091416876,10,2613311.6920872633,False,0.0,1.7984842811636026,0,38437934.0,53,0.12227504214976799,20,
MALVIKA DEVI,Construction of boundary walls of existing public and community buildings,900000.0,13.710150042306449,13.800753921547606,0.6784135446722939,62,985351.7091490725,True,-0.0900812152529784,0.9133794478087622,0,15898000.0,43,0.05661089445213234,3,
MALVIKA DEVI,Construction of buildings for community cultural activities,400000.0,12.89921982609012,13.815510557964274,0.6944420185008866,25,999999.9999999995,True,-0.8899779710670372,0.4000000000000002,0,15898000.0,43,0.02516039753428104,1,
MALVIKA DEVI,Construction of community centers and community halls,600000.0,13.304684934198283,14.21557510928233,0.7574997842031976,101,1491921.0000000002,True,-0.8110832978526361,0.4021660664338125,0,15898000.0,43,0.03774059630142156,1,
MALVIKA DEVI,Construction of foot over bridge (FOB),200000.0,12.206072645530174,12.649024488897242,0.7895254336470403,4,311459.46766794554,False,0.0,0.642138129553425,0,15898000.0,43,0.01258019876714052,1,
MALVIKA DEVI,Construction of footpaths and pedestrian ways,300000.0,12.611537753638338,13.691130308469193,0.49594380592756515,27,883043.9999999998,True,-1.468281626930464,0.3397339203935479,0,15898000.0,43,0.01887029815071078,1,
MALVIKA DEVI,Construction of public irrigation facilities,300000.0,12.611537753638338,13.301473115158483,0.6899353615201456,11,598075.9999999995,False,0.0,0.5016084912285399,0,15898000.0,43,0.01887029815071078,1,
MALVIKA DEVI,"Construction of roads, link roads, pathways or any other road with or without drainage system",7700000.0,15.856730886823913,15.057946519666173,0.917949939299187,226,3464041.467798128,True,0.5869383858331423,2.2228371315931166,0,15898000.0,43,0.48433765253491007,23,
MALVIKA DEVI,Construction of rooms and halls in school and colleges,500000.0,13.122363377404328,13.889238600811138,0.7668752234068101,61,1076513.9999999993,True,-0.6745,0.4644621435485282,0,15898000.0,43,0.0314504969178513,1,
MALVIKA DEVI,Crematoriums/energy efficient crematoriums or structures on burial/cremation ground,200000.0,12.206072645530174,13.126325517749349,0.5838245245570999,37,501985.0000000003,True,-1.0631800073536066,0.39841827943066005,0,15898000.0,43,0.01258019876714052,1,
MALVIKA DEVI,Establishing public ground water recharging facilities,300000.0,12.611537753638338,12.86509713455567,0.8363190191600962,4,386581.1687084615,False,0.0,0.776033661966198,0,15898000.0,43,0.01887029815071078,1,
MALVIKA DEVI,Purchase of hospital equipment,4498000.0,15.319143411501399,14.038695543721623,0.6075665378155941,12,1250051.794126947,False,0.0,3.5982509053886553,0,15898000.0,43,0.2829286702729903,9,
MALVINDER SINGH KANG,Construction of buildings for community cultural activities,400000.0,12.89921982609012,13.815510557964274,0.6944420185008866,25,999999.9999999995,True,-0.8899779710670372,0.4000000000000002,0,16512412.0,37,0.02422420177015932,2,
MALVINDER SINGH KANG,Construction of community centers and community halls,2749469.0,14.826918360089213,14.21557510928233,0.7574997842031976,101,1491921.0000000002,True,0.5443579407788056,1.8429052208528465,0,16512412.0,37,0.16650922954199543,6,
MALVINDER SINGH KANG,Construction of public libraries and reading rooms,493598.0,13.109476699701249,13.897103407107302,0.7747400297029738,12,1085013.9555231554,False,0.0,0.45492318092996736,0,16512412.0,37,0.02989254386336775,1,
MALVINDER SINGH KANG,"Construction of roads, link roads, pathways or any other road with or without drainage system",2150000.0,14.580978400103845,15.057946519666173,0.917949939299187,226,3464041.467798128,True,-0.35047117808015177,0.6206623159643118,0,16512412.0,37,0.13020508451460636,5,
MALVINDER SINGH KANG,Construction of rooms and halls in school and colleges,500000.0,13.122363377404328,13.889238600811138,0.7668752234068101,61,1076513.9999999993,True,-0.6745,0.4644621435485282,0,16512412.0,37,0.03028025221269915,1,
MALVINDER SINGH KANG,Construction of stadiums,500000.0,13.122363377404328,13.46869440885903,0.45791030716805725,4,706935.2869959166,False,0.0,0.7072783169796532,0,16512412.0,37,0.03028025221269915,1,
MALVINDER SINGH KANG,Crematoriums/energy efficient crematoriums or structures on burial/cremation ground,250000.0,12.429216196844383,13.126325517749349,0.5838245245570999,37,501985.0000000003,True,-0.8053793857102904,0.4980228492883251,0,16512412.0,37,0.015140126106349575,1,
MALVINDER SINGH KANG,Development of playfields and sports grounds,1500000.0,14.22097566607244,13.699922696458536,0.5894825609725016,14,890842.2980528027,False,0.0,1.6837997065010162,0,16512412.0,37,0.09084075663809744,2,
MALVINDER SINGH KANG,Development of playground,931939.0,13.745022640881965,13.761018831344273,0.606943052395259,18,946966.3434378215,True,-0.01777667678087315,0.984131069132545,0,16512412.0,37,0.056438695933701266,1,
MALVINDER SINGH KANG,Development of public parks,918744.0,13.730762798875615,14.219242164426287,1.096878787021959,13,1497402.0,False,0.0,0.6135586836400646,0,16512412.0,37,0.05563960007780814,1,
MALVINDER SINGH KANG,Installation of fixed garden gym equipment,2018662.0,14.517945473671706,14.817987059441387,0.6050596036673905,9,2725022.0000000005,False,0.0,0.7407874138263837,0,16512412.0,37,0.12225118898438338,9,
MALVINDER SINGH KANG,Installation of multi-gym equipment,400000.0,12.89921982609012,13.279020011816728,0.5307928328022182,12,584796.9733163806,False,0.0,0.6839980681356849,0,16512412.0,37,0.02422420177015932,2,
MALVINDER SINGH KANG,Providing drains and gutters for public drainage,3500000.0,15.068273526459642,13.81519145615997,0.5174368543789507,50,999680.9491032623,True,1.633443480618668,3.5011170345294502,0,16512412.0,37,0.21196176548889406,4,
MALVINDER SINGH KANG,Renovation of ponds and lakes,200000.0,12.206072645530174,13.81531952770436,0.5844369773459501,8,999808.987985205,False,0.0,0.20003820970147107,0,16512412.0,37,0.01211210088507966,1,
MANI. A.,"Construction of Government office buildings (Post office, Police station, Police chauki, etc.)",1000000.0,13.815510557964274,13.815510557964274,0.0004396932735160064,4,999999.9999999995,False,0.0,1.0000000000000004,0,7928720.0,7,0.12612376272588766,1,
MANI. A.,Purchase of furniture and fixtures for educational purposes,6250000.0,15.648092021712584,14.370339389617413,1.2488303877550573,16,1741642.8451321456,True,0.6901210595119123,3.5885658287912565,0,7928720.0,7,0.7882735170367978,5,
MANI. A.,Purchase of hospital equipment,678720.0,13.427963950358455,14.038695543721623,0.6075665378155941,12,1250051.794126947,False,0.0,0.5429535025578898,0,7928720.0,7,0.08560272023731447,1,
MANISH TEWARI,Installation of fixed garden gym equipment,1169467.0,13.972058647421427,14.817987059441387,0.6050596036673905,9,2725022.0000000005,False,0.0,0.4291587370670768,0,7044886.0,16,0.16600226036304916,3,
MANISH TEWARI,Lighting of public spaces,239304.0,12.385489989176738,14.80807765219108,1.280249166678587,95,2698152.0000000014,True,-1.2763416850662217,0.08869181573165628,0,7044886.0,16,0.03396847017822574,1,
MANISH TEWARI,Providing CCTV camera system for security of public areas,5636115.0,15.544705556334767,14.570997594367718,0.9737079619670492,7,2128647.999999999,False,0.0,2.647744014040838,0,7044886.0,16,0.8000292694587251,12,
MANJU SHARMA,Construction of rooms and halls in school and colleges,758307.0,13.538843595821417,13.889238600811138,0.7668752234068101,61,1076513.9999999993,True,-0.3081875951287491,0.7044097893757076,0,2054213.0,3,0.3691472111217289,1,
MANJU SHARMA,Providing drains and gutters for public drainage,612876.0,13.325917910606293,13.81519145615997,0.5174368543789507,50,999680.9491032623,True,-0.6377879806649128,0.6130716010440775,0,2054213.0,3,0.2983507552527416,1,
MANJU SHARMA,Purchase of hospital equipment,683030.0,13.434294061453603,14.038695543721623,0.6075665378155941,12,1250051.794126947,False,0.0,0.5464013596948896,0,2054213.0,3,0.3325020336255296,1,
MANNA LAL RAWAT,Construction of common work sheds/ common covered sitting area,999187.0,13.814697227300542,13.813291263073467,0.7598198476596352,54,997783.1659233379,True,0.0012480891017564077,1.0014069530581455,0,23883979.0,19,0.041835030921773965,1,
MANNA LAL RAWAT,Construction of culverts and bridges,15819317.0,16.576742346173308,13.951241645841687,0.828878268437359,42,1145373.8472655984,True,2.136502173850286,13.811487871637855,7,23883979.0,19,0.6623400983563082,11,"MANNA LAL RAWAT spent ₹15,819,317 (₹1.58 crore) on 'Construction of culverts and bridges' works — 13.8x the median MP spend in that category (₹1,145,374 (₹11.45 lakh), n=42 peer MPs), 66% of this MP's total disbursed funds."
MANNA LAL RAWAT,Construction of rainwater harvesting structures,4487995.0,15.316916612102052,14.457364444136669,0.8677274104742061,5,1900000.0,False,0.0,2.3621026315789475,0,23883979.0,19,0.1879081789512543,3,
MANNA LAL RAWAT,"Construction of roads, link roads, pathways or any other road with or without drainage system",498916.0,13.120193023890101,15.057946519666173,0.917949939299187,226,3464041.467798128,True,-1.4238409709997983,0.1440271442007677,0,23883979.0,19,0.020889149165639442,1,
MANNA LAL RAWAT,Construction of rooms and halls in school and colleges,1916904.0,14.466221942526563,13.889238600811138,0.7668752234068101,61,1076513.9999999993,True,0.507481858988949,1.780658681633496,0,23883979.0,19,0.08025898867186242,1,
MANNA LAL RAWAT,Purchase of books and periodicals for libraries/digitization of library books,161660.0,11.993250643287835,13.458835614025542,1.4655849707377069,7,700000.0000000002,False,0.0,0.23094285714285706,0,23883979.0,19,0.006768553933161639,2,
MANOJ KUMAR,Construction of boundary walls of existing public and community buildings,988879.0,13.804327257316148,13.800753921547606,0.6784135446722939,62,985351.7091490725,True,0.0035527223694292783,1.00357972774409,0,21803036.0,22,0.045355105591716675,1,
MANOJ KUMAR,Construction of footpaths and pedestrian ways,883044.0,13.691130308469193,13.691130308469193,0.49594380592756515,27,883043.9999999998,True,0.0,1.0000000000000002,0,21803036.0,22,0.04050096509495283,1,
MANOJ KUMAR,"Construction of roads, link roads, pathways or any other road with or without drainage system",19931113.0,16.807792536088783,15.057946519666173,0.917949939299187,226,3464041.467798128,True,1.2857685234754022,5.753716629919257,0,21803036.0,22,0.9141439293133304,20,
MOHIBBULLAH,Construction of boundary walls of existing public and community buildings,3069043.0,14.936876344582247,13.800753921547606,0.6784135446722939,62,985351.7091490725,True,1.1295685063408212,3.1146675562681634,0,25324481.0,85,0.12118878171679016,1,
MOHIBBULLAH,"Construction of roads, link roads, pathways or any other road with or without drainage system",8820451.0,15.992583560462535,15.057946519666173,0.917949939299187,226,3464041.467798128,True,0.6867615073850735,2.546289090934758,0,25324481.0,85,0.3482974043969549,11,
MOHIBBULLAH,Lighting of public spaces,13434987.0,16.413372832409376,14.80807765219108,1.280249166678587,95,2698152.0000000014,True,0.8457506766954808,4.979329185309053,0,25324481.0,85,0.530513813886255,73,
MUKESHKUMAR CHANDRAKAANT DALAL,"Purchase of IT systems, including hardware and software for educational purposes",946160.0,13.760166966924999,13.774841282306094,0.8346872078132384,20,960146.6213032259,True,-0.011858125573146597,0.985432827661007,0,946160.0,5,1.0,5,
MURASOLI S,Construction of bus-sheds or bus-stops,2849385.0,14.862613739485251,13.86558751291084,0.743540185445033,21,1051351.9999999995,True,0.9044490169982278,2.7102102816183367,0,26906527.0,20,0.10589939756996508,2,
MURASOLI S,Construction of community centers and community halls,22922582.0,16.947633096171035,14.21557510928233,0.7574997842031976,101,1491921.0000000002,True,2.432704471453832,15.364474392410855,7,26906527.0,20,0.8519338820651212,17,"MURASOLI S spent ₹22,922,582 (₹2.29 crore) on 'Construction of community centers and community halls' works — 15.4x the median MP spend in that category (₹1,491,921 (₹14.92 lakh), n=101 peer MPs), 85% of this MP's total disbursed funds."
MURASOLI S,Purchase of hospital equipment,1134560.0,13.941755468537824,14.038695543721623,0.6075665378155941,12,1250051.794126947,False,0.0,0.9076103928896738,0,26906527.0,20,0.04216672036491369,1,
Maddila Gurumoorthy,"Construction of roads, link roads, pathways or any other road with or without drainage system",499938.0,13.122239369715693,15.057946519666173,0.917949939299187,226,3464041.467798128,True,-1.422337337522339,0.14432217531096098,0,8489704.0,15,0.05888756545575676,1,
Maddila Gurumoorthy,Construction of rooms and halls in school and colleges,2000321.0,14.508818225645472,13.889238600811138,0.7668752234068101,61,1076513.9999999993,True,0.544947136372755,1.8581467588902711,0,8489704.0,15,0.23561728418328837,1,
Maddila Gurumoorthy,Construction of toilet blocks,1211245.0,14.007159314211616,13.117262389458487,0.8898969247531294,11,497456.00000000035,False,0.0,2.4348786626354877,0,8489704.0,15,0.14267222979741107,1,
Maddila Gurumoorthy,Installing community drinking water plants,393791.0,12.883575590685268,13.273726077636404,0.67248362567556,22,581709.2768729058,True,-0.3913203138354196,0.676954993939416,0,8489704.0,15,0.04638453825952,1,
Maddila Gurumoorthy,Providing drains and gutters for public drainage,2297680.0,14.64741047617138,13.81519145615997,0.5174368543789507,50,999680.9491032623,True,1.084831364923609,2.2984133108278937,0,8489704.0,15,0.27064312253996137,3,
Maddila Gurumoorthy,Providing supply pipelines for drinking water,1158892.0,13.96297493420089,13.120916330937414,0.6030149786341905,11,499277.00000000035,False,0.0,2.321140368973534,0,8489704.0,15,0.1365055837046851,4,
Maddila Gurumoorthy,Purchase of other aids / devices required for P/ M/ V/ H impaired for differently abled persons,570000.0,13.253391639810733,13.004513425707888,0.34614050233604754,6,444414.70497723145,False,0.0,1.282585822692799,0,8489704.0,15,0.06714014999816248,1,
Maddila Gurumoorthy,"Purchase of vehicle for mobile dispensaries (Four, three and two wheelers)",137000.0,11.827736204810263,13.03171630837963,1.2039801035693678,3,456669.9999999996,False,0.0,0.2999978102349621,0,8489704.0,15,0.01613719394692677,1,
Maddila Gurumoorthy,Street lights,220837.0,12.305180151810148,14.893113691774463,1.2240634603534417,65,2937630.0000000014,True,-1.4260381338414503,0.07517522628785786,0,8489704.0,15,0.026012332114288085,2,
Mahendra Singh Solanky,Construction of common work sheds/ common covered sitting area,1000000.0,13.815510557964274,13.813291263073467,0.7598198476596352,54,997783.1659233379,True,0.0019700912110418097,1.0022217593484959,0,1000000.0,1,1.0,1,
Mahesh Sharma,"Construction of roads, link roads, pathways or any other road with or without drainage system",44005367.0,17.59982216171664,15.057946519666173,0.917949939299187,226,3464041.467798128,True,1.8677435959873587,12.703475812595116,0,44005367.0,51,1.0,51,
Mala Rajya Laxmi Shah,Construction of footpaths and pedestrian ways,5194642.0,15.46313826772511,13.691130308469193,0.49594380592756515,27,883043.9999999998,True,2.409989507344878,5.8826536390032675,7,6191630.0,5,0.8389781043117887,4,"Mala Rajya Laxmi Shah spent ₹5,194,642 (₹51.95 lakh) on 'Construction of footpaths and pedestrian ways' works — 5.9x the median MP spend in that category (₹883,044 (₹8.83 lakh), n=27 peer MPs), 84% of this MP's total disbursed funds."
Mala Rajya Laxmi Shah,Development of playfields and sports grounds,996988.0,13.812494012763215,13.699922696458536,0.5894825609725016,14,890842.2980528027,False,0.0,1.1191520678566902,0,6191630.0,5,0.16102189568821135,1,
Mala Roy,Construction of additional rooms and halls in the existing public and community building,825080.0,13.62323563031253,13.81528000481769,0.6929616294384839,24,999769.4734287509,True,-0.18692799875325522,0.8252702467203303,0,17940500.0,19,0.04598979961539534,1,
Mala Roy,Construction of community centers and community halls,1497934.0,14.219597383343693,14.21557510928233,0.7574997842031976,101,1491921.0000000002,True,0.003581550663071236,1.0040303742624441,0,17940500.0,19,0.08349455143390652,1,
Mala Roy,Construction of footpaths and pedestrian ways,2559799.0,14.755439297748232,13.691130308469193,0.49594380592756515,27,883043.9999999998,True,1.44749547164132,2.8988351656316116,0,17940500.0,19,0.14268270115102702,2,
Mala Roy,Construction of public toilets and bathrooms,1333071.0,14.102995861058234,13.010791601747224,0.8303681034170749,16,447213.5954999579,True,0.8871869835482508,2.9808373748336225,0,17940500.0,19,0.07430511970123464,1,
Mala Roy,"Construction of roads, link roads, pathways or any other road with or without drainage system",3368750.0,15.030052313639445,15.057946519666173,0.917949939299187,226,3464041.467798128,True,-0.02049637040053856,0.9724912450719886,0,17940500.0,19,0.18777347342604722,2,
Mala Roy,Lighting of public spaces,5418236.0,15.505280859187208,14.80807765219108,1.280249166678587,95,2698152.0000000014,True,0.36732190526545344,2.008128526487758,0,17940500.0,19,0.30201142666034947,8,
Mala Roy,Street lights,2937630.0,14.893113691774463,14.893113691774463,1.2240634603534417,65,2937630.0000000014,True,0.0,0.9999999999999996,0,17940500.0,19,0.1637429280120398,4,
Manickam Tagore B,Construction of community centers and community halls,5868959.0,15.585187833658173,14.21557510928233,0.7574997842031976,101,1491921.0000000002,True,1.2195432947393392,3.9338269251522027,0,8668959.0,7,0.6770085081726652,3,
Manickam Tagore B,Installing community drinking water plants,1200000.0,13.997832114758229,13.273726077636404,0.67248362567556,22,581709.2768729058,True,0.7262771960403154,2.0628861317990994,0,8668959.0,7,0.13842492506885776,2,
Manickam Tagore B,Lighting of public spaces,1600000.0,14.28551418721001,14.80807765219108,1.280249166678587,95,2698152.0000000014,True,-0.27531285807758793,0.5929984670989622,0,8668959.0,7,0.184566566758477,2,
Midhun Reddy,Construction of artificial reef,75000.0,11.225243392518447,11.918390573078392,0.6931471805599454,2,149999.99999999994,False,0.0,0.5000000000000002,0,5349307.0,25,0.014020507703147342,1,
Midhun Reddy,"Construction of roads, link roads, pathways or any other road with or without drainage system",999527.0,13.815037446064487,15.057946519666173,0.917949939299187,226,3464041.467798128,True,-0.9132765679840592,0.2885436012506329,0,5349307.0,25,0.18685168004005004,3,
Midhun Reddy,Installing community drinking water plants,287955.0,12.57055949690978,13.273726077636404,0.67248362567556,22,581709.2768729058,True,-0.7052749547970809,0.4950153134018414,0,5349307.0,25,0.05383033727546391,1,
Midhun Reddy,Installing tube-wells and borewells,1341955.0,14.109638063909824,13.14725957257652,0.9530793891161249,32,512604.3466944067,True,0.6810810304126964,2.6179157641829702,0,5349307.0,25,0.25086520553036123,8,
Midhun Reddy,Providing drains and gutters for public drainage,831579.0,13.631081582121892,13.81519145615997,0.5174368543789507,50,999680.9491032623,True,-0.23999471430718364,0.8318444007019902,0,5349307.0,25,0.15545546367034085,2,
Midhun Reddy,Providing supply pipelines for drinking water,480086.0,13.08172053350231,13.120916330937414,0.6030149786341905,11,499277.00000000035,False,0.0,0.9615624192582467,0,5349307.0,25,0.08974732614897593,1,
Midhun Reddy,Purchase of mobile water tankers,83205.0,11.329062721157445,15.03928598958639,0.8174433387947495,17,3399999.999999998,True,-3.0614300414327347,0.024472058823529427,0,5349307.0,25,0.01555435124587166,1,
Midhun Reddy,Purchase of other aids / devices required for P/ M/ V/ H impaired for differently abled persons,800000.0,13.592367006650065,13.004513425707888,0.34614050233604754,6,444414.70497723145,False,0.0,1.8001204529021742,0,5349307.0,25,0.149552082166905,3,
Midhun Reddy,"Purchase of prosthetics, wheel chairs, tricycles (manual or motorized), elect scooties, hearing aids",450000.0,13.017002861746503,13.017002861746503,0.8109302162163292,9,450000.00000000035,False,0.0,0.9999999999999992,0,5349307.0,25,0.08412304621888406,5,
Mitesh Rameshbhai Bakabhai Patel,Construction of boundary walls of existing public and community buildings,77161.0,11.25364942701863,13.800753921547606,0.6784135446722939,62,985351.7091490725,True,-2.532411086205069,0.07830807952485767,0,7341199.0,42,0.010510680884689273,1,
Mitesh Rameshbhai Bakabhai Patel,Construction of common work sheds/ common covered sitting area,504106.0,13.130541842400207,13.813291263073467,0.7598198476596352,54,997783.1659233379,True,-0.6060837784937712,0.505226002218133,0,7341199.0,42,0.06866807452025207,6,
Mitesh Rameshbhai Bakabhai Patel,"Construction of roads, link roads, pathways or any other road with or without drainage system",6136503.0,15.629765593897606,15.057946519666173,0.917949939299187,226,3464041.467798128,True,0.4201666660205456,1.7714865878613708,0,7341199.0,42,0.8358992856616474,33,
Mitesh Rameshbhai Bakabhai Patel,Improvement of electricity distribution infrastructure,123429.0,11.723421370947074,12.864768028978977,0.8912752299478237,22,386453.9636230947,True,-0.863749260582038,0.31938862482564484,0,7341199.0,42,0.01681319359412543,1,
Mitesh Rameshbhai Bakabhai Patel,Providing drains and gutters for public drainage,500000.0,13.122363377404328,13.81519145615997,0.5174368543789507,50,999680.9491032623,True,-0.9031295996137902,0.50015957636135,0,7341199.0,42,0.06810876533928585,1,
Mr Gopal Jee Thakur,Installing tube-wells and borewells,218952.0,12.29660780669342,13.14725957257652,0.9530793891161249,32,512604.3466944067,True,-0.60201135670372,0.42713644824110325,0,218952.0,1,1.0,1,
Ms Mahua Moitra,Construction of additional rooms and halls in the existing public and community building,1031814.0,13.846828976221666,13.81528000481769,0.6929616294384839,24,999769.4734287509,True,0.030708455285214552,1.0320519153894059,0,7575016.0,13,0.13621278159676495,1,
Ms Mahua Moitra,Construction of buildings for crèches and anganwadies,1697657.0,14.344759623092493,14.344759623092493,0.339925413650878,5,1697656.9999999995,False,0.0,1.0000000000000002,0,7575016.0,13,0.224112661940252,2,
Ms Mahua Moitra,Construction of common work sheds/ common covered sitting area,370902.0,12.82369315575217,13.813291263073467,0.7598198476596352,54,997783.1659233379,True,-0.8784765565734689,0.37172605498587585,0,7575016.0,13,0.048963856974031474,1,
Ms Mahua Moitra,Construction of culverts and bridges,399842.0,12.89882474805707,13.951241645841687,0.828878268437359,42,1145373.8472655984,True,-0.8564046429809016,0.34909300657995684,0,7575016.0,13,0.05278431095063033,1,
Ms Mahua Moitra,"Construction of rooms and facilities for hospitals, FWC , PHC Centers and ANM centers",469091.0,13.058552058457806,13.122363377404328,0.5108256237659905,13,499999.9999999997,False,0.0,0.9381820000000005,0,7575016.0,13,0.061926073819514045,4,
Ms Mahua Moitra,Construction of stadiums,399994.0,12.899204825977618,13.46869440885903,0.45791030716805725,4,706935.2869959166,False,0.0,0.5658141662439188,0,7575016.0,13,0.05280437691484744,1,
Ms Mahua Moitra,Crematoriums/energy efficient crematoriums or structures on burial/cremation ground,2933290.0,14.891635217943934,13.126325517749349,0.5838245245570999,37,501985.0000000003,True,2.039485055350383,5.843381774355804,7,7575016.0,13,0.3872321853841629,1,"Ms Mahua Moitra spent ₹2,933,290 (₹29.33 lakh) on 'Crematoriums/energy efficient crematoriums or structures on burial/cremation ground' works — 5.8x the median MP spend in that category (₹501,985 (₹5.02 lakh), n=37 peer MPs), 39% of this MP's total disbursed funds."
Ms Mahua Moitra,Development of playfields and sports grounds,199567.0,12.203905298529557,13.699922696458536,0.5894825609725016,14,890842.2980528027,False,0.0,0.22402057068485887,0,7575016.0,13,0.02634542290075691,1,
Ms Mahua Moitra,Establishing public ground water recharging facilities,72859.0,11.196281345516404,12.86509713455567,0.8363190191600962,4,386581.1687084615,False,0.0,0.18847012192398407,0,7575016.0,13,0.00961832951903996,1,
Mukesh Rajput,Installation of fixed garden gym equipment,8183088.0,15.917580143453895,14.817987059441387,0.6050596036673905,9,2725022.0000000005,False,0.0,3.002943829444312,0,44140192.0,155,0.18538859096942759,8,
Mukesh Rajput,Street lights,35957104.0,17.39783723039808,14.893113691774463,1.2240634603534417,65,2937630.0000000014,True,1.3801866337173507,12.240174562487441,0,44140192.0,155,0.8146114090305724,147,
NALIN SOREN,Construction of culverts and bridges,500000.0,13.122363377404328,13.951241645841687,0.828878268437359,42,1145373.8472655984,True,-0.6745,0.43653869100789416,0,10450000.0,32,0.04784688995215311,1,
NALIN SOREN,"Construction of roads, link roads, pathways or any other road with or without drainage system",1950000.0,14.48333993053993,15.057946519666173,0.917949939299187,226,3464041.467798128,True,-0.42221490276642326,0.5629262865722828,0,10450000.0,32,0.18660287081339713,5,
NALIN SOREN,Creation of new ponds,8000000.0,15.89495209964411,14.851423699475491,0.3536090351812504,5,2817678.0000000023,False,0.0,2.839217256194637,0,10450000.0,32,0.7655502392344498,26,
NARAYAN DAS AHIRWAR,Lighting of public spaces,4777432.800000001,15.379413889063573,14.80807765219108,1.280249166678587,95,2698152.0000000014,True,0.3010088206269022,1.7706314544176898,0,4777432.800000001,20,1.0,20,
NAVEEN JINDAL,Construction of boundary walls of existing public and community buildings,2500000.0,14.73180128983843,13.800753921547606,0.6784135446722939,62,985351.7091490725,True,0.9256764621577684,2.5371651328021176,0,9656176.0,34,0.2589016604502652,1,
NAVEEN JINDAL,Construction of common work sheds/ common covered sitting area,695571.0,13.452488369966389,13.813291263073467,0.7598198476596352,54,997783.1659233379,True,-0.32028848963384654,0.6971163913717927,0,9656176.0,34,0.07203379474442057,3,
NAVEEN JINDAL,Construction of community centers and community halls,1345191.0,14.11204656837092,14.21557510928233,0.7574997842031976,101,1491921.0000000002,True,-0.09218484585866854,0.9016502884536111,0,9656176.0,34,0.13930887340910109,3,
NAVEEN JINDAL,"Construction of roads, link roads, pathways or any other road with or without drainage system",4205451.0,15.25189209890788,15.057946519666173,0.917949939299187,226,3464041.467798128,True,0.14250918007402935,1.2140302127136888,0,9656176.0,34,0.43551929873689127,22,
NAVEEN JINDAL,Construction of rooms and halls in school and colleges,194900.0,12.180241885495652,13.889238600811138,0.7668752234068101,61,1076513.9999999993,True,-1.5031366893813494,0.18104734355521632,0,9656176.0,34,0.020183973448702673,1,
NAVEEN JINDAL,Construction of toilet blocks,150000.0,11.918390573078392,13.117262389458487,0.8898969247531294,11,497456.00000000035,False,0.0,0.301534206040333,0,9656176.0,34,0.015534099627015912,1,
NAVEEN JINDAL,Crematoriums/energy efficient crematoriums or structures on burial/cremation ground,451783.0,13.020957255039413,13.126325517749349,0.5838245245570999,37,501985.0000000003,True,-0.12173331233690035,0.8999930276801095,0,9656176.0,34,0.046786947545280864,2,
NAVEEN JINDAL,Installation of multi-gym equipment,113280.0,11.637617908927547,13.279020011816728,0.5307928328022182,12,584796.9733163806,False,0.0,0.19370825289602595,0,9656176.0,34,0.011731352038322417,1,
NEERAJ MAURYA,Lighting of public spaces,23404800.0,16.968451687497144,14.80807765219108,1.280249166678587,95,2698152.0000000014,True,1.1381942865031132,8.67438157672362,0,69875200.0,3,0.33495145631067963,2,
NEERAJ MAURYA,Street lights,46470400.0,17.65432610872801,14.893113691774463,1.2240634603534417,65,2937630.0000000014,True,1.5215206037580757,15.819010562936782,0,69875200.0,3,0.6650485436893204,1,
NILESH DNYANDEV LANKE,"Purchase of IT systems, including hardware and software for educational purposes",974340.0,13.789515597687188,13.774841282306094,0.8346872078132384,20,960146.6213032259,True,0.011858125573146597,1.0147825117350402,0,974340.0,1,1.0,1,
NIMUBEN JAYANTIBHAI BAMBHANIYA,"Construction of roads, link roads, pathways or any other road with or without drainage system",2398998.0,14.690561708140784,15.057946519666173,0.917949939299187,226,3464041.467798128,True,-0.26995051120441216,0.692543095197094,0,3793339.0,12,0.6324238355707201,8,
NIMUBEN JAYANTIBHAI BAMBHANIYA,Crematoriums/energy efficient crematoriums or structures on burial/cremation ground,699169.0,13.457647765956137,13.126325517749349,0.5838245245570999,37,501985.0000000003,True,0.3827808648240883,1.3928085500562757,0,3793339.0,12,0.1843149267703203,2,
NIMUBEN JAYANTIBHAI BAMBHANIYA,Fitting of Sitting RCC Benches in Public Places,500000.0,13.122363377404328,14.01401158997869,1.161518866872262,6,1219573.2860308138,False,0.0,0.4099794622652689,0,3793339.0,12,0.1318099964174043,1,
NIMUBEN JAYANTIBHAI BAMBHANIYA,Providing supply pipelines for drinking water,195172.0,12.1816365000493,13.120916330937414,0.6030149786341905,11,499277.00000000035,False,0.0,0.3909092547824151,0,3793339.0,12,0.051451241241555264,1,
Nitin Jairam Gadkari,Construction of footpaths and pedestrian ways,955761.0,13.77026316077833,13.691130308469193,0.49594380592756515,27,883043.9999999998,True,0.10762329974599642,1.0823481049641923,0,7131928.0,9,0.1340115884512575,1,
Nitin Jairam Gadkari,"Construction of roads, link roads, pathways or any other road with or without drainage system",458593.0,13.035918385442958,15.057946519666173,0.917949939299187,226,3464041.467798128,True,-1.4857650925657249,0.13238669463489378,0,7131928.0,9,0.06430140629574499,1,
Nitin Jairam Gadkari,Development of playfields and sports grounds,992000.0,13.80747838626701,13.699922696458536,0.5894825609725016,14,890842.2980528027,False,0.0,1.1135528725660053,0,7131928.0,9,0.13909282314684052,1,
Nitin Jairam Gadkari,Lighting of public spaces,963514.0,13.778342297089063,14.80807765219108,1.280249166678587,95,2698152.0000000014,True,-0.5425166562054735,0.35710145314274344,0,7131928.0,9,0.13509867177571058,1,
Nitin Jairam Gadkari,"Purchase of IT systems, including hardware and software for educational purposes",2384760.0,14.68460904831033,13.774841282306094,0.8346872078132384,20,960146.6213032259,True,0.7351716336680211,2.4837456562239613,0,7131928.0,9,0.3343780251286889,2,
Nitin Jairam Gadkari,Purchase of hospital equipment,1377300.0,14.135635618905424,14.038695543721623,0.6075665378155941,12,1250051.794126947,False,0.0,1.1017943468189852,0,7131928.0,9,0.1931174852017575,3,
Om Birla,Construction of additional rooms and halls in the existing public and community building,2999278.0,14.913882151000848,13.81528000481769,0.6929616294384839,24,999769.4734287509,True,1.0693335909536403,2.999969572699446,0,4452314.0,5,0.6736447609041052,3,
Om Birla,"Construction of roads, link roads, pathways or any other road with or without drainage system",454143.0,13.026167405401905,15.057946519666173,0.917949939299187,226,3464041.467798128,True,-1.4929300105597407,0.13110206798092114,0,4452314.0,5,0.10200156592729084,1,
Om Birla,Construction of rooms and halls in school and colleges,998893.0,13.814402944787208,13.889238600811138,0.7668752234068101,61,1076513.9999999993,True,-0.06582120330332329,0.9278959679112401,0,4452314.0,5,0.22435367316860402,1,
Omprakash Bhupalsinh Alias Pawan Rajenimbalkar,Construction of bus-sheds or bus-stops,300000.0,12.611537753638338,13.86558751291084,0.743540185445033,21,1051351.9999999995,True,-1.1376070576777644,0.28534686765231826,0,800000.0,2,0.375,1,
Omprakash Bhupalsinh Alias Pawan Rajenimbalkar,"Construction of roads, link roads, pathways or any other road with or without drainage system",500000.0,13.122363377404328,15.057946519666173,0.917949939299187,226,3464041.467798128,True,-1.422246217971693,0.14434007348007252,0,800000.0,2,0.625,1,
P C Mohan,"Purchase of IT systems, including hardware and software for educational purposes",4739506.0,15.371443468830757,13.774841282306094,0.8346872078132384,20,960146.6213032259,True,1.2901936973878292,4.936231503441605,0,4739506.0,1,1.0,1,
PARSHOTTAMBHAI RUPALA,"Construction of flood control embankments/ protection walls along riverbanks, hilltops, roadsides",499813.0,13.121989307448885,13.997832114758229,0.8758428073093434,19,1199999.9999999998,True,-0.6745,0.41651083333333344,0,7499786.0,16,0.06664363489838243,1,
PARSHOTTAMBHAI RUPALA,"Construction of roads, link roads, pathways or any other road with or without drainage system",6299973.0,15.656055905638292,15.057946519666173,0.917949939299187,226,3464041.467798128,True,0.4394845117002686,1.8186771314849457,0,7499786.0,16,0.8400203685811836,13,
PARSHOTTAMBHAI RUPALA,"Construction of rooms and facilities for hospitals, FWC , PHC Centers and ANM centers",500000.0,13.122363377404328,13.122363377404328,0.5108256237659905,13,499999.9999999997,False,0.0,1.0000000000000007,0,7499786.0,16,0.06666856894316718,1,
PARSHOTTAMBHAI RUPALA,Providing drains and gutters for public drainage,200000.0,12.206072645530174,13.81519145615997,0.5174368543789507,50,999680.9491032623,True,-2.097551862772668,0.20006383054454002,0,7499786.0,16,0.02666742757726687,1,
PATHAN YUSUF,Development of playground,2000000.0,14.508657738524219,13.761018831344273,0.606943052395259,18,946966.3434378215,True,0.8308562737521376,2.11200747931473,0,2000000.0,1,1.0,1,
PHANI BHUSAN CHOUDHURY,Forest conservation infrastructure,1000000.0,13.815510557964274,13.70393878230717,0.11157177565710441,2,894427.1909999158,False,0.0,1.118033988749895,0,3400000.0,2,0.29411764705882354,1,
PHANI BHUSAN CHOUDHURY,Street lights,2400000.0,14.690979295318174,14.893113691774463,1.2240634603534417,65,2937630.0000000014,True,-0.11138282844453154,0.8169851206584896,0,3400000.0,2,0.7058823529411765,1,
PRABHAKAR REDDY VEMIREDDY,Construction of boundary walls of existing public and community buildings,699888.0,13.458675601224176,13.800753921547606,0.6784135446722939,62,985351.7091490725,True,-0.34010498297112945,0.7102925721866433,0,13574917.0,26,0.051557442303330474,2,
PRABHAKAR REDDY VEMIREDDY,"Construction of roads, link roads, pathways or any other road with or without drainage system",11499689.0,16.257830549489537,15.057946519666173,0.917949939299187,226,3464041.467798128,True,0.8816622164970559,3.319731910515963,0,13574917.0,26,0.8471277577608762,20,
PRABHAKAR REDDY VEMIREDDY,Providing drains and gutters for public drainage,1375340.0,14.134211531243219,13.81519145615997,0.5174368543789507,50,999680.9491032623,True,0.41585565238084504,1.3757789435056385,0,13574917.0,26,0.10131479993579334,4,
PRAVEEN PATEL,Lighting of public spaces,5758272.0,15.566147987663072,14.80807765219108,1.280249166678587,95,2698152.0000000014,True,0.3993897864447721,2.1341540432117974,0,5758272.0,6,1.0,6,
PRIYA SAROJ,"Construction of roads, link roads, pathways or any other road with or without drainage system",3646225.0,15.10920294378129,15.057946519666173,0.917949939299187,226,3464041.467798128,True,0.03766268353592436,1.0525927688497547,0,17094636.0,308,0.21329643988909738,1,
PRIYA SAROJ,Improvement of electricity distribution infrastructure,459000.0,13.036805489042683,12.864768028978977,0.8912752299478237,22,386453.9636230947,True,0.13019465022018242,1.1877223245345176,0,17094636.0,308,0.02685052784978867,3,
PRIYA SAROJ,Lighting of public spaces,5072804.0,15.439404279886809,14.80807765219108,1.280249166678587,95,2698152.0000000014,True,0.332614792076389,1.8801031224334275,0,17094636.0,308,0.2967482899314147,47,
PRIYA SAROJ,Street lights,7916607.0,15.884473262906306,14.893113691774463,1.2240634603534417,65,2937630.0000000014,True,0.5462723562840057,2.694895885458685,0,17094636.0,308,0.4631047423296992,257,
PUSHPENDRA SAROJ,Installing hand pumps,15893966.0,16.581450098307958,12.206072645530174,0.3837169895705621,11,200000.00000000006,False,0.0,79.46982999999997,0,15967886.0,216,0.9953707084331639,215,
PUSHPENDRA SAROJ,Installing tube-wells and borewells,73920.0,11.210738706315565,13.14725957257652,0.9530793891161249,32,512604.3466944067,True,-1.3704874318018285,0.14420478577031656,0,15967886.0,216,0.004629291566836086,1,
Pankaj Chowdhary,Construction of additional rooms and halls in the existing public and community building,6960230.0,15.755723077741608,13.81528000481769,0.6929616294384839,24,999769.4734287509,True,1.888746500650756,6.961834887926316,0,48503782.0,22,0.1434987069668093,3,
Pankaj Chowdhary,Construction of culverts and bridges,4294610.0,15.272871306018024,13.951241645841687,0.828878268437359,42,1145373.8472655984,True,1.075476628756986,3.7495268555788246,0,48503782.0,22,0.08854175536249936,2,
Pankaj Chowdhary,"Construction of roads, link roads, pathways or any other road with or without drainage system",36172428.0,17.403807729129024,15.057946519666173,0.917949939299187,226,3464041.467798128,True,1.7237142441457045,10.442261830945265,0,48503782.0,22,0.7457651034304913,16,
Pankaj Chowdhary,Construction of rooms and halls in school and colleges,1076514.0,13.889238600811138,13.889238600811138,0.7668752234068101,61,1076513.9999999993,True,0.0,1.0000000000000007,0,48503782.0,22,0.022194434240200074,1,
Parvatagouda Chandanagouda Gaddigoudar,Construction of community centers and community halls,6493847.0,15.686365671157958,14.21557510928233,0.7574997842031976,101,1491921.0000000002,True,1.309635005412749,4.35267484002169,0,6493847.0,13,1.0,13,
Prabhubhai Nagarbhai Vasava,Construction of boundary walls of existing public and community buildings,300000.0,12.611537753638338,13.800753921547606,0.6784135446722939,62,985351.7091490725,True,-1.182355970858847,0.3044598159362541,0,6659727.0,24,0.045046891561771225,1,
Prabhubhai Nagarbhai Vasava,Construction of common work sheds/ common covered sitting area,500000.0,13.122363377404328,13.813291263073467,0.7598198476596352,54,997783.1659233379,True,-0.6133438871323015,0.5011108796742479,0,6659727.0,24,0.07507815260295204,1,
Prabhubhai Nagarbhai Vasava,Construction of culverts and bridges,495000.0,13.112313041550827,13.951241645841687,0.828878268437359,42,1145373.8472655984,True,-0.6826784645481978,0.43217330409781524,0,6659727.0,24,0.07432737107692253,1,
Prabhubhai Nagarbhai Vasava,Construction of footpaths and pedestrian ways,794287.0,13.585200135875178,13.691130308469193,0.49594380592756515,27,883043.9999999998,True,-0.14406854276772307,0.8994874547587665,0,6659727.0,24,0.11926720119308194,2,
Prabhubhai Nagarbhai Vasava,"Construction of roads, link roads, pathways or any other road with or without drainage system",1000000.0,13.815510557964274,15.057946519666173,0.917949939299187,226,3464041.467798128,True,-0.9129289303158767,0.28868014696014505,0,6659727.0,24,0.1501563052059041,2,
Prabhubhai Nagarbhai Vasava,Installing community drinking water plants,499850.0,13.122063332395326,13.273726077636404,0.67248362567556,22,581709.2768729058,True,-0.15211749068587715,0.85927802748315,0,6659727.0,24,0.07505562915717116,1,
Prabhubhai Nagarbhai Vasava,Lighting of public spaces,2878890.0,14.87291536115337,14.80807765219108,1.280249166678587,95,2698152.0000000014,True,0.03415978376187697,1.0669858480915821,0,6659727.0,24,0.43228348549422524,15,
Prabhubhai Nagarbhai Vasava,Street lights,191700.0,12.163686929033735,14.893113691774463,1.2240634603534417,65,2937630.0000000014,True,-1.5040056427605824,0.06525668651259686,0,6659727.0,24,0.028784963707971813,1,
Pradan Baruah,Construction of community centers and community halls,2746651.0,14.825892909317782,14.21557510928233,0.7574997842031976,101,1491921.0000000002,True,0.5434448493697329,1.8410163808941624,0,6839238.0,10,0.40160190360388104,5,
Pradan Baruah,"Construction of roads, link roads, pathways or any other road with or without drainage system",400000.0,12.89921982609012,15.057946519666173,0.917949939299187,226,3464041.467798128,True,-1.5862097620799283,0.11547205878405802,0,6839238.0,10,0.05848604771467231,1,
Pradan Baruah,"Construction of rooms and facilities for hospitals, FWC , PHC Centers and ANM centers",999780.0,13.815290533760724,13.122363377404328,0.5108256237659905,13,499999.9999999997,False,0.0,1.9995600000000011,0,6839238.0,10,0.1461829519604377,1,
Pradan Baruah,Construction of rooms and halls in school and colleges,2692807.0,14.806094701939958,13.889238600811138,0.7668752234068101,61,1076513.9999999993,True,0.8064146830355106,2.501413822764963,0,6839238.0,10,0.393729096721009,3,
Pradeep Kumar Singh,"Construction of roads, link roads, pathways or any other road with or without drainage system",448127.0,13.01283195336651,15.057946519666173,0.917949939299187,226,3464041.467798128,True,-1.5027287610283568,0.1293653682168089,0,67273127.0,28,0.006661307716526987,1,
Pradeep Kumar Singh,Setting up of laboratories,66825000.0,18.017587819989256,16.012735135300492,0.8160960361180134,11,8999999.999999985,False,0.0,7.425000000000012,0,67273127.0,28,0.993338692283473,27,
Pradyut Bordoloi,Construction of community centers and community halls,899944.0,13.710087818148343,14.21557510928233,0.7574997842031976,101,1491921.0000000002,True,-0.45010069306952394,0.6032115641511848,0,4070720.0,8,0.22107735240940177,2,
Pradyut Bordoloi,Construction of footpaths and pedestrian ways,500000.0,13.122363377404328,13.691130308469193,0.49594380592756515,27,883043.9999999998,True,-0.773541861836021,0.5662232006559131,0,4070720.0,8,0.12282839399418284,1,
Pradyut Bordoloi,"Construction of roads, link roads, pathways or any other road with or without drainage system",1497776.0,14.219491899167892,15.057946519666173,0.917949939299187,226,3464041.467798128,True,-0.6160876724474241,0.43237819579337816,0,4070720.0,8,0.3679388412860624,2,
Pradyut Bordoloi,Construction of toilet blocks,497000.0,13.116345305078767,13.117262389458487,0.8898969247531294,11,497456.00000000035,False,0.0,0.9990833360136366,0,4070720.0,8,0.12209142363021774,1,
Pradyut Bordoloi,Street lights,676000.0,13.423948355025102,14.893113691774463,1.2240634603534417,65,2937630.0000000014,True,-0.8095593502573077,0.23011747565214125,0,4070720.0,8,0.16606398868013522,2,
Prasun Banerjee,"Construction of roads, link roads, pathways or any other road with or without drainage system",1799572.0,14.403059416814997,15.057946519666173,0.917949939299187,226,3464041.467798128,True,-0.48120418332436704,0.5195007094253621,0,6302554.0,8,0.2855305960091734,2,
Prasun Banerjee,Construction of rooms and halls in school and colleges,2500000.0,14.73180128983843,13.889238600811138,0.7668752234068101,61,1076513.9999999993,True,0.7410704067660732,2.322310717742641,0,6302554.0,8,0.3966645902597582,1,
Prasun Banerjee,Installation/ Construction of Anti-Pollution structure,1364309.0,14.12615863131877,14.12615863131877,0.0,1,1364309.000000001,False,0.0,0.9999999999999993,0,6302554.0,8,0.21646922818908018,1,
Prasun Banerjee,Lighting of public spaces,189183.0,12.150470079554525,14.80807765219108,1.280249166678587,95,2698152.0000000014,True,-1.400162057823379,0.07011576812573936,0,6302554.0,8,0.030016878871644732,1,
Prasun Banerjee,Street lights,449490.0,13.0158688857053,14.893113691774463,1.2240634603534417,65,2937630.0000000014,True,-1.034424817589148,0.15301110078532687,0,6302554.0,8,0.07131870667034348,3,
Pratima Mondal,Construction of common work sheds/ common covered sitting area,2347039.0,14.668665091652919,13.813291263073467,0.7598198476596352,54,997783.1659233379,True,0.7593242650266855,2.3522535558395345,0,34508083.0,90,0.06801418090944084,5,
Pratima Mondal,Construction of community centers and community halls,2497519.0,14.730808397083516,14.21557510928233,0.7574997842031976,101,1491921.0000000002,True,0.45877881402627185,1.6740289867895148,0,34508083.0,90,0.07237489836801424,2,
Pratima Mondal,Construction of public irrigation facilities,1997733.0,14.507523595627232,13.301473115158483,0.6899353615201456,11,598075.9999999995,False,0.0,3.340266120024882,0,34508083.0,90,0.05789174090024068,1,
Pratima Mondal,"Construction of roads, link roads, pathways or any other road with or without drainage system",7390399.0,15.815692283347795,15.057946519666173,0.917949939299187,226,3464041.467798128,True,0.5567836498725146,2.133461469414109,0,34508083.0,90,0.21416428724829484,21,
Pratima Mondal,Construction of rooms and halls in school and colleges,997833.0,13.813341206622255,13.889238600811138,0.7668752234068101,61,1076513.9999999993,True,-0.06675504804155785,0.9269113081669171,0,34508083.0,90,0.028915920945246365,1,
Pratima Mondal,Installing community drinking water plants,861573.0,13.666515067285946,13.273726077636404,0.67248362567556,22,581709.2768729058,True,0.3939667278180462,1.481105827693788,0,34508083.0,90,0.024967280854169733,3,
Pratima Mondal,Installing tube-wells and borewells,199482.0,12.203479285677574,13.14725957257652,0.9530793891161249,32,512604.3466944067,True,-0.6679189695873036,0.38915393770338597,0,34508083.0,90,0.0057807325895211275,1,
Pratima Mondal,Lighting of public spaces,227401.0,12.334470257826283,14.80807765219108,1.280249166678587,95,2698152.0000000014,True,-1.3032214594816671,0.08428027776048194,0,34508083.0,90,0.006589789412526914,1,
Pratima Mondal,Providing drains and gutters for public drainage,2140570.0,14.576582706671989,13.81519145615997,0.5174368543789507,50,999680.9491032623,True,0.9925044846037306,2.14125316874363,0,34508083.0,90,0.062030974018464025,2,
Pratima Mondal,Street lights,15848534.0,16.578587561896338,14.893113691774463,1.2240634603534417,65,2937630.0000000014,True,0.928752603291454,5.395006859270906,0,34508083.0,90,0.45927019475408126,53,
Priyanka Gandhi Vadra,"Purchase of vehicle for mobile dispensaries (Four, three and two wheelers)",1798176.0,14.402283375763728,13.03171630837963,1.2039801035693678,3,456669.9999999996,False,0.0,3.9375829373508258,0,1798176.0,1,1.0,1,
Prof SP Singh Baghel,"Construction of roads, link roads, pathways or any other road with or without drainage system",46888688.0,17.6632870102947,15.057946519666173,0.917949939299187,226,3464041.467798128,True,1.9143769019371157,13.535833342608388,0,48736151.0,40,0.9620925542519762,33,
Prof SP Singh Baghel,Installing community drinking water plants,1847463.0,14.42932390454035,13.273726077636404,0.67248362567556,22,581709.2768729058,True,1.1590627704335483,3.1759215014266333,0,48736151.0,40,0.037907445748023884,7,
Prof Sougata Ray,"Purchase of ambulances (Four, three and two wheelers)",809136.0,13.603722290688198,14.407242208943915,0.8035199182557164,7,1807115.0000000002,False,0.0,0.4477501431840253,0,809136.0,1,1.0,1,
Putta Mahesh Kumar,Setting up of laboratories,14800000.0,16.510137738734343,16.012735135300492,0.8160960361180134,11,8999999.999999985,False,0.0,1.6444444444444473,0,14800000.0,37,1.0,37,
R.K. CHAUDHARY,Lighting of public spaces,1292580.0,14.072150779000529,14.80807765219108,1.280249166678587,95,2698152.0000000014,True,-0.3877234907754849,0.4790612241267354,0,1292580.0,12,1.0,12,
RACHNA BANERJEE,Installing community drinking water plants,2264761.0,14.632979792567978,13.273726077636404,0.67248362567556,22,581709.2768729058,True,1.363329300100558,3.893286715616217,0,3639999.0,7,0.6221872588426536,5,
RACHNA BANERJEE,Street lights,1375238.0,14.134137365013396,14.893113691774463,1.2240634603534417,65,2937630.0000000014,True,-0.4182213986295471,0.4681454097350583,0,3639999.0,7,0.3778127411573465,2,
RADHE SHYAM RATHIYA,Construction of boundary walls of existing public and community buildings,500000.0,13.122363377404328,13.800753921547606,0.6784135446722939,62,985351.7091490725,True,-0.6744771321534735,0.5074330265604234,0,31250037.0,38,0.01599998105602243,1,
RADHE SHYAM RATHIYA,Construction of common work sheds/ common covered sitting area,700000.0,13.458835614025542,13.813291263073467,0.7598198476596352,54,997783.1659233379,True,-0.3146539749115927,0.7015552315439472,0,31250037.0,38,0.022399973478431402,1,
RADHE SHYAM RATHIYA,Construction of community centers and community halls,3374666.0,15.031806914428648,14.21557510928233,0.7574997842031976,101,1491921.0000000002,True,0.7267967120945185,2.261960251246547,0,31250037.0,38,0.10798918414080598,7,
RADHE SHYAM RATHIYA,Construction of culverts and bridges,5897708.0,15.59007435882388,13.951241645841687,0.828878268437359,42,1145373.8472655984,True,1.33360073125144,5.149155460533571,0,31250037.0,38,0.18872643254790386,6,
RADHE SHYAM RATHIYA,"Construction of flood control embankments/ protection walls along riverbanks, hilltops, roadsides",4999444.0,15.424837264215196,13.997832114758229,0.8758428073093434,19,1199999.9999999998,True,1.0989585862623505,4.166203333333334,0,31250037.0,38,0.15998201858129,5,
RADHE SHYAM RATHIYA,"Construction of roads, link roads, pathways or any other road with or without drainage system",15778219.0,16.57414100262704,15.057946519666173,0.917949939299187,226,3464041.467798128,True,1.1140838241548008,4.554858579689353,0,31250037.0,38,0.5049024101955464,18,
RAHUL GANDHI,Construction of rooms and halls in school and colleges,1000000.0,13.815510557964274,13.889238600811138,0.7668752234068101,61,1076513.9999999993,True,-0.06484700950343501,0.9289242870970564,0,1499998.0,3,0.6666675555567407,2,
RAHUL GANDHI,Setting up of laboratories,499998.0,13.122359377396329,16.012735135300492,0.8160960361180134,11,8999999.999999985,False,0.0,0.05555533333333343,0,1499998.0,3,0.33333244444325927,1,
RAHUL SINGH LODHI,Construction of additional rooms and halls in the existing public and community building,1500000.0,14.22097566607244,13.81528000481769,0.6929616294384839,24,999769.4734287509,True,0.39488726632391374,1.5003458695890042,0,15533631.0,58,0.09656467312761581,2,
RAHUL SINGH LODHI,Construction of boundary walls of existing public and community buildings,1000000.0,13.815510557964274,13.800753921547606,0.6784135446722939,62,985351.7091490725,True,0.014671510233260342,1.0148660531208469,0,15533631.0,58,0.06437644875174388,1,
RAHUL SINGH LODHI,"Construction of flood control embankments/ protection walls along riverbanks, hilltops, roadsides",1200000.0,13.997832114758229,13.997832114758229,0.8758428073093434,19,1199999.9999999998,True,0.0,1.0000000000000002,0,15533631.0,58,0.07725173850209266,1,
RAHUL SINGH LODHI,Construction of rooms and halls in school and colleges,1500000.0,14.22097566607244,13.889238600811138,0.7668752234068101,61,1076513.9999999993,True,0.2917771283895678,1.3933864306455848,0,15533631.0,58,0.09656467312761581,2,
RAHUL SINGH LODHI,Purchase of mobile water tankers,10333631.0,16.150914279818025,15.03928598958639,0.8174433387947495,17,3399999.999999998,True,0.9172419006640198,3.039303235294119,0,15533631.0,58,0.6652424664909319,52,
RAJ BHUSHAN CHOUDHARY,Construction of culverts and bridges,894839.0,13.704399092807002,13.951241645841687,0.828878268437359,42,1145373.8472655984,True,-0.20086821957074633,0.781263691445626,0,42465275.0,28,0.02107225256400671,1,
RAJ BHUSHAN CHOUDHARY,"Construction of roads, link roads, pathways or any other road with or without drainage system",20464907.0,16.834222123554312,15.057946519666173,0.917949939299187,226,3464041.467798128,True,1.305188707498846,5.907812360285701,0,42465275.0,28,0.4819209813194428,21,
RAJ BHUSHAN CHOUDHARY,Providing drains and gutters for public drainage,1245529.0,14.035070897235066,13.81519145615997,0.5174368543789507,50,999680.9491032623,True,0.28662180080535243,1.2459265139715519,0,42465275.0,28,0.0293305294737877,1,
RAJ BHUSHAN CHOUDHARY,Purchase Books for Library,5000000.0,15.424948470398375,15.393462169816473,0.38826439474949925,4,4845021.155784569,False,0.0,1.0319872378741626,0,42465275.0,28,0.11774326199465328,1,
RAJ BHUSHAN CHOUDHARY,Purchase of furniture and fixtures for educational purposes,9960000.0,16.114087629560782,14.370339389617413,1.2488303877550573,16,1741642.8451321456,True,0.9418077902124935,5.718738504761746,0,42465275.0,28,0.23454457789334934,2,
RAJ BHUSHAN CHOUDHARY,Setting up of laboratories,4900000.0,15.404745763080856,16.012735135300492,0.8160960361180134,11,8999999.999999985,False,0.0,0.5444444444444454,0,42465275.0,28,0.11538839675476022,2,
RAJ KUMAR ROAT,Construction of boundary walls of existing public and community buildings,994972.0,13.810469875041255,13.800753921547606,0.6784135446722939,62,985351.7091490725,True,0.009659905352614172,1.0097633066057554,0,17413443.0,19,0.057138154700365686,1,
RAJ KUMAR ROAT,Construction of common work sheds/ common covered sitting area,6363008.0,15.666011779482723,13.813291263073467,0.7598198476596352,54,997783.1659233379,True,1.6446793172976373,6.377145072508554,0,17413443.0,19,0.36540780591178895,7,
RAJ KUMAR ROAT,Construction of community centers and community halls,1979450.0,14.498329586305548,14.21557510928233,0.7574997842031976,101,1491921.0000000002,True,0.25177287007780963,1.3267793670040167,0,17413443.0,19,0.11367367154215281,2,
RAJ KUMAR ROAT,Construction of public libraries and reading rooms,1790042.0,14.39774964122882,13.897103407107302,0.7747400297029738,12,1085013.9555231554,False,0.0,1.649787074984584,0,17413443.0,19,0.10279655780881472,1,
RAJ KUMAR ROAT,"Construction of roads, link roads, pathways or any other road with or without drainage system",4614962.0,15.344814191865689,15.057946519666173,0.917949939299187,226,3464041.467798128,True,0.2107873606335182,1.3322479083754848,0,17413443.0,19,0.2650229480752313,5,
RAJ KUMAR ROAT,Construction of rooms and halls in school and colleges,329000.0,12.70381302974751,13.889238600811138,0.7668752234068101,61,1076513.9999999993,True,-1.042633173269524,0.3056160904549316,0,17413443.0,19,0.018893449158790713,1,
RAJ KUMAR ROAT,Development of playground,895009.0,13.704589053072354,13.761018831344273,0.606943052395259,18,946966.3434378215,True,-0.06271080176995358,0.9451328510269985,0,17413443.0,19,0.05139758978164169,1,
RAJ KUMAR ROAT,"Purchase of smart boards, visual display units and projectors",447000.0,13.010313873595706,14.776128822535135,0.889044091416876,10,2613311.6920872633,False,0.0,0.17104733482555967,0,17413443.0,19,0.02566982302121413,1,
RAJA RAM SINGH,"Construction of roads, link roads, pathways or any other road with or without drainage system",1130807.0,13.93844209509016,15.057946519666173,0.917949939299187,226,3464041.467798128,True,-0.8226001245264086,0.3264415309435607,0,10188523.0,18,0.11098831498932672,2,
RAJA RAM SINGH,Construction of rooms and halls in school and colleges,780416.0,13.567582389827434,13.889238600811138,0.7668752234068101,61,1076513.9999999993,True,-0.28291058008718273,0.7249473764391364,0,10188523.0,18,0.0765975598229498,1,
RAJA RAM SINGH,Development of public parks,2988000.0,14.910114825234844,14.219242164426287,1.096878787021959,13,1497402.0,False,0.0,1.9954561300171898,0,10188523.0,18,0.2932711640342766,10,
RAJA RAM SINGH,Installation of fixed garden gym equipment,4990500.0,15.423046663108778,14.817987059441387,0.6050596036673905,9,2725022.0000000005,False,0.0,1.8313613614862556,0,10188523.0,18,0.4898158447500192,4,
RAJA RAM SINGH,Lighting of public spaces,298800.0,12.607529732240799,14.80807765219108,1.280249166678587,95,2698152.0000000014,True,-1.1593599204264105,0.1107424637307312,0,10188523.0,18,0.02932711640342766,1,
RAJEEV BHARDWAJ,Construction of boundary walls of existing public and community buildings,500000.0,13.122363377404328,13.800753921547606,0.6784135446722939,62,985351.7091490725,True,-0.6744771321534735,0.5074330265604234,0,14385676.0,67,0.03475679557915805,1,
RAJEEV BHARDWAJ,Construction of community centers and community halls,349190.0,12.763371465653234,14.21557510928233,0.7574997842031976,101,1491921.0000000002,True,-1.2930846688730848,0.23405394789670494,0,14385676.0,67,0.024273450896572395,1,
RAJEEV BHARDWAJ,Construction of culverts and bridges,380000.0,12.84792653170257,13.951241645841687,0.828878268437359,42,1145373.8472655984,True,-0.8978230855175034,0.33176940516599956,0,14385676.0,67,0.026415164640160114,2,
RAJEEV BHARDWAJ,"Construction of flood control embankments/ protection walls along riverbanks, hilltops, roadsides",1524388.0,14.237103576001239,13.997832114758229,0.8758428073093434,19,1199999.9999999998,True,0.18426662782584102,1.2703233333333335,0,14385676.0,67,0.10596568419864315,9,
RAJEEV BHARDWAJ,Construction of foot over bridge (FOB),100000.0,11.512925464970229,12.649024488897242,0.7895254336470403,4,311459.46766794554,False,0.0,0.3210690647767125,0,14385676.0,67,0.006951359115831609,1,
RAJEEV BHARDWAJ,Construction of footpaths and pedestrian ways,599760.0,13.304284854176943,13.691130308469193,0.49594380592756515,27,883043.9999999998,True,-0.526122628817007,0.6791960536507808,0,14385676.0,67,0.04169147143311166,2,
RAJEEV BHARDWAJ,Construction of public irrigation facilities,300000.0,12.611537753638338,13.301473115158483,0.6899353615201456,11,598075.9999999995,False,0.0,0.5016084912285399,0,14385676.0,67,0.020854077347494827,1,
RAJEEV BHARDWAJ,"Construction of roads, link roads, pathways or any other road with or without drainage system",5958401.0,15.600312714455105,15.057946519666173,0.917949939299187,226,3464041.467798128,True,0.39852499872098335,1.720072076327475,0,14385676.0,67,0.41418985107130174,32,
RAJEEV BHARDWAJ,Construction of water tanks,500000.0,13.122363377404328,13.789690196386779,0.7455523627361185,12,974510.1333490579,False,0.0,0.5130782973817534,0,14385676.0,67,0.03475679557915805,1,
RAJEEV BHARDWAJ,Crematoriums/energy efficient crematoriums or structures on burial/cremation ground,650000.0,13.38472764187182,13.126325517749349,0.5838245245570999,37,501985.0000000003,True,0.2985353053690711,1.2948594081496452,0,14385676.0,67,0.04518383425290546,4,
RAJEEV BHARDWAJ,Development of playfields and sports grounds,180000.0,12.100712129872347,13.699922696458536,0.5894825609725016,14,890842.2980528027,False,0.0,0.20205596478012194,0,14385676.0,67,0.012512446408496896,1,
RAJEEV BHARDWAJ,Development of playground,749987.0,13.527811152028935,13.761018831344273,0.606943052395259,18,946966.3434378215,True,-0.2591653023746259,0.7919890766944081,0,14385676.0,67,0.05213428969205201,2,
RAJEEV BHARDWAJ,Lighting of public spaces,2179575.0,14.594640461630805,14.80807765219108,1.280249166678587,95,2698152.0000000014,True,-0.11244950497128409,0.8078028962045128,0,14385676.0,67,0.1515100854488868,8,
RAJEEV BHARDWAJ,Street lights,414375.0,12.934526639922264,14.893113691774463,1.2240634603534417,65,2937630.0000000014,True,-1.079247121789631,0.14105758723869236,0,14385676.0,67,0.02880469433622723,2,
RAJEEV RAI,"Construction of roads, link roads, pathways or any other road with or without drainage system",10921674.0,16.20625981323559,15.057946519666173,0.917949939299187,226,3464041.467798128,True,0.8437685796938951,3.152870455370795,0,25626069.0,83,0.4261938887310418,12,
RAJEEV RAI,Improvement of electricity distribution infrastructure,223465.0,12.317010081220198,12.864768028978977,0.8912752299478237,22,386453.9636230947,True,-0.4145327092562923,0.5782448131854161,0,25626069.0,83,0.008720221583731785,1,
RAJEEV RAI,Lighting of public spaces,12625170.0,16.351202998381574,14.80807765219108,1.280249166678587,95,2698152.0000000014,True,0.8129964643568445,4.6791915355398785,0,25626069.0,83,0.492669008266543,61,
RAJEEV RAI,"Purchase of prosthetics, wheel chairs, tricycles (manual or motorized), elect scooties, hearing aids",200000.0,12.206072645530174,13.017002861746503,0.8109302162163292,9,450000.00000000035,False,0.0,0.4444444444444441,0,25626069.0,83,0.007804552465694212,1,
RAJEEV RAI,Street lights,1655760.0,14.3197706758881,14.893113691774463,1.2240634603534417,65,2937630.0000000014,True,-0.31593122149376884,0.563638034742292,0,25626069.0,83,0.06461232895298924,8,
RAJESH RANJAN ALIAS PAPPU YADAV,"Construction of roads, link roads, pathways or any other road with or without drainage system",1487023.0,14.212286692706668,15.057946519666173,0.917949939299187,226,3464041.467798128,True,-0.621381982681603,0.4292740181731157,0,36337023.0,39,0.040923082774282304,1,
RAJESH RANJAN ALIAS PAPPU YADAV,Street lights,34850000.0,17.366563695170807,14.893113691774463,1.2240634603534417,65,2937630.0000000014,True,1.362953867448269,11.863304772895152,0,36337023.0,39,0.9590769172257176,38,
RAJESH VERMA,"Construction of roads, link roads, pathways or any other road with or without drainage system",15513080.0,16.5571940969983,15.057946519666173,0.917949939299187,226,3464041.467798128,True,1.1016314154152635,4.478318214204487,0,37288330.0,36,0.41603043096861675,14,
RAJESH VERMA,Lighting of public spaces,21775250.0,16.89628456169319,14.80807765219108,1.280249166678587,95,2698152.0000000014,True,1.100172995318795,8.070431169185424,0,37288330.0,36,0.5839695690313833,22,
RAJPALSINH MAHENDRASINH JADAV,Construction of footpaths and pedestrian ways,1096993.0,13.90808335819781,13.691130308469193,0.49594380592756515,27,883043.9999999998,True,0.29506333236335575,1.2422857751142642,0,1594978.0,6,0.6877793925684241,4,
RAJPALSINH MAHENDRASINH JADAV,Providing drains and gutters for public drainage,249759.0,12.428251731897554,13.81519145615997,0.5174368543789507,50,999680.9491032623,True,-1.8079323807304282,0.24983871126486884,0,1594978.0,6,0.15659087460767485,1,
RAJPALSINH MAHENDRASINH JADAV,Providing supply pipelines for drinking water,248226.0,12.422094900496761,13.120916330937414,0.6030149786341905,11,499277.00000000035,False,0.0,0.4971709091346083,0,1594978.0,6,0.15562973282390102,1,
RAKESH RATHOR,Construction of culverts and bridges,3997981.0,15.201300041655001,13.951241645841687,0.828878268437359,42,1145373.8472655984,True,1.0172354856952084,3.4905467848288634,0,32047044.0,21,0.12475350300639272,1,
RAKESH RATHOR,"Construction of roads, link roads, pathways or any other road with or without drainage system",26302818.0,17.085186639697,15.057946519666173,0.917949939299187,226,3464041.467798128,True,1.4895948051423373,7.593101365705948,0,32047044.0,21,0.8207564479269913,19,
RAKESH RATHOR,Lighting of public spaces,1746245.0,14.372978326270756,14.80807765219108,1.280249166678587,95,2698152.0000000014,True,-0.22923232677794608,0.6472003801120171,0,32047044.0,21,0.05449004906661594,1,
RAKIBUL HUSSAIN,Construction of boundary walls of existing public and community buildings,1000000.0,13.815510557964274,13.800753921547606,0.6784135446722939,62,985351.7091490725,True,0.014671510233260342,1.0148660531208469,0,2499919.0,5,0.40001296041991763,2,
RAKIBUL HUSSAIN,"Construction of flood control embankments/ protection walls along riverbanks, hilltops, roadsides",499919.0,13.122201364280912,13.997832114758229,0.8758428073093434,19,1199999.9999999998,True,-0.674336691776186,0.41659916666666674,0,2499919.0,5,0.1999740791601648,1,
RAKIBUL HUSSAIN,Construction of public libraries and reading rooms,500000.0,13.122363377404328,13.897103407107302,0.7747400297029738,12,1085013.9555231554,False,0.0,0.4608235658673327,0,2499919.0,5,0.20000648020995881,1,
RAKIBUL HUSSAIN,"Construction of rooms and facilities for hospitals, FWC , PHC Centers and ANM centers",500000.0,13.122363377404328,13.122363377404328,0.5108256237659905,13,499999.9999999997,False,0.0,1.0000000000000007,0,2499919.0,5,0.20000648020995881,1,
RAM PRASAD CHAUDHARY,Construction of culverts and bridges,2151612.0,14.581727886610512,13.951241645841687,0.828878268437359,42,1145373.8472655984,True,0.5130584135114296,1.8785237720737544,0,45647722.0,30,0.04713514510099759,2,
RAM PRASAD CHAUDHARY,"Construction of roads, link roads, pathways or any other road with or without drainage system",40996110.0,17.528987742118595,15.057946519666173,0.917949939299187,226,3464041.467798128,True,1.8156952064473382,11.834763059594271,0,45647722.0,30,0.8980976093396292,27,
RAM PRASAD CHAUDHARY,Construction of rooms and halls in school and colleges,2500000.0,14.73180128983843,13.889238600811138,0.7668752234068101,61,1076513.9999999993,True,0.7410704067660732,2.322310717742641,0,45647722.0,30,0.05476724555937315,1,
RAMASHANKAR RAJBHAR,"Construction of roads, link roads, pathways or any other road with or without drainage system",4282676.0,15.270088605825718,15.057946519666173,0.917949939299187,226,3464041.467798128,True,0.1558797827513948,1.236323537062686,0,15119501.0,36,0.28325511536392634,7,
RAMASHANKAR RAJBHAR,Construction of rooms and halls in school and colleges,4000000.0,15.201804919084164,13.889238600811138,0.7668752234068101,61,1076513.9999999993,True,1.154458971489695,3.7156971483882257,0,15119501.0,36,0.2645589956970141,6,
RAMASHANKAR RAJBHAR,Renovation of ponds and lakes,497111.0,13.116568620182333,13.81531952770436,0.5844369773459501,8,999808.987985205,False,0.0,0.4972059723145399,0,15119501.0,36,0.03287879672748459,1,
RAMASHANKAR RAJBHAR,Street lights,6339714.0,15.66234421498581,14.893113691774463,1.2240634603534417,65,2937630.0000000014,True,0.42387180461725343,2.1581050030126314,0,15119501.0,36,0.41930709221157497,22,
RAMBHUAL NISHAD,Lighting of public spaces,19927194.0,16.807595889502032,14.80807765219108,1.280249166678587,95,2698152.0000000014,True,1.053447318044479,7.385497184739774,0,29778266.0,3,0.6691858417813851,2,
RAMBHUAL NISHAD,Street lights,9851072.0,16.103090839713754,14.893113691774463,1.2240634603534417,65,2937630.0000000014,True,0.6667379696551018,3.3534080193897786,0,29778266.0,3,0.3308141582186149,1,
RAMESH AWASTHI,Lighting of public spaces,3831541.0,15.158777630105277,14.80807765219108,1.280249166678587,95,2698152.0000000014,True,0.18476648238468396,1.4200612122667655,0,3831541.0,1,1.0,1,
RANJIT DUTTA,Construction of community centers and community halls,1400000.0,14.151982794585487,14.21557510928233,0.7574997842031976,101,1491921.0000000002,True,-0.056624460042769366,0.9383874883455624,0,3878000.0,4,0.36101083032490977,3,
RANJIT DUTTA,Purchase of furniture and fixtures for educational purposes,2478000.0,14.722962341171225,14.370339389617413,1.2488303877550573,16,1741642.8451321456,True,0.1904535501018705,1.4227945797991575,0,3878000.0,4,0.6389891696750902,1,
RICHARD VANLALHMANGAIHA,Construction of additional rooms and halls in the existing public and community building,1000000.0,13.815510557964274,13.81528000481769,0.6929616294384839,24,999769.4734287509,True,0.00022441083425672463,1.0002305797260027,0,44647115.0,100,0.02239786378134399,3,
RICHARD VANLALHMANGAIHA,Construction of boundary walls of existing public and community buildings,2550000.0,14.75160391713461,13.800753921547606,0.6784135446722939,62,985351.7091490725,True,0.9453648546083131,2.58790843545816,0,44647115.0,100,0.05711455264242717,8,
RICHARD VANLALHMANGAIHA,Construction of buildings for sports facilities,1250000.0,14.038654109278484,14.038654109278484,0.22411402206865638,3,1250000.0000000005,False,0.0,0.9999999999999997,0,44647115.0,100,0.02799732972667999,2,
RICHARD VANLALHMANGAIHA,Construction of common work sheds/ common covered sitting area,750000.0,13.527828485512494,13.813291263073467,0.7598198476596352,54,997783.1659233379,True,-0.25340828363189516,0.751666319511372,0,44647115.0,100,0.01679839783600799,2,
RICHARD VANLALHMANGAIHA,Construction of community centers and community halls,1700000.0,14.346138809026444,14.21557510928233,0.7574997842031976,101,1491921.0000000002,True,0.11625774332073131,1.1394705215624685,0,44647115.0,100,0.03807636842828478,5,
RICHARD VANLALHMANGAIHA,Construction of public libraries and reading rooms,2450000.0,14.71159858252091,13.897103407107302,0.7747400297029738,12,1085013.9555231554,False,0.0,2.2580354727499303,0,44647115.0,100,0.054874766264292774,2,
RICHARD VANLALHMANGAIHA,Construction of public toilets and bathrooms,1250000.0,14.038654109278484,13.010791601747224,0.8303681034170749,16,447213.5954999579,True,0.8349227992703976,2.7950849718747373,0,44647115.0,100,0.02799732972667999,4,
RICHARD VANLALHMANGAIHA,Construction of road under bridge,1500000.0,14.22097566607244,13.779028614409551,0.3207931276610303,6,964175.5033213604,False,0.0,1.5557333647586449,0,44647115.0,100,0.03359679567201598,1,
RICHARD VANLALHMANGAIHA,"Construction of roads, link roads, pathways or any other road with or without drainage system",24390000.0,17.009683770192105,15.057946519666173,0.917949939299187,226,3464041.467798128,True,1.4341160875121233,7.040908784357937,0,44647115.0,100,0.5462838976269799,54,
RICHARD VANLALHMANGAIHA,Construction of rooms and halls in school and colleges,500000.0,13.122363377404328,13.889238600811138,0.7668752234068101,61,1076513.9999999993,True,-0.6745,0.4644621435485282,0,44647115.0,100,0.011198931890671995,1,
RICHARD VANLALHMANGAIHA,Construction of toilet blocks,3000000.0,14.914122846632385,13.117262389458487,0.8898969247531294,11,497456.00000000035,False,0.0,6.03068412080666,0,44647115.0,100,0.06719359134403197,12,
RICHARD VANLALHMANGAIHA,Crematoriums/energy efficient crematoriums or structures on burial/cremation ground,250000.0,12.429216196844383,13.126325517749349,0.5838245245570999,37,501985.0000000003,True,-0.8053793857102904,0.4980228492883251,0,44647115.0,100,0.0055994659453359975,1,
RICHARD VANLALHMANGAIHA,Development of playfields and sports grounds,1750000.0,14.375126345899696,13.699922696458536,0.5894825609725016,14,890842.2980528027,False,0.0,1.9644329909178524,0,44647115.0,100,0.039196261617351985,2,
RICHARD VANLALHMANGAIHA,Installing tube-wells and borewells,250000.0,12.429216196844383,13.14725957257652,0.9530793891161249,32,512604.3466944067,True,-0.5081636036432173,0.48770557958034555,0,44647115.0,100,0.0055994659453359975,1,
RICHARD VANLALHMANGAIHA,Lighting of public spaces,250000.0,12.429216196844383,14.80807765219108,1.280249166678587,95,2698152.0000000014,True,-1.2533045077421059,0.09265601048421285,0,44647115.0,100,0.0055994659453359975,1,
RICHARD VANLALHMANGAIHA,"Purchase of ambulances (Four, three and two wheelers)",1807115.0,14.407242208943915,14.407242208943915,0.8035199182557164,7,1807115.0000000002,False,0.0,0.9999999999999999,0,44647115.0,100,0.04047551560722345,1,
ROBERT BRUCE C,"Construction of flood control embankments/ protection walls along riverbanks, hilltops, roadsides",2499655.0,14.731663280315553,13.997832114758229,0.8758428073093434,19,1199999.9999999998,True,0.5651346532022096,2.0830458333333337,0,2499655.0,1,1.0,1,
ROOP KUMARI CHOUDHARY,Construction of buildings for community cultural activities,498680.0,13.119719886458912,13.815510557964274,0.6944420185008866,25,999999.9999999995,True,-0.6758099242662223,0.49868000000000023,0,27263836.0,53,0.01829089640944143,2,
ROOP KUMARI CHOUDHARY,Construction of common work sheds/ common covered sitting area,3500000.0,15.068273526459642,13.813291263073467,0.7598198476596352,54,997783.1659233379,True,1.1140608385807291,3.5077761577197357,0,27263836.0,53,0.12837518535542833,3,
ROOP KUMARI CHOUDHARY,"Construction of roads, link roads, pathways or any other road with or without drainage system",14640909.0,16.499330154733858,15.057946519666173,0.917949939299187,226,3464041.467798128,True,1.0591135967560437,4.22653976175011,0,27263836.0,53,0.5370084018991311,30,
ROOP KUMARI CHOUDHARY,Providing CCTV camera system for security of public areas,2128648.0,14.570997594367718,14.570997594367718,0.9737079619670492,7,2128647.999999999,False,0.0,1.0000000000000004,0,27263836.0,53,0.07807588044470339,7,
ROOP KUMARI CHOUDHARY,Street lights,6495599.0,15.686635428622692,14.893113691774463,1.2240634603534417,65,2937630.0000000014,True,0.43725707762699284,2.2111698886517352,0,27263836.0,53,0.23824963589129572,11,
RUCHI VIRA,Construction of bus-sheds or bus-stops,4449120.0,15.308216881777769,13.86558751291084,0.743540185445033,21,1051351.9999999995,True,1.3086764217301032,4.231808186030941,0,22365464.0,109,0.19892813312525062,5,
RUCHI VIRA,Lighting of public spaces,17569144.0,16.68165473956837,14.80807765219108,1.280249166678587,95,2698152.0000000014,True,0.9870951517309181,6.511547162650581,0,22365464.0,109,0.7855479322941835,102,
RUCHI VIRA,Street lights,347200.0,12.757656261768332,14.893113691774463,1.2240634603534417,65,2937630.0000000014,True,-1.176708629243158,0.11819051412192816,0,22365464.0,109,0.015523934580565822,2,
Radha Mohan Singh,Construction of boundary walls of existing public and community buildings,495631.0,13.113586977224834,13.800753921547606,0.6784135446722939,62,985351.7091490725,True,-0.6832029041660713,0.5029990767743385,0,18596526.0,16,0.026651805826529106,1,
Radha Mohan Singh,Construction of common work sheds/ common covered sitting area,2222260.0,14.614035254037548,13.813291263073467,0.7598198476596352,54,997783.1659233379,True,0.7108287886515092,2.2271973269297884,0,18596526.0,16,0.11949866335249928,2,
Radha Mohan Singh,Construction of community centers and community halls,4477135.0,15.314493890889539,14.21557510928233,0.7574997842031976,101,1491921.0000000002,True,0.9785094776940971,3.0009196197385783,0,18596526.0,16,0.24075114889738009,3,
Radha Mohan Singh,Construction of footpaths and pedestrian ways,1491420.0,14.215239244220502,13.691130308469193,0.49594380592756515,27,883043.9999999998,True,0.712805509291692,1.6889532118444839,0,18596526.0,16,0.08019885004328228,1,
Radha Mohan Singh,Development of public parks,4469056.0,15.31268775860459,14.219242164426287,1.096878787021959,13,1497402.0,False,0.0,2.9845398897557236,0,18596526.0,16,0.24031671291724058,3,
Radha Mohan Singh,Fitting of Sitting RCC Benches in Public Places,4216924.0,15.254616510275566,14.01401158997869,1.161518866872262,6,1219573.2860308138,False,0.0,3.4577044678670132,0,18596526.0,16,0.2267586967587387,3,
Radha Mohan Singh,Purchase of furniture and fixtures for educational purposes,1224100.0,14.017716438063603,14.370339389617413,1.2488303877550573,16,1741642.8451321456,True,-0.19045355010186954,0.7028421489637403,0,18596526.0,16,0.06582412220433,3,
Rahul Kaswan,"Construction of roads, link roads, pathways or any other road with or without drainage system",1163522.0,13.966962170011557,15.057946519666173,0.917949939299187,226,3464041.467798128,True,-0.801643872217956,0.33588570195136186,0,5255877.0,7,0.22137542412046554,2,
Rahul Kaswan,Construction of rooms and halls in school and colleges,2409084.0,14.694757150229439,13.889238600811138,0.7668752234068101,61,1076513.9999999993,True,0.7084884802627446,2.2378566372569253,0,5255877.0,7,0.45836004153065224,3,
Rahul Kaswan,Development of playground,1683271.0,14.336249482194846,13.761018831344273,0.606943052395259,18,946966.3434378215,True,0.6392577894540903,1.7775404708567921,0,5255877.0,7,0.3202645343488822,2,
Rajeshbhai Naranbhai Chudasama,Construction of culverts and bridges,300000.0,12.611537753638338,13.951241645841687,0.828878268437359,42,1145373.8472655984,True,-1.0901845418082035,0.2619232146047365,0,850000.0,3,0.35294117647058826,1,
Rajeshbhai Naranbhai Chudasama,"Construction of roads, link roads, pathways or any other road with or without drainage system",550000.0,13.217673557208654,15.057946519666173,0.917949939299187,226,3464041.467798128,True,-1.3522132962122586,0.15877408082807976,0,850000.0,3,0.6470588235294118,2,
Rajkumar Chahar,Construction of boundary walls of existing public and community buildings,890700.0,13.699762949419961,13.800753921547606,0.6784135446722939,62,985351.7091490725,True,-0.10040838841594957,0.9039411935147385,0,48475758.0,26,0.01837413248906804,1,
Rajkumar Chahar,"Construction of roads, link roads, pathways or any other road with or without drainage system",2012609.0,14.514942448298859,15.057946519666173,0.917949939299187,226,3464041.467798128,True,-0.3989937037491097,0.5810002618933106,0,48475758.0,26,0.04151784485762966,2,
Rajkumar Chahar,Installing community drinking water plants,249291.0,12.426376167776956,13.273726077636404,0.67248362567556,22,581709.2768729058,True,-0.8498906030998828,0.4285491222352744,0,48475758.0,26,0.005142591065827171,1,
Rajkumar Chahar,Lighting of public spaces,45323158.0,17.62932867395587,14.80807765219108,1.280249166678587,95,2698152.0000000014,True,1.4863777018634785,16.797852011302542,0,48475758.0,26,0.9349654315874751,22,
Rajnath Singh,"Construction of roads, link roads, pathways or any other road with or without drainage system",22067661.0,16.909623791646897,15.057946519666173,0.917949939299187,226,3464041.467798128,True,1.3605930633913654,6.370495620546661,0,22067661.0,26,1.0,26,
Raju Bista,Construction of boundary walls of existing public and community buildings,459397.0,13.037670038958955,13.800753921547606,0.6784135446722939,62,985351.7091490725,True,-0.7586819025770922,0.4662264202055577,0,12262496.0,27,0.03746358000850724,1,
Raju Bista,Construction of community centers and community halls,1893434.0,14.453902669629887,14.21557510928233,0.7574997842031976,101,1491921.0000000002,True,0.21221384191352546,1.2691248397200654,0,12262496.0,27,0.15440853150940886,4,
Raju Bista,Construction of foot over bridge (FOB),485035.0,13.09197633226431,12.649024488897242,0.7895254336470403,4,311459.46766794554,False,0.0,1.5572973383397275,0,12262496.0,27,0.03955434521650405,1,
Raju Bista,Construction of footpaths and pedestrian ways,903508.0,13.714040243430118,13.691130308469193,0.49594380592756515,27,883043.9999999998,True,0.031158270244433375,1.0231743831564455,0,12262496.0,27,0.07368059488052024,2,
Raju Bista,"Construction of roads, link roads, pathways or any other road with or without drainage system",890335.0,13.699353075380305,15.057946519666173,0.917949939299187,226,3464041.467798128,True,-0.9982802317852163,0.2570220386437607,0,12262496.0,27,0.07260634376557595,2,
Raju Bista,Development of playground,1435430.0,14.176975013857238,13.761018831344273,0.606943052395259,18,946966.3434378215,True,0.46225497433041535,1.5158194480163711,0,12262496.0,27,0.11705854990696837,3,
Raju Bista,Providing drains and gutters for public drainage,1373433.0,14.132824002839854,13.81519145615997,0.5174368543789507,50,999680.9491032623,True,0.4140469526329446,1.3738713348813962,0,12262496.0,27,0.11200272766653706,3,
Raju Bista,Street lights,4821924.0,15.388683576504064,14.893113691774463,1.2240634603534417,65,2937630.0000000014,True,0.2730756190970685,1.6414334003941946,0,12262496.0,27,0.39322532704597823,11,
Ramprit Mandal,Construction of community centers and community halls,1194844.0,13.993526190893093,14.21557510928233,0.7574997842031976,101,1491921.0000000002,True,-0.197718862205464,0.8008761858034037,0,30163579.0,33,0.039612142842863574,1,
Ramprit Mandal,Construction of public staircase/ stair ghat for public convenience,981086.0,13.796415400352391,13.830453290269144,0.034037889916752384,2,1015054.9330947571,False,0.0,0.9665348820174778,0,30163579.0,33,0.032525516948767916,1,
Ramprit Mandal,Construction of rainwater harvesting structures,9864000.0,16.104402323826317,14.457364444136669,0.8677274104742061,5,1900000.0,False,0.0,5.191578947368421,0,30163579.0,33,0.3270168967681189,9,
Ramprit Mandal,Construction of road under bridge,789685.0,13.579389410750379,13.779028614409551,0.3207931276610303,6,964175.5033213604,False,0.0,0.8190262014329536,0,30163579.0,33,0.02618008294042295,1,
Ramprit Mandal,"Construction of roads, link roads, pathways or any other road with or without drainage system",6643332.0,15.709124202818389,15.057946519666173,0.917949939299187,226,3464041.467798128,True,0.4784785405852239,1.9177980580650342,0,30163579.0,33,0.22024349298868015,7,
Ramprit Mandal,Installing community drinking water plants,582219.0,13.274601944594545,13.273726077636404,0.67248362567556,22,581709.2768729058,True,0.000878493156874918,1.0008762506416167,0,30163579.0,33,0.019302052982505823,3,
Ramprit Mandal,Installing tube-wells and borewells,168413.0,12.03417457496046,13.14725957257652,0.9530793891161249,32,512604.3466944067,True,-0.7877369288074663,0.3285438390954589,0,30163579.0,33,0.0055833228543602205,1,
Ramprit Mandal,Street lights,9940000.0,16.112077578632757,14.893113691774463,1.2240634603534417,65,2937630.0000000014,True,0.671689964055063,3.383680041393911,0,30163579.0,33,0.32953649167428045,10,
Rao Inderjit Singh,"Construction of roads, link roads, pathways or any other road with or without drainage system",3944320.0,15.18778712731596,15.057946519666173,0.917949939299187,226,3464041.467798128,True,0.09540551843888506,1.1386468772578393,0,5744320.0,5,0.6866469834549608,3,
Rao Inderjit Singh,Development of playfields and sports grounds,800000.0,13.592367006650065,13.699922696458536,0.5894825609725016,14,890842.2980528027,False,0.0,0.8980265101338754,0,5744320.0,5,0.1392680073533508,1,
Rao Inderjit Singh,Providing drains and gutters for public drainage,1000000.0,13.815510557964274,13.81519145615997,0.5174368543789507,50,999680.9491032623,True,0.0004159621897452009,1.0003191527227,0,5744320.0,5,0.17408500919168848,1,
Ravi Shankar Prasad,Construction of community centers and community halls,2812594.0,14.849617747158526,14.21557510928233,0.7574997842031976,101,1491921.0000000002,True,0.5645701400395046,1.8852164424255704,0,24257659.0,30,0.11594663771965795,2,
Ravi Shankar Prasad,"Construction of roads, link roads, pathways or any other road with or without drainage system",18013489.0,16.706631424097676,15.057946519666173,0.917949939299187,226,3464041.467798128,True,1.2114363980328156,5.200136651784955,0,24257659.0,30,0.7425897527869445,18,
Ravi Shankar Prasad,Installing hand pumps,68653.0,11.13682011016847,12.206072645530174,0.3837169895705621,11,200000.00000000006,False,0.0,0.3432649999999999,0,24257659.0,30,0.0028301576833939333,1,
Ravi Shankar Prasad,Installing tube-wells and borewells,1978823.0,14.498012781474126,13.14725957257652,0.9530793891161249,32,512604.3466944067,True,0.9559361474035897,3.8603320724076724,0,24257659.0,30,0.08157518415111698,8,
Ravi Shankar Prasad,Providing drains and gutters for public drainage,1384100.0,14.140560666884793,13.81519145615997,0.5174368543789507,50,999680.9491032623,True,0.42413200910727517,1.3845417392834891,0,24257659.0,30,0.05705826765888662,1,
S SUPONGMEREN JAMIR,Construction of culverts and bridges,1400000.0,14.151982794585487,13.951241645841687,0.828878268437359,42,1145373.8472655984,True,0.16335318463947143,1.2223083348221035,0,86300000.0,34,0.016222479721900347,3,
S SUPONGMEREN JAMIR,"Construction of flood control embankments/ protection walls along riverbanks, hilltops, roadsides",20000000.0,16.811242831518264,13.997832114758229,0.8758428073093434,19,1199999.9999999998,True,2.1666508106452995,16.66666666666667,7,86300000.0,34,0.23174971031286212,2,"S SUPONGMEREN JAMIR spent ₹20,000,000 (₹2.00 crore) on 'Construction of flood control embankments/ protection walls along riverbanks, hilltops, roadsides' works — 16.7x the median MP spend in that category (₹1,200,000 (₹12.00 lakh), n=19 peer MPs), 23% of this MP's total disbursed funds."
S SUPONGMEREN JAMIR,Construction of footpaths and pedestrian ways,1450000.0,14.187074114396758,13.691130308469193,0.49594380592756515,27,883043.9999999998,True,0.6745,1.642047281902148,0,86300000.0,34,0.016801853997682505,4,
S SUPONGMEREN JAMIR,Construction of public toilets and bathrooms,4500000.0,15.319587954740548,13.010791601747224,0.8303681034170749,16,447213.5954999579,True,1.8754130050101523,10.062305898749054,0,86300000.0,34,0.05214368482039398,1,
S SUPONGMEREN JAMIR,"Construction of roads, link roads, pathways or any other road with or without drainage system",7587620.0,15.842028529710824,15.057946519666173,0.917949939299187,226,3464041.467798128,True,0.5761352478315759,2.1903952566777356,0,86300000.0,34,0.08792143684820394,5,
S SUPONGMEREN JAMIR,"Construction of rooms and facilities for hospitals, FWC , PHC Centers and ANM centers",350000.0,12.765688433465597,13.122363377404328,0.5108256237659905,13,499999.9999999997,False,0.0,0.7000000000000004,0,86300000.0,34,0.004055619930475087,1,
S SUPONGMEREN JAMIR,Construction of shelters for animals,2200000.0,14.603967918328545,13.122363377404328,0.7897746741435387,5,499999.9999999997,False,0.0,4.400000000000002,0,86300000.0,34,0.02549246813441483,1,
S SUPONGMEREN JAMIR,Creation of new ponds,3200000.0,14.978661367769956,14.851423699475491,0.3536090351812504,5,2817678.0000000023,False,0.0,1.1356869024778549,0,86300000.0,34,0.03707995365005794,3,
S SUPONGMEREN JAMIR,Forest conservation infrastructure,800000.0,13.592367006650065,13.70393878230717,0.11157177565710441,2,894427.1909999158,False,0.0,0.894427190999916,0,86300000.0,34,0.009269988412514484,1,
S SUPONGMEREN JAMIR,Providing drains and gutters for public drainage,1400000.0,14.151982794585487,13.81519145615997,0.5174368543789507,50,999680.9491032623,True,0.4390212174597901,1.40044681381178,0,86300000.0,34,0.016222479721900347,7,
S SUPONGMEREN JAMIR,"Purchase of ambulances (Four, three and two wheelers)",25412380.0,17.050747014822,14.407242208943915,0.8035199182557164,7,1807115.0000000002,False,0.0,14.062403333490119,0,86300000.0,34,0.2944655851680185,2,
S SUPONGMEREN JAMIR,Renovation of ponds and lakes,1000000.0,13.815510557964274,13.81531952770436,0.5844369773459501,8,999808.987985205,False,0.0,1.0001910485073553,0,86300000.0,34,0.011587485515643106,1,
S SUPONGMEREN JAMIR,"Retrofitting, preservation or conservation of heritage and archaeological monuments and buildings",500000.0,13.122363377404328,13.122363377404328,0.0,1,499999.9999999997,False,0.0,1.0000000000000007,0,86300000.0,34,0.005793742757821553,1,
S SUPONGMEREN JAMIR,Tree plantation for community,16500000.0,16.61887093887081,15.217030222651779,1.4018407162190316,2,4061367.1959083,False,0.0,4.062671313399889,0,86300000.0,34,0.19119351100811124,2,
S Venkatesan,Construction of bus-sheds or bus-stops,2500000.0,14.73180128983843,13.86558751291084,0.743540185445033,21,1051351.9999999995,True,0.7857829394761757,2.377890563769319,0,2500000.0,1,1.0,1,
S. Jagathrakshakan,Construction of buildings for community cultural activities,664853.0,13.407321242570678,13.815510557964274,0.6944420185008866,25,999999.9999999995,True,-0.3964675032587028,0.6648530000000004,0,11794789.0,13,0.05636836742056174,1,
S. Jagathrakshakan,Construction of bus-sheds or bus-stops,647735.0,13.38123694107402,13.86558751291084,0.743540185445033,21,1051351.9999999995,True,-0.4393770062453292,0.616097177729248,0,11794789.0,13,0.054917048537282014,1,
S. Jagathrakshakan,Construction of community centers and community halls,1199072.0,13.997058482248422,14.21557510928233,0.7574997842031976,101,1491921.0000000002,True,-0.19457360649865793,0.8037101160182073,0,11794789.0,13,0.1016611657910964,1,
S. Jagathrakshakan,"Construction of flood control embankments/ protection walls along riverbanks, hilltops, roadsides",2339894.0,14.665616187162549,13.997832114758229,0.8758428073093434,19,1199999.9999999998,True,0.5142707721953439,1.9499116666666672,0,11794789.0,13,0.19838370995869448,3,
S. Jagathrakshakan,Construction of public toilets and bathrooms,500000.0,13.122363377404328,13.010791601747224,0.8303681034170749,16,447213.5954999579,True,0.09062867705422685,1.118033988749895,0,11794789.0,13,0.04239160191844042,1,
S. Jagathrakshakan,"Construction of roads, link roads, pathways or any other road with or without drainage system",2848383.0,14.862262022809412,15.057946519666173,0.917949939299187,226,3464041.467798128,True,-0.1437869185226511,0.8222716230387788,0,11794789.0,13,0.24149503649450618,3,
S. Jagathrakshakan,"Construction of rooms and facilities for hospitals, FWC , PHC Centers and ANM centers",1598588.0,14.284631297577635,13.122363377404328,0.5108256237659905,13,499999.9999999997,False,0.0,3.197176000000002,0,11794789.0,13,0.13553341225519167,1,
S. Jagathrakshakan,Construction of veterinary hospitals and dispensaries,996610.0,13.812114798895093,13.812114798895093,0.0,1,996609.9999999992,False,0.0,1.0000000000000009,0,11794789.0,13,0.08449578877587383,1,
S. Jagathrakshakan,Renovation of ponds and lakes,999654.0,13.815164498092463,13.81531952770436,0.5844369773459501,8,999808.987985205,False,0.0,0.9998449824045718,0,11794789.0,13,0.08475386884835329,1,
SACHITHANANTHAM R,"Construction of Government office buildings (Post office, Police station, Police chauki, etc.)",1000000.0,13.815510557964274,13.815510557964274,0.0004396932735160064,4,999999.9999999995,False,0.0,1.0000000000000004,0,15536863.0,11,0.06436305707271796,1,
SACHITHANANTHAM R,Construction of buildings for community cultural activities,1849407.0,14.430375605129868,13.815510557964274,0.6944420185008866,25,999999.9999999995,True,0.5972082092735057,1.849407000000001,0,15536863.0,11,0.1190334882916841,2,
SACHITHANANTHAM R,Construction of buildings for crèches and anganwadies,3305827.0,15.011197226895282,14.344759623092493,0.339925413650878,5,1697656.9999999995,False,0.0,1.9472879386118638,0,15536863.0,11,0.212773131873532,2,
SACHITHANANTHAM R,Construction of public libraries and reading rooms,1483160.0,14.209685504713777,13.897103407107302,0.7747400297029738,12,1085013.9555231554,False,0.0,1.3669501599035863,0,15536863.0,11,0.09546071172797237,1,
SACHITHANANTHAM R,Installing tube-wells and borewells,399715.0,12.898507072141362,13.14725957257652,0.9530793891161249,32,512604.3466944067,True,-0.1760436365108205,0.7797729429678313,0,15536863.0,11,0.02572687935782146,1,
SACHITHANANTHAM R,Lighting of public spaces,2499500.0,14.731601269835762,14.80807765219108,1.280249166678587,95,2698152.0000000014,True,-0.040291625443887195,0.9263747928211601,0,15536863.0,11,0.16087546115325854,3,
SACHITHANANTHAM R,Providing CCTV camera system for security of public areas,4999254.0,15.424799259266948,14.570997594367718,0.9737079619670492,7,2128647.999999999,False,0.0,2.3485583337404785,0,15536863.0,11,0.32176727052301357,1,
SALENG A SANGMA,Construction of boundary walls of existing public and community buildings,200000.0,12.206072645530174,13.800753921547606,0.6784135446722939,62,985351.7091490725,True,-1.5854820840779797,0.2029732106241694,0,23750000.0,52,0.008421052631578947,1,
SALENG A SANGMA,Construction of common work sheds/ common covered sitting area,200000.0,12.206072645530174,13.813291263073467,0.7598198476596352,54,997783.1659233379,True,-1.4267447222812801,0.2004443518696992,0,23750000.0,52,0.008421052631578947,1,
SALENG A SANGMA,Construction of culverts and bridges,450000.0,13.017002861746503,13.951241645841687,0.828878268437359,42,1145373.8472655984,True,-0.7602371589017279,0.3928848219071047,0,23750000.0,52,0.018947368421052633,1,
SALENG A SANGMA,"Construction of flood control embankments/ protection walls along riverbanks, hilltops, roadsides",500000.0,13.122363377404328,13.997832114758229,0.8758428073093434,19,1199999.9999999998,True,-0.6742119229811095,0.41666666666666674,0,23750000.0,52,0.021052631578947368,1,
SALENG A SANGMA,Construction of footpaths and pedestrian ways,6100000.0,15.623799329143539,13.691130308469193,0.49594380592756515,27,883043.9999999998,True,2.6284938714109907,6.90792304800214,7,23750000.0,52,0.25684210526315787,35,"SALENG A SANGMA spent ₹6,100,000 (₹61.00 lakh) on 'Construction of footpaths and pedestrian ways' works — 6.9x the median MP spend in that category (₹883,044 (₹8.83 lakh), n=27 peer MPs), 26% of this MP's total disbursed funds."
SALENG A SANGMA,Construction of public toilets and bathrooms,500000.0,13.122363377404328,13.010791601747224,0.8303681034170749,16,447213.5954999579,True,0.09062867705422685,1.118033988749895,0,23750000.0,52,0.021052631578947368,1,
SALENG A SANGMA,"Construction of roads, link roads, pathways or any other road with or without drainage system",1800000.0,14.403297222866392,15.057946519666173,0.917949939299187,226,3464041.467798128,True,-0.48102944592878727,0.519624264528261,0,23750000.0,52,0.07578947368421053,5,
SALENG A SANGMA,Construction of rooms and halls in school and colleges,3150000.0,14.962913010801817,13.889238600811138,0.7668752234068101,61,1076513.9999999993,True,0.944343183134167,2.926111504355728,0,23750000.0,52,0.13263157894736843,4,
SALENG A SANGMA,Development of playfields and sports grounds,700000.0,13.458835614025542,13.699922696458536,0.5894825609725016,14,890842.2980528027,False,0.0,0.7857731963671409,0,23750000.0,52,0.029473684210526315,1,
SALENG A SANGMA,Development of playground,150000.0,11.918390573078392,13.761018831344273,0.606943052395259,18,946966.3434378215,True,-2.0477254913710663,0.15840056094860472,0,23750000.0,52,0.00631578947368421,1,
SALENG A SANGMA,Providing supply pipelines for drinking water,10000000.0,16.11809565095832,13.120916330937414,0.6030149786341905,11,499277.00000000035,False,0.0,20.028961878876842,0,23750000.0,52,0.42105263157894735,1,
SANATAN PANDEY,"Construction of roads, link roads, pathways or any other road with or without drainage system",10153204.0,16.133299878664978,15.057946519666173,0.917949939299187,226,3464041.467798128,True,0.7901583840165048,2.931028422836332,0,12878226.0,18,0.7884008247719834,14,
SANATAN PANDEY,Installation of fixed garden gym equipment,2725022.0,14.817987059441387,14.817987059441387,0.6050596036673905,9,2725022.0000000005,False,0.0,0.9999999999999998,0,12878226.0,18,0.21159917522801666,4,
SANJNA JATAV,Construction of additional rooms and halls in the existing public and community building,249580.0,12.427534784061846,13.81528000481769,0.6929616294384839,24,999769.4734287509,True,-1.3507734218390968,0.24963754808801578,0,28965022.1,58,0.008616599674543318,1,
SANJNA JATAV,Construction of community centers and community halls,899293.0,13.709364178040444,14.21557510928233,0.7574997842031976,101,1491921.0000000002,True,-0.450745043421771,0.6027752139691042,0,28965022.1,58,0.03104755097010611,2,
SANJNA JATAV,"Construction of roads, link roads, pathways or any other road with or without drainage system",25941800.1,17.071366129201998,15.057946519666173,0.917949939299187,226,3464041.467798128,True,1.4794396387985216,7.488882665278705,0,28965022.1,58,0.8956250753214513,49,
SANJNA JATAV,Crematoriums/energy efficient crematoriums or structures on burial/cremation ground,1091514.0,13.903076281275586,13.126325517749349,0.5838245245570999,37,501985.0000000003,True,0.897390171123595,2.1743956492723875,0,28965022.1,58,0.03768386560285068,2,
SANJNA JATAV,Installing hand pumps,293546.0,12.589789635100736,12.206072645530174,0.3837169895705621,11,200000.00000000006,False,0.0,1.4677299999999995,0,28965022.1,58,0.010134499431298552,3,
SANJNA JATAV,Lighting of public spaces,489289.0,13.100708595929069,14.80807765219108,1.280249166678587,95,2698152.0000000014,True,-0.8995283562155578,0.18134226685524008,0,28965022.1,58,0.01689240899975008,1,
SARABJEET SINGH KHALSA,Construction of buildings for multi-gym,500000.0,13.122363377404328,12.866950565521332,0.25541281188299525,2,387298.33462074114,False,0.0,1.2909944487358074,0,30678190.0,137,0.016298223591417877,1,
SARABJEET SINGH KHALSA,Construction of common work sheds/ common covered sitting area,299666.0,12.610423800089068,13.813291263073467,0.7598198476596352,54,997783.1659233379,True,-1.06779798695969,0.30033178573692637,0,30678190.0,137,0.00976804694149166,1,
SARABJEET SINGH KHALSA,"Construction of roads, link roads, pathways or any other road with or without drainage system",1590477.0,14.279544529205412,15.057946519666173,0.917949939299187,226,3464041.467798128,True,-0.5719616289387431,0.4591391340967306,0,30678190.0,137,0.051843899526015064,5,
SARABJEET SINGH KHALSA,Construction of rooms and halls in school and colleges,7187069.0,15.787793997072367,13.889238600811138,0.7668752234068101,61,1076513.9999999993,True,1.6698617658936696,6.676242947142354,0,30678190.0,137,0.23427291505789619,25,
SARABJEET SINGH KHALSA,Crematoriums/energy efficient crematoriums or structures on burial/cremation ground,501985.0,13.126325517749349,13.126325517749349,0.5838245245570999,37,501985.0000000003,True,0.0,0.9999999999999994,0,30678190.0,137,0.016362927539075808,1,
SARABJEET SINGH KHALSA,Development of playfields and sports grounds,438044.0,12.990074640934159,13.699922696458536,0.5894825609725016,14,890842.2980528027,False,0.0,0.49171890575635413,0,30678190.0,137,0.014278678109758105,1,
SARABJEET SINGH KHALSA,Fitting of Sitting RCC Benches in Public Places,3600000.0,15.096444403426338,14.01401158997869,1.161518866872262,6,1219573.2860308138,False,0.0,2.9518521283099357,0,30678190.0,137,0.11734720985820872,24,
SARABJEET SINGH KHALSA,Installation of fixed garden gym equipment,6600000.0,15.702580206996654,14.817987059441387,0.6050596036673905,9,2725022.0000000005,False,0.0,2.4219987948721142,0,30678190.0,137,0.21513655140671598,22,
SARABJEET SINGH KHALSA,Installation of multi-gym equipment,400000.0,12.89921982609012,13.279020011816728,0.5307928328022182,12,584796.9733163806,False,0.0,0.6839980681356849,0,30678190.0,137,0.013038578873134301,2,
SARABJEET SINGH KHALSA,Installing community drinking water plants,1114949.0,13.92431922191994,13.273726077636404,0.67248362567556,22,581709.2768729058,True,0.6525438822074116,1.9166773581360619,0,30678190.0,137,0.036343376190055544,13,
SARABJEET SINGH KHALSA,Purchase of hospital equipment,596000.0,13.297995946047488,14.038695543721623,0.6075665378155941,12,1250051.794126947,False,0.0,0.47678024446679385,0,30678190.0,137,0.01942748252097011,2,
SARABJEET SINGH KHALSA,Purchase of mobile water tankers,3400000.0,15.03928598958639,15.03928598958639,0.8174433387947495,17,3399999.999999998,True,0.0,1.0000000000000004,0,30678190.0,137,0.11082792042164157,17,
SARABJEET SINGH KHALSA,"Purchase of smart boards, visual display units and projectors",150000.0,11.918390573078392,14.776128822535135,0.889044091416876,10,2613311.6920872633,False,0.0,0.05739843450522136,0,30678190.0,137,0.004889467077425363,1,
SARABJEET SINGH KHALSA,Street lights,4300000.0,15.27412558066379,14.893113691774463,1.2240634603534417,65,2937630.0000000014,True,0.2099503231488065,1.4637650078464606,0,30678190.0,137,0.14016472288619375,22,
SATPAL BRAHAMCHARI,Construction of community centers and community halls,694399.0,13.450802002235074,14.21557510928233,0.7574997842031976,101,1491921.0000000002,True,-0.6809763797437619,0.46543952394262156,0,694399.0,1,1.0,1,
SAVITRI THAKUR,Construction of bus-sheds or bus-stops,4938898.0,15.41265278735567,13.86558751291084,0.743540185445033,21,1051351.9999999995,True,1.4034151052487789,4.6976635798476645,0,30557824.0,80,0.1616246628032153,19,
SAVITRI THAKUR,Construction of common work sheds/ common covered sitting area,3100000.0,14.946912669455374,13.813291263073467,0.7598198476596352,54,997783.1659233379,True,1.0063275406134364,3.1068874539803377,0,30557824.0,80,0.101447014028224,4,
SAVITRI THAKUR,Construction of community centers and community halls,2892178.0,14.877520409467692,14.21557510928233,0.7574997842031976,101,1491921.0000000002,True,0.5894154880118869,1.9385597494773514,0,30557824.0,80,0.09464607165745834,4,
SAVITRI THAKUR,Construction of culverts and bridges,8485646.0,15.953886588107135,13.951241645841687,0.828878268437359,42,1145373.8472655984,True,1.6296530684832735,7.408625594392746,0,30557824.0,80,0.2776914350969493,8,
SAVITRI THAKUR,Construction of footpaths and pedestrian ways,3098943.0,14.946571643570723,13.691130308469193,0.49594380592756515,27,883043.9999999998,True,1.7074417916001963,3.509386848220475,0,30557824.0,80,0.1014124238689247,4,
SAVITRI THAKUR,"Construction of roads, link roads, pathways or any other road with or without drainage system",500000.0,13.122363377404328,15.057946519666173,0.917949939299187,226,3464041.467798128,True,-1.422246217971693,0.14434007348007252,0,30557824.0,80,0.016362421617455485,1,
SAVITRI THAKUR,Improvement of electricity distribution infrastructure,1243579.0,14.03350407056549,12.864768028978977,0.8912752299478237,22,386453.9636230947,True,0.8844770207472855,3.2179227464538367,0,30557824.0,80,0.040695927825227345,2,
SAVITRI THAKUR,Purchase of mobile water tankers,6298580.0,15.655834769130681,15.03928598958639,0.8174433387947495,17,3399999.999999998,True,0.5087351404878757,1.8525235294117657,0,30557824.0,80,0.20612004310254553,38,
SAYANI GHOSH,"Construction of roads, link roads, pathways or any other road with or without drainage system",4085243.0,15.222891770431135,15.057946519666173,0.917949939299187,226,3464041.467798128,True,0.12120004248369519,1.1793285496079038,0,9955642.0,69,0.4103445061604264,11,
SAYANI GHOSH,Lighting of public spaces,899547.0,13.70964658225837,14.80807765219108,1.280249166678587,95,2698152.0000000014,True,-0.5787090325485192,0.33339374505216884,0,9955642.0,69,0.09035549892211873,1,
SAYANI GHOSH,Street lights,4970852.0,15.419101811952041,14.893113691774463,1.2240634603534417,65,2937630.0000000014,True,0.28983708651619733,1.6921300504147894,0,9955642.0,69,0.49929999491745486,57,
SELJA,Street lights,500000.0,13.122363377404328,14.893113691774463,1.2240634603534417,65,2937630.0000000014,True,-0.9757427827294084,0.17020523347051866,0,500000.0,1,1.0,1,
SELVARAJ V,Construction of footpaths and pedestrian ways,1099773.0,13.91061435283633,13.691130308469193,0.49594380592756515,27,883043.9999999998,True,0.29850556888950475,1.2454339761099111,0,1099773.0,1,1.0,1,
SHASHANK MANI,"Construction of roads, link roads, pathways or any other road with or without drainage system",31045332.0,17.250959016877594,15.057946519666173,0.917949939299187,226,3464041.467798128,True,1.6114026114522062,8.962171004186493,0,31045332.0,29,1.0,29,
SHER SINGH GHUBAYA,Construction of public irrigation facilities,249330.0,12.426532599215182,13.301473115158483,0.6899353615201456,11,598075.9999999995,False,0.0,0.4168868170600395,0,39183265.0,164,0.0063631757077926,1,
SHER SINGH GHUBAYA,Installing community drinking water plants,30254941.0,17.225170067945765,13.273726077636404,0.67248362567556,22,581709.2768729058,True,3.9632919965690205,52.01041517274998,18,39183265.0,164,0.7721393559214629,130,"SHER SINGH GHUBAYA spent ₹30,254,941 (₹3.03 crore) on 'Installing community drinking water plants' works — 52.0x the median MP spend in that category (₹581,709 (₹5.82 lakh), n=22 peer MPs), 77% of this MP's total disbursed funds."
SHER SINGH GHUBAYA,Purchase of mobile water tankers,7699988.0,15.856729328381139,15.03928598958639,0.8174433387947495,17,3399999.999999998,True,0.6745,2.264702352941178,0,39183265.0,164,0.19651215895357368,32,
SHER SINGH GHUBAYA,Security gates in streets/public place for safety purpose,979006.0,13.794293050196625,12.768119761105972,0.33890356426158874,3,350852.0,False,0.0,2.790367448382794,0,39183265.0,164,0.024985309417170826,1,
SHIVMANGAL SINGH TOMAR,Construction of culverts and bridges,2399931.0,14.690950544904885,13.951241645841687,0.828878268437359,42,1145373.8472655984,True,0.6019383924237033,2.095325474498533,0,7818529.0,28,0.3069542876927361,3,
SHIVMANGAL SINGH TOMAR,"Construction of roads, link roads, pathways or any other road with or without drainage system",1600000.0,14.28551418721001,15.057946519666173,0.917949939299187,226,3464041.467798128,True,-0.5675751867682954,0.46188823513623206,0,7818529.0,28,0.20464207525482095,2,
SHIVMANGAL SINGH TOMAR,Purchase of mobile water tankers,3818598.0,15.155393897509203,15.03928598958639,0.8174433387947495,17,3399999.999999998,True,0.09580454103327378,1.12311705882353,0,7818529.0,28,0.488403637052443,23,
SHIVRAJ SINGH CHOUHAN,Construction of culverts and bridges,1250000.0,14.038654109278484,13.951241645841687,0.828878268437359,42,1145373.8472655984,True,0.07113192471467883,1.0913467275197355,0,4693125.0,8,0.26634705020641897,1,
SHIVRAJ SINGH CHOUHAN,"Construction of roads, link roads, pathways or any other road with or without drainage system",3443125.0,15.051890047209119,15.057946519666173,0.917949939299187,226,3464041.467798128,True,-0.004450232520742573,0.9939618310021493,0,4693125.0,8,0.7336529497935811,7,
SHOBHA KARANDLAJE,Construction of buildings for community cultural activities,551186.0,13.21982759922985,13.815510557964274,0.6944420185008866,25,999999.9999999995,True,-0.5785769653364597,0.5511860000000003,0,8674126.0,8,0.0635436930475762,1,
SHOBHA KARANDLAJE,"Construction of roads, link roads, pathways or any other road with or without drainage system",5924428.0,15.594594700240787,15.057946519666173,0.917949939299187,226,3464041.467798128,True,0.39432346177170013,1.7102647456947981,0,8674126.0,8,0.6829999933134474,3,
SHOBHA KARANDLAJE,Installing tube-wells and borewells,1200000.0,13.997832114758229,13.14725957257652,0.9530793891161249,32,512604.3466944067,True,0.6019552896150824,2.3409867819856585,0,8674126.0,8,0.1383424681633631,2,
SHOBHA KARANDLAJE,Lighting of public spaces,998512.0,13.81402144979283,14.80807765219108,1.280249166678587,95,2698152.0000000014,True,-0.5237190743557419,0.3700725533624494,0,8674126.0,8,0.11511384547561333,2,
SHOBHANABEN MAHENDRASINH BARAIYA,Construction of boundary walls of existing public and community buildings,900000.0,13.710150042306449,13.800753921547606,0.6784135446722939,62,985351.7091490725,True,-0.0900812152529784,0.9133794478087622,0,10842964.0,30,0.08300313456726408,3,
SHOBHANABEN MAHENDRASINH BARAIYA,Construction of building for artificial insemination and breeding centers,350000.0,12.765688433465597,12.765688433465597,0.0,1,350000.0000000001,False,0.0,0.9999999999999997,0,10842964.0,30,0.03227899677615825,1,
SHOBHANABEN MAHENDRASINH BARAIYA,Construction of common work sheds/ common covered sitting area,1150000.0,13.955272500339433,13.813291263073467,0.7598198476596352,54,997783.1659233379,True,0.12603822449606933,1.1525550232507704,0,10842964.0,30,0.10605956083594854,3,
SHOBHANABEN MAHENDRASINH BARAIYA,Construction of public libraries and reading rooms,500000.0,13.122363377404328,13.897103407107302,0.7747400297029738,12,1085013.9555231554,False,0.0,0.4608235658673327,0,10842964.0,30,0.04611285253736894,1,
SHOBHANABEN MAHENDRASINH BARAIYA,"Construction of roads, link roads, pathways or any other road with or without drainage system",4150000.0,15.238618892206881,15.057946519666173,0.917949939299187,226,3464041.467798128,True,0.13275616682511618,1.1980226098846019,0,10842964.0,30,0.38273667606016215,14,
SHOBHANABEN MAHENDRASINH BARAIYA,Crematoriums/energy efficient crematoriums or structures on burial/cremation ground,1000000.0,13.815510557964274,13.126325517749349,0.5838245245570999,37,501985.0000000003,True,0.7962243620677201,1.9920913971533003,0,10842964.0,30,0.09222570507473787,2,
SHOBHANABEN MAHENDRASINH BARAIYA,Development of playground,300000.0,12.611537753638338,13.761018831344273,0.606943052395259,18,946966.3434378215,True,-1.277426249222043,0.31680112189720944,0,10842964.0,30,0.02766771152242136,1,
SHOBHANABEN MAHENDRASINH BARAIYA,Improvement of electricity distribution infrastructure,250000.0,12.429216196844383,12.864768028978977,0.8912752299478237,22,386453.9636230947,True,-0.32961727298534044,0.6469075841691273,0,10842964.0,30,0.02305642626868447,1,
SHOBHANABEN MAHENDRASINH BARAIYA,Providing drains and gutters for public drainage,696964.0,13.454489038480494,13.81519145615997,0.5174368543789507,50,999680.9491032623,True,-0.47019028247769157,0.697186437958224,0,10842964.0,30,0.0642779963117096,2,
SHOBHANABEN MAHENDRASINH BARAIYA,"Purchase of prosthetics, wheel chairs, tricycles (manual or motorized), elect scooties, hearing aids",1296000.0,14.074793155894357,13.017002861746503,0.8109302162163292,9,450000.00000000035,False,0.0,2.8799999999999977,0,10842964.0,30,0.11952451377686027,1,
SHOBHANABEN MAHENDRASINH BARAIYA,Setting up of kitchen and pantries,250000.0,12.429216196844383,13.12215335535124,0.4161652492959078,5,499894.99999999977,False,0.0,0.5001050220546317,0,10842964.0,30,0.02305642626868447,1,
SK NURUL ISLAM,Construction of water tanks,6006601.0,15.608369589119151,13.789690196386779,0.7455523627361185,12,974510.1333490579,False,0.0,6.163713228263074,0,13716044.0,5,0.43792517725956553,2,
SK NURUL ISLAM,Installing tube-wells and borewells,6983750.0,15.759096579755495,13.14725957257652,0.9530793891161249,32,512604.3466944067,True,1.8484127151002443,13.624055365576952,0,13716044.0,5,0.5091664914460758,2,
SK NURUL ISLAM,Street lights,725693.0,13.494882339360537,14.893113691774463,1.2240634603534417,65,2937630.0000000014,True,-0.7704723470226587,0.2470334929858422,0,13716044.0,5,0.05290833129435864,1,
SMITA UDAY WAGH,Construction of boundary walls of existing public and community buildings,1999472.0,14.508393703670086,13.800753921547606,0.6784135446722939,62,985351.7091490725,True,0.7035576408961178,2.0291962569656463,0,9341109.0,6,0.21405081559373731,1,
SMITA UDAY WAGH,Construction of community centers and community halls,1998833.0,14.508074068221843,14.21557510928233,0.7574997842031976,101,1491921.0000000002,True,0.2604496422559754,1.339771341780161,0,9341109.0,6,0.21398240829862922,1,
SMITA UDAY WAGH,"Construction of roads, link roads, pathways or any other road with or without drainage system",3944253.0,15.187770140720286,15.057946519666173,0.917949939299187,226,3464041.467798128,True,0.09539303686631531,1.138627535687993,0,9341109.0,6,0.4222467589233784,2,
SMITA UDAY WAGH,Providing drains and gutters for public drainage,1398551.0,14.150947258603127,13.81519145615997,0.5174368543789507,50,999680.9491032623,True,0.4376713541591936,1.3989973513594849,0,9341109.0,6,0.1497200171842551,2,
SUDHA R,Crematoriums/energy efficient crematoriums or structures on burial/cremation ground,798591.0,13.590604203825741,13.126325517749349,0.5838245245570999,37,501985.0000000003,True,0.5363871515950662,1.5908662609440511,0,798591.0,2,1.0,2,
SUDHAKAR SINGH,Construction of boundary walls of existing public and community buildings,2448194.0,14.710861167840381,13.800753921547606,0.6784135446722939,62,985351.7091490725,True,0.9048571368382742,2.484588982054139,0,27705504.0,33,0.08836489673676393,3,
SUDHAKAR SINGH,Construction of community centers and community halls,7216643.0,15.791900444293558,14.21557510928233,0.7574997842031976,101,1491921.0000000002,True,1.403606259219559,4.8371482136118455,0,27705504.0,33,0.2604768713104804,8,
SUDHAKAR SINGH,Construction of public libraries and reading rooms,791481.0,13.581661152961383,13.897103407107302,0.7747400297029738,12,1085013.9555231554,False,0.0,0.7294661934724848,0,27705504.0,33,0.02856764489828447,1,
SUDHAKAR SINGH,"Construction of roads, link roads, pathways or any other road with or without drainage system",5931619.0,15.595807752260873,15.057946519666173,0.917949939299187,226,3464041.467798128,True,0.39521479968950923,1.7123406446315885,0,27705504.0,33,0.21409532921689495,6,
SUDHAKAR SINGH,Development of public parks,4545430.0,15.32963289057947,14.219242164426287,1.096878787021959,13,1497402.0,False,0.0,3.0355442292717654,0,27705504.0,33,0.16406234660087757,4,
SUDHAKAR SINGH,Installing tube-wells and borewells,2612747.0,14.77591271624061,13.14725957257652,0.9530793891161249,32,512604.3466944067,True,1.152607598009427,5.097005159727236,0,27705504.0,33,0.09430425809976241,8,
SUDHAKAR SINGH,"Purchase of prosthetics, wheel chairs, tricycles (manual or motorized), elect scooties, hearing aids",180000.0,12.100712129872347,13.017002861746503,0.8109302162163292,9,450000.00000000035,False,0.0,0.3999999999999997,0,27705504.0,33,0.0064969040086763985,1,
SUDHAKAR SINGH,Setting up of laboratories,3979390.0,15.196639099182478,16.012735135300492,0.8160960361180134,11,8999999.999999985,False,0.0,0.4421544444444452,0,27705504.0,33,0.14363174912825985,2,
SUKANTA KUMAR PANIGRAHI,Lighting of public spaces,2500000.0,14.73180128983843,14.80807765219108,1.280249166678587,95,2698152.0000000014,True,-0.04018624479197141,0.9265601048421285,0,15500000.0,31,0.16129032258064516,5,
SUKANTA KUMAR PANIGRAHI,Purchase of non-conventional energy system and devices for community use,10500000.0,16.166885815127753,14.487818621858292,0.3873600444076173,4,1958753.0345094546,False,0.0,5.360553278034663,0,15500000.0,31,0.6774193548387096,21,
SUKANTA KUMAR PANIGRAHI,Street lights,2500000.0,14.73180128983843,14.893113691774463,1.2240634603534417,65,2937630.0000000014,True,-0.08888854101930112,0.8510261673525934,0,15500000.0,31,0.16129032258064516,5,
SUKHDEO BHAGAT,Construction of boundary walls of existing public and community buildings,366655.0,12.812176630412463,13.800753921547606,0.6784135446722939,62,985351.7091490725,True,-0.9828745137934245,0.37210571270702414,0,38072970.0,48,0.009630323034951043,1,
SUKHDEO BHAGAT,Construction of community centers and community halls,1573600.0,14.268876546056987,14.21557510928233,0.7574997842031976,101,1491921.0000000002,True,0.0474611608534293,1.0547475369004122,0,38072970.0,48,0.041331159612712116,7,
SUKHDEO BHAGAT,Construction of culverts and bridges,15509800.0,16.55698264016307,13.951241645841687,0.828878268437359,42,1145373.8472655984,True,2.1204227057167664,13.541255579588473,7,38072970.0,48,0.4073703732595592,11,"SUKHDEO BHAGAT spent ₹15,509,800 (₹1.55 crore) on 'Construction of culverts and bridges' works — 13.5x the median MP spend in that category (₹1,145,374 (₹11.45 lakh), n=42 peer MPs), 41% of this MP's total disbursed funds."
SUKHDEO BHAGAT,Construction of public toilets and bathrooms,7904680.0,15.882965547097932,13.010791601747224,0.8303681034170749,16,447213.5954999579,True,2.3330391884838577,17.675401820383037,7,38072970.0,48,0.2076192112146754,7,"SUKHDEO BHAGAT spent ₹7,904,680 (₹79.05 lakh) on 'Construction of public toilets and bathrooms' works — 17.7x the median MP spend in that category (₹447,214 (₹4.47 lakh), n=16 peer MPs), 21% of this MP's total disbursed funds."
SUKHDEO BHAGAT,"Construction of roads, link roads, pathways or any other road with or without drainage system",11394128.0,16.248608692942174,15.057946519666173,0.917949939299187,226,3464041.467798128,True,0.8748860929037092,3.2892585455227032,0,38072970.0,48,0.29927079500233367,20,
SUKHDEO BHAGAT,Construction of water tanks,699301.0,13.457836543692366,13.789690196386779,0.7455523627361185,12,974510.1333490579,False,0.0,0.7175923328747149,0,38072970.0,48,0.01836738767687417,1,
SUKHDEO BHAGAT,Renovation of ponds and lakes,624806.0,13.345196480534488,13.81531952770436,0.5844369773459501,8,999808.987985205,False,0.0,0.6249253682536866,0,38072970.0,48,0.016410750198894385,1,
SUKHJINDER SINGH RANDHAWA,"Construction of roads, link roads, pathways or any other road with or without drainage system",3247214.0,14.993307955904282,15.057946519666173,0.917949939299187,226,3464041.467798128,True,-0.04749573957233556,0.9374062147310404,0,4233125.0,9,0.767096175992913,6,
SUKHJINDER SINGH RANDHAWA,Installation of fixed garden gym equipment,300000.0,12.611537753638338,14.817987059441387,0.6050596036673905,9,2725022.0000000005,False,0.0,0.11009085431236884,0,4233125.0,9,0.07086962941089621,1,
SUKHJINDER SINGH RANDHAWA,Installing tube-wells and borewells,300000.0,12.611537753638338,13.14725957257652,0.9530793891161249,32,512604.3466944067,True,-0.37913354438281405,0.5852466954964146,0,4233125.0,9,0.07086962941089621,1,
SUKHJINDER SINGH RANDHAWA,Lighting of public spaces,385911.0,12.863362051913445,14.80807765219108,1.280249166678587,95,2698152.0000000014,True,-1.024574517623238,0.14302789464789226,0,4233125.0,9,0.09116456518529455,1,
Sanjay Haribhau Jadhav,Construction of community centers and community halls,6697738.0,15.717280415417154,14.21557510928233,0.7574997842031976,101,1491921.0000000002,True,1.337162399397107,4.48933824244045,0,12084035.0,15,0.5542633731199885,7,
Sanjay Haribhau Jadhav,"Construction of roads, link roads, pathways or any other road with or without drainage system",5386297.0,15.499368693796603,15.057946519666173,0.917949939299187,226,3464041.467798128,True,0.3243523897155934,1.5549170095309883,0,12084035.0,15,0.44573662688001153,8,
Sanjay Kumar Bandi,Installing tube-wells and borewells,177877.0,12.08884757917996,13.14725957257652,0.9530793891161249,32,512604.3466944067,True,-0.7490445158068532,0.3470064215160525,0,1477627.0,14,0.12038017713536636,1,
Sanjay Kumar Bandi,Lighting of public spaces,1299750.0,14.077682496245963,14.80807765219108,1.280249166678587,95,2698152.0000000014,True,-0.38480910240550437,0.4817185985074226,0,1477627.0,14,0.8796198228646336,13,
Sanjay Seth,Construction of common work sheds/ common covered sitting area,5168400.0,15.458073720830201,13.813291263073467,0.7598198476596352,54,997783.1659233379,True,1.4600905348472566,5.179882941016767,0,28851300.0,48,0.17913924155930583,9,
Sanjay Seth,Construction of community centers and community halls,1325800.0,14.097526608789428,14.21557510928233,0.7574997842031976,101,1491921.0000000002,True,-0.10511384325504128,0.8886529514632476,0,28851300.0,48,0.045952868674895064,1,
Sanjay Seth,Construction of public staircase/ stair ghat for public convenience,1050200.0,13.864491180185896,13.830453290269144,0.034037889916752384,2,1015054.9330947571,False,0.0,1.0346238077953973,0,28851300.0,48,0.03640043949492744,1,
Sanjay Seth,"Construction of roads, link roads, pathways or any other road with or without drainage system",20621400.0,16.84183992949564,15.057946519666173,0.917949939299187,226,3464041.467798128,True,1.3107861915090848,5.952988782523935,0,28851300.0,48,0.7147476890122803,36,
Sanjay Seth,Providing drains and gutters for public drainage,685500.0,13.437903777984506,13.81519145615997,0.5174368543789507,50,999680.9491032623,True,-0.4918098445747343,0.6857187791914109,0,28851300.0,48,0.02375976125859147,1,
Santosh Pandey,Construction of artificial reef,300000.0,12.611537753638338,11.918390573078392,0.6931471805599454,2,149999.99999999994,False,0.0,2.000000000000001,0,7439363.0,14,0.04032603329075352,1,
Santosh Pandey,Construction of common work sheds/ common covered sitting area,799900.0,13.592241998836913,13.813291263073467,0.7598198476596352,54,997783.1659233379,True,-0.1962277363335529,0.8016771853028619,0,7439363.0,14,0.1075226467642458,2,
Santosh Pandey,Construction of community centers and community halls,800000.0,13.592367006650065,14.21557510928233,0.7574997842031976,101,1491921.0000000002,True,-0.5549227524435888,0.5362214219117499,0,7439363.0,14,0.10753608877534272,2,
Santosh Pandey,"Construction of roads, link roads, pathways or any other road with or without drainage system",2839988.0,14.85931038477635,15.057946519666173,0.917949939299187,226,3464041.467798128,True,-0.1459557512313503,0.8198481532050483,0,7439363.0,14,0.38175150211113507,7,
Santosh Pandey,Providing drains and gutters for public drainage,200000.0,12.206072645530174,13.81519145615997,0.5174368543789507,50,999680.9491032623,True,-2.097551862772668,0.20006383054454002,0,7439363.0,14,0.02688402219383568,1,
Santosh Pandey,Purchase of books and periodicals for libraries/digitization of library books,2499475.0,14.731591267785342,13.458835614025542,1.4655849707377069,7,700000.0000000002,False,0.0,3.5706785714285703,0,7439363.0,14,0.3359797068646872,1,
Saptagiri Sankar Ulaka,Construction of culverts and bridges,297656.0,12.603693736281947,13.951241645841687,0.828878268437359,42,1145373.8472655984,True,-1.09656761385672,0.25987672122129146,0,5612424.0,20,0.05303519477502056,1,
Saptagiri Sankar Ulaka,"Construction of roads, link roads, pathways or any other road with or without drainage system",5314768.0,15.485999918758457,15.057946519666173,0.917949939299187,226,3464041.467798128,True,0.31452915385361013,1.534268007299076,0,5612424.0,20,0.9469648052249794,19,
Sasikanth Senthil,"Construction of roads, link roads, pathways or any other road with or without drainage system",3494362.0,15.066661370491415,15.057946519666173,0.917949939299187,226,3464041.467798128,True,0.006403581099546498,1.0087529356919462,0,5951250.0,8,0.587164377231674,3,
Sasikanth Senthil,Lighting of public spaces,1757727.0,14.379532055066115,14.80807765219108,1.280249166678587,95,2698152.0000000014,True,-0.2257794910429011,0.651455885361536,0,5951250.0,8,0.29535425330812853,4,
Sasikanth Senthil,Setting up of kitchen and pantries,699161.0,13.457636323735773,13.12215335535124,0.4161652492959078,5,499894.99999999977,False,0.0,1.3986157092989535,0,5951250.0,8,0.11748136946019744,1,
Shankar Lalwani,Installing tube-wells and borewells,18590043.0,16.738136672766494,13.14725957257652,0.9530793891161249,32,512604.3466944067,True,2.541285260952203,36.26587078295418,7,22920505.0,65,0.8110660301769093,43,"Shankar Lalwani spent ₹18,590,043 (₹1.86 crore) on 'Installing tube-wells and borewells' works — 36.3x the median MP spend in that category (₹512,604 (₹5.13 lakh), n=32 peer MPs), 81% of this MP's total disbursed funds."
Shankar Lalwani,Lighting of public spaces,954481.0,13.768923016240022,14.80807765219108,1.280249166678587,95,2698152.0000000014,True,-0.5474792096661886,0.35375360617192786,0,22920505.0,65,0.04164310515845964,1,
Shankar Lalwani,Purchase of mobile water tankers,3375981.0,15.032196506720062,15.03928598958639,0.8174433387947495,17,3399999.999999998,True,-0.00584977082373444,0.9929355882352947,0,22920505.0,65,0.1472908646646311,21,
Shri  Dharambir Singh,Construction of community centers and community halls,2529864.0,14.743676104318142,14.21557510928233,0.7574997842031976,101,1491921.0000000002,True,0.4702365975276692,1.6957090891541842,0,4005663.0,7,0.6315718521503182,2,
Shri  Dharambir Singh,Improvement of electricity distribution infrastructure,126000.0,11.744037185933616,12.864768028978977,0.8912752299478237,22,386453.9636230947,True,-0.8481476071968806,0.3260414224212401,0,4005663.0,7,0.03145546692270418,2,
Shri  Dharambir Singh,"Purchase of IT systems, including hardware and software for educational purposes",499799.0,13.121961296580666,13.774841282306094,0.8346872078132384,20,960146.6213032259,True,-0.5275839215572751,0.5205444553058084,0,4005663.0,7,0.12477310248016371,1,
Shri  Dharambir Singh,Purchase of mobile sanitation equipment,850000.0,13.652991628466498,13.652991628466498,0.0,1,849999.9999999994,False,0.0,1.0000000000000007,0,4005663.0,7,0.21219957844681392,2,
Shri Abhishek Banerjee,Construction of culverts and bridges,293375.0,12.589206933153324,13.951241645841687,0.828878268437359,42,1145373.8472655984,True,-1.1083562553042483,0.2561390769488819,0,29550504.0,111,0.009927918657495656,1,
Shri Abhishek Banerjee,"Construction of roads, link roads, pathways or any other road with or without drainage system",27475680.0,17.128811807720208,15.057946519666173,0.917949939299187,226,3464041.467798128,True,1.521650121638266,7.931683340229918,0,29550504.0,111,0.9297871873860426,104,
Shri Abhishek Banerjee,"Construction of rooms and facilities for hospitals, FWC , PHC Centers and ANM centers",449568.0,13.016042400651378,13.122363377404328,0.5108256237659905,13,499999.9999999997,False,0.0,0.8991360000000005,0,29550504.0,111,0.015213547626801898,1,
Shri Abhishek Banerjee,Providing drains and gutters for public drainage,1331881.0,14.102102786752136,13.81519145615997,0.5174368543789507,50,999680.9491032623,True,0.37400059707128547,1.3323060734474625,0,29550504.0,111,0.045071346329659895,5,
Shri Amar Singh,Providing CCTV camera system for security of public areas,1996215.0,14.506763445483518,14.570997594367718,0.9737079619670492,7,2128647.999999999,False,0.0,0.9377853924180987,0,1996215.0,1,1.0,1,
Shri Anil Firojiya,Construction of buildings for community cultural activities,700000.0,13.458835614025542,13.815510557964274,0.6944420185008866,25,999999.9999999995,True,-0.34643244976163157,0.7000000000000003,0,15356740.0,47,0.04558259109680831,1,
Shri Anil Firojiya,Construction of common work sheds/ common covered sitting area,1000000.0,13.815510557964274,13.813291263073467,0.7598198476596352,54,997783.1659233379,True,0.0019700912110418097,1.0022217593484959,0,15356740.0,47,0.06511798728115473,1,
Shri Anil Firojiya,Construction of footpaths and pedestrian ways,700000.0,13.458835614025542,13.691130308469193,0.49594380592756515,27,883043.9999999998,True,-0.3159284772378558,0.7927124809182784,0,15356740.0,47,0.04558259109680831,2,
Shri Anil Firojiya,"Construction of roads, link roads, pathways or any other road with or without drainage system",1000000.0,13.815510557964274,15.057946519666173,0.917949939299187,226,3464041.467798128,True,-0.9129289303158767,0.28868014696014505,0,15356740.0,47,0.06511798728115473,2,
Shri Anil Firojiya,Improvement of electricity distribution infrastructure,741449.0,13.516361658693693,12.864768028978977,0.8912752299478237,22,386453.9636230947,True,0.49311356186607447,1.918595925498461,0,15356740.0,47,0.04828166655162489,1,
Shri Anil Firojiya,Purchase of books and periodicals for libraries/digitization of library books,586977.0,13.282740915759794,13.458835614025542,1.4655849707377069,7,700000.0000000002,False,0.0,0.8385385714285711,0,15356740.0,47,0.038222760820330354,6,
Shri Anil Firojiya,Purchase of books for public libraries/ digitization of library books,2347910.0,14.669036128701455,13.640286941169897,1.0287491875315586,2,839269.3250679434,False,0.0,2.7975644168931395,0,15356740.0,47,0.15289117351729598,24,
Shri Anil Firojiya,"Purchase of hearse van (Four, three and two wheelers)",6589200.0,15.700942503054964,14.763201695936203,0.937740807118761,2,2579746.4991739015,False,0.0,2.554204454627625,0,15356740.0,47,0.42907544179298474,6,
Shri Anil Firojiya,Purchase of mobile water tankers,482283.0,13.086286357664749,15.03928598958639,0.8174433387947495,17,3399999.999999998,True,-1.6114857008601848,0.14184794117647068,0,15356740.0,47,0.03140529825991714,3,
Shri Anil Firojiya,Purchase of non-conventional energy system and devices for community use,1208921.0,14.005238784203074,14.487818621858292,0.3873600444076173,4,1958753.0345094546,False,0.0,0.6171890885176136,0,15356740.0,47,0.07872250230192085,1,
Shri Arjun Ram Meghwal,Construction of boundary walls of existing public and community buildings,981837.0,13.797180585779065,13.800753921547606,0.6784135446722939,62,985351.7091490725,True,-0.0035527223694292783,0.996433040998013,0,7386231.0,5,0.13292801159346357,1,
Shri Arjun Ram Meghwal,Construction of common work sheds/ common covered sitting area,2905635.0,14.882162513021408,13.813291263073467,0.7598198476596352,54,997783.1659233379,True,0.948848151717196,2.912090621724567,0,7386231.0,5,0.3933853409133833,2,
Shri Arjun Ram Meghwal,"Construction of roads, link roads, pathways or any other road with or without drainage system",2498759.0,14.73130476659116,15.057946519666173,0.917949939299187,226,3464041.467798128,True,-0.24001293863290643,0.721342115337985,0,7386231.0,5,0.3382996009737578,1,
Shri Arjun Ram Meghwal,Construction of water tanks,1000000.0,13.815510557964274,13.789690196386779,0.7455523627361185,12,974510.1333490579,False,0.0,1.0261565947635067,0,7386231.0,5,0.13538704651939534,1,
Shri Arun Kumar Sagar,Construction of bus-sheds or bus-stops,19140000.0,16.76729094398908,13.86558751291084,0.743540185445033,21,1051351.9999999995,True,2.63227059219513,18.205130156217905,0,97143000.0,4,0.19702912201599704,2,
Shri Arun Kumar Sagar,Lighting of public spaces,78003000.0,18.1722578454527,14.80807765219108,1.280249166678587,95,2698152.0000000014,True,1.7724202439763372,28.90978714320022,0,97143000.0,4,0.802970877984003,2,
Shri B Y Raghavendra,Construction of bus-sheds or bus-stops,349512.0,12.764293174830526,13.86558751291084,0.743540185445033,21,1051351.9999999995,True,-0.9990354866839763,0.3324405146896569,0,2672161.0,6,0.13079750808428084,1,
Shri B Y Raghavendra,Construction of community centers and community halls,480000.0,13.081541382884074,14.21557510928233,0.7574997842031976,101,1491921.0000000002,True,-1.0097768532834845,0.32173285314704997,0,2672161.0,6,0.1796298950549761,1,
Shri B Y Raghavendra,"Construction of roads, link roads, pathways or any other road with or without drainage system",1842649.0,14.426714768161304,15.057946519666173,0.917949939299187,226,3464041.467798128,True,-0.4638224789415932,0.5319361841159642,0,2672161.0,6,0.689572596860743,4,
Shri Bhartruhari Mahtab,"Construction of roads, link roads, pathways or any other road with or without drainage system",200000.0,12.206072645530174,15.057946519666173,0.917949939299187,226,3464041.467798128,True,-2.095527049735744,0.05773602939202901,0,750000.0,5,0.26666666666666666,1,
Shri Bhartruhari Mahtab,Lighting of public spaces,550000.0,13.217673557208654,14.80807765219108,1.280249166678587,95,2698152.0000000014,True,-0.8379052999883425,0.20384322306526828,0,750000.0,5,0.7333333333333333,4,
Shri Chandra Prakash Choudhary,Lighting of public spaces,898202.0,13.70815026630887,14.80807765219108,1.280249166678587,95,2698152.0000000014,True,-0.5794973674556659,0.3328952557157638,0,898202.0,3,1.0,3,
Shri Deepak (Dev) Adhikari,Lighting of public spaces,17379478.0,16.670800642828034,14.80807765219108,1.280249166678587,95,2698152.0000000014,True,0.9813766647036236,6.4412523831125865,0,17379478.0,18,1.0,18,
Shri Gurjeet Singh Aujla,Construction of New Building,1000000.0,13.815510557964274,14.018243112018357,0.20273255405408275,2,1224744.8713915902,False,0.0,0.8164965809277253,0,14184044.0,34,0.07050175535270477,1,
Shri Gurjeet Singh Aujla,Construction of buildings for community cultural activities,1000000.0,13.815510557964274,13.815510557964274,0.6944420185008866,25,999999.9999999995,True,0.0,1.0000000000000004,0,14184044.0,34,0.07050175535270477,2,
Shri Gurjeet Singh Aujla,Construction of community centers and community halls,393178.0,12.882017714519936,14.21557510928233,0.7574997842031976,101,1491921.0000000002,True,-1.1874385729540355,0.26353808278052254,0,14184044.0,34,0.027719739166065755,2,
Shri Gurjeet Singh Aujla,Construction of public toilets and bathrooms,190000.0,12.154779351142624,13.010791601747224,0.8303681034170749,16,447213.5954999579,True,-0.695330493376138,0.4248529157249601,0,14184044.0,34,0.013395333517013906,1,
Shri Gurjeet Singh Aujla,Construction of road under bridge,2000000.0,14.508657738524219,13.779028614409551,0.3207931276610303,6,964175.5033213604,False,0.0,2.0743111530115264,0,14184044.0,34,0.14100351070540953,4,
Shri Gurjeet Singh Aujla,"Construction of roads, link roads, pathways or any other road with or without drainage system",929386.0,13.742279432037744,15.057946519666173,0.917949939299187,226,3464041.467798128,True,-0.9667383945609036,0.26829528706270134,0,14184044.0,34,0.06552334440022888,3,
Shri Gurjeet Singh Aujla,Construction of rooms and halls in school and colleges,2192600.0,14.600598612222576,13.889238600811138,0.7668752234068101,61,1076513.9999999993,True,0.6256719646847754,2.036759391889006,0,14184044.0,34,0.1545821487863405,4,
Shri Gurjeet Singh Aujla,Improvement of electricity distribution infrastructure,118533.0,11.682946681801342,12.864768028978977,0.8912752299478237,22,386453.9636230947,True,-0.8943797290517996,0.30671958669727667,0,14184044.0,34,0.008356784567222155,1,
Shri Gurjeet Singh Aujla,Installation of fixed garden gym equipment,1493320.0,14.21651238711177,14.817987059441387,0.6050596036673905,9,2725022.0000000005,False,0.0,0.5480029152058221,0,14184044.0,34,0.1052816813033011,5,
Shri Gurjeet Singh Aujla,Installation of multi-gym equipment,683975.0,13.435676646229128,13.279020011816728,0.5307928328022182,12,584796.9733163806,False,0.0,1.1695939466327627,0,14184044.0,34,0.04822143811736625,2,
Shri Gurjeet Singh Aujla,Lighting of public spaces,2985873.0,14.909402724361632,14.80807765219108,1.280249166678587,95,2698152.0000000014,True,0.05338317177455736,1.1066363199701124,0,14184044.0,34,0.21050928776024666,6,
Shri Gurjeet Singh Aujla,Providing drains and gutters for public drainage,500000.0,13.122363377404328,13.81519145615997,0.5174368543789507,50,999680.9491032623,True,-0.9031295996137902,0.50015957636135,0,14184044.0,34,0.035250877676352384,1,
Shri Gurjeet Singh Aujla,Purchase of immovable sports equipment,500000.0,13.122363377404328,13.119992569258326,0.0023708081460025454,3,498815.99999999965,False,0.0,1.0023736207338985,0,14184044.0,34,0.035250877676352384,1,
Shri Gurjeet Singh Aujla,Street lights,197179.0,12.191867224607906,14.893113691774463,1.2240634603534417,65,2937630.0000000014,True,-1.4884773552326713,0.0671217954609668,0,14184044.0,34,0.013901465618690973,1,
Shri Hanuman Beniwal,Construction of boundary walls of existing public and community buildings,1499930.0,14.220928998316849,13.800753921547606,0.6784135446722939,62,985351.7091490725,True,0.4177512249077418,1.522228039057552,0,36306197.0,139,0.041313332817535256,2,
Shri Hanuman Beniwal,Construction of community centers and community halls,4224227.0,15.256346843454567,14.21557510928233,0.7574997842031976,101,1491921.0000000002,True,0.9267336431489515,2.831401260522507,0,36306197.0,139,0.11635002696647076,4,
Shri Hanuman Beniwal,Construction of public libraries and reading rooms,4089646.0,15.223968971705858,13.897103407107302,0.7747400297029738,12,1085013.9555231554,False,0.0,3.7692105057101473,0,36306197.0,139,0.11264319421833138,3,
Shri Hanuman Beniwal,"Construction of roads, link roads, pathways or any other road with or without drainage system",899478.0,13.709569874041382,15.057946519666173,0.917949939299187,226,3464041.467798128,True,-0.9907730351485923,0.2596614412274173,0,36306197.0,139,0.02477477880704498,2,
Shri Hanuman Beniwal,Construction of rooms and halls in school and colleges,10180485.0,16.135983210387934,13.889238600811138,0.7668752234068101,61,1076513.9999999993,True,1.9761092716326387,9.456899770927278,0,36306197.0,139,0.28040626232485877,15,
Shri Hanuman Beniwal,Construction of water tanks,315501.0,12.66191713053049,13.789690196386779,0.7455523627361185,12,974510.1333490579,False,0.0,0.32375343180448113,0,36306197.0,139,0.008690004078367118,3,
Shri Hanuman Beniwal,Crematoriums/energy efficient crematoriums or structures on burial/cremation ground,1499658.0,14.220747640076487,13.126325517749349,0.5838245245570999,37,501985.0000000003,True,1.264399987427143,2.987455800472124,0,36306197.0,139,0.04130584098356542,2,
Shri Hanuman Beniwal,Improvement of electricity distribution infrastructure,7149166.0,15.782506264510182,12.864768028978977,0.8912752299478237,22,386453.9636230947,True,2.2080883365074646,18.499398823536254,7,36306197.0,139,0.1969131054954613,53,"Shri Hanuman Beniwal spent ₹7,149,166 (₹71.49 lakh) on 'Improvement of electricity distribution infrastructure' works — 18.5x the median MP spend in that category (₹386,454 (₹3.86 lakh), n=22 peer MPs), 20% of this MP's total disbursed funds."
Shri Hanuman Beniwal,Installing tube-wells and borewells,1798605.0,14.402521922398641,13.14725957257652,0.9530793891161249,32,512604.3466944067,True,0.88835669370651,3.5087587758444294,0,36306197.0,139,0.049539889843048,5,
Shri Hanuman Beniwal,Providing CCTV camera system for security of public areas,154336.0,11.9468873228687,14.570997594367718,0.9737079619670492,7,2128647.999999999,False,0.0,0.07250423743145887,0,36306197.0,139,0.004250954733705654,1,
Shri Hanuman Beniwal,Providing supply pipelines for drinking water,224807.0,12.322997535306907,13.120916330937414,0.6030149786341905,11,499277.00000000035,False,0.0,0.4502650833104666,0,36306197.0,139,0.006191973232558618,1,
Shri Hanuman Beniwal,"Purchase of IT systems, including hardware and software for educational purposes",761103.0,13.542523975911097,13.774841282306094,0.8346872078132384,20,960146.6213032259,True,-0.1877326280990357,0.7926945563448841,0,36306197.0,139,0.020963445992429337,2,
Shri Hanuman Beniwal,Purchase of furniture and fixtures for educational purposes,299850.0,12.611037628596655,14.370339389617413,1.2488303877550573,16,1741642.8451321456,True,-0.9502083304856671,0.1721650342020893,0,36306197.0,139,0.008258920646522136,1,
Shri Hanuman Beniwal,Purchase of sports equipment,149930.0,11.91792379748895,13.114331205707064,1.1964074082181142,3,495999.99999999965,False,0.0,0.3022782258064518,0,36306197.0,139,0.004129598040797278,1,
Shri Hanuman Beniwal,Street lights,3059475.0,14.933753890581531,14.893113691774463,1.2240634603534417,65,2937630.0000000014,True,0.02239411189306525,1.0414773133444302,0,36306197.0,139,0.08426867181930402,44,
Shri Janardan Singh Sigriwal,Purchase of books and periodicals for libraries/digitization of library books,12000000.0,16.300417207752275,13.458835614025542,1.4655849707377069,7,700000.0000000002,False,0.0,17.14285714285714,0,12000000.0,6,1.0,6,
Shri Jual Oram,Construction of boundary walls of existing public and community buildings,500000.0,13.122363377404328,13.800753921547606,0.6784135446722939,62,985351.7091490725,True,-0.6744771321534735,0.5074330265604234,0,11600000.0,23,0.04310344827586207,1,
Shri Jual Oram,Construction of community centers and community halls,3500000.0,15.068273526459642,14.21557510928233,0.7574997842031976,101,1491921.0000000002,True,0.7592676517935684,2.345968720863906,0,11600000.0,23,0.3017241379310345,6,
Shri Jual Oram,Construction of public toilets and bathrooms,400000.0,12.89921982609012,13.010791601747224,0.8303681034170749,16,447213.5954999579,True,-0.09062867705422685,0.894427190999916,0,11600000.0,23,0.034482758620689655,1,
Shri Jual Oram,"Purchase of IT systems, including hardware and software for educational purposes",7200000.0,15.789591583986283,13.774841282306094,0.8346872078132384,20,960146.6213032259,True,1.6280938125834479,7.4988546959914295,0,11600000.0,23,0.6206896551724138,15,
Shri Jugal Kishore Sharma,"Purchase of prosthetics, wheel chairs, tricycles (manual or motorized), elect scooties, hearing aids",993825.0,13.809316413800946,13.017002861746503,0.8109302162163292,9,450000.00000000035,False,0.0,2.208499999999998,0,1489825.0,2,0.6670749920292652,1,
Shri Jugal Kishore Sharma,Purchase of sports equipment,496000.0,13.114331205707064,13.114331205707064,1.1964074082181142,3,495999.99999999965,False,0.0,1.0000000000000007,0,1489825.0,2,0.3329250079707348,1,
Shri Karti P Chidambaram,Construction of boundary walls of existing public and community buildings,500000.0,13.122363377404328,13.800753921547606,0.6784135446722939,62,985351.7091490725,True,-0.6744771321534735,0.5074330265604234,0,6095445.0,16,0.0820284655181041,1,
Shri Karti P Chidambaram,Construction of buildings for community cultural activities,849864.0,13.652831615665134,13.815510557964274,0.6944420185008866,25,999999.9999999995,True,-0.15800735505268051,0.8498640000000004,0,6095445.0,16,0.13942607963815604,1,
Shri Karti P Chidambaram,Construction of community centers and community halls,299787.0,12.610827501468972,14.21557510928233,0.7574997842031976,101,1491921.0000000002,True,-1.4289142835976814,0.20094026426332223,0,6095445.0,16,0.049182135184551744,1,
Shri Karti P Chidambaram,Construction of public toilets and bathrooms,349873.0,12.765325510474156,13.010791601747224,0.8303681034170749,16,447213.5954999579,True,-0.19938973797566947,0.782339811491784,0,6095445.0,16,0.05739909063243127,2,
Shri Karti P Chidambaram,"Construction of roads, link roads, pathways or any other road with or without drainage system",1798574.0,14.40250468667031,15.057946519666173,0.917949939299187,226,3464041.467798128,True,-0.4816117932239626,0.5192126066386958,0,6095445.0,16,0.2950685306815171,6,
Shri Karti P Chidambaram,Installing community drinking water plants,350000.0,12.765688433465597,13.273726077636404,0.67248362567556,22,581709.2768729058,True,-0.5095609438058369,0.6016751217747374,0,6095445.0,16,0.05741992586267287,1,
Shri Karti P Chidambaram,Installing tube-wells and borewells,947720.0,13.761814378960413,13.14725957257652,0.9530793891161249,32,512604.3466944067,True,0.43492412241791784,1.8488333275195403,0,6095445.0,16,0.1554800346816352,2,
Shri Karti P Chidambaram,Lighting of public spaces,499627.0,13.121617099007864,14.80807765219108,1.280249166678587,95,2698152.0000000014,True,-0.8885126995030174,0.18517377820078326,0,6095445.0,16,0.08196727228282759,1,
Shri Karti P Chidambaram,Street lights,500000.0,13.122363377404328,14.893113691774463,1.2240634603534417,65,2937630.0000000014,True,-0.9757427827294084,0.17020523347051866,0,6095445.0,16,0.0820284655181041,1,
Shri Kumbakudi Sudhakaran,Purchase of vans and buses for educational institutions,2541665.0,14.74832993605172,14.690906262510683,0.05742367354103539,2,2399824.7276624157,False,0.0,1.0591044298788213,0,2541665.0,1,1.0,1,
Shri LS Tejasvi Surya,Construction of buildings for sports facilities,999030.0,13.814540087209828,14.038654109278484,0.22411402206865638,3,1250000.0000000005,False,0.0,0.7992239999999997,0,2496530.0,5,0.40016743239616587,2,
Shri LS Tejasvi Surya,Providing CCTV camera system for security of public areas,500000.0,13.122363377404328,14.570997594367718,0.9737079619670492,7,2128647.999999999,False,0.0,0.23489087909320855,0,2496530.0,5,0.20027798584435197,1,
Shri LS Tejasvi Surya,Purchase of furniture and fixtures for educational purposes,499500.0,13.121362877070744,14.370339389617413,1.2488303877550573,16,1741642.8451321456,True,-0.674578922784798,0.2867981810369972,0,2496530.0,5,0.20007770785850762,1,
Shri LS Tejasvi Surya,"Purchase of smart boards, visual display units and projectors",498000.0,13.11835535600679,14.776128822535135,0.889044091416876,10,2613311.6920872633,False,0.0,0.19056280255733493,0,2496530.0,5,0.19947687390097454,1,
Shri NK Premachandran,Construction of buildings for community cultural activities,2130190.0,14.57172173558529,13.815510557964274,0.6944420185008866,25,999999.9999999995,True,0.7344953584555091,2.130190000000001,0,11618132.0,14,0.18335047320860187,4,
Shri NK Premachandran,"Construction of roads, link roads, pathways or any other road with or without drainage system",3154370.0,14.964299350975349,15.057946519666173,0.917949939299187,226,3464041.467798128,True,-0.06881095861304186,0.9106039951666727,0,11618132.0,14,0.2715040593444798,5,
Shri NK Premachandran,Construction of rooms and halls in school and colleges,4740188.0,15.371587355331982,13.889238600811138,0.7668752234068101,61,1076513.9999999993,True,1.3037899835680495,4.403275758606022,0,11618132.0,14,0.4079991516708538,1,
Shri NK Premachandran,Lighting of public spaces,884000.0,13.692212341619781,14.80807765219108,1.280249166678587,95,2698152.0000000014,True,-0.5878942721228098,0.3276316530721766,0,11618132.0,14,0.07608796319408317,2,
Shri NK Premachandran,Providing supply pipelines for drinking water,659384.0,13.399061344842517,13.120916330937414,0.6030149786341905,11,499277.00000000035,False,0.0,1.3206776999541328,0,11618132.0,14,0.0567547347542617,1,
Shri NK Premachandran,Purchase of books and periodicals for libraries/digitization of library books,50000.0,10.819778284410283,13.458835614025542,1.4655849707377069,7,700000.0000000002,False,0.0,0.07142857142857141,0,11618132.0,14,0.004303617827719637,1,
Shri Narendra Modi,"Construction of roads, link roads, pathways or any other road with or without drainage system",15795351.0,16.575226214193634,15.057946519666173,0.917949939299187,226,3464041.467798128,True,1.1148812262464944,4.559804247967073,0,15795351.0,41,1.0,41,
Shri PP Chaudhary,Construction of footpaths and pedestrian ways,999144.0,13.814654191387065,13.691130308469193,0.49594380592756515,27,883043.9999999998,True,0.16799657145082664,1.1314770271923034,0,1498790.0,2,0.666633751225989,1,
Shri PP Chaudhary,Purchase of furniture and fixtures for educational purposes,499646.0,13.121655126653968,14.370339389617413,1.2488303877550573,16,1741642.8451321456,True,-0.674421077215202,0.28688200993475776,0,1498790.0,2,0.33336624877401105,1,
Shri Rajmohan Unnithan,Street lights,299154.0,12.608713769947236,14.893113691774463,1.2240634603534417,65,2937630.0000000014,True,-1.2587809351220718,0.10183515282727909,0,299154.0,1,1.0,1,
Shri Satish Kumar Gautam,"Construction of roads, link roads, pathways or any other road with or without drainage system",5048589.0,15.434619356269836,15.057946519666173,0.917949939299187,226,3464041.467798128,True,0.276775254741167,1.4574274144613717,0,5048589.0,5,1.0,5,
Shri Sudheer Gupta,Construction of additional rooms and halls in the existing public and community building,150000.0,11.918390573078392,13.81528000481769,0.6929616294384839,24,999769.4734287509,True,-1.8463531995918934,0.1500345869589004,0,6894846.0,55,0.021755380758322954,1,
Shri Sudheer Gupta,"Construction of roads, link roads, pathways or any other road with or without drainage system",800000.0,13.592367006650065,15.057946519666173,0.917949939299187,226,3464041.467798128,True,-1.0768924744241117,0.23094411756811603,0,6894846.0,55,0.11602869737772244,2,
Shri Sudheer Gupta,Construction of shelters for animals,200000.0,12.206072645530174,13.122363377404328,0.7897746741435387,5,499999.9999999997,False,0.0,0.40000000000000024,0,6894846.0,55,0.02900717434443061,1,
Shri Sudheer Gupta,Providing drains and gutters for public drainage,750000.0,13.527828485512494,13.81519145615997,0.5174368543789507,50,999680.9491032623,True,-0.3745893282656908,0.7502393645420251,0,6894846.0,55,0.10877690379161478,1,
Shri Sudheer Gupta,Purchase Books for Library,4694846.0,15.36197586923457,15.393462169816473,0.38826439474949925,4,4845021.155784569,False,0.0,0.9690042311569121,0,6894846.0,55,0.6809210822112634,47,
Shri Sudheer Gupta,Purchase of books for public libraries/ digitization of library books,300000.0,12.611537753638338,13.640286941169897,1.0287491875315586,2,839269.3250679434,False,0.0,0.3574537887176007,0,6894846.0,55,0.04351076151664591,3,
Shri Suresh Kodikunnil,"Construction of roads, link roads, pathways or any other road with or without drainage system",2660911.0,14.79417910332759,15.057946519666173,0.917949939299187,226,3464041.467798128,True,-0.19381353459884876,0.7681521785278664,0,4929089.0,8,0.5398382946625634,2,
Shri Suresh Kodikunnil,Construction of rooms and halls in school and colleges,904595.0,13.715242608705719,13.889238600811138,0.7668752234068101,61,1076513.9999999993,True,-0.1530370170961288,0.8403002654865618,0,4929089.0,8,0.18352174205010297,1,
Shri Suresh Kodikunnil,"Purchase of IT systems, including hardware and software for educational purposes",211242.0,12.260759674679855,13.774841282306094,0.8346872078132384,20,960146.6213032259,True,-1.223509878651935,0.22001014773480854,0,4929089.0,8,0.04285619513058093,1,
Shri Suresh Kodikunnil,Street lights,1152341.0,13.957306083381006,14.893113691774463,1.2240634603534417,65,2937630.0000000014,True,-0.5156613625891018,0.3922689378853019,0,4929089.0,8,0.2337837681567527,4,
Shri Tapir Gao,Construction of boundary walls of existing public and community buildings,8497136.0,15.955239723506642,13.800753921547606,0.6784135446722939,62,985351.7091490725,True,2.142057281776906,8.623454875151062,7,44190758.0,43,0.19228310136703244,7,"Shri Tapir Gao spent ₹8,497,136 (₹84.97 lakh) on 'Construction of boundary walls of existing public and community buildings' works — 8.6x the median MP spend in that category (₹985,352 (₹9.85 lakh), n=62 peer MPs), 19% of this MP's total disbursed funds."
Shri Tapir Gao,Construction of buildings for community cultural activities,4000000.0,15.201804919084164,13.815510557964274,0.6944420185008866,25,999999.9999999995,True,1.3464846908225678,4.000000000000002,0,44190758.0,43,0.09051666414049743,2,
Shri Tapir Gao,Construction of common work sheds/ common covered sitting area,1000000.0,13.815510557964274,13.813291263073467,0.7598198476596352,54,997783.1659233379,True,0.0019700912110418097,1.0022217593484959,0,44190758.0,43,0.022629166035124357,1,
Shri Tapir Gao,Construction of community centers and community halls,1000000.0,13.815510557964274,14.21557510928233,0.7574997842031976,101,1491921.0000000002,True,-0.3562291970127402,0.6702767773896874,0,44190758.0,43,0.022629166035124357,1,
Shri Tapir Gao,Construction of culverts and bridges,7397257.0,15.816619813781513,13.951241645841687,0.828878268437359,42,1145373.8472655984,True,1.517952179693921,6.458377775657964,0,44190758.0,43,0.1673937568574859,8,
Shri Tapir Gao,"Construction of flood control embankments/ protection walls along riverbanks, hilltops, roadsides",3500000.0,15.068273526459642,13.997832114758229,0.8758428073093434,19,1199999.9999999998,True,0.8243633745314207,2.9166666666666674,0,44190758.0,43,0.07920208112293525,4,
Shri Tapir Gao,Construction of footpaths and pedestrian ways,800000.0,13.592367006650065,13.691130308469193,0.49594380592756515,27,883043.9999999998,True,-0.13432136117197777,0.905957121049461,0,44190758.0,43,0.018103332828099488,1,
Shri Tapir Gao,Construction of night shelters for homeless,2000000.0,14.508657738524219,13.357365192027196,1.1512925464970225,2,632455.5320336752,False,0.0,3.1622776601683826,0,44190758.0,43,0.045258332070248715,2,
Shri Tapir Gao,Construction of public irrigation facilities,4998625.0,15.42467343257894,13.301473115158483,0.6899353615201456,11,598075.9999999995,False,0.0,8.357842481557535,0,44190758.0,43,0.1131147150723235,5,
Shri Tapir Gao,"Construction of roads, link roads, pathways or any other road with or without drainage system",6999666.0,15.761372991595511,15.057946519666173,0.917949939299187,226,3464041.467798128,True,0.5168704032799091,2.0206646095519303,0,44190758.0,43,0.15839660410441478,7,
Shri Tapir Gao,Development of playground,2998889.0,14.913752444708727,13.761018831344273,0.606943052395259,18,946966.3434378215,True,1.2810408145309506,3.166837998817335,0,44190758.0,43,0.06786235710190805,3,
Shri Tapir Gao,Providing drains and gutters for public drainage,499185.0,13.12073204750898,13.81519145615997,0.5174368543789507,50,999680.9491032623,True,-0.9052561045295117,0.499344316251881,0,44190758.0,43,0.011296140247243553,1,
Shri Tapir Gao,Providing supply pipelines for drinking water,500000.0,13.122363377404328,13.120916330937414,0.6030149786341905,11,499277.00000000035,False,0.0,1.0014480939438422,0,44190758.0,43,0.011314583017562179,1,
Shrirang Appa Barne," Providing sports equipment, except consumable items",6976030.0,15.757990545020421,15.757990545020421,0.0,1,6976029.999999999,False,0.0,1.0000000000000002,0,6976030.0,7,1.0,7,
Smt Aparajita Sarangi,Construction of additional rooms and halls in the existing public and community building,2000000.0,14.508657738524219,13.81528000481769,0.6929616294384839,24,999769.4734287509,True,0.6749050185708311,2.0004611594520054,0,2300000.0,3,0.8695652173913043,2,
Smt Aparajita Sarangi,Construction of community centers and community halls,300000.0,12.611537753638338,14.21557510928233,0.7574997842031976,101,1491921.0000000002,True,-1.4282818542581255,0.20108303321690624,0,2300000.0,3,0.13043478260869565,1,
Smt Harsimrat Kaur Badal,Construction of additional rooms and halls in the existing public and community building,500000.0,13.122363377404328,13.81528000481769,0.6929616294384839,24,999769.4734287509,True,-0.6744561969023176,0.5001152898630014,0,15160938.0,51,0.03297948979146277,1,
Smt Harsimrat Kaur Badal,Construction of bus-sheds or bus-stops,650000.0,13.38472764187182,13.86558751291084,0.743540185445033,21,1051351.9999999995,True,-0.43621042865583876,0.6182515465800229,0,15160938.0,51,0.042873336728901604,3,
Smt Harsimrat Kaur Badal,Construction of community centers and community halls,849987.0,13.652976334231896,14.21557510928233,0.7574997842031976,101,1491921.0000000002,True,-0.5009544315193164,0.5697265471831282,0,15160938.0,51,0.056064275178752135,3,
Smt Harsimrat Kaur Badal,Construction of public irrigation facilities,373000.0,12.829333698625952,13.301473115158483,0.6899353615201456,11,598075.9999999995,False,0.0,0.6236665574274847,0,15160938.0,51,0.02460269938443123,1,
Smt Harsimrat Kaur Badal,"Construction of roads, link roads, pathways or any other road with or without drainage system",7751329.0,15.86337487049882,15.057946519666173,0.917949939299187,226,3464041.467798128,True,0.5918203154426657,2.237654794856434,0,15160938.0,51,0.5112697512515386,24,
Smt Harsimrat Kaur Badal,Construction of shelters for animals,1101450.0,13.912138051547867,13.122363377404328,0.7897746741435387,5,499999.9999999997,False,0.0,2.2029000000000014,0,15160938.0,51,0.07265051806161334,2,
Smt Harsimrat Kaur Badal,Construction of toilet blocks,60000.0,11.002099841204238,13.117262389458487,0.8898969247531294,11,497456.00000000035,False,0.0,0.1206136824161332,0,15160938.0,51,0.0039575387749755326,1,
Smt Harsimrat Kaur Badal,Crematoriums/energy efficient crematoriums or structures on burial/cremation ground,497640.0,13.117632203028426,13.126325517749349,0.5838245245570999,37,501985.0000000003,True,-0.010043498572983622,0.9913443628793683,0,15160938.0,51,0.03282382659964707,3,
Smt Harsimrat Kaur Badal,Fitting of Sitting RCC Benches in Public Places,99998.0,11.512905464770226,14.01401158997869,1.161518866872262,6,1219573.2860308138,False,0.0,0.08199425253520472,0,15160938.0,51,0.006595766040333388,1,
Smt Harsimrat Kaur Badal,Improvement of electricity distribution infrastructure,105791.0,11.569220728625433,12.864768028978977,0.8912752299478237,22,386453.9636230947,True,-0.9804453492324938,0.2737480009473446,0,15160938.0,51,0.006977866409057276,1,
Smt Harsimrat Kaur Badal,Installing community drinking water plants,580000.0,13.270783382522602,13.273726077636404,0.67248362567556,22,581709.2768729058,True,-0.0029515184882986122,0.9970616303695647,0,15160938.0,51,0.03825620815809681,4,
Smt Harsimrat Kaur Badal,Providing drains and gutters for public drainage,1241760.0,14.032040286087966,13.81519145615997,0.5174368543789507,50,999680.9491032623,True,0.2826712758255027,1.24215631108494,0,15160938.0,51,0.08190522248689362,3,
Smt Harsimrat Kaur Badal,Purchase of immovable sports equipment,149983.0,11.918277233322351,13.119992569258326,0.0023708081460025454,3,498815.99999999965,False,0.0,0.30067800551706464,0,15160938.0,51,0.009892725634785922,1,
Smt Harsimrat Kaur Badal,Purchase of mobile water tankers,1200000.0,13.997832114758229,15.03928598958639,0.8174433387947495,17,3399999.999999998,True,-0.8593386296441203,0.3529411764705884,0,15160938.0,51,0.07915077549951065,3,
Smt Hema Malini,"Construction of roads, link roads, pathways or any other road with or without drainage system",17454185.0,16.67509000593878,15.057946519666173,0.917949939299187,226,3464041.467798128,True,1.188260094361597,5.038676690869559,0,17454185.0,13,1.0,13,
Smt Himadri Singh,Construction of community centers and community halls,300000.0,12.611537753638338,14.21557510928233,0.7574997842031976,101,1491921.0000000002,True,-1.4282818542581255,0.20108303321690624,0,15726252.0,21,0.019076382598981628,1,
Smt Himadri Singh,Construction of culverts and bridges,10490540.0,16.165984456645266,13.951241645841687,0.828878268437359,42,1145373.8472655984,True,1.8022477880898964,9.159053199131908,0,15726252.0,21,0.667071849033069,10,
Smt Himadri Singh,"Construction of roads, link roads, pathways or any other road with or without drainage system",2000000.0,14.508657738524219,15.057946519666173,0.917949939299187,226,3464041.467798128,True,-0.4036116426600605,0.5773602939202901,0,15726252.0,21,0.12717588399321084,2,
Smt Himadri Singh,Street lights,2935712.0,14.892460571262093,14.893113691774463,1.2240634603534417,65,2937630.0000000014,True,-0.0003598912963761951,0.9993470927244066,0,15726252.0,21,0.1866758843747385,8,
Smt Poonamben Hematbhai Maadam,Construction of common work sheds/ common covered sitting area,298400.0,12.606190147311743,13.813291263073467,0.7598198476596352,54,997783.1659233379,True,-1.071556244666568,0.2990629729895912,0,796577.0,2,0.3746028318668503,1,
Smt Poonamben Hematbhai Maadam,"Construction of roads, link roads, pathways or any other road with or without drainage system",498177.0,13.11871071454621,15.057946519666173,0.917949939299187,226,3464041.467798128,True,-1.424930156378706,0.14381380957216416,0,796577.0,2,0.6253971681331497,1,
Smt Raksha Nikhil Khadse,Fitting of Sitting RCC Benches in Public Places,2974718.0,14.905659802553053,14.01401158997869,1.161518866872262,6,1219573.2860308138,False,0.0,2.4391465720616323,0,2974718.0,1,1.0,1,
Smt S Jothimani,Purchase of hospital equipment,1635000.0,14.30715336231349,14.038695543721623,0.6075665378155941,12,1250051.794126947,False,0.0,1.3079458048711543,0,4531175.0,7,0.3608335586244186,1,
Smt S Jothimani,"Purchase of smart boards, visual display units and projectors",2396280.0,14.689428092825437,14.776128822535135,0.889044091416876,10,2613311.6920872633,False,0.0,0.9169514709078123,0,4531175.0,7,0.5288429601593405,5,
Smt S Jothimani,Setting up of kitchen and pantries,499895.0,13.12215335535124,13.12215335535124,0.4161652492959078,5,499894.99999999977,False,0.0,1.0000000000000004,0,4531175.0,7,0.11032348121624082,1,
Smt Sajda Ahmed,Construction of boundary walls of existing public and community buildings,1199559.0,13.997464547213555,13.800753921547606,0.6784135446722939,62,985351.7091490725,True,0.1955758667462541,1.21739170781559,0,11410765.0,38,0.10512520413837284,3,
Smt Sajda Ahmed,Construction of common work sheds/ common covered sitting area,449480.0,13.015846638021838,13.813291263073467,0.7598198476596352,54,997783.1659233379,True,-0.7078999071346552,0.45047863639196195,0,11410765.0,38,0.0393908734427534,1,
Smt Sajda Ahmed,Construction of community centers and community halls,490498.0,13.103176480507274,14.21557510928233,0.7574997842031976,101,1491921.0000000002,True,-0.9905123285256348,0.3287694187560869,0,11410765.0,38,0.04298554917220712,1,
Smt Sajda Ahmed,Construction of culverts and bridges,2274137.0,14.637111197739978,13.951241645841687,0.828878268437359,42,1145373.8472655984,True,0.5581266035934911,1.9854975783052389,0,11410765.0,38,0.19929750546961575,5,
Smt Sajda Ahmed,"Construction of roads, link roads, pathways or any other road with or without drainage system",1945237.0,14.48089437851121,15.057946519666173,0.917949939299187,226,3464041.467798128,True,-0.4240118687803126,0.5615513030323116,0,11410765.0,38,0.170473846407318,6,
Smt Sajda Ahmed,Construction of rooms and halls in school and colleges,994325.0,13.809819393968983,13.889238600811138,0.7668752234068101,61,1076513.9999999993,True,-0.06985263492678671,0.9236526417677807,0,11410765.0,38,0.08713920582888177,1,
Smt Sajda Ahmed,Crematoriums/energy efficient crematoriums or structures on burial/cremation ground,149420.0,11.914516411529792,13.126325517749349,0.5838245245570999,37,501985.0000000003,True,-1.400018683293853,0.29765829656264614,0,11410765.0,38,0.013094652286678414,1,
Smt Sajda Ahmed,Installing tube-wells and borewells,258922.0,12.464282137023249,13.14725957257652,0.9530793891161249,32,512604.3466944067,True,-0.48334722746223674,0.5051108163044089,0,11410765.0,38,0.022691029041435874,2,
Smt Sajda Ahmed,Lighting of public spaces,1952802.0,14.484775822230786,14.80807765219108,1.280249166678587,95,2698152.0000000014,True,-0.1703317525868508,0.7237553703423673,0,11410765.0,38,0.1711368168567138,14,
Smt Sajda Ahmed,Providing drains and gutters for public drainage,498549.0,13.119457158438058,13.81519145615997,0.5174368543789507,50,999680.9491032623,True,-0.9069179743230136,0.49870811327074943,0,11410765.0,38,0.043691110981603776,2,
Smt Sajda Ahmed,Street lights,1197836.0,13.996027153461872,14.893113691774463,1.2240634603534417,65,2937630.0000000014,True,-0.4943247549576616,0.4077559120787844,0,11410765.0,38,0.10497420637441925,2,
Smt Satabdi Roy (Banerjee),Construction of bus-sheds or bus-stops,1051352.0,13.86558751291084,13.86558751291084,0.743540185445033,21,1051351.9999999995,True,0.0,1.0000000000000004,0,14315778.6,25,0.07344008519382941,1,
Smt Satabdi Roy (Banerjee),Construction of community centers and community halls,547500.0,13.213117740672793,14.21557510928233,0.7574997842031976,101,1491921.0000000002,True,-0.8926174095724299,0.36697653562085386,0,14315778.6,25,0.03824451434307597,2,
Smt Satabdi Roy (Banerjee),"Construction of roads, link roads, pathways or any other road with or without drainage system",2632740.0,14.783535686925878,15.057946519666173,0.917949939299187,226,3464041.467798128,True,-0.20163420548253017,0.7600197701078522,0,14315778.6,25,0.18390477203943348,6,
Smt Satabdi Roy (Banerjee),Construction of rooms and halls in school and colleges,298766.0,12.607415937279116,13.889238600811138,0.7668752234068101,61,1076513.9999999993,True,-1.127418594528909,0.2775309935588392,0,14315778.6,25,0.020869699675293944,1,
Smt Satabdi Roy (Banerjee),Construction of stadiums,4381277.0,15.29285079237087,13.46869440885903,0.45791030716805725,4,706935.2869959166,False,0.0,6.197564445563327,0,14315778.6,25,0.3060453170182445,1,
Smt Satabdi Roy (Banerjee),Crematoriums/energy efficient crematoriums or structures on burial/cremation ground,296679.0,12.600406025209786,13.126325517749349,0.5838245245570999,37,501985.0000000003,True,-0.6076015699872184,0.591011683616044,0,14315778.6,25,0.020723916476327736,1,
Smt Satabdi Roy (Banerjee),Installing community drinking water plants,1341506.0,14.109303421443107,13.273726077636404,0.67248362567556,22,581709.2768729058,True,0.8380827381952176,2.306145102604402,0,14315778.6,25,0.09370821088278077,4,
Smt Satabdi Roy (Banerjee),Lighting of public spaces,2669444.6,14.797380993757042,14.80807765219108,1.280249166678587,95,2698152.0000000014,True,-0.0056355405662769035,0.9893603473785015,0,14315778.6,25,0.18646869825159215,6,
Smt Satabdi Roy (Banerjee),Providing drains and gutters for public drainage,796514.0,13.587999985076701,13.81519145615997,0.5174368543789507,50,999680.9491032623,True,-0.2961533295296316,0.7967682096117688,0,14315778.6,25,0.05563888784924349,2,
Smt Satabdi Roy (Banerjee),Purchase of furniture and fixtures for educational purposes,300000.0,12.611537753638338,14.370339389617413,1.2488303877550573,16,1741642.8451321456,True,-0.9499382102644406,0.1722511597819803,0,14315778.6,25,0.020955898270178613,1,
Smt Veena Devi,Purchase Books for Library,30000000.0,17.216707939626428,15.393462169816473,0.38826439474949925,4,4845021.155784569,False,0.0,6.1919234272449755,0,76611000.0,24,0.3915886752555116,6,
Smt Veena Devi,Purchase of furniture and fixtures for educational purposes,4961000.0,15.417117891283185,14.370339389617413,1.2488303877550573,16,1741642.8451321456,True,0.5653706910854307,2.8484600122613477,0,76611000.0,24,0.06475571393141977,1,
Smt Veena Devi,Setting up of laboratories,41650000.0,17.544811926577125,16.012735135300492,0.8160960361180134,11,8999999.999999985,False,0.0,4.627777777777785,0,76611000.0,24,0.5436556108130686,17,
Sudip Bandyopadhyay,Construction of public irrigation facilities,2498863.0,14.73134638638554,13.301473115158483,0.6899353615201456,11,598075.9999999995,False,0.0,4.178169664056076,0,5493213.0,6,0.45490007396399884,1,
Sudip Bandyopadhyay,"Construction of roads, link roads, pathways or any other road with or without drainage system",499004.0,13.120369390733591,15.057946519666173,0.917949939299187,226,3464041.467798128,True,-1.4237113784906195,0.1440525480537002,0,5493213.0,6,0.09084009667930226,1,
Sudip Bandyopadhyay,Construction of rooms and halls in school and colleges,1199369.0,13.997306143126064,13.889238600811138,0.7668752234068101,61,1076513.9999999993,True,0.09505008776734196,1.1141229932913095,0,5493213.0,6,0.2183365181725158,1,
Sudip Bandyopadhyay,Lighting of public spaces,1295977.0,14.074775408823298,14.80807765219108,1.280249166678587,95,2698152.0000000014,True,-0.38634070306389395,0.48032023399719487,0,5493213.0,6,0.2359233111841831,3,
Sunil Dattatray Tatkare,Construction of community centers and community halls,8493670.0,15.954831738147021,14.21557510928233,0.7574997842031976,101,1491921.0000000002,True,1.5486850565947423,5.6931097558114665,0,9991072.0,7,0.8501259924860916,6,
Sunil Dattatray Tatkare,Development of public parks,1497402.0,14.219242164426287,14.219242164426287,1.096878787021959,13,1497402.0,False,0.0,1.0,0,9991072.0,7,0.14987400751390842,1,
Sunil Kumar,Construction of common work sheds/ common covered sitting area,8551934.0,15.961668014164253,13.813291263073467,0.7598198476596352,54,997783.1659233379,True,1.9071364390837258,8.57093433931222,0,9923611.0,13,0.8617764239247185,12,
Sunil Kumar,Construction of community centers and community halls,1371677.0,14.13154463681116,14.21557510928233,0.7574997842031976,101,1491921.0000000002,True,-0.07482319449295088,0.9194032391795542,0,9923611.0,13,0.13822357607528146,1,
Suresh Kumar Kashyap,Construction of boundary walls of existing public and community buildings,250000.0,12.429216196844383,13.800753921547606,0.6784135446722939,62,985351.7091490725,True,-1.3636257745402074,0.2537165132802117,0,5100000.0,22,0.049019607843137254,1,
Suresh Kumar Kashyap,Construction of community centers and community halls,1200000.0,13.997832114758229,14.21557510928233,0.7574997842031976,101,1491921.0000000002,True,-0.1938847414471469,0.804332132867625,0,5100000.0,22,0.23529411764705882,6,
Suresh Kumar Kashyap,Construction of footpaths and pedestrian ways,540000.0,13.199324418540456,13.691130308469193,0.49594380592756515,27,883043.9999999998,True,-0.6688722972081685,0.6115210567083862,0,5100000.0,22,0.10588235294117647,2,
Suresh Kumar Kashyap,"Construction of roads, link roads, pathways or any other road with or without drainage system",1560000.0,14.26019637922572,15.057946519666173,0.917949939299187,226,3464041.467798128,True,-0.5861784468746595,0.4503410292578262,0,5100000.0,22,0.3058823529411765,7,
Suresh Kumar Kashyap,Development of playfields and sports grounds,750000.0,13.527828485512494,13.699922696458536,0.5894825609725016,14,890842.2980528027,False,0.0,0.8418998532505081,0,5100000.0,22,0.14705882352941177,2,
Suresh Kumar Kashyap,Installing hand pumps,200000.0,12.206072645530174,12.206072645530174,0.3837169895705621,11,200000.00000000006,False,0.0,0.9999999999999997,0,5100000.0,22,0.0392156862745098,1,
Suresh Kumar Kashyap,Installing tube-wells and borewells,200000.0,12.206072645530174,13.14725957257652,0.9530793891161249,32,512604.3466944067,True,-0.6660836332653198,0.39016446366427643,0,5100000.0,22,0.0392156862745098,1,
Suresh Kumar Kashyap,Providing drains and gutters for public drainage,300000.0,12.611537753638338,13.81519145615997,0.5174368543789507,50,999680.9491032623,True,-1.569011591424571,0.30009574581681003,0,5100000.0,22,0.058823529411764705,1,
Suresh Kumar Kashyap,Street lights,100000.0,11.512925464970229,14.893113691774463,1.2240634603534417,65,2937630.0000000014,True,-1.8625970244395145,0.03404104669410373,0,5100000.0,22,0.0196078431372549,1,
Swami Sachchidanandhari Sakshi ji Maharaj,"Construction of roads, link roads, pathways or any other road with or without drainage system",8776638.0,15.987603976562816,15.057946519666173,0.917949939299187,226,3464041.467798128,True,0.6831025612960042,2.5336411476559935,0,8776638.0,9,1.0,9,
TANGELLA UDAY SRINIVAS,"Construction of flood control embankments/ protection walls along riverbanks, hilltops, roadsides",5958963.0,15.600407030614354,13.997832114758229,0.8758428073093434,19,1199999.9999999998,True,1.2341675603475901,4.965802500000001,0,5958963.0,1,1.0,1,
TANUJ PUNIA,Lighting of public spaces,11953957.0,16.296572911237565,14.80807765219108,1.280249166678587,95,2698152.0000000014,True,0.7842145719427055,4.430423860479318,0,11953957.0,1,1.0,1,
THARANIVENTHAN M S,"Construction of Government office buildings (Post office, Police station, Police chauki, etc.)",999121.0,13.814631171417242,13.815510557964274,0.0004396932735160064,4,999999.9999999995,False,0.0,0.9991210000000005,0,32343726.0,68,0.030890720506351062,1,
THARANIVENTHAN M S,Construction of buildings for community cultural activities,2548316.0,14.750943306822796,13.815510557964274,0.6944420185008866,25,999999.9999999995,True,0.9085702942732689,2.548316000000001,0,32343726.0,68,0.07878857247306634,3,
THARANIVENTHAN M S,Construction of community centers and community halls,2298237.0,14.647652865232248,14.21557510928233,0.7574997842031976,101,1491921.0000000002,True,0.3847346922940404,1.540454890037743,0,32343726.0,68,0.07105665562464882,4,
THARANIVENTHAN M S,Construction of culverts and bridges,299940.0,12.61133773363567,13.951241645841687,0.828878268437359,42,1145373.8472655984,True,-1.0903473081599544,0.26187082996181554,0,32343726.0,68,0.009273514127593092,1,
THARANIVENTHAN M S,"Construction of roads, link roads, pathways or any other road with or without drainage system",8394508.0,15.94308824046308,15.057946519666173,0.917949939299187,226,3464041.467798128,True,0.6503928647060185,2.423327803098113,0,32343726.0,68,0.25954053654795367,19,
THARANIVENTHAN M S,Lighting of public spaces,7800000.0,15.86963429165982,14.80807765219108,1.280249166678587,95,2698152.0000000014,True,0.5592817179325099,2.890867527107441,0,32343726.0,68,0.24115959923726785,22,
THARANIVENTHAN M S,Providing drains and gutters for public drainage,1298958.0,14.077072962566518,13.81519145615997,0.5174368543789507,50,999680.9491032623,True,0.3413732025006722,1.2993725659823732,0,32343726.0,68,0.040161050090518326,2,
THARANIVENTHAN M S,Purchase of hospital equipment,122976.0,11.719744493364571,14.038695543721623,0.6075665378155941,12,1250051.794126947,False,0.0,0.09837672373078597,0,32343726.0,68,0.0038021593430515705,2,
THARANIVENTHAN M S,"Purchase of vehicle for mobile dispensaries (Four, three and two wheelers)",456670.0,13.03171630837963,13.03171630837963,1.2039801035693678,3,456669.9999999996,False,0.0,1.0000000000000009,0,32343726.0,68,0.01411927617739527,1,
THARANIVENTHAN M S,Setting up of laboratories,8125000.0,15.910456286180075,16.012735135300492,0.8160960361180134,11,8999999.999999985,False,0.0,0.9027777777777792,0,32343726.0,68,0.251207915872154,13,
TOKHAN SAHU,Construction of buildings for community cultural activities,1998310.0,14.507812381310474,13.815510557964274,0.6944420185008866,25,999999.9999999995,True,0.672421263988386,1.998310000000001,0,15869717.0,27,0.12591969976528253,3,
TOKHAN SAHU,Construction of common work sheds/ common covered sitting area,1000000.0,13.815510557964274,13.813291263073467,0.7598198476596352,54,997783.1659233379,True,0.0019700912110418097,1.0022217593484959,0,15869717.0,27,0.06301309594871793,2,
TOKHAN SAHU,Construction of community centers and community halls,500000.0,13.122363377404328,14.21557510928233,0.7574997842031976,101,1491921.0000000002,True,-0.9734277534182294,0.3351383886948437,0,15869717.0,27,0.031506547974358964,1,
TOKHAN SAHU,"Construction of flood control embankments/ protection walls along riverbanks, hilltops, roadsides",697502.0,13.455260660057059,13.997832114758229,0.8758428073093434,19,1199999.9999999998,True,-0.41784261187256877,0.5812516666666668,0,15869717.0,27,0.04395176045042265,2,
TOKHAN SAHU,"Construction of roads, link roads, pathways or any other road with or without drainage system",10085905.0,16.12664946257782,15.057946519666173,0.917949939299187,226,3464041.467798128,True,0.7852717279378382,2.9116005376260614,0,15869717.0,27,0.6355440994946538,16,
TOKHAN SAHU,Installation of multi-gym equipment,988000.0,13.803437976730004,13.279020011816728,0.5307928328022182,12,584796.9733163806,False,0.0,1.6894752282951415,0,15869717.0,27,0.06225693879733331,2,
TOKHAN SAHU,Street lights,600000.0,13.304684934198283,14.893113691774463,1.2240634603534417,65,2937630.0000000014,True,-0.8752774931095271,0.2042462801646224,0,15869717.0,27,0.03780785756923075,1,
Thalikkottai Rajuthevar Baalu,Construction of community centers and community halls,11397373.0,16.24889344821318,14.21557510928233,0.7574997842031976,101,1491921.0000000002,True,1.8105262182371318,7.639394445148234,0,11397373.0,3,1.0,3,
Thirumaa Valavan Thol,"Construction of roads, link roads, pathways or any other road with or without drainage system",999472.0,13.814982418523188,15.057946519666173,0.917949939299187,226,3464041.467798128,True,-0.9133170016449996,0.28852772384255004,0,2848456.0,2,0.350882021698773,1,
Thirumaa Valavan Thol,Construction of water tanks,1848984.0,14.430146857005699,13.789690196386779,0.7455523627361185,12,974510.1333490579,False,0.0,1.8973471252122076,0,2848456.0,2,0.6491179783012271,1,
UMMEDA RAM BENIWAL,"Construction of roads, link roads, pathways or any other road with or without drainage system",600000.0,13.304684934198283,15.057946519666173,0.917949939299187,226,3464041.467798128,True,-1.2882782478322659,0.17320808817608702,0,10742567.0,28,0.05585257229487142,1,
UMMEDA RAM BENIWAL,Construction of rooms and halls in school and colleges,6330331.0,15.660863083432554,13.889238600811138,0.7668752234068101,61,1076513.9999999993,True,1.5582205253934056,5.880398211263397,0,10742567.0,28,0.5892754497132762,7,
UMMEDA RAM BENIWAL,Development of playground,962236.0,13.777015021806584,13.761018831344273,0.606943052395259,18,946966.3434378215,True,0.017776676780875123,1.0161248144329442,0,10742567.0,28,0.08957225959121316,1,
UMMEDA RAM BENIWAL,"Purchase of smart boards, visual display units and projectors",2850000.0,14.862829552244833,14.776128822535135,0.889044091416876,10,2613311.6920872633,False,0.0,1.0905702555992058,0,10742567.0,28,0.26529971840063926,19,
UTKARSH VERMA MADHUR,Construction of culverts and bridges,6798710.0,15.732243446267546,13.951241645841687,0.828878268437359,42,1145373.8472655984,True,1.4492908791684973,5.935799927884561,0,27553804.0,126,0.24674306313567448,1,
UTKARSH VERMA MADHUR,Lighting of public spaces,20755094.0,16.84830226848817,14.80807765219108,1.280249166678587,95,2698152.0000000014,True,1.074893496914004,7.692336829059293,0,27553804.0,126,0.7532569368643255,125,
V S Matheswaran,Construction of rainwater harvesting structures,1900000.0,14.457364444136669,14.457364444136669,0.8677274104742061,5,1900000.0,False,0.0,1.0,0,16574338.0,21,0.1146350460573448,1,
V S Matheswaran,"Construction of roads, link roads, pathways or any other road with or without drainage system",4224118.0,15.256321039584103,15.057946519666173,0.917949939299187,226,3464041.467798128,True,0.14576351929038414,1.219419005016994,0,16574338.0,21,0.2548589270956101,4,
V S Matheswaran,Construction of water tanks,2221000.0,14.613468102876565,13.789690196386779,0.7455523627361185,12,974510.1333490579,False,0.0,2.2790937969697485,0,16574338.0,21,0.13400233541755935,2,
V S Matheswaran,Installing tube-wells and borewells,459750.0,13.038438142466568,13.14725957257652,0.9530793891161249,32,512604.3466944067,True,-0.07701357877147355,0.8968905608482555,0,16574338.0,21,0.02773866443413909,1,
V S Matheswaran,Lighting of public spaces,3199574.0,14.978528233908035,14.80807765219108,1.280249166678587,95,2698152.0000000014,True,0.08980198570748162,1.1858390483560595,0,16574338.0,21,0.1930438488704647,8,
V S Matheswaran,Providing drains and gutters for public drainage,3815981.0,15.15470833250228,13.81519145615997,0.5174368543789507,50,999680.9491032623,True,1.7461147682982698,3.817198880725922,0,16574338.0,21,0.2302342935205014,3,
V S Matheswaran,"Purchase of IT systems, including hardware and software for educational purposes",176915.0,12.083424670221836,13.774841282306094,0.8346872078132384,20,960146.6213032259,True,-1.3668120155330086,0.18425831646407273,0,16574338.0,21,0.010674031143807976,1,
V S Matheswaran,Purchase of other aids / devices required for P/ M/ V/ H impaired for differently abled persons,577000.0,13.265597545490236,13.004513425707888,0.34614050233604754,6,444414.70497723145,False,0.0,1.298336876655693,0,16574338.0,21,0.034812853460572606,1,
V. SOMANNA,"Construction of roads, link roads, pathways or any other road with or without drainage system",2500000.0,14.73180128983843,15.057946519666173,0.917949939299187,226,3464041.467798128,True,-0.23964809855182423,0.7217003674003626,0,2500000.0,1,1.0,1,
VIJAYLAKSHMI DEVI,"Construction of roads, link roads, pathways or any other road with or without drainage system",5770242.0,15.568224578679303,15.057946519666173,0.917949939299187,226,3464041.467798128,True,0.3749469726716512,1.665754308555601,0,21344242.0,21,0.27034185613150374,5,
VIJAYLAKSHMI DEVI,Installation of multi-gym equipment,6947500.0,15.753892440598795,13.279020011816728,0.5307928328022182,12,584796.9733163806,False,0.0,11.880191445931676,0,21344242.0,21,0.32549762132569526,7,
VIJAYLAKSHMI DEVI,Lighting of public spaces,8626500.0,15.970349418804055,14.80807765219108,1.280249166678587,95,2698152.0000000014,True,0.6123435398238118,3.1971882977682484,0,21344242.0,21,0.404160522542801,9,
VINOD KUMAR BIND,Lighting of public spaces,19869455.0,16.80469418586799,14.80807765219108,1.280249166678587,95,2698152.0000000014,True,1.0519185538381814,7.364097723182382,0,19869455.0,167,1.0,167,
VIRENDRA SINGH,Construction of boundary walls of existing public and community buildings,998090.0,13.813598731588318,13.800753921547606,0.6784135446722939,62,985351.7091490725,True,0.012770712555046023,1.012927658959386,0,22813667.0,4,0.04374965234655174,1,
VIRENDRA SINGH,"Construction of roads, link roads, pathways or any other road with or without drainage system",2539577.0,14.747508089693083,15.057946519666173,0.917949939299187,226,3464041.467798128,True,-0.22810690654515342,0.7331254615766042,0,22813667.0,4,0.1113182286740663,1,
VIRENDRA SINGH,Lighting of public spaces,19276000.0,16.77437135674236,14.80807765219108,1.280249166678587,95,2698152.0000000014,True,1.03594295410528,7.144149032374748,0,22813667.0,4,0.8449321189793819,2,
VISHAL,"Construction of roads, link roads, pathways or any other road with or without drainage system",987448.0,13.802879116143073,15.057946519666173,0.917949939299187,226,3464041.467798128,True,-0.9222103814535113,0.2850566337555013,0,987448.0,1,1.0,1,
VISHWESHWAR HEGDE KAGERI,Construction of boundary walls of existing public and community buildings,800000.0,13.592367006650065,13.800753921547606,0.6784135446722939,62,985351.7091490725,True,-0.20718479930451209,0.8118928424966776,0,17700000.0,26,0.04519774011299435,1,
VISHWESHWAR HEGDE KAGERI,Construction of community centers and community halls,5100000.0,15.444751097694555,14.21557510928233,0.7574997842031976,101,1491921.0000000002,True,1.094494310722664,3.418411564687406,0,17700000.0,26,0.288135593220339,7,
VISHWESHWAR HEGDE KAGERI,"Construction of roads, link roads, pathways or any other road with or without drainage system",11200000.0,16.231424336265324,15.057946519666173,0.917949939299187,226,3464041.467798128,True,0.862259207621289,3.233217645953624,0,17700000.0,26,0.632768361581921,17,
VISHWESHWAR HEGDE KAGERI,Crematoriums/energy efficient crematoriums or structures on burial/cremation ground,600000.0,13.304684934198283,13.126325517749349,0.5838245245570999,37,501985.0000000003,True,0.20606093326769828,1.19525483829198,0,17700000.0,26,0.03389830508474576,1,
Vaithilingam Ve,Construction of boundary walls of existing public and community buildings,350000.0,12.765688433465597,13.800753921547606,0.6784135446722939,62,985351.7091490725,True,-1.0290945356177348,0.3552031185922964,0,8943830.0,6,0.03913312305801877,1,
Vaithilingam Ve,"Construction of roads, link roads, pathways or any other road with or without drainage system",6440336.0,15.678091270632569,15.057946519666173,0.917949939299187,226,3464041.467798128,True,0.4556758670807015,1.8591971429527125,0,8943830.0,6,0.720087032065681,3,
Vaithilingam Ve,Construction of rooms and halls in school and colleges,2153494.0,14.58260219731036,13.889238600811138,0.7668752234068101,61,1076513.9999999993,True,0.6098433376959348,2.0004328787177887,0,8943830.0,6,0.2407798448763002,2,
Vijay Baghel,Construction of community centers and community halls,4490837.0,15.317549656599356,14.21557510928233,0.7574997842031976,101,1491921.0000000002,True,0.9812304210055723,3.0101037521423715,0,6690837.0,9,0.6711921094475923,7,
Vijay Baghel,"Construction of roads, link roads, pathways or any other road with or without drainage system",2200000.0,14.603967918328545,15.057946519666173,0.917949939299187,226,3464041.467798128,True,-0.3335787209006259,0.635096323312319,0,6690837.0,9,0.3288078905524077,2,
Vijay Kumar Dubey,Construction of culverts and bridges,1049505.0,13.863829182404892,13.951241645841687,0.828878268437359,42,1145373.8472655984,True,-0.07113192471467737,0.9162990778124799,0,19294828.0,63,0.054393073625740536,1,
Vijay Kumar Dubey,"Construction of roads, link roads, pathways or any other road with or without drainage system",4779985.0,15.379947966387402,15.057946519666173,0.917949939299187,226,3464041.467798128,True,0.23660329013070547,1.3798867722672887,0,19294828.0,63,0.247734004159042,5,
Vijay Kumar Dubey,Lighting of public spaces,13465338.0,16.415629386029384,14.80807765219108,1.280249166678587,95,2698152.0000000014,True,0.8469395432507653,4.990577995605879,0,19294828.0,63,0.6978729222152175,57,
Vinod Chavda,Construction of common work sheds/ common covered sitting area,2211849.0,14.609339375279802,13.813291263073467,0.7598198476596352,54,997783.1659233379,True,0.7066602081230386,2.2167631961932113,0,2211849.0,5,1.0,5,
Virendra Kumar,Construction of buildings for community cultural activities,2400000.0,14.690979295318174,13.815510557964274,0.6944420185008866,25,999999.9999999995,True,0.8503282457186911,2.4000000000000012,0,2635000.0,5,0.9108159392789373,4,
Virendra Kumar,"Construction of rooms and facilities for hospitals, FWC , PHC Centers and ANM centers",235000.0,12.367340793126296,13.122363377404328,0.5108256237659905,13,499999.9999999997,False,0.0,0.47000000000000025,0,2635000.0,5,0.08918406072106262,1,
Vishnu Dayal Ram,"Construction of flood control embankments/ protection walls along riverbanks, hilltops, roadsides",400000.0,12.89921982609012,13.997832114758229,0.8758428073093434,19,1199999.9999999998,True,-0.8460581996249894,0.33333333333333337,0,12787887.0,29,0.031279600765943584,1,
Vishnu Dayal Ram,Construction of public irrigation facilities,598076.0,13.301473115158483,13.301473115158483,0.6899353615201456,11,598075.9999999995,False,0.0,1.0000000000000009,0,12787887.0,29,0.046768946269231185,2,
Vishnu Dayal Ram,Construction of rainwater harvesting structures,749600.0,13.52729500990635,14.457364444136669,0.8677274104742061,5,1900000.0,False,0.0,0.39452631578947367,0,12787887.0,29,0.05861797183537828,1,
Vishnu Dayal Ram,"Construction of roads, link roads, pathways or any other road with or without drainage system",8893178.0,16.000795023924184,15.057946519666173,0.917949939299187,226,3464041.467798128,True,0.6927952047227632,2.5672839319827285,0,12787887.0,29,0.6954376434511815,19,
Vishnu Dayal Ram,Crematoriums/energy efficient crematoriums or structures on burial/cremation ground,399087.0,12.896934717216402,13.126325517749349,0.5838245245570999,37,501985.0000000003,True,-0.2650181492064749,0.7950177794157192,0,12787887.0,29,0.03120820507719532,1,
Vishnu Dayal Ram,Installing community drinking water plants,1397946.0,14.150514574420423,13.273726077636404,0.67248362567556,22,581709.2768729058,True,0.8794174586581524,2.40316951367002,0,12787887.0,29,0.10931798193086942,3,
Vishnu Dayal Ram,Installing hand pumps,150000.0,11.918390573078392,12.206072645530174,0.3837169895705621,11,200000.00000000006,False,0.0,0.7499999999999998,0,12787887.0,29,0.011729850287228843,1,
Vishnu Dayal Ram,"Patrolling Vehicles to government institution for Public Conveniences, Safety and Security",200000.0,12.206072645530174,13.965209916774299,0.7863940003603105,3,1161485.0000000007,False,0.0,0.17219335591936175,0,12787887.0,29,0.015639800382971792,1,
Vishnu Dutt Sharma,"Construction of roads, link roads, pathways or any other road with or without drainage system",2422881.0,14.700467885922352,15.057946519666173,0.917949939299187,226,3464041.467798128,True,-0.26267155553634064,0.6994376431469431,0,4909947.0,3,0.49346377873325314,1,
Vishnu Dutt Sharma,Construction of rooms and halls in school and colleges,1500000.0,14.22097566607244,13.889238600811138,0.7668752234068101,61,1076513.9999999993,True,0.2917771283895678,1.3933864306455848,0,4909947.0,3,0.30550227935250623,1,
Vishnu Dutt Sharma,Improvement of electricity distribution infrastructure,987066.0,13.802492185480878,12.864768028978977,0.8912752299478237,22,386453.9636230947,True,0.7096516567587757,2.5541619259019352,0,4909947.0,3,0.20103394191424062,1,
Y S Avinash Reddy,Construction of boundary walls of existing public and community buildings,910233.0,13.721455889675417,13.800753921547606,0.6784135446722939,62,985351.7091490725,True,-0.07884058760004359,0.9237645721303479,0,13525414.0,18,0.06729797697874534,2,
Y S Avinash Reddy,Construction of community centers and community halls,2958817.0,14.900300084251873,14.21557510928233,0.7574997842031976,101,1491921.0000000002,True,0.6096991778060586,1.9832263236458227,0,13525414.0,18,0.21875981023575322,5,
Y S Avinash Reddy,Construction of culverts and bridges,498947.0,13.120255156667866,13.951241645841687,0.828878268437359,42,1145373.8472655984,True,-0.6762155654103759,0.4356193405246315,0,13525414.0,18,0.036889591697525856,1,
Y S Avinash Reddy,Construction of road under bridge,997949.0,13.81345745178343,13.779028614409551,0.3207931276610303,6,964175.5033213604,False,0.0,1.0350283704183498,0,13525414.0,18,0.07378324981401678,2,
Y S Avinash Reddy,"Construction of roads, link roads, pathways or any other road with or without drainage system",3684097.0,15.119536006086708,15.057946519666173,0.917949939299187,226,3464041.467798128,True,0.045255309480565706,1.0635256633754293,0,13525414.0,18,0.27238330745365724,3,
Y S Avinash Reddy,Construction of rooms and halls in school and colleges,1479497.0,14.207212723108281,13.889238600811138,0.7668752234068101,61,1076513.9999999993,True,0.2796720234833422,1.3743406959872337,0,13525414.0,18,0.10938644835566586,3,
Y S Avinash Reddy,Crematoriums/energy efficient crematoriums or structures on burial/cremation ground,498966.0,13.12029323613973,13.126325517749349,0.5838245245570999,37,501985.0000000003,True,-0.006969172712938635,0.9939858760719936,0,13525414.0,18,0.03689099646044106,1,
Y S Avinash Reddy,Providing drains and gutters for public drainage,2496908.0,14.73056372437009,13.81519145615997,0.5174368543789507,50,999680.9491032623,True,1.1932250083902054,2.4977048949865317,0,13525414.0,18,0.18460861900419462,1,
YADUVEER KRISHNADATTA CHAMARAJA WADIYAR,Construction of community centers and community halls,500000.0,13.122363377404328,14.21557510928233,0.7574997842031976,101,1491921.0000000002,True,-0.9734277534182294,0.3351383886948437,0,8200000.0,11,0.06097560975609756,1,
YADUVEER KRISHNADATTA CHAMARAJA WADIYAR,"Construction of roads, link roads, pathways or any other road with or without drainage system",2200000.0,14.603967918328545,15.057946519666173,0.917949939299187,226,3464041.467798128,True,-0.3335787209006259,0.635096323312319,0,8200000.0,11,0.2682926829268293,5,
YADUVEER KRISHNADATTA CHAMARAJA WADIYAR,Construction of rooms and halls in school and colleges,4500000.0,15.319587954740548,13.889238600811138,0.7668752234068101,61,1076513.9999999993,True,1.2580542567791342,4.1801592919367545,0,8200000.0,11,0.5487804878048781,3,
YADUVEER KRISHNADATTA CHAMARAJA WADIYAR,Providing drains and gutters for public drainage,500000.0,13.122363377404328,13.81519145615997,0.5174368543789507,50,999680.9491032623,True,-0.9031295996137902,0.50015957636135,0,8200000.0,11,0.06097560975609756,1,
YADUVEER KRISHNADATTA CHAMARAJA WADIYAR,Street lights,500000.0,13.122363377404328,14.893113691774463,1.2240634603534417,65,2937630.0000000014,True,-0.9757427827294084,0.17020523347051866,0,8200000.0,11,0.06097560975609756,1,
