MP_Name,State,Constituency,Allocated_Amount,Total_Fund_Utilized,Balance_Allocated_Limit,Utilization_Percent,pace_band,pace_note
Arvind Ganpat Sawant,Maharashtra,MUMBAI SOUTH,147000000.0,0.0,147000000.0,0.0,Low utilization,Large unspent balance relative to allocation — worth checking for delayed fund release or stalled project pipeline.
Bidyut Baran Mahato,Jharkhand,JAMSHEDPUR,147000000.0,0.0,147000000.0,0.0,Low utilization,Large unspent balance relative to allocation — worth checking for delayed fund release or stalled project pipeline.
Prof SP Singh Baghel,Uttar Pradesh,AGRA(SC),147000000.0,0.0,147000000.0,0.0,Low utilization,Large unspent balance relative to allocation — worth checking for delayed fund release or stalled project pipeline.
KALI CHARAN MUNDA,Jharkhand,KHUNTI(ST),147000000.0,0.0,147000000.0,0.0,Low utilization,Large unspent balance relative to allocation — worth checking for delayed fund release or stalled project pipeline.
Sanjay Seth,Jharkhand,RANCHI,147064357.11,0.0,147064357.11,0.0,Low utilization,Large unspent balance relative to allocation — worth checking for delayed fund release or stalled project pipeline.
Nishikant Dubey,Jharkhand,GODDA,147000000.0,0.0,147000000.0,0.0,Low utilization,Large unspent balance relative to allocation — worth checking for delayed fund release or stalled project pipeline.
KANWAR SINGH TANWAR,Uttar Pradesh,AMROHA,147000000.0,0.0,147000000.0,0.0,Low utilization,Large unspent balance relative to allocation — worth checking for delayed fund release or stalled project pipeline.
JOBA MAJHI,Jharkhand,SINGHBHUM(ST),147000000.0,0.0,147000000.0,0.0,Low utilization,Large unspent balance relative to allocation — worth checking for delayed fund release or stalled project pipeline.
SUKHDEO BHAGAT,Jharkhand,LOHARDAGA(ST),171821957.11,0.0,171821957.11,0.0,Low utilization,Large unspent balance relative to allocation — worth checking for delayed fund release or stalled project pipeline.
Vijay Kumar Hansdak,Jharkhand,RAJMAHAL(ST),147223957.11,0.0,147223957.11,0.0,Low utilization,Large unspent balance relative to allocation — worth checking for delayed fund release or stalled project pipeline.
Kakoli Ghosh Dastidar,West Bengal,BARASAT,147000000.0,0.0,147000000.0,0.0,Low utilization,Large unspent balance relative to allocation — worth checking for delayed fund release or stalled project pipeline.
Mukesh Rajput,Uttar Pradesh,FARRUKHABAD,147000000.0,0.0,147000000.0,0.0,Low utilization,Large unspent balance relative to allocation — worth checking for delayed fund release or stalled project pipeline.
Jagannath Sarkar,West Bengal,RANAGHAT(SC),147000000.0,0.0,147000000.0,0.0,Low utilization,Large unspent balance relative to allocation — worth checking for delayed fund release or stalled project pipeline.
JAGADISH CHANDRA BARMA BASUNIA,West Bengal,COOCHBEHAR(SC),168604641.11,0.0,168604641.11,0.0,Low utilization,Large unspent balance relative to allocation — worth checking for delayed fund release or stalled project pipeline.
NIMUBEN JAYANTIBHAI BAMBHANIYA,Gujarat,BHAVNAGAR,147000000.0,0.0,147000000.0,0.0,Low utilization,Large unspent balance relative to allocation — worth checking for delayed fund release or stalled project pipeline.
PATEL UMESHBHAI BABUBHAI,The Dadra And Nagar Haveli And Daman And Diu,DAMAN and DIU,245063957.0,0.0,245063957.0,0.0,Low utilization,Large unspent balance relative to allocation — worth checking for delayed fund release or stalled project pipeline.
Dr Jayanta Kumar Roy,West Bengal,JALPAIGURI(SC),147000000.0,0.0,147000000.0,0.0,Low utilization,Large unspent balance relative to allocation — worth checking for delayed fund release or stalled project pipeline.
Kalaben Mohanbhai Delkar,The Dadra And Nagar Haveli And Daman And Diu,DADRA & NAGAR HAVELI (ST),269500000.0,0.0,269500000.0,0.0,Low utilization,Large unspent balance relative to allocation — worth checking for delayed fund release or stalled project pipeline.
Dr Mohammad Jawed,Bihar,KISHANGANJ,148669229.11,0.0,148669229.11,0.0,Low utilization,Large unspent balance relative to allocation — worth checking for delayed fund release or stalled project pipeline.
TARIQ ANWAR,Bihar,KATIHAR,147000000.0,0.0,147000000.0,0.0,Low utilization,Large unspent balance relative to allocation — worth checking for delayed fund release or stalled project pipeline.
VIJAYLAKSHMI DEVI,Bihar,SIWAN,147000000.0,0.0,147000000.0,0.0,Low utilization,Large unspent balance relative to allocation — worth checking for delayed fund release or stalled project pipeline.
Ashok Kumar Yadav,Bihar,MADHUBANI,147000000.0,0.0,147000000.0,0.0,Low utilization,Large unspent balance relative to allocation — worth checking for delayed fund release or stalled project pipeline.
ABHAY KUMAR SINHA,Bihar,AURANGABAD_BR,147000000.0,0.0,147000000.0,0.0,Low utilization,Large unspent balance relative to allocation — worth checking for delayed fund release or stalled project pipeline.
Ravi Shankar Prasad,Bihar,PATNA SAHIB,147000000.0,0.0,147000000.0,0.0,Low utilization,Large unspent balance relative to allocation — worth checking for delayed fund release or stalled project pipeline.
MANISH JAISWAL,Jharkhand,HAZARIBAGH,147000000.0,0.0,147000000.0,0.0,Low utilization,Large unspent balance relative to allocation — worth checking for delayed fund release or stalled project pipeline.
SK NURUL ISLAM,West Bengal,BASIRHAT,49000000.0,0.0,49000000.0,0.0,Low utilization,Large unspent balance relative to allocation — worth checking for delayed fund release or stalled project pipeline.
Harsh Malhotra,Delhi,EAST DELHI,147134131.0,0.0,147134131.0,0.0,Low utilization,Large unspent balance relative to allocation — worth checking for delayed fund release or stalled project pipeline.
Yogendra Chandoliya,Delhi,NORTH WEST DELHI(SC),147876307.0,0.0,147876307.0,0.0,Low utilization,Large unspent balance relative to allocation — worth checking for delayed fund release or stalled project pipeline.
Praveen Khandelwal,Delhi,CHANDINI CHOWK,147470276.0,0.0,147470276.0,0.0,Low utilization,Large unspent balance relative to allocation — worth checking for delayed fund release or stalled project pipeline.
CAPTAIN VIRIATO FERNANDES,Goa,SOUTH GOA,147000000.0,0.0,147000000.0,0.0,Low utilization,Large unspent balance relative to allocation — worth checking for delayed fund release or stalled project pipeline.
ADHIKARI SOUMENDU,West Bengal,KANTHI,147000000.0,0.0,147000000.0,0.0,Low utilization,Large unspent balance relative to allocation — worth checking for delayed fund release or stalled project pipeline.
ARUP CHAKRABORTY,West Bengal,BANKURA,147000000.0,0.0,147000000.0,0.0,Low utilization,Large unspent balance relative to allocation — worth checking for delayed fund release or stalled project pipeline.
Khagen Murmu,West Bengal,MALDAHA UTTAR,147000000.0,0.0,147000000.0,0.0,Low utilization,Large unspent balance relative to allocation — worth checking for delayed fund release or stalled project pipeline.
P C Mohan,Karnataka,BANGALORE CENTRAL,159995711.11,0.0,159995711.11,0.0,Low utilization,Large unspent balance relative to allocation — worth checking for delayed fund release or stalled project pipeline.
Shri Satish Kumar Gautam,Uttar Pradesh,ALIGARH,147000000.0,0.0,147000000.0,0.0,Low utilization,Large unspent balance relative to allocation — worth checking for delayed fund release or stalled project pipeline.
DR. PRABHA MALLIKARJUN,Karnataka,DAVANAGERE,147000000.0,0.0,147000000.0,0.0,Low utilization,Large unspent balance relative to allocation — worth checking for delayed fund release or stalled project pipeline.
Smt Raksha Nikhil Khadse,Maharashtra,RAVER,153112586.11,0.0,153112586.11,0.0,Low utilization,Large unspent balance relative to allocation — worth checking for delayed fund release or stalled project pipeline.
NARESH GANPAT MHASKE,Maharashtra,THANE,147000000.0,0.0,147000000.0,0.0,Low utilization,Large unspent balance relative to allocation — worth checking for delayed fund release or stalled project pipeline.
SMITA UDAY WAGH,Maharashtra,JALGAON,148107373.11,0.0,148107373.11,0.0,Low utilization,Large unspent balance relative to allocation — worth checking for delayed fund release or stalled project pipeline.
Bhola Singh,Uttar Pradesh,BULANDSHAHR(SC),147000000.0,0.0,147000000.0,0.0,Low utilization,Large unspent balance relative to allocation — worth checking for delayed fund release or stalled project pipeline.
Rajkumar Chahar,Uttar Pradesh,FATEHPUR SIKRI,147000000.0,0.0,147000000.0,0.0,Low utilization,Large unspent balance relative to allocation — worth checking for delayed fund release or stalled project pipeline.
ZIA UR REHMAN,Uttar Pradesh,SAMBHAL,147000000.0,0.0,147000000.0,0.0,Low utilization,Large unspent balance relative to allocation — worth checking for delayed fund release or stalled project pipeline.
Prataprao Jadhav,Maharashtra,BULDHANA,147000000.0,0.0,147000000.0,0.0,Low utilization,Large unspent balance relative to allocation — worth checking for delayed fund release or stalled project pipeline.
Pankaj Chowdhary,Uttar Pradesh,MAHARAJGANJ_UP,147000000.0,0.0,147000000.0,0.0,Low utilization,Large unspent balance relative to allocation — worth checking for delayed fund release or stalled project pipeline.
MOHITE PATIL DHAIRYASHEEL RAJSINH,Maharashtra,MADHA,195613601.7,0.0,195613601.7,0.0,Low utilization,Large unspent balance relative to allocation — worth checking for delayed fund release or stalled project pipeline.
Ashok Kumar Rawat,Uttar Pradesh,MISRIKH(SC),147000000.0,0.0,147000000.0,0.0,Low utilization,Large unspent balance relative to allocation — worth checking for delayed fund release or stalled project pipeline.
MALAIYARASAN D,Tamil Nadu,KALLAKURICHI,201599593.0,0.0,201599593.0,0.0,Low utilization,Large unspent balance relative to allocation — worth checking for delayed fund release or stalled project pipeline.
ANIL YESHWANT DESAI,Maharashtra,MUMBAI SOUTH CENTRAL,147000000.0,0.0,147000000.0,0.0,Low utilization,Large unspent balance relative to allocation — worth checking for delayed fund release or stalled project pipeline.
Smt Anupriya Patel,Uttar Pradesh,MIRZAPUR,147000000.0,0.0,147000000.0,0.0,Low utilization,Large unspent balance relative to allocation — worth checking for delayed fund release or stalled project pipeline.
RACHNA BANERJEE,West Bengal,HOOGHLY,147000000.0,0.0,147000000.0,0.0,Low utilization,Large unspent balance relative to allocation — worth checking for delayed fund release or stalled project pipeline.
AKSHAYA YADAV,Uttar Pradesh,FIROZABAD,147000000.0,0.0,147000000.0,0.0,Low utilization,Large unspent balance relative to allocation — worth checking for delayed fund release or stalled project pipeline.
Giriraj Singh,Bihar,BEGUSARAI,147000000.0,0.0,147000000.0,0.0,Low utilization,Large unspent balance relative to allocation — worth checking for delayed fund release or stalled project pipeline.
Shrikant Eknath Shinde,Maharashtra,KALYAN,147000000.0,0.0,147000000.0,0.0,Low utilization,Large unspent balance relative to allocation — worth checking for delayed fund release or stalled project pipeline.
UTKARSH VERMA MADHUR,Uttar Pradesh,KHERI,147000000.0,0.0,147000000.0,0.0,Low utilization,Large unspent balance relative to allocation — worth checking for delayed fund release or stalled project pipeline.
RADHAKRISHNA,Karnataka,GULBARGA(SC),147000000.0,0.0,147000000.0,0.0,Low utilization,Large unspent balance relative to allocation — worth checking for delayed fund release or stalled project pipeline.
RUCHI VIRA,Uttar Pradesh,MORADABAD,147000000.0,0.0,147000000.0,0.0,Low utilization,Large unspent balance relative to allocation — worth checking for delayed fund release or stalled project pipeline.
DR. PRADEEP KUMAR PANIGRAHY,Odisha,BERHAMPUR,147000000.0,0.0,147000000.0,0.0,Low utilization,Large unspent balance relative to allocation — worth checking for delayed fund release or stalled project pipeline.
Jai Prakash,Uttar Pradesh,HARDOI (SC),147000000.0,0.0,147000000.0,0.0,Low utilization,Large unspent balance relative to allocation — worth checking for delayed fund release or stalled project pipeline.
DR RANI SRI KUMAR,Tamil Nadu,TENKASI(SC),153060922.82,0.0,153060922.82,0.0,Low utilization,Large unspent balance relative to allocation — worth checking for delayed fund release or stalled project pipeline.
Ravindra Shyamnarayan Alias Ravi Kishan Shukla,Uttar Pradesh,GORAKHPUR,147000000.0,0.0,147000000.0,0.0,Low utilization,Large unspent balance relative to allocation — worth checking for delayed fund release or stalled project pipeline.
Smt Sandhya Ray,Madhya Pradesh,BHIND(SC),147000000.0,0.0,147000000.0,0.0,Low utilization,Large unspent balance relative to allocation — worth checking for delayed fund release or stalled project pipeline.
DEVESH SHAKYA,Uttar Pradesh,ETAH,147000000.0,0.0,147000000.0,0.0,Low utilization,Large unspent balance relative to allocation — worth checking for delayed fund release or stalled project pipeline.
Asaduddin Owaisi,Telangana,HYDERABAD,147000000.0,0.0,147000000.0,0.0,Low utilization,Large unspent balance relative to allocation — worth checking for delayed fund release or stalled project pipeline.
SHIVMANGAL SINGH TOMAR,Madhya Pradesh,MORENA,147000000.0,0.0,147000000.0,0.0,Low utilization,Large unspent balance relative to allocation — worth checking for delayed fund release or stalled project pipeline.
ANAND KUMAR,Uttar Pradesh,BAHRAICH(SC),147000000.0,0.0,147000000.0,0.0,Low utilization,Large unspent balance relative to allocation — worth checking for delayed fund release or stalled project pipeline.
ALFRED KANNGAM S ARTHUR,Manipur,OUTER MANIPUR(ST),147000000.0,0.0,147000000.0,0.0,Low utilization,Large unspent balance relative to allocation — worth checking for delayed fund release or stalled project pipeline.
ANGOMCHA BIMOL AKOIJAM,Manipur,INNER MANIPUR,147000000.0,0.0,147000000.0,0.0,Low utilization,Large unspent balance relative to allocation — worth checking for delayed fund release or stalled project pipeline.
JYOTIRADITYA M. SCINDIA,Madhya Pradesh,GUNA,147000000.0,0.0,147000000.0,0.0,Low utilization,Large unspent balance relative to allocation — worth checking for delayed fund release or stalled project pipeline.
Pratap Chandra Sarangi,Odisha,BALASORE,147064254.11,0.0,147064254.11,0.0,Low utilization,Large unspent balance relative to allocation — worth checking for delayed fund release or stalled project pipeline.
Dileshwar Kamait,Bihar,SUPAUL,150450930.89,0.0,150450930.89,0.0,Low utilization,Large unspent balance relative to allocation — worth checking for delayed fund release or stalled project pipeline.
ANOOP PRADHAN BALMIKI,Uttar Pradesh,HATHRAS (SC),147000000.0,0.0,147000000.0,0.0,Low utilization,Large unspent balance relative to allocation — worth checking for delayed fund release or stalled project pipeline.
T Sumathy (A) Thamizhachi Thangapandian,Tamil Nadu,CHENNAI SOUTH,147000000.0,0.0,147000000.0,0.0,Low utilization,Large unspent balance relative to allocation — worth checking for delayed fund release or stalled project pipeline.
Shri Tapir Gao,Arunachal Pradesh,ARUNACHAL EAST,147000000.0,0.0,147000000.0,0.0,Low utilization,Large unspent balance relative to allocation — worth checking for delayed fund release or stalled project pipeline.
Rajiv Ranjan (Lalan) Singh,Bihar,MUNGER,147000000.0,0.0,147000000.0,0.0,Low utilization,Large unspent balance relative to allocation — worth checking for delayed fund release or stalled project pipeline.
Sunil Kumar,Bihar,VALMIKI NAGAR,147000000.0,0.0,147000000.0,0.0,Low utilization,Large unspent balance relative to allocation — worth checking for delayed fund release or stalled project pipeline.
Sanjay Jaiswal,Bihar,PASCHIM CHAMPARAN,147000000.0,0.0,147000000.0,0.0,Low utilization,Large unspent balance relative to allocation — worth checking for delayed fund release or stalled project pipeline.
Sudip Bandyopadhyay,West Bengal,KOLKATA UTTAR,147000000.0,0.0,147000000.0,0.0,Low utilization,Large unspent balance relative to allocation — worth checking for delayed fund release or stalled project pipeline.
HARISH CHANDRA MEENA,Rajasthan,TONK-SAWAI MADHOPUR,147000000.0,0.0,147000000.0,0.0,Low utilization,Large unspent balance relative to allocation — worth checking for delayed fund release or stalled project pipeline.
MISHA BHARTI,Bihar,PATALIPUTRA,147000000.0,0.0,147000000.0,0.0,Low utilization,Large unspent balance relative to allocation — worth checking for delayed fund release or stalled project pipeline.
Gajendra Singh Shekhawat,Rajasthan,JODHPUR,147000000.0,0.0,147000000.0,0.0,Low utilization,Large unspent balance relative to allocation — worth checking for delayed fund release or stalled project pipeline.
KUNDURU RAGHUVEER,Telangana,NALGONDA,162952022.0,0.0,162952022.0,0.0,Low utilization,Large unspent balance relative to allocation — worth checking for delayed fund release or stalled project pipeline.
Ajay Kumar Mandal,Bihar,BHAGALPUR,147000000.0,0.0,147000000.0,0.0,Low utilization,Large unspent balance relative to allocation — worth checking for delayed fund release or stalled project pipeline.
BASTIPATI NAGARAJU PANCHALINGALA,Andhra Pradesh,KURNOOL,159998515.11,0.0,159998515.11,0.0,Low utilization,Large unspent balance relative to allocation — worth checking for delayed fund release or stalled project pipeline.
RAJ BHUSHAN CHOUDHARY,Bihar,MUZAFFARPUR,147000000.0,0.0,147000000.0,0.0,Low utilization,Large unspent balance relative to allocation — worth checking for delayed fund release or stalled project pipeline.
Bhupathiraju Srinivasa varma,Andhra Pradesh,NARASAPURAM,147000000.0,0.0,147000000.0,0.0,Low utilization,Large unspent balance relative to allocation — worth checking for delayed fund release or stalled project pipeline.
Rajiv Pratap Rudy,Bihar,SARAN,147000000.0,0.0,147000000.0,0.0,Low utilization,Large unspent balance relative to allocation — worth checking for delayed fund release or stalled project pipeline.
Smt Veena Devi,Bihar,VAISHALI,147000000.0,0.0,147000000.0,0.0,Low utilization,Large unspent balance relative to allocation — worth checking for delayed fund release or stalled project pipeline.
Shri Jyotirmay Singh Mahato,West Bengal,PURULIA,147000000.0,0.0,147000000.0,0.0,Low utilization,Large unspent balance relative to allocation — worth checking for delayed fund release or stalled project pipeline.
Shri Shantanu Thakur,West Bengal,BANGAON(SC),147000000.0,0.0,147000000.0,0.0,Low utilization,Large unspent balance relative to allocation — worth checking for delayed fund release or stalled project pipeline.
Shatrughan Sinha,West Bengal,ASANSOL,147000000.0,0.0,147000000.0,0.0,Low utilization,Large unspent balance relative to allocation — worth checking for delayed fund release or stalled project pipeline.
Prof Sougata Ray,West Bengal,DUM DUM,147000000.0,0.0,147000000.0,0.0,Low utilization,Large unspent balance relative to allocation — worth checking for delayed fund release or stalled project pipeline.
Ramprit Mandal,Bihar,JHANJHARPUR,147000000.0,0.0,147000000.0,0.0,Low utilization,Large unspent balance relative to allocation — worth checking for delayed fund release or stalled project pipeline.
Lavu Sri Krishna Devarayalu,Andhra Pradesh,NARASARAOPET,174009663.11,0.0,174009663.11,0.0,Low utilization,Large unspent balance relative to allocation — worth checking for delayed fund release or stalled project pipeline.
Dinesh Chandra Yadav,Bihar,MADHEPURA,150070866.11,0.0,150070866.11,0.0,Low utilization,Large unspent balance relative to allocation — worth checking for delayed fund release or stalled project pipeline.
Mr Gopal Jee Thakur,Bihar,DARBHANGA,147000000.0,0.0,147000000.0,0.0,Low utilization,Large unspent balance relative to allocation — worth checking for delayed fund release or stalled project pipeline.
RAJESH VERMA,Bihar,KHAGARIA,147000000.0,0.0,147000000.0,0.0,Low utilization,Large unspent balance relative to allocation — worth checking for delayed fund release or stalled project pipeline.
Radha Mohan Singh,Bihar,PURVI CHAMPARAN,147000000.0,0.0,147000000.0,0.0,Low utilization,Large unspent balance relative to allocation — worth checking for delayed fund release or stalled project pipeline.
Shripad Yesso Naik,Goa,NORTH GOA,147000000.0,61425.0,146938575.0,0.04,Low utilization,Large unspent balance relative to allocation — worth checking for delayed fund release or stalled project pipeline.
PARIMAL SUKLABAIDYA,Assam,SILCHAR,148300157.11,112320.0,148187837.11,0.08,Low utilization,Large unspent balance relative to allocation — worth checking for delayed fund release or stalled project pipeline.
Anurag Singh Thakur,Himachal Pradesh,HAMIRPUR_HP,149570117.11,140000.0,149430117.11,0.09,Low utilization,Large unspent balance relative to allocation — worth checking for delayed fund release or stalled project pipeline.
Pradyut Bordoloi,Assam,NOWGONG,98000000.0,95760.0,97904240.0,0.1,Low utilization,Large unspent balance relative to allocation — worth checking for delayed fund release or stalled project pipeline.
CHHATRA PAL SINGH GANGWAR,Uttar Pradesh,BAREILLY,147000000.0,182446.0,146817554.0,0.12,Low utilization,Large unspent balance relative to allocation — worth checking for delayed fund release or stalled project pipeline.
BHAJAN LAL JATAV,Rajasthan,KARAULI-DHOLPUR(SC),147000000.0,213028.0,146786972.0,0.14,Low utilization,Large unspent balance relative to allocation — worth checking for delayed fund release or stalled project pipeline.
Kirti Vardhan Singh,Uttar Pradesh,GONDA,147000000.0,252857.0,146747143.0,0.17,Low utilization,Large unspent balance relative to allocation — worth checking for delayed fund release or stalled project pipeline.
Vishnu Dayal Ram,Jharkhand,PALAMU(SC),158176083.11,270000.0,157906083.11,0.17,Low utilization,Large unspent balance relative to allocation — worth checking for delayed fund release or stalled project pipeline.
SHIVRAJ SINGH CHOUHAN,Madhya Pradesh,VIDISHA,147000000.0,250000.0,146750000.0,0.17,Low utilization,Large unspent balance relative to allocation — worth checking for delayed fund release or stalled project pipeline.
BHARTI PARDHI,Madhya Pradesh,BALAGHAT,154398389.01,308872.0,154089517.01,0.2,Low utilization,Large unspent balance relative to allocation — worth checking for delayed fund release or stalled project pipeline.
Chandra Prakash Joshi,Rajasthan,CHITTORGARH,147000000.0,319626.0,146680374.0,0.22,Low utilization,Large unspent balance relative to allocation — worth checking for delayed fund release or stalled project pipeline.
SANATAN PANDEY,Uttar Pradesh,BALLIA,180420041.4,416409.0,180003632.4,0.23,Low utilization,Large unspent balance relative to allocation — worth checking for delayed fund release or stalled project pipeline.
ARUN BHARTI,Bihar,JAMUI(SC),194924621.11,481732.0,194442889.11,0.25,Low utilization,Large unspent balance relative to allocation — worth checking for delayed fund release or stalled project pipeline.
D Ravikumar,Tamil Nadu,VILUPPURAM(SC),197598306.11,494286.0,197104020.11,0.25,Low utilization,Large unspent balance relative to allocation — worth checking for delayed fund release or stalled project pipeline.
Dr Sukanta Majumdar,West Bengal,BALURGHAT,157085364.9,399582.0,156685782.9,0.25,Low utilization,Large unspent balance relative to allocation — worth checking for delayed fund release or stalled project pipeline.
Dushyant Singh,Rajasthan,JHALAWAR-BARAN,147000000.0,401413.0,146598587.0,0.27,Low utilization,Large unspent balance relative to allocation — worth checking for delayed fund release or stalled project pipeline.
VIVEK THAKUR,Bihar,NAWADA,147000000.0,418162.0,146581838.0,0.28,Low utilization,Large unspent balance relative to allocation — worth checking for delayed fund release or stalled project pipeline.
Smt Dimple Yadav,Uttar Pradesh,MAINPURI,192042469.11,548630.0,191493839.11,0.29,Low utilization,Large unspent balance relative to allocation — worth checking for delayed fund release or stalled project pipeline.
M. MALLESH BABU,Karnataka,KOLAR(SC),147065957.11,448209.0,146617748.11,0.3,Low utilization,Large unspent balance relative to allocation — worth checking for delayed fund release or stalled project pipeline.
Kalyan Banerjee,West Bengal,SREERAMPUR,147000000.0,450683.0,146549317.0,0.31,Low utilization,Large unspent balance relative to allocation — worth checking for delayed fund release or stalled project pipeline.
Shankar Lalwani,Madhya Pradesh,INDORE,147000000.0,451215.0,146548785.0,0.31,Low utilization,Large unspent balance relative to allocation — worth checking for delayed fund release or stalled project pipeline.
SUNIL BOSE,Karnataka,CHAMARAJANAGAR(SC),147000000.0,492252.0,146507748.0,0.33,Low utilization,Large unspent balance relative to allocation — worth checking for delayed fund release or stalled project pipeline.
JITAN RAM MANJHI,Bihar,GAYA (SC),147000000.0,497885.0,146502115.0,0.34,Low utilization,Large unspent balance relative to allocation — worth checking for delayed fund release or stalled project pipeline.
Shri LS Tejasvi Surya,Karnataka,BANGALORE SOUTH,147000000.0,499213.0,146500787.0,0.34,Low utilization,Large unspent balance relative to allocation — worth checking for delayed fund release or stalled project pipeline.
DHAVAL LAXMANBHAI PATEL,Gujarat,VALSAD(ST),147000000.0,499224.0,146500776.0,0.34,Low utilization,Large unspent balance relative to allocation — worth checking for delayed fund release or stalled project pipeline.
RAM PRASAD CHAUDHARY,Uttar Pradesh,BASTI,204176957.11,710714.0,203466243.11,0.35,Low utilization,Large unspent balance relative to allocation — worth checking for delayed fund release or stalled project pipeline.
Smt Satabdi Roy (Banerjee),West Bengal,BIRBHUM,147000000.0,574270.0,146425730.0,0.39,Low utilization,Large unspent balance relative to allocation — worth checking for delayed fund release or stalled project pipeline.
Mohamed Haneefa,Ladakh,LADAKH,161114542.0,650000.0,160464542.0,0.4,Low utilization,Large unspent balance relative to allocation — worth checking for delayed fund release or stalled project pipeline.
K. RAJASHEKAR BASAVARAJ HITNAL,Karnataka,KOPPAL,147000000.0,600000.0,146400000.0,0.41,Low utilization,Large unspent balance relative to allocation — worth checking for delayed fund release or stalled project pipeline.
RAKESH RATHOR,Uttar Pradesh,SITAPUR,147000000.0,599975.0,146400025.0,0.41,Low utilization,Large unspent balance relative to allocation — worth checking for delayed fund release or stalled project pipeline.
RAJ KUMAR ROAT,Rajasthan,BANSWARA(ST),147000000.0,607500.0,146392500.0,0.41,Low utilization,Large unspent balance relative to allocation — worth checking for delayed fund release or stalled project pipeline.
DR.K.SUDHAKAR,Karnataka,CHIKBALLAPUR,147000000.0,622318.0,146377682.0,0.42,Low utilization,Large unspent balance relative to allocation — worth checking for delayed fund release or stalled project pipeline.
Shri PP Chaudhary,Rajasthan,PALI,147000000.0,638320.0,146361680.0,0.43,Low utilization,Large unspent balance relative to allocation — worth checking for delayed fund release or stalled project pipeline.
AFZAL ANSARI,Uttar Pradesh,GHAZIPUR,220500000.0,967828.0,219532172.0,0.44,Low utilization,Large unspent balance relative to allocation — worth checking for delayed fund release or stalled project pipeline.
YADUVEER KRISHNADATTA CHAMARAJA WADIYAR,Karnataka,MYSORE,147000000.0,675000.0,146325000.0,0.46,Low utilization,Large unspent balance relative to allocation — worth checking for delayed fund release or stalled project pipeline.
Janardan Mishra,Madhya Pradesh,REWA,147000000.0,675000.0,146325000.0,0.46,Low utilization,Large unspent balance relative to allocation — worth checking for delayed fund release or stalled project pipeline.
Hasmukh Bhai Soma Bhai Patel,Gujarat,AHMEDABAD EAST,147000000.0,687854.0,146312146.0,0.47,Low utilization,Large unspent balance relative to allocation — worth checking for delayed fund release or stalled project pipeline.
Manoj Tiwari,Delhi,NORTH EAST DELHI,225843858.0,1082937.0,224760921.0,0.48,Low utilization,Large unspent balance relative to allocation — worth checking for delayed fund release or stalled project pipeline.
Sanjay Haribhau Jadhav,Maharashtra,PARBHANI,147000000.0,699900.0,146300100.0,0.48,Low utilization,Large unspent balance relative to allocation — worth checking for delayed fund release or stalled project pipeline.
Indra Hang Subba,Sikkim,SIKKIM,152003923.11,722414.0,151281509.11,0.48,Low utilization,Large unspent balance relative to allocation — worth checking for delayed fund release or stalled project pipeline.
CHHOTELAL,Uttar Pradesh,ROBERTSGANJ(SC),147000000.0,737146.0,146262854.0,0.5,Low utilization,Large unspent balance relative to allocation — worth checking for delayed fund release or stalled project pipeline.
Shri Sudheer Gupta,Madhya Pradesh,MANDSOUR,148988014.83,749246.0,148238768.83,0.5,Low utilization,Large unspent balance relative to allocation — worth checking for delayed fund release or stalled project pipeline.
Gajendra Singh Patel,Madhya Pradesh,KHARGONE(ST),147000000.0,749254.0,146250746.0,0.51,Low utilization,Large unspent balance relative to allocation — worth checking for delayed fund release or stalled project pipeline.
PARTHA BHOWMICK,West Bengal,BARRACKPUR,147000000.0,800000.0,146200000.0,0.54,Low utilization,Large unspent balance relative to allocation — worth checking for delayed fund release or stalled project pipeline.
Shri Abhishek Banerjee,West Bengal,DIAMOND HARBOUR,147000000.0,799755.0,146200245.0,0.54,Low utilization,Large unspent balance relative to allocation — worth checking for delayed fund release or stalled project pipeline.
Anto Antony,Kerala,PATHANAMTHITTA,147000000.0,801857.0,146198143.0,0.55,Low utilization,Large unspent balance relative to allocation — worth checking for delayed fund release or stalled project pipeline.
JITENDRA KUMAR DOHARE,Uttar Pradesh,ETAWAH(SC),188747306.26,1037220.0,187710086.26,0.55,Low utilization,Large unspent balance relative to allocation — worth checking for delayed fund release or stalled project pipeline.
Rodmal Nagar,Madhya Pradesh,RAJGARH,147000000.0,850000.0,146150000.0,0.58,Low utilization,Large unspent balance relative to allocation — worth checking for delayed fund release or stalled project pipeline.
Vijay Kumar Dubey,Uttar Pradesh,KUSHI NAGAR,148900000.0,868318.0,148031682.0,0.58,Low utilization,Large unspent balance relative to allocation — worth checking for delayed fund release or stalled project pipeline.
Suresh Kumar Kashyap,Himachal Pradesh,SHIMLA (SC),153563957.11,900000.0,152663957.11,0.59,Low utilization,Large unspent balance relative to allocation — worth checking for delayed fund release or stalled project pipeline.
Pratima Mondal,West Bengal,JOYNAGAR(SC),147000000.0,874827.0,146125173.0,0.6,Low utilization,Large unspent balance relative to allocation — worth checking for delayed fund release or stalled project pipeline.
BAPI HALDAR,West Bengal,MATHURAPUR(SC),147000000.0,912139.0,146087861.0,0.62,Low utilization,Large unspent balance relative to allocation — worth checking for delayed fund release or stalled project pipeline.
MIAN ALTAF AHMAD,Jammu And Kashmir,ANANTNAG,147000000.0,924189.0,146075811.0,0.63,Low utilization,Large unspent balance relative to allocation — worth checking for delayed fund release or stalled project pipeline.
NEERAJ MAURYA,Uttar Pradesh,AONLA,147000000.0,930275.0,146069725.0,0.63,Low utilization,Large unspent balance relative to allocation — worth checking for delayed fund release or stalled project pipeline.
Shri Hibi Eden,Kerala,ERNAKULAM,162177260.11,1018722.0,161158538.11,0.63,Low utilization,Large unspent balance relative to allocation — worth checking for delayed fund release or stalled project pipeline.
Adv Adoor Prakash,Kerala,ATTINGAL,147000000.0,935062.0,146064938.0,0.64,Low utilization,Large unspent balance relative to allocation — worth checking for delayed fund release or stalled project pipeline.
DR RAJKUMAR SANGWAN,Uttar Pradesh,BAGHPAT,147000000.0,975717.0,146024283.0,0.66,Low utilization,Large unspent balance relative to allocation — worth checking for delayed fund release or stalled project pipeline.
Shri B Y Raghavendra,Karnataka,SHIMOGA,147000000.0,970000.0,146030000.0,0.66,Low utilization,Large unspent balance relative to allocation — worth checking for delayed fund release or stalled project pipeline.
UMMEDA RAM BENIWAL,Rajasthan,BARMER,147000000.0,965374.0,146034626.0,0.66,Low utilization,Large unspent balance relative to allocation — worth checking for delayed fund release or stalled project pipeline.
Bansuri Swaraj,Delhi,NEW DELHI,154306950.0,1017415.0,153289535.0,0.66,Low utilization,Large unspent balance relative to allocation — worth checking for delayed fund release or stalled project pipeline.
Kaushalendra Kumar,Bihar,NALANDA,147000000.0,991923.0,146008077.0,0.67,Low utilization,Large unspent balance relative to allocation — worth checking for delayed fund release or stalled project pipeline.
VAMSI KRISHNA GADDAM,Telangana,PEDDAPALLE,148451721.11,999768.0,147451953.11,0.67,Low utilization,Large unspent balance relative to allocation — worth checking for delayed fund release or stalled project pipeline.
Shrirang Appa Barne,Maharashtra,MAVAL,147000000.0,1000000.0,146000000.0,0.68,Low utilization,Large unspent balance relative to allocation — worth checking for delayed fund release or stalled project pipeline.
Dhairyasheel Sambhajirao Mane,Maharashtra,HATKANANGLE,147000000.0,1000000.0,146000000.0,0.68,Low utilization,Large unspent balance relative to allocation — worth checking for delayed fund release or stalled project pipeline.
ANIL BALUNI,Uttarakhand,GARHWAL,147000000.0,997800.0,146002200.0,0.68,Low utilization,Large unspent balance relative to allocation — worth checking for delayed fund release or stalled project pipeline.
Swami Sachchidanandhari Sakshi ji Maharaj,Uttar Pradesh,UNNAO,147000000.0,1077000.0,145923000.0,0.73,Low utilization,Large unspent balance relative to allocation — worth checking for delayed fund release or stalled project pipeline.
AMRINDER SINGH RAJA WARRING,Punjab,LUDHIANA,147000000.0,1070134.0,145929866.0,0.73,Low utilization,Large unspent balance relative to allocation — worth checking for delayed fund release or stalled project pipeline.
SHER SINGH GHUBAYA,Punjab,FIROZPUR,147000000.0,1098500.0,145901500.0,0.75,Low utilization,Large unspent balance relative to allocation — worth checking for delayed fund release or stalled project pipeline.
BRIJMOHAN AGRAWAL,Chhattisgarh,RAIPUR,153766451.11,1152008.0,152614443.11,0.75,Low utilization,Large unspent balance relative to allocation — worth checking for delayed fund release or stalled project pipeline.
Kamaljeet Sehrawat,Delhi,WEST DELHI,147000000.0,1124652.0,145875348.0,0.77,Low utilization,Large unspent balance relative to allocation — worth checking for delayed fund release or stalled project pipeline.
SURESH GOPI,Kerala,THRISSUR,147000000.0,1156605.0,145843395.0,0.79,Low utilization,Large unspent balance relative to allocation — worth checking for delayed fund release or stalled project pipeline.
SUDHAKAR SINGH,Bihar,BUXAR,185211956.54,1540301.0,183671655.54,0.83,Low utilization,Large unspent balance relative to allocation — worth checking for delayed fund release or stalled project pipeline.
Shri Rajmohan Unnithan,Kerala,KASARAGOD,156754633.11,1299784.0,155454849.11,0.83,Low utilization,Large unspent balance relative to allocation — worth checking for delayed fund release or stalled project pipeline.
Sunil Dattatray Tatkare,Maharashtra,RAIGAD,147000000.0,1246000.0,145754000.0,0.85,Low utilization,Large unspent balance relative to allocation — worth checking for delayed fund release or stalled project pipeline.
RABINDRA NARAYAN BEHERA,Odisha,JAJPUR(SC),147064617.11,1270574.0,145794043.11,0.86,Low utilization,Large unspent balance relative to allocation — worth checking for delayed fund release or stalled project pipeline.
MURARI LAL MEENA,Rajasthan,DAUSA(ST),147000000.0,1289488.0,145710512.0,0.88,Low utilization,Large unspent balance relative to allocation — worth checking for delayed fund release or stalled project pipeline.
Om Birla,Rajasthan,KOTA,163906956.6,1455416.0,162451540.6,0.89,Low utilization,Large unspent balance relative to allocation — worth checking for delayed fund release or stalled project pipeline.
JITIN PRASADA,Uttar Pradesh,PILIBHIT,147000000.0,1378381.0,145621619.0,0.94,Low utilization,Large unspent balance relative to allocation — worth checking for delayed fund release or stalled project pipeline.
Smt S Jothimani,Tamil Nadu,KARUR,147000000.0,1394652.0,145605348.0,0.95,Low utilization,Large unspent balance relative to allocation — worth checking for delayed fund release or stalled project pipeline.
KARTICK CHANDRA PAUL,West Bengal,RAIGANJ,202677986.56,1918541.0,200759445.56,0.95,Low utilization,Large unspent balance relative to allocation — worth checking for delayed fund release or stalled project pipeline.
MUHAMMED HAMDULLAH SAYEED,Lakshadweep,LAKSHADWEEP(ST),153942460.41,1473975.0,152468485.41,0.96,Low utilization,Large unspent balance relative to allocation — worth checking for delayed fund release or stalled project pipeline.
ISHA KHAN CHOUDHURY,West Bengal,MALDAHA DAKSHIN,147000000.0,1463573.0,145536427.0,1.0,Low utilization,Large unspent balance relative to allocation — worth checking for delayed fund release or stalled project pipeline.
Dilip Saikia,Assam,Darrang-Udalguri,147000000.0,1498297.0,145501703.0,1.02,Low utilization,Large unspent balance relative to allocation — worth checking for delayed fund release or stalled project pipeline.
Sivanath Kesineni,Andhra Pradesh,VIJAYAWADA,159864032.49,1642866.0,158221166.49,1.03,Low utilization,Large unspent balance relative to allocation — worth checking for delayed fund release or stalled project pipeline.
SUDAMA PRASAD,Bihar,ARRAH,147000000.0,1533299.0,145466701.0,1.04,Low utilization,Large unspent balance relative to allocation — worth checking for delayed fund release or stalled project pipeline.
Mahendra Singh Solanky,Madhya Pradesh,DEWAS(SC),147000000.0,1550294.0,145449706.0,1.05,Low utilization,Large unspent balance relative to allocation — worth checking for delayed fund release or stalled project pipeline.
Smt Hema Malini,Uttar Pradesh,MATHURA,147000000.0,1558300.0,145441700.0,1.06,Low utilization,Large unspent balance relative to allocation — worth checking for delayed fund release or stalled project pipeline.
Arvind Dharmapuri,Telangana,NIZAMABAD,281396355.11,3055220.0,278341135.11,1.09,Low utilization,Large unspent balance relative to allocation — worth checking for delayed fund release or stalled project pipeline.
CHARANJIT SINGH CHANNI,Punjab,JALANDHAR(SC),147000000.0,1630554.0,145369446.0,1.11,Low utilization,Large unspent balance relative to allocation — worth checking for delayed fund release or stalled project pipeline.
Nityanand Rai,Bihar,UJJARPUR,147000000.0,1700000.0,145300000.0,1.16,Low utilization,Large unspent balance relative to allocation — worth checking for delayed fund release or stalled project pipeline.
Smt Sajda Ahmed,West Bengal,ULUBERIA,147000000.0,1706799.0,145293201.0,1.16,Low utilization,Large unspent balance relative to allocation — worth checking for delayed fund release or stalled project pipeline.
KAMLESH JANGDE,Chhattisgarh,JANJGIR CHAMPA(SC),150384382.11,1764285.0,148620097.11,1.17,Low utilization,Large unspent balance relative to allocation — worth checking for delayed fund release or stalled project pipeline.
Rajnath Singh,Uttar Pradesh,LUCKNOW,154808797.11,1809982.0,152998815.11,1.17,Low utilization,Large unspent balance relative to allocation — worth checking for delayed fund release or stalled project pipeline.
IQRA CHOUDHARY,Uttar Pradesh,KAIRANA,147000000.0,1730100.0,145269900.0,1.18,Low utilization,Large unspent balance relative to allocation — worth checking for delayed fund release or stalled project pipeline.
ARUN GOVIL,Uttar Pradesh,MEERUT,147000000.0,1766369.0,145233631.0,1.2,Low utilization,Large unspent balance relative to allocation — worth checking for delayed fund release or stalled project pipeline.
Shri M K Raghavan,Kerala,KOZHIKODE,147000000.0,1760827.0,145239173.0,1.2,Low utilization,Large unspent balance relative to allocation — worth checking for delayed fund release or stalled project pipeline.
MUKESHKUMAR CHANDRAKAANT DALAL,Gujarat,SURAT,147000000.0,1800000.0,145200000.0,1.22,Low utilization,Large unspent balance relative to allocation — worth checking for delayed fund release or stalled project pipeline.
Shri Arun Kumar Sagar,Uttar Pradesh,SHAHJAHANPUR(SC),147000000.0,1800000.0,145200000.0,1.22,Low utilization,Large unspent balance relative to allocation — worth checking for delayed fund release or stalled project pipeline.
RAJEEV BHARDWAJ,Himachal Pradesh,KANGRA,179388967.11,2199063.0,177189904.11,1.23,Low utilization,Large unspent balance relative to allocation — worth checking for delayed fund release or stalled project pipeline.
Shri Amar Singh,Punjab,FATEHGARH SAHIB(SC),147000000.0,1879765.0,145120235.0,1.28,Low utilization,Large unspent balance relative to allocation — worth checking for delayed fund release or stalled project pipeline.
ASHISH DUBEY,Madhya Pradesh,JABALPUR,147000000.0,1881997.0,145118003.0,1.28,Low utilization,Large unspent balance relative to allocation — worth checking for delayed fund release or stalled project pipeline.
GAURAV GOGOI,Assam,JORHAT,147000000.0,1907746.0,145092254.0,1.3,Low utilization,Large unspent balance relative to allocation — worth checking for delayed fund release or stalled project pipeline.
Amol Ramsing Kolhe,Maharashtra,SHIRUR,147000000.0,1915146.0,145084854.0,1.3,Low utilization,Large unspent balance relative to allocation — worth checking for delayed fund release or stalled project pipeline.
Shri Kumbakudi Sudhakaran,Kerala,KANNUR,147000000.0,1921605.0,145078395.0,1.31,Low utilization,Large unspent balance relative to allocation — worth checking for delayed fund release or stalled project pipeline.
MANJU SHARMA,Rajasthan,JAIPUR,167082901.11,2191248.0,164891653.11,1.31,Low utilization,Large unspent balance relative to allocation — worth checking for delayed fund release or stalled project pipeline.
SAYANI GHOSH,West Bengal,JADAVPUR,147000000.0,1942427.0,145057573.0,1.32,Low utilization,Large unspent balance relative to allocation — worth checking for delayed fund release or stalled project pipeline.
KULDEEP INDORA,Rajasthan,GANGANAGAR(SC),147000000.0,1937077.0,145062923.0,1.32,Low utilization,Large unspent balance relative to allocation — worth checking for delayed fund release or stalled project pipeline.
TANGELLA UDAY SRINIVAS,Andhra Pradesh,KAKINADA,199417886.76,2661694.0,196756192.76,1.33,Low utilization,Large unspent balance relative to allocation — worth checking for delayed fund release or stalled project pipeline.
RAHUL SINGH LODHI,Madhya Pradesh,DAMOH,163058785.37,2181149.0,160877636.37,1.34,Low utilization,Large unspent balance relative to allocation — worth checking for delayed fund release or stalled project pipeline.
Giridhari Yadav,Bihar,BANKA,147000000.0,1980494.0,145019506.0,1.35,Low utilization,Large unspent balance relative to allocation — worth checking for delayed fund release or stalled project pipeline.
Mala Roy,West Bengal,KOLKATA DAKSHIN,147000000.0,2005606.0,144994394.0,1.36,Low utilization,Large unspent balance relative to allocation — worth checking for delayed fund release or stalled project pipeline.
VISHWESHWAR HEGDE KAGERI,Karnataka,UTTARA KANNADA,147000000.0,2025000.0,144975000.0,1.38,Low utilization,Large unspent balance relative to allocation — worth checking for delayed fund release or stalled project pipeline.
SAMBIT PATRA,Odisha,PURI,147000000.0,2062683.0,144937317.0,1.4,Low utilization,Large unspent balance relative to allocation — worth checking for delayed fund release or stalled project pipeline.
EATALA RAJENDER,Telangana,MALKAJGIRI,327477390.86,4573097.0,322904293.86,1.4,Low utilization,Large unspent balance relative to allocation — worth checking for delayed fund release or stalled project pipeline.
K. C VENUGOPAL,Kerala,ALAPPUZHA,147000000.0,2053734.0,144946266.0,1.4,Low utilization,Large unspent balance relative to allocation — worth checking for delayed fund release or stalled project pipeline.
Ajay Tamta,Uttarakhand,ALMORA(SC),147000000.0,2094425.0,144905575.0,1.42,Low utilization,Large unspent balance relative to allocation — worth checking for delayed fund release or stalled project pipeline.
RAJA RAM SINGH,Bihar,KARAKAT,147000000.0,2121849.0,144878151.0,1.44,Low utilization,Large unspent balance relative to allocation — worth checking for delayed fund release or stalled project pipeline.
Daggubati Purandeshwari,Andhra Pradesh,RAJAHMUNDRY,147000000.0,2118531.0,144881469.0,1.44,Low utilization,Large unspent balance relative to allocation — worth checking for delayed fund release or stalled project pipeline.
Balashowry Vallabbhaneni,Andhra Pradesh,MACHILIPATNAM,147000000.0,2126104.0,144873896.0,1.45,Low utilization,Large unspent balance relative to allocation — worth checking for delayed fund release or stalled project pipeline.
DEVESH CHANDRA THAKUR,Bihar,SITAMARHI,163809205.11,2375985.0,161433220.11,1.45,Low utilization,Large unspent balance relative to allocation — worth checking for delayed fund release or stalled project pipeline.
AWADHESH PRASAD,Uttar Pradesh,FAIZABAD,147000000.0,2147355.0,144852645.0,1.46,Low utilization,Large unspent balance relative to allocation — worth checking for delayed fund release or stalled project pipeline.
Sanjay Kumar Bandi,Telangana,KARIMNAGAR,172775317.11,2532391.0,170242926.11,1.47,Low utilization,Large unspent balance relative to allocation — worth checking for delayed fund release or stalled project pipeline.
Rao Rajendra Singh,Rajasthan,JAIPUR RURAL,147000000.0,2164812.0,144835188.0,1.47,Low utilization,Large unspent balance relative to allocation — worth checking for delayed fund release or stalled project pipeline.
E.T. MOHAMMED BASHEER,Kerala,MALAPPURAM,163895872.11,2428449.0,161467423.11,1.48,Low utilization,Large unspent balance relative to allocation — worth checking for delayed fund release or stalled project pipeline.
Shri Suresh Kodikunnil,Kerala,MAVELIKKARA(SC),172429519.11,2555483.0,169874036.11,1.48,Low utilization,Large unspent balance relative to allocation — worth checking for delayed fund release or stalled project pipeline.
V S Matheswaran,Tamil Nadu,NAMAKKAL,162539930.11,2397501.0,160142429.11,1.48,Low utilization,Large unspent balance relative to allocation — worth checking for delayed fund release or stalled project pipeline.
DR. RAJESH MISHRA,Madhya Pradesh,SIDHI,262724510.35,3919731.0,258804779.35,1.49,Low utilization,Large unspent balance relative to allocation — worth checking for delayed fund release or stalled project pipeline.
DHARMENDRA PRADHAN,Odisha,SAMBALPUR,147000000.0,2214713.0,144785287.0,1.51,Low utilization,Large unspent balance relative to allocation — worth checking for delayed fund release or stalled project pipeline.
AMAR SHARADRAO KALE,Maharashtra,WARDHA,147000000.0,2214125.0,144785875.0,1.51,Low utilization,Large unspent balance relative to allocation — worth checking for delayed fund release or stalled project pipeline.
Prabhubhai Nagarbhai Vasava,Gujarat,BARDOLI(ST),147000000.0,2240050.0,144759950.0,1.52,Low utilization,Large unspent balance relative to allocation — worth checking for delayed fund release or stalled project pipeline.
C.M.RAMESH,Andhra Pradesh,ANAKAPALLE,202531656.11,3121992.0,199409664.11,1.54,Low utilization,Large unspent balance relative to allocation — worth checking for delayed fund release or stalled project pipeline.
Khalilur Rahaman,West Bengal,JANGIPUR,147000000.0,2284225.0,144715775.0,1.55,Low utilization,Large unspent balance relative to allocation — worth checking for delayed fund release or stalled project pipeline.
B K PARTHASARATHI,Andhra Pradesh,HINDUPUR,160491894.11,2497951.0,157993943.11,1.56,Low utilization,Large unspent balance relative to allocation — worth checking for delayed fund release or stalled project pipeline.
Anurag Sharma,Uttar Pradesh,JHANSI,147000000.0,2308020.0,144691980.0,1.57,Low utilization,Large unspent balance relative to allocation — worth checking for delayed fund release or stalled project pipeline.
RADHE SHYAM RATHIYA,Chhattisgarh,RAIGARH(ST),159706972.09,2501944.0,157205028.09,1.57,Low utilization,Large unspent balance relative to allocation — worth checking for delayed fund release or stalled project pipeline.
Raju Bista,West Bengal,DARJEELING,147000000.0,2342202.0,144657798.0,1.59,Low utilization,Large unspent balance relative to allocation — worth checking for delayed fund release or stalled project pipeline.
DR. LATA WANKHEDE,Madhya Pradesh,SAGAR,147000000.0,2345157.0,144654843.0,1.6,Low utilization,Large unspent balance relative to allocation — worth checking for delayed fund release or stalled project pipeline.
G. KUMAR NAIK,Karnataka,RAICHUR(ST),147000000.0,2363649.0,144636351.0,1.61,Low utilization,Large unspent balance relative to allocation — worth checking for delayed fund release or stalled project pipeline.
Pradan Baruah,Assam,LAKHIMPUR,147000000.0,2373969.0,144626031.0,1.61,Low utilization,Large unspent balance relative to allocation — worth checking for delayed fund release or stalled project pipeline.
BHOJRAJ NAG,Chhattisgarh,KANKER(ST),164672734.11,2682900.0,161989834.11,1.63,Low utilization,Large unspent balance relative to allocation — worth checking for delayed fund release or stalled project pipeline.
AMBICA G LAKSHMINARAYANA VALMIKI,Andhra Pradesh,ANANTAPUR,201899064.11,3316864.0,198582200.11,1.64,Low utilization,Large unspent balance relative to allocation — worth checking for delayed fund release or stalled project pipeline.
LUMBARAM,Rajasthan,JALORE,147000000.0,2460631.0,144539369.0,1.67,Low utilization,Large unspent balance relative to allocation — worth checking for delayed fund release or stalled project pipeline.
DAGGUMALLA PRASADA RAO,Andhra Pradesh,CHITTOOR,147000000.0,2466915.0,144533085.0,1.68,Low utilization,Large unspent balance relative to allocation — worth checking for delayed fund release or stalled project pipeline.
VIRENDRA SINGH,Uttar Pradesh,CHANDAULI,147000000.0,2473023.0,144526977.0,1.68,Low utilization,Large unspent balance relative to allocation — worth checking for delayed fund release or stalled project pipeline.
ANITA NAGARSINGH CHOUHAN,Madhya Pradesh,RATLAM(ST),147000000.0,2471133.0,144528867.0,1.68,Low utilization,Large unspent balance relative to allocation — worth checking for delayed fund release or stalled project pipeline.
R.K. CHAUDHARY,Uttar Pradesh,MOHANLALGANJ(SC),147000000.0,2492131.0,144507869.0,1.7,Low utilization,Large unspent balance relative to allocation — worth checking for delayed fund release or stalled project pipeline.
Durga Das Uikey,Madhya Pradesh,BETUL(ST),151569502.91,2571725.0,148997777.91,1.7,Low utilization,Large unspent balance relative to allocation — worth checking for delayed fund release or stalled project pipeline.
CHAMALA KIRAN KUMAR REDDY,Telangana,BHONGIR,147000000.0,2497450.0,144502550.0,1.7,Low utilization,Large unspent balance relative to allocation — worth checking for delayed fund release or stalled project pipeline.
SURENDRA PRASAD YADAV,Bihar,JAHANABAD,155325714.0,2638386.0,152687328.0,1.7,Low utilization,Large unspent balance relative to allocation — worth checking for delayed fund release or stalled project pipeline.
NARAYAN TATU RANE,Maharashtra,RATNAGIRI-SINDHUDURG,147000000.0,2549728.0,144450272.0,1.73,Low utilization,Large unspent balance relative to allocation — worth checking for delayed fund release or stalled project pipeline.
KONDA VISHWESHWAR REDDY,Telangana,CHELVELLA,233721420.96,4032743.0,229688677.96,1.73,Low utilization,Large unspent balance relative to allocation — worth checking for delayed fund release or stalled project pipeline.
KARAN BHUSHAN SINGH,Uttar Pradesh,KAISERGANJ,147000000.0,2580018.0,144419982.0,1.76,Low utilization,Large unspent balance relative to allocation — worth checking for delayed fund release or stalled project pipeline.
ANAND BHADAURIYA,Uttar Pradesh,DHAURAHRA,147000000.0,2600009.0,144399991.0,1.77,Low utilization,Large unspent balance relative to allocation — worth checking for delayed fund release or stalled project pipeline.
SARABJEET SINGH KHALSA,Punjab,FARIDKOT(SC),150850348.15,2723605.0,148126743.15,1.81,Low utilization,Large unspent balance relative to allocation — worth checking for delayed fund release or stalled project pipeline.
TANUJ PUNIA,Uttar Pradesh,BARABANKI(SC),148198170.11,2730402.0,145467768.11,1.84,Low utilization,Large unspent balance relative to allocation — worth checking for delayed fund release or stalled project pipeline.
Kiren Rijiju,Arunachal Pradesh,ARUNACHAL WEST,147000000.0,2700000.0,144300000.0,1.84,Low utilization,Large unspent balance relative to allocation — worth checking for delayed fund release or stalled project pipeline.
RUDRA NARAYAN PANY,Odisha,DHENKANAL,155013957.11,2889513.0,152124444.11,1.86,Low utilization,Large unspent balance relative to allocation — worth checking for delayed fund release or stalled project pipeline.
SUKANTA KUMAR PANIGRAHI,Odisha,KANDHAMAL,190712424.11,3561300.0,187151124.11,1.87,Low utilization,Large unspent balance relative to allocation — worth checking for delayed fund release or stalled project pipeline.
DR. KIRSAN NAMDEO,Maharashtra,GADCHIROLI-CHIMUR(ST),147000000.0,2744593.0,144255407.0,1.87,Low utilization,Large unspent balance relative to allocation — worth checking for delayed fund release or stalled project pipeline.
DR.MALLU RAVI,Telangana,NAGARKURNOOL(SC),147000000.0,2768579.0,144231421.0,1.88,Low utilization,Large unspent balance relative to allocation — worth checking for delayed fund release or stalled project pipeline.
DR DHARAMVIRA GANDHI,Punjab,PATIALA,147000000.0,2769670.0,144230330.0,1.88,Low utilization,Large unspent balance relative to allocation — worth checking for delayed fund release or stalled project pipeline.
AZAD KIRTI JHA,West Bengal,BARDHAMAN-DURGAPUR,179658399.98,3393828.0,176264571.98,1.89,Low utilization,Large unspent balance relative to allocation — worth checking for delayed fund release or stalled project pipeline.
Gyaneshwar Patil,Madhya Pradesh,KHANDWA,155690684.77,2974100.0,152716584.77,1.91,Low utilization,Large unspent balance relative to allocation — worth checking for delayed fund release or stalled project pipeline.
Priyanka Gandhi Vadra,Kerala,WAYANAD,122500000.0,2337910.0,120162090.0,1.91,Low utilization,Large unspent balance relative to allocation — worth checking for delayed fund release or stalled project pipeline.
Asit Kumar Mal,West Bengal,BOLPUR(SC),275694456.74,5285096.0,270409360.74,1.92,Low utilization,Large unspent balance relative to allocation — worth checking for delayed fund release or stalled project pipeline.
BALABHADRA MAJHI,Odisha,NABARANGPUR(ST),147413962.11,2834903.0,144579059.11,1.92,Low utilization,Large unspent balance relative to allocation — worth checking for delayed fund release or stalled project pipeline.
Ramesh Chandappa Jigajinagi,Karnataka,BIJAPUR(SC),269500000.0,5292823.0,264207177.0,1.96,Low utilization,Large unspent balance relative to allocation — worth checking for delayed fund release or stalled project pipeline.
NAVEEN JINDAL,Haryana,KURUKSHETRA,147000000.0,2899902.0,144100098.0,1.97,Low utilization,Large unspent balance relative to allocation — worth checking for delayed fund release or stalled project pipeline.
MADHAVANENI RAGHUNANDAN RAO,Telangana,MEDAK,147000000.0,2923011.0,144076989.0,1.99,Low utilization,Large unspent balance relative to allocation — worth checking for delayed fund release or stalled project pipeline.
JUNE MALIAH,West Bengal,MEDINIPUR,147000000.0,2922352.0,144077648.0,1.99,Low utilization,Large unspent balance relative to allocation — worth checking for delayed fund release or stalled project pipeline.
Vaithilingam Ve,Puducherry,Puducherry,209368972.11,4212939.0,205156033.11,2.01,Low utilization,Large unspent balance relative to allocation — worth checking for delayed fund release or stalled project pipeline.
RAMASHANKAR RAJBHAR,Uttar Pradesh,SALEMPUR,160056927.07,3235492.0,156821435.07,2.02,Low utilization,Large unspent balance relative to allocation — worth checking for delayed fund release or stalled project pipeline.
BHASKAR MURLIDHAR BHAGARE,Maharashtra,DINDORI(ST),147000000.0,2988933.0,144011067.0,2.03,Low utilization,Large unspent balance relative to allocation — worth checking for delayed fund release or stalled project pipeline.
K E PRAKASH,Tamil Nadu,ERODE,147000000.0,3040000.0,143960000.0,2.07,Low utilization,Large unspent balance relative to allocation — worth checking for delayed fund release or stalled project pipeline.
GODAM NAGESH,Telangana,ADILABAD(ST),147000000.0,3075882.0,143924118.0,2.09,Low utilization,Large unspent balance relative to allocation — worth checking for delayed fund release or stalled project pipeline.
JOYANTA BASUMATARY,Assam,KOKRAJHAR (ST),147000000.0,3100000.0,143900000.0,2.11,Low utilization,Large unspent balance relative to allocation — worth checking for delayed fund release or stalled project pipeline.
Shri Sarbananda Sonowal (18LS),Assam,DIBRUGARH,147000000.0,3107681.0,143892319.0,2.11,Low utilization,Large unspent balance relative to allocation — worth checking for delayed fund release or stalled project pipeline.
BHAUSAHEB RAJARAM WAKCHAURE,Maharashtra,SHIRDI(SC),147000000.0,3115138.0,143884862.0,2.12,Low utilization,Large unspent balance relative to allocation — worth checking for delayed fund release or stalled project pipeline.
MANNA LAL RAWAT,Rajasthan,UDAIPUR(ST),147000000.0,3160333.0,143839667.0,2.15,Low utilization,Large unspent balance relative to allocation — worth checking for delayed fund release or stalled project pipeline.
SHREYAS. M. PATEL,Karnataka,HASSAN,147000000.0,3186703.0,143813297.0,2.17,Low utilization,Large unspent balance relative to allocation — worth checking for delayed fund release or stalled project pipeline.
Shri Karti P Chidambaram,Tamil Nadu,SIVAGANGA,159049284.11,3474534.0,155574750.11,2.18,Low utilization,Large unspent balance relative to allocation — worth checking for delayed fund release or stalled project pipeline.
Annpurna Devi,Jharkhand,KODARMA,166665931.8,3642205.0,163023726.8,2.19,Low utilization,Large unspent balance relative to allocation — worth checking for delayed fund release or stalled project pipeline.
Ramvir Singh Bidhuri,Delhi,SOUTH DELHI,147559100.0,3237339.0,144321761.0,2.19,Low utilization,Large unspent balance relative to allocation — worth checking for delayed fund release or stalled project pipeline.
DARSHAN SINGH CHOUDHARY,Madhya Pradesh,HOSHANGABAD,147000000.0,3244833.0,143755167.0,2.21,Low utilization,Large unspent balance relative to allocation — worth checking for delayed fund release or stalled project pipeline.
BUNTY VIVEK SAHU,Madhya Pradesh,CHHINDWARA,147000000.0,3249917.0,143750083.0,2.21,Low utilization,Large unspent balance relative to allocation — worth checking for delayed fund release or stalled project pipeline.
PRABHAKAR REDDY VEMIREDDY,Andhra Pradesh,NELLORE(SC),147000000.0,3265775.0,143734225.0,2.22,Low utilization,Large unspent balance relative to allocation — worth checking for delayed fund release or stalled project pipeline.
Kripanath Mallah,Assam,KARIMGANJ (SC),147000000.0,3280447.0,143719553.0,2.23,Low utilization,Large unspent balance relative to allocation — worth checking for delayed fund release or stalled project pipeline.
AMRARAM,Rajasthan,SIKAR,165691544.11,3697749.0,161993795.11,2.23,Low utilization,Large unspent balance relative to allocation — worth checking for delayed fund release or stalled project pipeline.
Shri Benny Behanan,Kerala,CHALAKUDY,164674770.11,3716376.0,160958394.11,2.26,Low utilization,Large unspent balance relative to allocation — worth checking for delayed fund release or stalled project pipeline.
VARUN CHAUDHRY,Haryana,AMBALA (SC),255454264.0,5773922.0,249680342.0,2.26,Low utilization,Large unspent balance relative to allocation — worth checking for delayed fund release or stalled project pipeline.
CN Annadurai,Tamil Nadu,TIRUVANNAMALAI,148579509.11,3426837.0,145152672.11,2.31,Low utilization,Large unspent balance relative to allocation — worth checking for delayed fund release or stalled project pipeline.
Shri Anil Firojiya,Madhya Pradesh,UJJAIN(SC),147000000.0,3392640.0,143607360.0,2.31,Low utilization,Large unspent balance relative to allocation — worth checking for delayed fund release or stalled project pipeline.
TRIVENDRA SINGH RAWAT,Uttarakhand,HARDWAR,147000000.0,3413877.0,143586123.0,2.32,Low utilization,Large unspent balance relative to allocation — worth checking for delayed fund release or stalled project pipeline.
ANITA SUBHADARSHINI,Odisha,ASKA,147000000.0,3422595.0,143577405.0,2.33,Low utilization,Large unspent balance relative to allocation — worth checking for delayed fund release or stalled project pipeline.
AGA SYED RUHULLAH MEHDI,Jammu And Kashmir,SRINAGAR,147000000.0,3437977.0,143562023.0,2.34,Low utilization,Large unspent balance relative to allocation — worth checking for delayed fund release or stalled project pipeline.
DR. M.P ABDUSSAMAD SAMADANI,Kerala,PONNANI,170434031.11,3981967.0,166452064.11,2.34,Low utilization,Large unspent balance relative to allocation — worth checking for delayed fund release or stalled project pipeline.
Smt Sangeeta Kumari Singh Deo,Odisha,BOLANGIR,147000000.0,3460629.0,143539371.0,2.35,Low utilization,Large unspent balance relative to allocation — worth checking for delayed fund release or stalled project pipeline.
BAG MITALI,West Bengal,ARAMBAG(SC),147000000.0,3457026.0,143542974.0,2.35,Low utilization,Large unspent balance relative to allocation — worth checking for delayed fund release or stalled project pipeline.
Rao Inderjit Singh,Haryana,GURGAON,147000000.0,3454672.0,143545328.0,2.35,Low utilization,Large unspent balance relative to allocation — worth checking for delayed fund release or stalled project pipeline.
SAVITRI THAKUR,Madhya Pradesh,DHAR(ST),147000000.0,3504065.0,143495935.0,2.38,Low utilization,Large unspent balance relative to allocation — worth checking for delayed fund release or stalled project pipeline.
Shri Arjun Ram Meghwal,Rajasthan,BIKANER(SC),147000000.0,3520998.0,143479002.0,2.4,Low utilization,Large unspent balance relative to allocation — worth checking for delayed fund release or stalled project pipeline.
ANANTA NAYAK,Odisha,KEONJHAR(ST),147000000.0,3574978.0,143425022.0,2.43,Low utilization,Large unspent balance relative to allocation — worth checking for delayed fund release or stalled project pipeline.
DR KALGE SHIVAJI BANDAPPA,Maharashtra,LATUR(SC),147000000.0,3585791.0,143414209.0,2.44,Low utilization,Large unspent balance relative to allocation — worth checking for delayed fund release or stalled project pipeline.
THARANIVENTHAN M S,Tamil Nadu,ARANI,168337124.35,4124340.0,164212784.35,2.45,Low utilization,Large unspent balance relative to allocation — worth checking for delayed fund release or stalled project pipeline.
Rajeshbhai Naranbhai Chudasama,Gujarat,JUNAGADH,147000000.0,3594748.0,143405252.0,2.45,Low utilization,Large unspent balance relative to allocation — worth checking for delayed fund release or stalled project pipeline.
Jitendra Singh,Jammu And Kashmir,UDHAMPUR,147000000.0,3646269.0,143353731.0,2.48,Low utilization,Large unspent balance relative to allocation — worth checking for delayed fund release or stalled project pipeline.
Shyamkumar,Maharashtra,RAMTEK(SC),147000000.0,3663116.0,143336884.0,2.49,Low utilization,Large unspent balance relative to allocation — worth checking for delayed fund release or stalled project pipeline.
Magunta Sreenivasulu Reddy,Andhra Pradesh,ONGOLE,147000000.0,3720853.0,143279147.0,2.53,Low utilization,Large unspent balance relative to allocation — worth checking for delayed fund release or stalled project pipeline.
SHASHANK MANI,Uttar Pradesh,DEORIA,147000000.0,3744403.0,143255597.0,2.55,Low utilization,Large unspent balance relative to allocation — worth checking for delayed fund release or stalled project pipeline.
CHINTAMANI MAHARAJ,Chhattisgarh,SARGUJA(ST),147000000.0,3765690.0,143234310.0,2.56,Low utilization,Large unspent balance relative to allocation — worth checking for delayed fund release or stalled project pipeline.
Alok Kumar Suman,Bihar,GOPALGANJ (SC),147000000.0,3791455.0,143208545.0,2.58,Low utilization,Large unspent balance relative to allocation — worth checking for delayed fund release or stalled project pipeline.
VISHAL,Maharashtra,SANGLI,147000000.0,3786952.0,143213048.0,2.58,Low utilization,Large unspent balance relative to allocation — worth checking for delayed fund release or stalled project pipeline.
NALIN SOREN,Jharkhand,DUMKA(ST),147364097.11,3837500.0,143526597.11,2.6,Low utilization,Large unspent balance relative to allocation — worth checking for delayed fund release or stalled project pipeline.
Omprakash Bhupalsinh Alias Pawan Rajenimbalkar,Maharashtra,OSMANABAD,184758519.11,4838642.0,179919877.11,2.62,Low utilization,Large unspent balance relative to allocation — worth checking for delayed fund release or stalled project pipeline.
ARUNA. D. K,Telangana,MAHABUBNAGAR,147000000.0,3885961.0,143114039.0,2.64,Low utilization,Large unspent balance relative to allocation — worth checking for delayed fund release or stalled project pipeline.
Shri Jugal Kishore Sharma,Jammu And Kashmir,JAMMU,147000000.0,3882760.0,143117240.0,2.64,Low utilization,Large unspent balance relative to allocation — worth checking for delayed fund release or stalled project pipeline.
PRADEEP PUROHIT,Odisha,BARGARH,147000000.0,3896397.0,143103603.0,2.65,Low utilization,Large unspent balance relative to allocation — worth checking for delayed fund release or stalled project pipeline.
PHANI BHUSAN CHOUDHURY,Assam,BARPETA,147000000.0,3970239.0,143029761.0,2.7,Low utilization,Large unspent balance relative to allocation — worth checking for delayed fund release or stalled project pipeline.
MURLIDHAR MOHOL,Maharashtra,PUNE,147000000.0,3982771.0,143017229.0,2.71,Low utilization,Large unspent balance relative to allocation — worth checking for delayed fund release or stalled project pipeline.
Appalanaidu Kalisetti,Andhra Pradesh,VIZIANAGARAM,147000000.0,4032405.0,142967595.0,2.74,Low utilization,Large unspent balance relative to allocation — worth checking for delayed fund release or stalled project pipeline.
ROOP KUMARI CHOUDHARY,Chhattisgarh,MAHASAMUND,153035414.0,4200667.0,148834747.0,2.74,Low utilization,Large unspent balance relative to allocation — worth checking for delayed fund release or stalled project pipeline.
Sanjay Uttamrao Deshmukh,Maharashtra,YAVATMAL-WASHIM,185640423.0,5157991.0,180482432.0,2.78,Low utilization,Large unspent balance relative to allocation — worth checking for delayed fund release or stalled project pipeline.
Saptagiri Sankar Ulaka,Odisha,KORAPUT(ST),269500000.0,7600000.0,261900000.0,2.82,Low utilization,Large unspent balance relative to allocation — worth checking for delayed fund release or stalled project pipeline.
Vinod Chavda,Gujarat,KACHCHH(SC),147000000.0,4159071.0,142840929.0,2.83,Low utilization,Large unspent balance relative to allocation — worth checking for delayed fund release or stalled project pipeline.
GM Harish Balayogi,Andhra Pradesh,AMALAPURAM(SC),147000000.0,4160499.0,142839501.0,2.83,Low utilization,Large unspent balance relative to allocation — worth checking for delayed fund release or stalled project pipeline.
DR C N MANJUNATH,Karnataka,BANGALORE RURAL,147000000.0,4217173.0,142782827.0,2.87,Low utilization,Large unspent balance relative to allocation — worth checking for delayed fund release or stalled project pipeline.
RAMESH AWASTHI,Uttar Pradesh,KANPUR,147000000.0,4239094.0,142760906.0,2.88,Low utilization,Large unspent balance relative to allocation — worth checking for delayed fund release or stalled project pipeline.
SELVAGANAPATHI T M,Tamil Nadu,SALEM,147000000.0,4244214.0,142755786.0,2.89,Low utilization,Large unspent balance relative to allocation — worth checking for delayed fund release or stalled project pipeline.
MANISH TEWARI,Chandigarh,CHANDIGARH,178351443.75,5157132.0,173194311.75,2.89,Low utilization,Large unspent balance relative to allocation — worth checking for delayed fund release or stalled project pipeline.
Mala Rajya Laxmi Shah,Uttarakhand,TEHRI GARHWAL,147000000.0,4265729.0,142734271.0,2.9,Low utilization,Large unspent balance relative to allocation — worth checking for delayed fund release or stalled project pipeline.
ANDREW J. SYNGKON,Meghalaya,SHILLONG,98000000.0,2850000.0,95150000.0,2.91,Low utilization,Large unspent balance relative to allocation — worth checking for delayed fund release or stalled project pipeline.
NARAYAN DAS AHIRWAR,Uttar Pradesh,JALAUN(SC),147000000.0,4315587.0,142684413.0,2.94,Low utilization,Large unspent balance relative to allocation — worth checking for delayed fund release or stalled project pipeline.
SANJAY DINA PATIL,Maharashtra,MUMBAI NORTH EAST,147000000.0,4395727.0,142604273.0,2.99,Low utilization,Large unspent balance relative to allocation — worth checking for delayed fund release or stalled project pipeline.
Dr Shashi Tharoor,Kerala,THIRUVANANTHAPURAM,147000000.0,4461083.0,142538917.0,3.03,Low utilization,Large unspent balance relative to allocation — worth checking for delayed fund release or stalled project pipeline.
JAGADISH SHETTAR,Karnataka,BELGAUM,147000000.0,4479571.0,142520429.0,3.05,Low utilization,Large unspent balance relative to allocation — worth checking for delayed fund release or stalled project pipeline.
Shri Hanuman Beniwal,Rajasthan,NAGAUR,147000000.0,4497853.0,142502147.0,3.06,Low utilization,Large unspent balance relative to allocation — worth checking for delayed fund release or stalled project pipeline.
CHANDRA SHEKHAR,Uttar Pradesh,NAGINA(SC),147000000.0,4501081.0,142498919.0,3.06,Low utilization,Large unspent balance relative to allocation — worth checking for delayed fund release or stalled project pipeline.
BRIJENDRA SINGH OLA,Rajasthan,JHUNJHUNU,147000000.0,4598777.0,142401223.0,3.13,Low utilization,Large unspent balance relative to allocation — worth checking for delayed fund release or stalled project pipeline.
SHRIMANT CHH UDAYANRAJE PRATAPSINHAMAHARAJ BHONSLE,Maharashtra,SATARA,147000000.0,4599549.0,142400451.0,3.13,Low utilization,Large unspent balance relative to allocation — worth checking for delayed fund release or stalled project pipeline.
RAKIBUL HUSSAIN,Assam,DHUBRI,147000000.0,4619986.0,142380014.0,3.14,Low utilization,Large unspent balance relative to allocation — worth checking for delayed fund release or stalled project pipeline.
Abu Taher Khan,West Bengal,MURSHIDABAD,147000000.0,4613147.0,142386853.0,3.14,Low utilization,Large unspent balance relative to allocation — worth checking for delayed fund release or stalled project pipeline.
DR BYREDDY SHABARI,Andhra Pradesh,NANDYAL,150675889.11,4791685.0,145884204.11,3.18,Low utilization,Large unspent balance relative to allocation — worth checking for delayed fund release or stalled project pipeline.
GOPINATH K,Tamil Nadu,KRISHNAGIRI,147000000.0,4683793.0,142316207.0,3.19,Low utilization,Large unspent balance relative to allocation — worth checking for delayed fund release or stalled project pipeline.
DR. RAJ KUMAR CHABBEWAL,Punjab,HOSHIARPUR(SC),147000000.0,4690268.0,142309732.0,3.19,Low utilization,Large unspent balance relative to allocation — worth checking for delayed fund release or stalled project pipeline.
Pralhad Venkatesh Joshi,Karnataka,DHARWAD,147000000.0,4682370.0,142317630.0,3.19,Low utilization,Large unspent balance relative to allocation — worth checking for delayed fund release or stalled project pipeline.
ADV K FRANCIS GEORGE,Kerala,KOTTAYAM,188722256.11,6112211.0,182610045.11,3.24,Low utilization,Large unspent balance relative to allocation — worth checking for delayed fund release or stalled project pipeline.
Jyotsna Charandas Mahant,Chhattisgarh,KORBA,155153738.11,5064847.0,150088891.11,3.26,Low utilization,Large unspent balance relative to allocation — worth checking for delayed fund release or stalled project pipeline.
DR. SHARMILA SARKAR,West Bengal,BARDHAMAN PURBA(SC),147000000.0,4803956.0,142196044.0,3.27,Low utilization,Large unspent balance relative to allocation — worth checking for delayed fund release or stalled project pipeline.
Mahesh Sharma,Uttar Pradesh,GAUTAM BUDDHA NAGAR,148816284.11,4878618.0,143937666.11,3.28,Low utilization,Large unspent balance relative to allocation — worth checking for delayed fund release or stalled project pipeline.
ABDUL RASHID SHEIKH,Jammu And Kashmir,BARAMULLAH,154773472.11,5096157.0,149677315.11,3.29,Low utilization,Large unspent balance relative to allocation — worth checking for delayed fund release or stalled project pipeline.
RICHARD VANLALHMANGAIHA,Mizoram,MIZORAM (ST),147000000.0,4865000.0,142135000.0,3.31,Low utilization,Large unspent balance relative to allocation — worth checking for delayed fund release or stalled project pipeline.
RANJIT DUTTA,Assam,Sonitpur,147000000.0,4863451.0,142136549.0,3.31,Low utilization,Large unspent balance relative to allocation — worth checking for delayed fund release or stalled project pipeline.
KALIPADA SAREN,West Bengal,JHARGRAM(ST),147000000.0,4881631.0,142118369.0,3.32,Low utilization,Large unspent balance relative to allocation — worth checking for delayed fund release or stalled project pipeline.
Smt Himadri Singh,Madhya Pradesh,SHAHDOL (ST),150724861.11,5003035.0,145721826.11,3.32,Low utilization,Large unspent balance relative to allocation — worth checking for delayed fund release or stalled project pipeline.
Thirumaa Valavan Thol,Tamil Nadu,CHIDAMBARAM(SC),147000000.0,4877025.0,142122975.0,3.32,Low utilization,Large unspent balance relative to allocation — worth checking for delayed fund release or stalled project pipeline.
RAJPALSINH MAHENDRASINH JADAV,Gujarat,PANCHMAHAL,147000000.0,4892406.0,142107594.0,3.33,Low utilization,Large unspent balance relative to allocation — worth checking for delayed fund release or stalled project pipeline.
SAGAR ESHWAR KHANDRE,Karnataka,BIDAR,147000000.0,4907250.0,142092750.0,3.34,Low utilization,Large unspent balance relative to allocation — worth checking for delayed fund release or stalled project pipeline.
Thiru Dayanidhi Maran,Tamil Nadu,CHENNAI CENTRAL,147000000.0,4909657.0,142090343.0,3.34,Low utilization,Large unspent balance relative to allocation — worth checking for delayed fund release or stalled project pipeline.
CHIRAG PASWAN,Bihar,HAJIPUR(SC),147000000.0,4946094.0,142053906.0,3.36,Low utilization,Large unspent balance relative to allocation — worth checking for delayed fund release or stalled project pipeline.
MALVIKA DEVI,Odisha,KALAHANDI,147000000.0,5000000.0,142000000.0,3.4,Low utilization,Large unspent balance relative to allocation — worth checking for delayed fund release or stalled project pipeline.
BASAVARAJ BOMMAI,Karnataka,HAVERI,147000000.0,4993850.0,142006150.0,3.4,Low utilization,Large unspent balance relative to allocation — worth checking for delayed fund release or stalled project pipeline.
LALJI VERMA,Uttar Pradesh,AMBEDKAR NAGAR,147000000.0,5041067.0,141958933.0,3.43,Low utilization,Large unspent balance relative to allocation — worth checking for delayed fund release or stalled project pipeline.
PATHAN YUSUF,West Bengal,BAHARAMPUR,147000000.0,5047497.0,141952503.0,3.43,Low utilization,Large unspent balance relative to allocation — worth checking for delayed fund release or stalled project pipeline.
KADIYAM KAVYA,Telangana,WARANGEL(SC),147000000.0,5039888.0,141960112.0,3.43,Low utilization,Large unspent balance relative to allocation — worth checking for delayed fund release or stalled project pipeline.
Mitesh Rameshbhai Bakabhai Patel,Gujarat,ANAND,147000000.0,5070233.0,141929767.0,3.45,Low utilization,Large unspent balance relative to allocation — worth checking for delayed fund release or stalled project pipeline.
Rahul Kaswan,Rajasthan,CHURU,147000000.0,5082523.0,141917477.0,3.46,Low utilization,Large unspent balance relative to allocation — worth checking for delayed fund release or stalled project pipeline.
SHOBHANABEN MAHENDRASINH BARAIYA,Gujarat,SABARKANTHA,147000000.0,5100000.0,141900000.0,3.47,Low utilization,Large unspent balance relative to allocation — worth checking for delayed fund release or stalled project pipeline.
Krishan Pal Gurjar,Haryana,FARIDABAD,147000000.0,5101883.0,141898117.0,3.47,Low utilization,Large unspent balance relative to allocation — worth checking for delayed fund release or stalled project pipeline.
AASHTIKAR PATIL NAGESH BAPURAO,Maharashtra,HINGOLI,190289442.0,6649838.0,183639604.0,3.49,Low utilization,Large unspent balance relative to allocation — worth checking for delayed fund release or stalled project pipeline.
GAIKWAD VARSHA EKNATH,Maharashtra,MUMBAI NORTH-CENTRAL,147000000.0,5146090.0,141853910.0,3.5,Low utilization,Large unspent balance relative to allocation — worth checking for delayed fund release or stalled project pipeline.
PRIYANKA SATISH JARKIHOLI,Karnataka,CHIKKODI,147000000.0,5160940.0,141839060.0,3.51,Low utilization,Large unspent balance relative to allocation — worth checking for delayed fund release or stalled project pipeline.
MANOJ KUMAR,Bihar,SASARAM(SC),147000000.0,5176465.0,141823535.0,3.52,Low utilization,Large unspent balance relative to allocation — worth checking for delayed fund release or stalled project pipeline.
KRISHNA DEVI SHIVSHANKER PATEL,Uttar Pradesh,BANDA,147000000.0,5186581.0,141813419.0,3.53,Low utilization,Large unspent balance relative to allocation — worth checking for delayed fund release or stalled project pipeline.
MAHESH KASHYAP,Chhattisgarh,BASTAR(ST),147000000.0,5183497.0,141816503.0,3.53,Low utilization,Large unspent balance relative to allocation — worth checking for delayed fund release or stalled project pipeline.
Y S Avinash Reddy,Andhra Pradesh,KADAPA,156430260.11,5524116.0,150906144.11,3.53,Low utilization,Large unspent balance relative to allocation — worth checking for delayed fund release or stalled project pipeline.
Parvatagouda Chandanagouda Gaddigoudar,Karnataka,BAGALKOT,167541747.11,5971097.0,161570650.11,3.56,Low utilization,Large unspent balance relative to allocation — worth checking for delayed fund release or stalled project pipeline.
Putta Mahesh Kumar,Andhra Pradesh,ELURU,147000000.0,5238192.0,141761808.0,3.56,Low utilization,Large unspent balance relative to allocation — worth checking for delayed fund release or stalled project pipeline.
Shri Bhartruhari Mahtab,Odisha,CUTTACK,147000000.0,5265034.0,141734966.0,3.58,Low utilization,Large unspent balance relative to allocation — worth checking for delayed fund release or stalled project pipeline.
Virendra Kumar,Madhya Pradesh,TIKAMGARH(SC),147000000.0,5260792.0,141739208.0,3.58,Low utilization,Large unspent balance relative to allocation — worth checking for delayed fund release or stalled project pipeline.
LOVELY ANAND,Bihar,SHEOHAR,147000000.0,5263932.0,141736068.0,3.58,Low utilization,Large unspent balance relative to allocation — worth checking for delayed fund release or stalled project pipeline.
ARUN NEHRU,Tamil Nadu,PERAMBALUR,147000000.0,5267430.0,141732570.0,3.58,Low utilization,Large unspent balance relative to allocation — worth checking for delayed fund release or stalled project pipeline.
BAIJAYANT PANDA,Odisha,KENDRAPARA,147000000.0,5298788.0,141701212.0,3.6,Low utilization,Large unspent balance relative to allocation — worth checking for delayed fund release or stalled project pipeline.
Vishnu Dutt Sharma,Madhya Pradesh,KHAJURAHO,147000000.0,5320000.0,141680000.0,3.62,Low utilization,Large unspent balance relative to allocation — worth checking for delayed fund release or stalled project pipeline.
BISHNU PADA RAY,Andaman And Nicobar Islands,ANDAMAN AND NICOBAR ISLANDS,147000000.0,5329861.0,141670139.0,3.63,Low utilization,Large unspent balance relative to allocation — worth checking for delayed fund release or stalled project pipeline.
MURASOLI S,Tamil Nadu,THANJAVUR,147000000.0,5356695.0,141643305.0,3.64,Low utilization,Large unspent balance relative to allocation — worth checking for delayed fund release or stalled project pipeline.
Adv Dean Kuriakose,Kerala,IDUKKI,147000000.0,5368783.0,141631217.0,3.65,Low utilization,Large unspent balance relative to allocation — worth checking for delayed fund release or stalled project pipeline.
Smt Poonamben Hematbhai Maadam,Gujarat,JAMNAGAR,147000000.0,5384934.0,141615066.0,3.66,Low utilization,Large unspent balance relative to allocation — worth checking for delayed fund release or stalled project pipeline.
RAMASAHAYAM RAGHURAM REDDY,Telangana,KHAMMAM,147000000.0,5402622.0,141597378.0,3.68,Low utilization,Large unspent balance relative to allocation — worth checking for delayed fund release or stalled project pipeline.
Kishan Reddy Gangapuram,Telangana,SECUNDERABAD,147000000.0,5422994.0,141577006.0,3.69,Low utilization,Large unspent balance relative to allocation — worth checking for delayed fund release or stalled project pipeline.
BHUMARE SANDIPANRAO ASARAM,Maharashtra,AURANGABAD_MH,147000000.0,5473824.0,141526176.0,3.72,Low utilization,Large unspent balance relative to allocation — worth checking for delayed fund release or stalled project pipeline.
UJJWAL RAMAN SINGH,Uttar Pradesh,ALLAHABAD,147000000.0,5485285.0,141514715.0,3.73,Low utilization,Large unspent balance relative to allocation — worth checking for delayed fund release or stalled project pipeline.
ADITYA YADAV,Uttar Pradesh,BADAUN,147000000.0,5503015.0,141496985.0,3.74,Low utilization,Large unspent balance relative to allocation — worth checking for delayed fund release or stalled project pipeline.
Shri Chandra Prakash Choudhary,Jharkhand,GIRIDIH,147000000.0,5540177.0,141459823.0,3.77,Low utilization,Large unspent balance relative to allocation — worth checking for delayed fund release or stalled project pipeline.
Maddila Gurumoorthy,Andhra Pradesh,TIRUPATI(SC),180399007.0,6810524.0,173588483.0,3.78,Low utilization,Large unspent balance relative to allocation — worth checking for delayed fund release or stalled project pipeline.
KALYAN VAIJINATHRAO KALE,Maharashtra,JALNA,147000000.0,5570658.0,141429342.0,3.79,Low utilization,Large unspent balance relative to allocation — worth checking for delayed fund release or stalled project pipeline.
M.K. VISHNUPRASAD,Tamil Nadu,CUDDALORE,147000000.0,5586728.0,141413272.0,3.8,Low utilization,Large unspent balance relative to allocation — worth checking for delayed fund release or stalled project pipeline.
DEEPENDER SINGH HOODA,Haryana,ROHTAK,147000000.0,5644318.0,141355682.0,3.84,Low utilization,Large unspent balance relative to allocation — worth checking for delayed fund release or stalled project pipeline.
Saumitra khan,West Bengal,BISHNUPUR(SC),147000000.0,5649400.0,141350600.0,3.84,Low utilization,Large unspent balance relative to allocation — worth checking for delayed fund release or stalled project pipeline.
ATUL GARG,Uttar Pradesh,GHAZIABAD,155336470.0,6045905.0,149290565.0,3.89,Low utilization,Large unspent balance relative to allocation — worth checking for delayed fund release or stalled project pipeline.
HARENDRA SINGH MALIK,Uttar Pradesh,MUZAFFARNAGAR,147000000.0,5762057.0,141237943.0,3.92,Low utilization,Large unspent balance relative to allocation — worth checking for delayed fund release or stalled project pipeline.
Devusinh Jesingbhai Chauhan,Gujarat,KHEDA,147000000.0,5792617.0,141207383.0,3.94,Low utilization,Large unspent balance relative to allocation — worth checking for delayed fund release or stalled project pipeline.
GENIBEN NAGAJI THAKOR,Gujarat,BANASKANTHA,147000000.0,5908841.0,141091159.0,4.02,Low utilization,Large unspent balance relative to allocation — worth checking for delayed fund release or stalled project pipeline.
BHARAT SINGH KUSHWAH,Madhya Pradesh,GWALIOR,151455276.04,6100989.0,145354287.04,4.03,Low utilization,Large unspent balance relative to allocation — worth checking for delayed fund release or stalled project pipeline.
BALRAM NAIK PORIKA,Telangana,MAHABUBABAD,147000000.0,5943758.0,141056242.0,4.04,Low utilization,Large unspent balance relative to allocation — worth checking for delayed fund release or stalled project pipeline.
NILESH DNYANDEV LANKE,Maharashtra,AHMEDNAGAR,147000000.0,5948131.0,141051869.0,4.05,Low utilization,Large unspent balance relative to allocation — worth checking for delayed fund release or stalled project pipeline.
MANOHAR LAL,Haryana,KARNAL,147000000.0,5946396.0,141053604.0,4.05,Low utilization,Large unspent balance relative to allocation — worth checking for delayed fund release or stalled project pipeline.
Bharatsinhji Shankarji Dabhi,Gujarat,PATAN,147000000.0,5995710.0,141004290.0,4.08,Low utilization,Large unspent balance relative to allocation — worth checking for delayed fund release or stalled project pipeline.
Ajay Bhatt,Uttarakhand,NAINITAL UDHAM SINGH NAG.,147000000.0,6017135.0,140982865.0,4.09,Low utilization,Large unspent balance relative to allocation — worth checking for delayed fund release or stalled project pipeline.
BIPLAB KUMAR DEB,Tripura,TRIPURA WEST,147000000.0,6101507.0,140898493.0,4.15,Low utilization,Large unspent balance relative to allocation — worth checking for delayed fund release or stalled project pipeline.
MANOJ TIGGA,West Bengal,ALIPURDUARS(ST),147000000.0,6135972.0,140864028.0,4.17,Low utilization,Large unspent balance relative to allocation — worth checking for delayed fund release or stalled project pipeline.
BAJRANG MANOHAR SONWANE,Maharashtra,BEED,165899107.19,6971608.0,158927499.19,4.2,Low utilization,Large unspent balance relative to allocation — worth checking for delayed fund release or stalled project pipeline.
Bhagirath Chaudhary,Rajasthan,AJMER,147000000.0,6187296.0,140812704.0,4.21,Low utilization,Large unspent balance relative to allocation — worth checking for delayed fund release or stalled project pipeline.
Santosh Pandey,Chhattisgarh,RAJNANDGAON,147000000.0,6216292.0,140783708.0,4.23,Low utilization,Large unspent balance relative to allocation — worth checking for delayed fund release or stalled project pipeline.
Krishna Prasad Tenneti,Andhra Pradesh,BAPATLA,167796849.11,7116120.0,160680729.11,4.24,Low utilization,Large unspent balance relative to allocation — worth checking for delayed fund release or stalled project pipeline.
Manickam Tagore B,Tamil Nadu,VIRUDHUNAGAR,147000000.0,6315952.0,140684048.0,4.3,Low utilization,Large unspent balance relative to allocation — worth checking for delayed fund release or stalled project pipeline.
DR. PRASHANT YADAORAO PADOLE,Maharashtra,BHANDARA-GONDIYA,159680283.39,6890076.0,152790207.39,4.31,Low utilization,Large unspent balance relative to allocation — worth checking for delayed fund release or stalled project pipeline.
Shri NK Premachandran,Kerala,KOLLAM,171477994.11,7425581.0,164052413.11,4.33,Low utilization,Large unspent balance relative to allocation — worth checking for delayed fund release or stalled project pipeline.
KISHORI LAL,Uttar Pradesh,AMETHI,171500000.0,7467102.0,164032898.0,4.35,Low utilization,Large unspent balance relative to allocation — worth checking for delayed fund release or stalled project pipeline.
SALENG A SANGMA,Meghalaya,TURA,147000000.0,6470000.0,140530000.0,4.4,Low utilization,Large unspent balance relative to allocation — worth checking for delayed fund release or stalled project pipeline.
Shri Janardan Singh Sigriwal,Bihar,MAHARAJGANJ_BR,147000000.0,6527284.0,140472716.0,4.44,Low utilization,Large unspent balance relative to allocation — worth checking for delayed fund release or stalled project pipeline.
E. TUKARAM,Karnataka,BELLARY(ST),147000000.0,6560785.0,140439215.0,4.46,Low utilization,Large unspent balance relative to allocation — worth checking for delayed fund release or stalled project pipeline.
KALI CHARAN SINGH,Jharkhand,CHATRA,147000000.0,6598298.0,140401702.0,4.49,Low utilization,Large unspent balance relative to allocation — worth checking for delayed fund release or stalled project pipeline.
Shri vijayakumar Vasanth,Tamil Nadu,KANNIYAKUMARI,171500000.0,7756391.0,163743609.0,4.52,Low utilization,Large unspent balance relative to allocation — worth checking for delayed fund release or stalled project pipeline.
Vijay Baghel,Chhattisgarh,DURG,147000000.0,6649509.0,140350491.0,4.52,Low utilization,Large unspent balance relative to allocation — worth checking for delayed fund release or stalled project pipeline.
PARSHOTTAMBHAI RUPALA,Gujarat,RAJKOT,147000000.0,6664506.0,140335494.0,4.53,Low utilization,Large unspent balance relative to allocation — worth checking for delayed fund release or stalled project pipeline.
NARESH CHANDRA UTTAM PATEL,Uttar Pradesh,FATEHPUR,147000000.0,6695865.0,140304135.0,4.56,Low utilization,Large unspent balance relative to allocation — worth checking for delayed fund release or stalled project pipeline.
ALOK SHARMA,Madhya Pradesh,BHOPAL,147000000.0,6700000.0,140300000.0,4.56,Low utilization,Large unspent balance relative to allocation — worth checking for delayed fund release or stalled project pipeline.
Smt Aparajita Sarangi,Odisha,BHUBANESWAR,147420861.41,6728790.0,140692071.41,4.56,Low utilization,Large unspent balance relative to allocation — worth checking for delayed fund release or stalled project pipeline.
ESWARASAMY K,Tamil Nadu,POLLACHI,162315106.11,7511168.0,154803938.11,4.63,Low utilization,Large unspent balance relative to allocation — worth checking for delayed fund release or stalled project pipeline.
BABU SINGH KUSHWAHA,Uttar Pradesh,JAUNPUR,147000000.0,6830106.0,140169894.0,4.65,Low utilization,Large unspent balance relative to allocation — worth checking for delayed fund release or stalled project pipeline.
Shri  Dharambir Singh,Haryana,BHIWANI MAHENDRAGARH,147000000.0,6854314.0,140145686.0,4.66,Low utilization,Large unspent balance relative to allocation — worth checking for delayed fund release or stalled project pipeline.
PRANITI SUSHILKUMAR SHINDE,Maharashtra,SOLAPUR(SC),147000000.0,6941644.0,140058356.0,4.72,Low utilization,Large unspent balance relative to allocation — worth checking for delayed fund release or stalled project pipeline.
BACHHAV SHOBHA DINESH,Maharashtra,DHULE,147000000.0,6944281.0,140055719.0,4.72,Low utilization,Large unspent balance relative to allocation — worth checking for delayed fund release or stalled project pipeline.
GANAPATHY RAJKUMAR P,Tamil Nadu,COIMBATORE,147370490.11,6978208.0,140392282.11,4.74,Low utilization,Large unspent balance relative to allocation — worth checking for delayed fund release or stalled project pipeline.
DR. MANSUKH MANDAVIYA,Gujarat,PORBANDAR,147000000.0,6961124.0,140038876.0,4.74,Low utilization,Large unspent balance relative to allocation — worth checking for delayed fund release or stalled project pipeline.
PUSHPENDRA SAROJ,Uttar Pradesh,KAUSHAMBI(SC),147000000.0,7055162.0,139944838.0,4.8,Low utilization,Large unspent balance relative to allocation — worth checking for delayed fund release or stalled project pipeline.
SHAFI PARAMBIL,Kerala,VADAKARA,147000000.0,7115789.0,139884211.0,4.84,Low utilization,Large unspent balance relative to allocation — worth checking for delayed fund release or stalled project pipeline.
KAMAKHYA PRASAD TASA,Assam,Kaziranga,147000000.0,7250248.0,139749752.0,4.93,Low utilization,Large unspent balance relative to allocation — worth checking for delayed fund release or stalled project pipeline.
Prasun Banerjee,West Bengal,HOWRAH,147000000.0,7288705.0,139711295.0,4.96,Low utilization,Large unspent balance relative to allocation — worth checking for delayed fund release or stalled project pipeline.
SUKHJINDER SINGH RANDHAWA,Punjab,GURDASPUR,147000000.0,7332383.0,139667617.0,4.99,Low utilization,Large unspent balance relative to allocation — worth checking for delayed fund release or stalled project pipeline.
Midhun Reddy,Andhra Pradesh,RAJAMPET,178951477.11,8959655.0,169991822.11,5.01,Low utilization,Large unspent balance relative to allocation — worth checking for delayed fund release or stalled project pipeline.
Kinjarapu Ram Mohan Naidu,Andhra Pradesh,SRIKAKULAM,171200630.11,8569640.0,162630990.11,5.01,Low utilization,Large unspent balance relative to allocation — worth checking for delayed fund release or stalled project pipeline.
AJENDRA SINGH LODHI,Uttar Pradesh,HAMIRPUR_UP,147000000.0,7377631.0,139622369.0,5.02,Low utilization,Large unspent balance relative to allocation — worth checking for delayed fund release or stalled project pipeline.
K RADHAKRISHNAN,Kerala,ALATHUR(SC),147000000.0,7431950.0,139568050.0,5.06,Low utilization,Large unspent balance relative to allocation — worth checking for delayed fund release or stalled project pipeline.
MALVINDER SINGH KANG,Punjab,ANANDPUR SAHIB,147000000.0,7509480.0,139490520.0,5.11,Low utilization,Large unspent balance relative to allocation — worth checking for delayed fund release or stalled project pipeline.
Gumma Thanuja Rani,Andhra Pradesh,ARAKU(ST),149458905.11,7674798.0,141784107.11,5.14,Low utilization,Large unspent balance relative to allocation — worth checking for delayed fund release or stalled project pipeline.
Shri Amit Shah,Gujarat,GANDHINAGAR,147000000.0,7552639.0,139447361.0,5.14,Low utilization,Large unspent balance relative to allocation — worth checking for delayed fund release or stalled project pipeline.
AKHILESH YADAV,Uttar Pradesh,KANNAUJ,147000000.0,7681602.0,139318398.0,5.23,Low utilization,Large unspent balance relative to allocation — worth checking for delayed fund release or stalled project pipeline.
D M Kathir Anand,Tamil Nadu,VELLORE,160196941.11,8397586.0,151799355.11,5.24,Low utilization,Large unspent balance relative to allocation — worth checking for delayed fund release or stalled project pipeline.
GOVIND MAKTHAPPA KARJOL,Karnataka,CHITRADURGA(SC),147000000.0,7720737.0,139279263.0,5.25,Low utilization,Large unspent balance relative to allocation — worth checking for delayed fund release or stalled project pipeline.
Mansukhbhai Dhanjibhai Vasava,Gujarat,BHARUCH,147000000.0,7722795.0,139277205.0,5.25,Low utilization,Large unspent balance relative to allocation — worth checking for delayed fund release or stalled project pipeline.
AMARSING TISSO,Assam,Diphu (ST),147000000.0,7740284.0,139259716.0,5.27,Low utilization,Large unspent balance relative to allocation — worth checking for delayed fund release or stalled project pipeline.
CHANDUBHAI CHHAGANBHAI SHIHORA,Gujarat,SURENDRANAGAR,147000000.0,7786706.0,139213294.0,5.3,Low utilization,Large unspent balance relative to allocation — worth checking for delayed fund release or stalled project pipeline.
SANJNA JATAV,Rajasthan,BHARATPUR(SC),147000000.0,7800011.0,139199989.0,5.31,Low utilization,Large unspent balance relative to allocation — worth checking for delayed fund release or stalled project pipeline.
AVIMANYU SETHI,Odisha,BHADRAK(SC),147000000.0,7827230.0,139172770.0,5.32,Low utilization,Large unspent balance relative to allocation — worth checking for delayed fund release or stalled project pipeline.
Jaswantsinh Sumanbhai Bhabhor,Gujarat,DAHOD(ST),147000000.0,7855003.0,139144997.0,5.34,Low utilization,Large unspent balance relative to allocation — worth checking for delayed fund release or stalled project pipeline.
H.D. KUMARASWAMY,Karnataka,MANDYA,147000000.0,7850000.0,139150000.0,5.34,Low utilization,Large unspent balance relative to allocation — worth checking for delayed fund release or stalled project pipeline.
Ganesan Selvam,Tamil Nadu,KANCHEEPURAM(SC),186508749.11,9985808.0,176522941.11,5.35,Low utilization,Large unspent balance relative to allocation — worth checking for delayed fund release or stalled project pipeline.
RAHUL GANDHI,Uttar Pradesh,RAE BARELI,147000000.0,8091645.0,138908355.0,5.5,Low utilization,Large unspent balance relative to allocation — worth checking for delayed fund release or stalled project pipeline.
DAMODAR AGARWAL,Rajasthan,BHILWARA,147000000.0,8146121.0,138853879.0,5.54,Low utilization,Large unspent balance relative to allocation — worth checking for delayed fund release or stalled project pipeline.
BHARATBHAI MANUBHAI SUTARIYA,Gujarat,AMRELI,147000000.0,8137732.0,138862268.0,5.54,Low utilization,Large unspent balance relative to allocation — worth checking for delayed fund release or stalled project pipeline.
SELJA,Haryana,SIRSA(SC),147000000.0,8144747.0,138855253.0,5.54,Low utilization,Large unspent balance relative to allocation — worth checking for delayed fund release or stalled project pipeline.
BIJULI KALITA MEDHI,Assam,GUWAHATI,147000000.0,8213108.0,138786892.0,5.59,Low utilization,Large unspent balance relative to allocation — worth checking for delayed fund release or stalled project pipeline.
BIBHU PRASAD TARAI,Odisha,JAGATSINGHPUR(SC),147000000.0,8215038.0,138784962.0,5.59,Low utilization,Large unspent balance relative to allocation — worth checking for delayed fund release or stalled project pipeline.
DINESHBHAI MAKWANA,Gujarat,AHMEDABAD WEST(SC),160434965.11,9000000.0,151434965.11,5.61,Low utilization,Large unspent balance relative to allocation — worth checking for delayed fund release or stalled project pipeline.
Sribharat MathuKumli,Andhra Pradesh,VISAKHAPATNAM,164841922.0,9323843.0,155518079.0,5.66,Low utilization,Large unspent balance relative to allocation — worth checking for delayed fund release or stalled project pipeline.
Nitin Jairam Gadkari,Maharashtra,NAGPUR,168195086.11,9533076.0,158662010.11,5.67,Low utilization,Large unspent balance relative to allocation — worth checking for delayed fund release or stalled project pipeline.
ABHIJIT GANGOPADHYAY,West Bengal,TAMLUK,147000000.0,8437769.0,138562231.0,5.74,Low utilization,Large unspent balance relative to allocation — worth checking for delayed fund release or stalled project pipeline.
RAJEEV RAI,Uttar Pradesh,GHOSI,147000000.0,8459784.0,138540216.0,5.75,Low utilization,Large unspent balance relative to allocation — worth checking for delayed fund release or stalled project pipeline.
BHUPENDER YADAV,Rajasthan,ALWAR,147000000.0,8483224.0,138516776.0,5.77,Low utilization,Large unspent balance relative to allocation — worth checking for delayed fund release or stalled project pipeline.
Kani K Navas,Tamil Nadu,RAMANATHAPURAM,147000000.0,8566346.0,138433654.0,5.83,Low utilization,Large unspent balance relative to allocation — worth checking for delayed fund release or stalled project pipeline.
ROBERT BRUCE C,Tamil Nadu,TIRUNELVELI,147475440.11,8649310.0,138826130.11,5.86,Low utilization,Large unspent balance relative to allocation — worth checking for delayed fund release or stalled project pipeline.
JASHUBHAI BHILUBHAI RATHVA,Gujarat,CHHOTA UDAIPUR(ST),147000000.0,8700787.0,138299213.0,5.92,Low utilization,Large unspent balance relative to allocation — worth checking for delayed fund release or stalled project pipeline.
SHAMBHAVI,Bihar,SAMASTIPUR(SC),147000000.0,8862927.0,138137073.0,6.03,Low utilization,Large unspent balance relative to allocation — worth checking for delayed fund release or stalled project pipeline.
DURAI VAIKO,Tamil Nadu,TIRUCHIRAPPALLI,147000000.0,8970490.0,138029510.0,6.1,Low utilization,Large unspent balance relative to allocation — worth checking for delayed fund release or stalled project pipeline.
HARIBHAI PATEL,Gujarat,MAHESANA,147000000.0,9016309.0,137983691.0,6.13,Low utilization,Large unspent balance relative to allocation — worth checking for delayed fund release or stalled project pipeline.
CHANDAN CHAUHAN,Uttar Pradesh,BIJNOR,147000000.0,9156489.0,137843511.0,6.23,Low utilization,Large unspent balance relative to allocation — worth checking for delayed fund release or stalled project pipeline.
MANI. A.,Tamil Nadu,DHARAMAPURI,164515071.11,10285792.0,154229279.11,6.25,Low utilization,Large unspent balance relative to allocation — worth checking for delayed fund release or stalled project pipeline.
DR. HEMANT VISHNU SAVARA,Maharashtra,PALGHAR(ST),147000000.0,9237416.0,137762584.0,6.28,Low utilization,Large unspent balance relative to allocation — worth checking for delayed fund release or stalled project pipeline.
RAJABHAU,Maharashtra,NASHIK,152878682.11,9598507.0,143280175.11,6.28,Low utilization,Large unspent balance relative to allocation — worth checking for delayed fund release or stalled project pipeline.
V. SOMANNA,Karnataka,TUMKUR,147000000.0,9231761.0,137768239.0,6.28,Low utilization,Large unspent balance relative to allocation — worth checking for delayed fund release or stalled project pipeline.
Smt Supriya Sadanand Sule,Maharashtra,BARAMATI,147000000.0,9362994.0,137637006.0,6.37,Low utilization,Large unspent balance relative to allocation — worth checking for delayed fund release or stalled project pipeline.
S Venkatesan,Tamil Nadu,MADURAI,147000000.0,9359878.0,137640122.0,6.37,Low utilization,Large unspent balance relative to allocation — worth checking for delayed fund release or stalled project pipeline.
KOTA SRINIVAS POOJARY,Karnataka,UDUPI CHIKMAGALUR,147000000.0,9497258.0,137502742.0,6.46,Low utilization,Large unspent balance relative to allocation — worth checking for delayed fund release or stalled project pipeline.
Smt Harsimrat Kaur Badal,Punjab,BHATINDA,159775982.39,10369174.0,149406808.39,6.49,Low utilization,Large unspent balance relative to allocation — worth checking for delayed fund release or stalled project pipeline.
C R Patil,Gujarat,NAVSARI,158532494.36,10281000.0,148251494.36,6.49,Low utilization,Large unspent balance relative to allocation — worth checking for delayed fund release or stalled project pipeline.
TOKHAN SAHU,Chhattisgarh,BILASPUR,147000000.0,9552482.0,137447518.0,6.5,Low utilization,Large unspent balance relative to allocation — worth checking for delayed fund release or stalled project pipeline.
CHHATRAPATI SHAHU SHAHAJI,Maharashtra,KOLHAPUR,147000000.0,9680530.0,137319470.0,6.59,Low utilization,Large unspent balance relative to allocation — worth checking for delayed fund release or stalled project pipeline.
DHARMENDRA YADAV,Uttar Pradesh,AZAMGARH,147000000.0,9680736.0,137319264.0,6.59,Low utilization,Large unspent balance relative to allocation — worth checking for delayed fund release or stalled project pipeline.
SELVARAJ V,Tamil Nadu,NAGAPATTINAM(SC),147000000.0,9738170.0,137261830.0,6.62,Low utilization,Large unspent balance relative to allocation — worth checking for delayed fund release or stalled project pipeline.
Faggan Singh Kulaste,Madhya Pradesh,MANDLA(ST),151861648.41,10071140.0,141790508.41,6.63,Low utilization,Large unspent balance relative to allocation — worth checking for delayed fund release or stalled project pipeline.
MAHIMA KUMARI MEWAR,Rajasthan,RAJSAMAND,183892143.0,12416216.0,171475927.0,6.75,Low utilization,Large unspent balance relative to allocation — worth checking for delayed fund release or stalled project pipeline.
RAMBHUAL NISHAD,Uttar Pradesh,SULTANPUR,151231957.11,10307139.0,140924818.11,6.82,Low utilization,Large unspent balance relative to allocation — worth checking for delayed fund release or stalled project pipeline.
NABA CHARAN MAJHI,Odisha,MAYURBHANJ (ST),147563957.11,10139304.0,137424653.11,6.87,Low utilization,Large unspent balance relative to allocation — worth checking for delayed fund release or stalled project pipeline.
DHANORKAR PRATIBHA SURESH ALIAS BALUBHAU,Maharashtra,CHANDRAPUR,147000000.0,10124527.0,136875473.0,6.89,Low utilization,Large unspent balance relative to allocation — worth checking for delayed fund release or stalled project pipeline.
CAPTAIN BRIJESH CHOWTA,Karnataka,DAKSHINA KANNADA,147000000.0,10155152.0,136844848.0,6.91,Low utilization,Large unspent balance relative to allocation — worth checking for delayed fund release or stalled project pipeline.
Ms Mahua Moitra,West Bengal,KRISHNANAGAR,159865046.0,11087076.0,148777970.0,6.94,Low utilization,Large unspent balance relative to allocation — worth checking for delayed fund release or stalled project pipeline.
S. Jagathrakshakan,Tamil Nadu,ARAKKONAM,180589332.34,12599710.0,167989622.34,6.98,Low utilization,Large unspent balance relative to allocation — worth checking for delayed fund release or stalled project pipeline.
Kanimozhi Karunanidhi,Tamil Nadu,THOOTHUKKUDI,147000000.0,10259115.0,136740885.0,6.98,Low utilization,Large unspent balance relative to allocation — worth checking for delayed fund release or stalled project pipeline.
SURESH KUMAR SHETKAR,Telangana,ZAHIRABAD,147000000.0,10342972.0,136657028.0,7.04,Low utilization,Large unspent balance relative to allocation — worth checking for delayed fund release or stalled project pipeline.
Piyush Vedprakash Goyal,Maharashtra,MUMBAI NORTH,147000000.0,10391426.0,136608574.0,7.07,Low utilization,Large unspent balance relative to allocation — worth checking for delayed fund release or stalled project pipeline.
Thalikkottai Rajuthevar Baalu,Tamil Nadu,SRIPERUMBUDUR,196905535.11,14315084.0,182590451.11,7.27,Low utilization,Large unspent balance relative to allocation — worth checking for delayed fund release or stalled project pipeline.
BALWANT BASWANT WANKHADE,Maharashtra,AMRAVATI(SC),198293678.0,14414877.0,183878801.0,7.27,Low utilization,Large unspent balance relative to allocation — worth checking for delayed fund release or stalled project pipeline.
DR. HEMANG JOSHI,Gujarat,VADODARA,147000000.0,10710323.0,136289677.0,7.29,Low utilization,Large unspent balance relative to allocation — worth checking for delayed fund release or stalled project pipeline.
Sasikanth Senthil,Tamil Nadu,TIRUVALLUR(SC),171500000.0,12662311.0,158837689.0,7.38,Low utilization,Large unspent balance relative to allocation — worth checking for delayed fund release or stalled project pipeline.
ANUP SANJAY DHOTRE,Maharashtra,AKOLA,147000000.0,11118630.0,135881370.0,7.56,Low utilization,Large unspent balance relative to allocation — worth checking for delayed fund release or stalled project pipeline.
Vellalath Kochukrishnan Nair Sreekandan,Kerala,PALAKKAD,167807990.11,13113828.0,154694162.11,7.81,Low utilization,Large unspent balance relative to allocation — worth checking for delayed fund release or stalled project pipeline.
Kamlesh Paswan,Uttar Pradesh,BANSGAON(SC),147000000.0,11564300.0,135435700.0,7.87,Low utilization,Large unspent balance relative to allocation — worth checking for delayed fund release or stalled project pipeline.
PRIYA SAROJ,Uttar Pradesh,MACHHLISHAHR(SC),147000000.0,11613173.0,135386827.0,7.9,Low utilization,Large unspent balance relative to allocation — worth checking for delayed fund release or stalled project pipeline.
Kangana Ranaut,Himachal Pradesh,MANDI,147000000.0,11631010.0,135368990.0,7.91,Low utilization,Large unspent balance relative to allocation — worth checking for delayed fund release or stalled project pipeline.
K Subbarayan,Tamil Nadu,TIRUPPUR,147000000.0,11637562.0,135362438.0,7.92,Low utilization,Large unspent balance relative to allocation — worth checking for delayed fund release or stalled project pipeline.
Shri Deepak (Dev) Adhikari,West Bengal,GHATAL,200747364.0,15984766.0,184762598.0,7.96,Low utilization,Large unspent balance relative to allocation — worth checking for delayed fund release or stalled project pipeline.
Ganesh Singh,Madhya Pradesh,SATNA,147000000.0,11938438.0,135061562.0,8.12,Low utilization,Large unspent balance relative to allocation — worth checking for delayed fund release or stalled project pipeline.
THANGA TAMILSELVAN,Tamil Nadu,THENI,167755939.81,13686643.0,154069296.81,8.16,Low utilization,Large unspent balance relative to allocation — worth checking for delayed fund release or stalled project pipeline.
Shri Gurjeet Singh Aujla,Punjab,AMRITSAR,147000000.0,12301140.0,134698860.0,8.37,Low utilization,Large unspent balance relative to allocation — worth checking for delayed fund release or stalled project pipeline.
GURMEET SINGH MEET HAYER,Punjab,SANGRUR,147000000.0,12412518.0,134587482.0,8.44,Low utilization,Large unspent balance relative to allocation — worth checking for delayed fund release or stalled project pipeline.
Kalanidhi Veeraswamy,Tamil Nadu,CHENNAI NORTH,171500000.0,14851493.0,156648507.0,8.66,Low utilization,Large unspent balance relative to allocation — worth checking for delayed fund release or stalled project pipeline.
VINOD KUMAR BIND,Uttar Pradesh,BHADOHI,147000000.0,12855771.0,134144229.0,8.75,Low utilization,Large unspent balance relative to allocation — worth checking for delayed fund release or stalled project pipeline.
DR. S P SINGH,Uttar Pradesh,PRATAPGARH,147000000.0,13264212.0,133735788.0,9.02,Low utilization,Large unspent balance relative to allocation — worth checking for delayed fund release or stalled project pipeline.
Devendra Alias Bhole Singh,Uttar Pradesh,AKBARPUR,147000000.0,13470303.0,133529697.0,9.16,Low utilization,Large unspent balance relative to allocation — worth checking for delayed fund release or stalled project pipeline.
Dr Chandra Sekhar Pemmasani,Andhra Pradesh,GUNTUR,159774113.11,14645757.0,145128356.11,9.17,Low utilization,Large unspent balance relative to allocation — worth checking for delayed fund release or stalled project pipeline.
DULU MAHATO,Jharkhand,DHANBAD,147000000.0,13585395.0,133414605.0,9.24,Low utilization,Large unspent balance relative to allocation — worth checking for delayed fund release or stalled project pipeline.
SACHITHANANTHAM R,Tamil Nadu,DINDIGUL,147000000.0,13893151.0,133106849.0,9.45,Low utilization,Large unspent balance relative to allocation — worth checking for delayed fund release or stalled project pipeline.
SUDHA R,Tamil Nadu,MAYILADUTHURAI,147332315.11,14117874.0,133214441.11,9.58,Low utilization,Large unspent balance relative to allocation — worth checking for delayed fund release or stalled project pipeline.
Andimuthu Raja,Tamil Nadu,NILGIRIS(SC),147000000.0,14213800.0,132786200.0,9.67,Low utilization,Large unspent balance relative to allocation — worth checking for delayed fund release or stalled project pipeline.
Jagdambika Pal,Uttar Pradesh,DOMARIYAGANJ,160643957.11,15526804.0,145117153.11,9.67,Low utilization,Large unspent balance relative to allocation — worth checking for delayed fund release or stalled project pipeline.
Ram Shiromani,Uttar Pradesh,SHRAWASTI,151746878.11,14754674.0,136992204.11,9.72,Low utilization,Large unspent balance relative to allocation — worth checking for delayed fund release or stalled project pipeline.
KRITI DEVI DEBBARMAN,Tripura,TRIPURA EAST(ST),147000000.0,14311480.0,132688520.0,9.74,Low utilization,Large unspent balance relative to allocation — worth checking for delayed fund release or stalled project pipeline.
BALYA MAMA SURESH GOPINATH MHATRE,Maharashtra,BHIWANDI,147000000.0,14360182.0,132639818.0,9.77,Low utilization,Large unspent balance relative to allocation — worth checking for delayed fund release or stalled project pipeline.
RAVINDRA DATTARAM WAIKAR,Maharashtra,MUMBAI NORTH WEST,147000000.0,14588468.0,132411532.0,9.92,Low utilization,Large unspent balance relative to allocation — worth checking for delayed fund release or stalled project pipeline.
Shri Jual Oram,Odisha,SUNDARGARH (ST),173096756.91,17504639.0,155592117.91,10.11,Low utilization,Large unspent balance relative to allocation — worth checking for delayed fund release or stalled project pipeline.
SATPAL BRAHAMCHARI,Haryana,SONEPAT,147000000.0,14999052.0,132000948.0,10.2,Low utilization,Large unspent balance relative to allocation — worth checking for delayed fund release or stalled project pipeline.
JAI PARKASH,Haryana,HISAR,147000000.0,15778169.0,131221831.0,10.73,Low utilization,Large unspent balance relative to allocation — worth checking for delayed fund release or stalled project pipeline.
DAROGA PRASAD SAROJ,Uttar Pradesh,LALGANJ (SC),147000000.0,16176362.0,130823638.0,11.0,Low utilization,Large unspent balance relative to allocation — worth checking for delayed fund release or stalled project pipeline.
IMRAN MASOOD,Uttar Pradesh,SAHARANPUR,147000000.0,16667889.0,130332111.0,11.34,Low utilization,Large unspent balance relative to allocation — worth checking for delayed fund release or stalled project pipeline.
MOHIBBULLAH,Uttar Pradesh,RAMPUR,147000000.0,17238771.0,129761229.0,11.73,Low utilization,Large unspent balance relative to allocation — worth checking for delayed fund release or stalled project pipeline.
Shri Narendra Modi,Uttar Pradesh,VARANASI,162070276.11,19592287.0,142477989.11,12.09,Low utilization,Large unspent balance relative to allocation — worth checking for delayed fund release or stalled project pipeline.
SHOBHA KARANDLAJE,Karnataka,BANGALORE NORTH,147000000.0,18669891.0,128330109.0,12.7,Low utilization,Large unspent balance relative to allocation — worth checking for delayed fund release or stalled project pipeline.
Ravindra Vasantrao Chavan,Maharashtra,NANDED,147000000.0,19772981.0,127227019.0,13.45,Low utilization,Large unspent balance relative to allocation — worth checking for delayed fund release or stalled project pipeline.
PRAVEEN PATEL,Uttar Pradesh,PHULPUR,151559884.09,22819274.0,128740610.09,15.06,Low utilization,Large unspent balance relative to allocation — worth checking for delayed fund release or stalled project pipeline.
LAXMIKANT PAPPU NISHAD,Uttar Pradesh,SANT KABIR NAGAR,147000000.0,22208040.0,124791960.0,15.11,Low utilization,Large unspent balance relative to allocation — worth checking for delayed fund release or stalled project pipeline.
RAJESH RANJAN ALIAS PAPPU YADAV,Bihar,PURNEA,147000000.0,24848000.0,122152000.0,16.9,Low utilization,Large unspent balance relative to allocation — worth checking for delayed fund release or stalled project pipeline.
S SUPONGMEREN JAMIR,Nagaland,NAGALAND,147000000.0,29650000.0,117350000.0,20.17,Low utilization,Large unspent balance relative to allocation — worth checking for delayed fund release or stalled project pipeline.
ADV GOWAAL KAGADA PADAVI,Maharashtra,NANDURBAR(ST),147816309.11,32041066.0,115775243.11,21.68,Low utilization,Large unspent balance relative to allocation — worth checking for delayed fund release or stalled project pipeline.
Pradeep Kumar Singh,Bihar,ARARIA,147000000.0,38108019.0,108891981.0,25.92,Low utilization,Large unspent balance relative to allocation — worth checking for delayed fund release or stalled project pipeline.
 , , ,83336673298.01,27748055098.45,55588618199.56,33.3,Moderate utilization,"Moderate unspent balance — normal at many points in a scheme cycle, but worth monitoring if it persists."
CHAVAN VASANTRAO BALWANTRAO,Maharashtra,NANDED,,0.0,,,No allocation on record,No allocation record to assess.
